Nom,ID,X,Y,Z
STARLINK-1008,44714,3441.7921359813045,-2635.1400658598304,-5234.530504671514
STARLINK-1012,44718,5477.8388420864285,-517.4100008867937,-3988.1763711198573
STARLINK-1017,44723,5487.982100554854,-464.95725812527917,-4076.0131362262364
STARLINK-1020,44725,-4437.311673879913,-5109.051675373076,275.41695813653723
STARLINK-1036,44741,6300.04681250138,2341.408670073829,406.8416439694083
STARLINK-1039,44744,4133.385250737429,3738.8234913264178,-4002.408995821123
STARLINK-1042,44747,2903.358735774953,-6123.264563694671,267.84933025676895
STARLINK-1043,44748,-624.1094933726425,4173.010303522883,5265.46673471895
STARLINK-1046,44751,-5252.453330795754,-3201.6218002403384,2818.685255018464
STARLINK-1047,44752,5002.953944170877,2789.2702549680725,3731.939551910502
STARLINK-1048,44753,994.5466612850229,-4014.101525368904,-5332.654134751985
STARLINK-1063,44768,-299.46180406447377,-6215.798620044996,-2726.940510622735
STARLINK-1067,44771,488.49733912916315,-4232.880531343227,-5187.129756250447
STARLINK-1068,44772,-1307.905913305506,3899.3124137911723,5299.1593271268985
STARLINK-1114,44927,-5902.44908352026,-666.2735427799824,3185.4982615657696
STARLINK-1123,44930,3910.2727138304103,-2861.762722421379,4712.017632519188
STARLINK-1094,44941,-3073.323146612579,-3193.278992550993,5113.754958322316
STARLINK-1122,44949,-6091.520727696739,-768.0745725759364,2846.071917951229
STARLINK-1080,44961,1850.7684166425058,-6056.395601113116,2296.37688847129
STARLINK-1090,44968,6138.872296749202,-480.2806244334728,-2871.4860354050584
STARLINK-1132,45044,1038.310261428988,6321.035927742108,-2203.220890552795
STARLINK-1131,45047,-5276.014985806109,3092.488932743191,2914.4738087432474
STARLINK-1134,45048,2445.6689024551792,-4449.286689299553,-4467.335412690734
STARLINK-1156,45054,4920.653497591817,233.6804387665216,-4748.382170947704
STARLINK-1166,45060,4467.23478694336,-2550.5738216147165,-4395.8626409217795
STARLINK-1169,45061,2685.98799521941,3091.0608359269577,-5467.023513303199
STARLINK-1171,45062,-848.1983988047708,5847.950487296933,3180.4207800087306
STARLINK-1133,45064,-4434.134002197585,3991.6346269197634,3319.7785112215183
STARLINK-1167,45071,2854.6833817666566,-6192.462873568448,-402.38982187815003
STARLINK-1168,45072,2490.488733400871,-6353.6324439209275,353.23441406756194
STARLINK-1172,45074,-2220.5916312520876,-4246.0101176876715,4850.862968900247
STARLINK-1153,45080,2875.6217470384104,3307.7874664726264,-5240.23524089613
STARLINK-1151,45081,-2414.420384964492,3548.590613654934,5100.792854989251
STARLINK-1185,45087,-3610.9689630840985,3239.126603322122,4751.963442056376
STARLINK-1183,45088,4160.433215276265,-644.3943537645904,-5394.563865138825
STARLINK-1152,45096,-3065.3628865029277,-5826.387086456643,-1670.7512907102425
STARLINK-1184,45098,3133.458127524756,2904.3025563850183,-5426.376775767651
STARLINK-1193,45100,1921.8548780021968,6193.572150661975,1814.1139423270258
STARLINK-1143,45179,-5973.956366053702,2740.573064421249,1063.4547969439648
STARLINK-1202,45183,984.2327379271263,6688.6616921184495,-1021.876473969121
STARLINK-1216,45185,-3620.196812880103,-5020.2580205190425,-2902.4228457826493
STARLINK-1225,45187,-3118.5935135576456,-5712.6625129602735,-2088.340903125385
STARLINK-1230,45189,-3836.408081544028,1551.3368975763326,-5443.775433597993
STARLINK-1234,45190,-3956.30711106685,4664.363078208359,-2777.0885646026863
STARLINK-1269,45197,-4338.940950838835,-1973.007877426144,-4903.192284558481
STARLINK-1154,45198,-5169.476299534012,-3983.003831674768,1716.6035578700016
STARLINK-1199,45201,3842.8151212808,-1535.7955896474016,5430.697761339971
STARLINK-1209,45206,-6611.9341360802955,1179.8195384237808,591.9052504073893
STARLINK-1231,45212,1892.3505552865736,-4111.140960667307,5139.885084237127
STARLINK-1271,45217,4836.823958055878,1364.5039600087196,4623.917497770914
STARLINK-1191,45222,5570.032944027659,-0.06853730193583464,3933.257638418545
STARLINK-1212,45223,-6739.058350054165,-49.979498122641125,-168.04127867857116
STARLINK-1215,45225,5617.879659817004,255.8616699338296,3877.456456014133
STARLINK-1221,45227,3302.9747377462313,-5929.973601966972,-573.443182120273
STARLINK-1222,45228,-5850.1764210765205,1970.6220128637806,-2802.1413937637585
STARLINK-1226,45229,4984.919339177587,4276.715206563283,-1802.7791517376322
STARLINK-1227,45230,6153.7532823550055,1062.72950472293,2706.0204919263147
STARLINK-1246,45235,-3653.890982721961,2070.505694686236,-5395.742350768231
STARLINK-1270,45237,-5830.37326003742,-2254.977468838573,2529.8831831790126
STARLINK-1279,45360,-4268.145348092838,1198.6975939486601,-5044.658036792698
STARLINK-1301,45361,-2192.901333436292,-4468.710961749958,-4485.818770383068
STARLINK-1262,45366,6491.067460003643,2068.681887464102,-626.8012107083476
STARLINK-1273,45367,-4861.883173497801,3145.517327039485,3492.321288744817
STARLINK-1277,45369,-5225.636614221567,3286.397894375354,2715.031061575776
STARLINK-1281,45370,6543.135573235136,1688.7405525568752,-1049.7421506267428
STARLINK-1300,45374,5372.473812724405,-1194.2680174537768,-4062.171729277666
STARLINK-1302,45375,6521.8214737915605,-1645.059271793016,458.8237779766405
STARLINK-1304,45376,-445.0319968758581,4216.9587072053655,5238.81197119981
STARLINK-1305,45377,-5669.279697973224,3494.5632770824304,-957.1541161617359
STARLINK-1319,45379,4912.917346984513,-224.5428402417557,4551.796387876842
STARLINK-1266,45383,-4924.85898764026,4319.8689209568865,1598.0165331113237
STARLINK-1267,45384,1412.5041496882586,-5171.585836479841,-4105.62334810993
STARLINK-1272,45386,86.23828150272396,5628.253416678638,3677.7421483544713
STARLINK-1274,45387,-4797.257340868969,1818.5191333884766,-4387.760609231911
STARLINK-1280,45388,4429.353492929188,-4876.620330152228,1165.7382580692063
STARLINK-1283,45389,-1522.4068615089468,6227.411151112065,2028.3829440261934
STARLINK-1284,45390,1192.2431393707025,-5061.8578704068495,-4283.426789198894
STARLINK-1297,45395,464.6818502761623,4480.503762913769,4995.722303328815
STARLINK-1307,45397,-547.9328208548585,4654.564559303518,4878.818955097909
STARLINK-1255,45399,396.45226227430766,5656.554033642287,3640.3367024192557
STARLINK-1260,45404,3194.7351510437506,-4283.8325244507905,-4257.804218659901
STARLINK-1263,45405,110.84499127260267,-4214.383158863927,-5386.100880103284
STARLINK-1265,45406,6638.444347459291,-1040.7096311279965,1195.4914209815402
STARLINK-1278,45408,5760.536922343097,-2759.3518930624355,2130.4350188561875
STARLINK-1296,45412,-6016.397707599467,2905.933471726256,1369.816471517898
STARLINK-1309,45414,-5441.231224644188,3396.7435128672882,-2069.780060231574
STARLINK-1316,45415,6425.174456208299,-2273.5257336346303,-389.62399446700425
STARLINK-1286,45417,3767.38404152345,-4946.046434073521,-2629.977950933663
STARLINK-1308,45419,335.2672306144539,-4203.658613511361,-5275.368522014988
STARLINK-1329,45531,3700.8556924679197,3011.764647985543,4725.908196897572
STARLINK-1338,45532,-1622.7458329693163,-5900.251742886752,-2831.4014036329936
STARLINK-1350,45535,1286.3605454661401,6352.772524700927,-2157.7756739906217
STARLINK-1362,45538,5615.781204472463,-2043.3979381839342,3295.0828283158194
STARLINK-1368,45540,2190.2941583192073,-5573.676499741634,-3287.473774615938
STARLINK-1371,45542,-1850.258072873324,6489.739394655536,-72.03711797403277
STARLINK-1372,45543,-5462.119244348146,1288.464100272016,-3889.2855361061092
STARLINK-1373,45544,822.5105162399111,-6666.339853851628,-476.1036547894067
STARLINK-1327,45555,-4171.683639947404,-2516.7599360716913,-4666.991882758914
STARLINK-1356,45564,2556.316983018147,-5326.957486804281,3247.7965718314267
STARLINK-1357,45565,5459.098868662229,2683.6902715971355,2874.4290706258666
STARLINK-1361,45567,-2343.49937746997,-5552.7876185282485,-3036.4415726224593
STARLINK-1376,45570,3526.2261704659245,-5617.800284926617,1605.8126614900789
STARLINK-1320,45572,-3090.859463257576,-3049.678762590947,5053.607622104068
STARLINK-1321,45573,-4353.970777820894,-2091.2194851744493,-4719.897787964743
STARLINK-1331,45578,2797.7859532631524,5658.846961613204,2383.5544606375393
STARLINK-1333,45580,-3338.543011704191,-2531.711764695406,-5402.978859806158
STARLINK-1335,45581,-4344.403998869805,3729.4403826690846,-3724.1026881504285
STARLINK-1337,45582,-939.7775717055576,5442.132961657534,-3829.3116380781075
STARLINK-1347,45586,633.4755575725605,4950.536275950199,-4530.10100788716
STARLINK-1364,45589,-2807.1183851626497,3796.722550962546,-4807.6476534745025
STARLINK-1365,45590,1952.853765048256,-6435.154874213389,-729.7758006092545
STARLINK-1443,45660,2740.904455785814,4106.5976765808055,4726.181953224128
STARLINK-1446,45663,-4497.049419406193,-4246.303205614844,2816.2147960512957
STARLINK-1448,45665,-1606.101044307633,-6288.547297925647,1801.8228096077225
STARLINK-1451,45668,-1051.9587957860392,6377.613376527242,2402.4069952742716
STARLINK-1452,45669,5201.781638623821,87.13508936320176,4309.512995893271
STARLINK-1453,45670,798.6996180646694,4460.937897677658,-4988.335546082773
STARLINK-1454,45671,-2371.3988862169986,3862.517264899767,-4998.695120199807
STARLINK-1456,45673,-3780.2533821246166,-5555.189103222496,-612.3017751635892
STARLINK-1458,45675,3573.3833789038827,-2191.2224066197773,5300.206281077429
STARLINK-1460,45676,3567.496243354688,-4652.920703184546,3505.0028833558804
STARLINK-1392,45677,490.53163458489564,6511.130118236982,1977.674405539599
STARLINK-1394,45679,-5210.184702988978,-1473.0231722879503,-4029.9389844278016
STARLINK-1402,45685,4621.51845159219,4883.903347455059,-749.8382895963521
STARLINK-1404,45686,-3433.1961398126396,2827.0029883301663,-5153.261232908235
STARLINK-1413,45689,484.1908938308879,6817.656045796538,-97.55494555205028
STARLINK-1417,45693,1109.7158875399844,6049.808486724545,3095.131183609019
STARLINK-1420,45695,392.3876682900056,-4347.988519618318,5122.3745956663515
STARLINK-1422,45696,1869.8197463334868,6326.898021155122,1780.4572916630957
STARLINK-1351,45697,5024.505388302021,4351.772289107467,-1138.598247420084
STARLINK-1400,45700,-3854.7145533027,-5013.309331001286,2341.008740459201
STARLINK-1403,45701,-243.15040595496524,-6463.219190096068,2209.848137447869
STARLINK-1407,45703,-4638.699242790548,4738.413113915846,-1089.2988327808434
STARLINK-1411,45706,-4353.739671842463,4023.3737835713914,-2946.4789272233907
STARLINK-1423,45710,-5952.345404370459,-1085.6156511229235,-2970.2106586674868
STARLINK-1433,45711,-4978.960876809353,-4281.3977806030925,1500.794747462334
STARLINK-1434,45712,3120.645258362401,5979.623210402611,-1125.575022255495
STARLINK-1465,45731,3505.5046494501935,-2025.852830899309,-5392.149098375652
STARLINK-1471,45735,-358.33756369941665,4282.424111282815,5237.21613280473
STARLINK-1480,45741,-5078.299790191969,-4042.935087584423,1824.8806606597068
STARLINK-1500,45744,-5706.700845991739,-2653.129196148614,2630.252898058567
STARLINK-1504,45746,5999.557005571053,66.77564381729135,3120.581884041635
STARLINK-1506,45747,4598.0517899095485,4447.978028462704,-2477.893961421034
STARLINK-1464,45751,5087.249171487873,4437.081132931255,-658.0056871562599
STARLINK-1477,45754,818.958330511623,6804.8282521118745,640.3562904981117
STARLINK-1478,45755,-5496.204540890853,355.018632753572,3864.8578232520717
STARLINK-1493,45759,-5533.256432717132,-758.9005131144462,3771.337901742379
STARLINK-1502,45764,2000.276786107158,5396.19903358587,3516.1106514192525
STARLINK-1470,45772,5701.654651134296,3706.714218215952,671.2715155803902
STARLINK-1482,45773,-4920.902393520871,56.540641895220354,4717.695246281918
STARLINK-1496,45780,-2628.6049326892157,-4127.3220802710985,-4633.176751131696
STARLINK-1513,45786,-5269.931930251832,-1142.6709566602042,4212.838041311938
STARLINK-1522,46027,961.4385510604156,4077.1587691767663,5474.84635368644
STARLINK-1523,46028,6679.046355094052,-1337.0720349712938,714.172096480139
STARLINK-1526,46029,5559.774701007581,1351.7256909619875,3752.1473136453556
STARLINK-1555,46032,3480.8166612249347,2985.173273480722,5083.749624153927
STARLINK-1556,46033,-6123.1315180015945,-611.8235470169113,-3006.4371481613503
STARLINK-1557,46034,-4748.721813093152,3796.8636694568427,3153.9641403135124
STARLINK-1558,46035,-559.4437754957528,4293.72439798166,5302.3459971104185
STARLINK-1560,46036,-6596.465066275084,1859.9560896888195,5.86503984947586
STARLINK-1569,46039,-967.2403815568965,4334.943418016271,5206.139874231634
STARLINK-1582,46043,1198.077576929833,3929.1345577837083,5470.26413895407
STARLINK-1591,46045,-57.06664759975781,-4207.267636285911,-5414.095509108813
STARLINK-1524,46047,-3102.113863876032,-2899.041043061439,-5380.6293269008875
STARLINK-1527,46048,-473.7464952907232,-4308.898033391196,-5309.295921366642
STARLINK-1540,46051,6030.898194338127,-3246.5903721962814,117.27440228777988
STARLINK-1541,46052,-3667.454792615953,-1769.682269248541,-5294.787403016352
STARLINK-1543,46053,-4488.237058313767,4578.604817030684,2400.459180967935
STARLINK-1548,46054,3140.9129499927394,2862.63211125417,5361.163856613265
STARLINK-1554,46055,-6064.016337863767,3175.1173403590274,-250.08138369445842
STARLINK-1564,46058,-3509.172831654277,4784.409934133276,3420.639748984365
STARLINK-1570,46059,6212.8928858710715,-1262.3627578258179,2584.342757176064
STARLINK-1572,46060,-4144.009839025597,-2080.9634113910556,-5052.963480379201
STARLINK-1573,46061,528.2235327178561,4282.204512352909,5309.466513746249
STARLINK-1577,46063,2353.6867048787817,-4912.418581265442,-4159.595147684609
STARLINK-1583,46064,-5147.806728690159,-957.4773227589274,-4421.640939099216
STARLINK-1536,46070,-5512.615508626928,883.9196684978435,-3973.9268157145507
STARLINK-1542,46073,2352.469578278507,3379.6330529138254,5462.526534253011
STARLINK-1549,46074,-5822.047337525375,2458.6191678263685,-2650.8705894145887
STARLINK-1551,46075,-2241.0240479131267,-3496.341178645281,-5452.896806644917
STARLINK-1552,46076,4726.107140471992,-4915.707747597578,-656.4646011600391
STARLINK-1559,46077,1321.8554068018254,5555.709714281794,3727.5226638670188
STARLINK-1566,46079,2740.1116794701243,-5519.485139894866,-2998.191855255384
STARLINK-1568,46080,-5145.632045393717,-3572.1203889791223,-2600.5181929836417
STARLINK-1578,46082,515.7103288566636,-5069.914991751873,-4583.22757424042
STARLINK-1579,46083,5714.838449846262,-3291.75478998917,1841.3226590912686
STARLINK-1622,46128,-3463.338600030314,-5377.29994120637,-1894.0162392306954
STARLINK-1623,46129,2546.804880894852,5640.90245083554,-2616.4939760251277
STARLINK-1596,46141,4268.476758243513,122.99506063143599,-5246.779242013595
STARLINK-1597,46142,-2808.5676918311638,-2964.647807632661,5314.051650845269
STARLINK-1606,46144,-4040.1705824137334,-3596.207277576444,3794.9673872550898
STARLINK-1608,46146,-6556.759710463336,373.1850925366877,1861.6753639493688
STARLINK-1667,46155,-452.51456294709976,4508.307899043728,4837.2456574206
STARLINK-1545,46156,3919.031970738053,3132.681929194324,-4392.769103070133
STARLINK-1595,46159,-561.6113319817056,-4915.264823518377,4536.162623649325
STARLINK-1598,46160,4506.305557602156,-1407.2025626660131,-4792.130823138545
STARLINK-1626,46167,3234.4522631751047,-5857.813024768457,499.5527037800238
STARLINK-1633,46171,1596.5429550205154,6423.650907619353,-922.8099238879128
STARLINK-1635,46172,-3184.7879955589488,3063.111543805136,4960.654583482162
STARLINK-1640,46173,2113.702924561677,3666.6813791473037,-5229.397831461822
STARLINK-1641,46174,-2948.063993896896,6027.693104304257,-762.8909233565205
STARLINK-1695,46329,-4494.45491064978,3760.57624830789,-3296.4948997442166
STARLINK-1719,46331,-592.1069113266158,4224.27982303155,-5162.4829247685975
STARLINK-1759,46340,-5797.182447073701,217.77462037320947,3289.8448849683596
STARLINK-1762,46342,5272.566928303282,724.1003399183784,4266.9154264092185
STARLINK-1547,46347,-3596.5756602042884,-2182.973587500227,5144.362010290979
STARLINK-1553,46348,-2307.888443607048,-3421.9883735555277,5414.133138523813
STARLINK-1646,46351,2848.147942633687,-4341.787449127391,4226.930451578234
STARLINK-1653,46352,-6026.8937853605175,1850.6363860974027,2271.472090603978
STARLINK-1656,46353,5107.2180694774315,3226.363229760286,-2980.8818138095517
STARLINK-1661,46355,546.1264687790691,5200.167994353478,-4389.912435196144
STARLINK-1665,46356,5785.622575449782,-146.55734246384856,-3194.980227659756
STARLINK-1666,46357,-6347.267182805214,1111.4098805698652,1779.5606420005047
STARLINK-1707,46359,-3309.4239465801993,4069.5812303016905,4092.906943529763
STARLINK-1724,46375,-3137.267875270026,5945.135340438281,180.01411264027902
STARLINK-1770,46383,2110.1743574116535,3475.4433068511953,-5341.356241926072
STARLINK-1771,46384,-1522.4089829269583,3922.233345210655,-5292.549571103584
STARLINK-1663,46535,4608.163223411212,316.241625646028,4748.937653882269
STARLINK-1672,46537,-3217.985816884015,-2815.317471955319,-5237.218084431761
STARLINK-1678,46538,4126.50727972857,-4323.769584360392,2944.2694594929358
STARLINK-1664,46553,-1112.4087958201512,4508.276162949444,4940.116634150619
STARLINK-1676,46556,4249.338401743718,2065.998257097133,4782.6070975317525
STARLINK-1679,46557,4662.207434622257,-77.71982468597433,4769.562694737654
STARLINK-1714,46562,-1105.8859043089,5719.227085035196,3339.8093112830547
STARLINK-1730,46563,-3931.9095567448585,5149.762854407637,1887.8123065238576
STARLINK-1735,46565,504.7786436522097,5275.218927988085,4017.1427207993497
STARLINK-1741,46567,4411.793432324738,-471.7302634691189,4932.689749946215
STARLINK-1531,46572,1461.673636292258,-5192.532505152091,-3891.213271748281
STARLINK-1677,46576,334.00165774480746,5332.689988631463,3692.187510150374
STARLINK-1728,46582,-495.52558882040597,5136.363136465691,4289.69073592051
STARLINK-1716,46672,4844.496046264173,3683.498955794281,2599.58869818406
STARLINK-1718,46674,4522.26394348787,4767.217463580444,-1372.7510071636757
STARLINK-1781,46685,-1322.5556354153541,5283.723145858107,3922.7315000065882
STARLINK-1784,46687,-4538.241543994172,-3333.511337007972,-3564.1464959435493
STARLINK-1788,46689,5118.367458537119,49.87079682762449,-4282.370307126051
STARLINK-1797,46698,1896.4222144927942,5221.418747477565,3792.717151386545
STARLINK-1802,46702,4382.752175630571,930.1328955005898,-5156.674117547222
STARLINK-1805,46705,4277.206458586157,1469.8155937529932,-4998.209324914646
STARLINK-1807,46706,3469.603417323152,-3288.453321095141,-4911.6839253640555
STARLINK-1810,46709,4494.277619235007,1344.7669870995478,-4862.994204197211
STARLINK-1815,46713,,,
STARLINK-1817,46715,362.4511949855507,-4473.8719298769365,-4929.763280030744
STARLINK-1821,46718,-3603.467196766481,1949.1382060650308,5396.532236404246
STARLINK-1826,46723,4249.0568170747365,-2906.0346654835157,-4289.702583070956
STARLINK-1828,46725,-4493.744495121115,-3202.0382756294543,3847.7530825683784
STARLINK-1830,46727,-3176.6060603984492,-3982.2512497578778,-4368.523457222348
STARLINK-1892,46743,5087.2004659009635,-2367.315245946168,-3737.0560623956653
STARLINK-1905,46746,3897.479056123001,-3638.016559383222,-3978.627254546305
STARLINK-1922,46753,4093.9530965238773,-984.2681268978043,-5109.631590394385
STARLINK-1928,46758,4025.0687521943455,-957.7213762129252,-5106.6472297791715
STARLINK-1835,46782,-1270.719877932004,6587.638524341762,7.188729346122674
STARLINK-1882,46784,2252.8543753643908,5124.694066801363,-3601.8736409006883
STARLINK-1893,46786,-3638.0979218583943,-2254.4458734310947,5180.053011026691
STARLINK-1931,46790,707.4092024308027,-6540.48231733781,476.46822313949417
STARLINK-1942,46794,-1181.849286129973,5650.527678816869,-3465.9966842671024
STARLINK-1944,46796,-1006.339757611718,6398.325667827543,1479.933536617839
STARLINK-1777,47122,-2299.808549179849,-3895.3446092684603,4981.696886279326
STARLINK-1812,47126,1537.520379075038,-4362.168077650125,5082.4727100238215
STARLINK-1845,47135,2851.3245783245047,-5919.760369283284,-1448.4572989649064
STARLINK-1856,47143,-2543.762489873512,6131.795605770705,1122.4260093894352
STARLINK-1871,47157,-6102.122170440415,3049.856932240315,306.9036957750217
STARLINK-1873,47158,-3953.284823187985,-765.8272480500873,5340.0334784920005
STARLINK-1876,47161,-1941.56867867786,-5756.263607878892,2694.7596635443206
STARLINK-1888,47171,-2477.490296385391,6260.517868979735,-171.2414038440916
STARLINK-1912,47178,4314.035501019807,-3122.211877351113,-4092.2585684939622
STARLINK-1913,47179,3482.9161438916617,2930.8052582188366,-5111.403472549293
STARLINK-2017,47351,3005.683262572897,-2816.2170629541974,5461.5041873999535
STARLINK-2034,47352,2877.846952989113,4951.880061592799,3746.8777772778185
STARLINK-2045,47353,3525.653991179349,5221.975693895954,-2693.047797315881
STARLINK-2046,47354,4876.1798501881485,1863.9061480665664,4423.631272253345
STARLINK-2047,47355,-5521.6105537230615,-2345.9079358736476,-3312.120127806262
STARLINK-2049,47356,399.1712031763696,-6217.297015258183,2837.7596463800132
STARLINK-2050,47357,3917.032094662933,1394.907363707852,5432.505169425766
STARLINK-2055,47358,4293.315516707223,464.6149950964496,5308.014031454961
STARLINK-2071,47361,1978.2376318961583,-4926.333061648532,4318.857925359162
STARLINK-2076,47362,-1789.2361190616728,6497.5390715399735,-1143.3199391758149
STARLINK-2081,47366,2690.293634004014,4428.892499507622,4468.53590374473
STARLINK-2082,47367,-2791.1821593953223,-4272.830303518611,-4575.175648408428
STARLINK-2084,47368,4200.670311140873,-1544.60719649038,5174.632051052954
STARLINK-2088,47371,3830.8197138604696,-4337.696128175493,3654.147560839545
STARLINK-2092,47373,2789.43871853308,-5756.719993789727,2438.150666017235
STARLINK-2093,47374,-5050.995094096058,-4274.909232485449,-305.11037331541854
STARLINK-2094,47375,-3765.6712105685933,4017.6386191609677,-4080.0116959443603
STARLINK-2096,47376,-2596.959175284191,5970.12069138914,-2134.5577102303682
STARLINK-2097,47377,2820.3292637198642,-5949.379676199094,1876.9034964123396
STARLINK-2098,47378,-561.7216927838022,4933.805090741349,-4723.984224656254
STARLINK-2099,47379,3833.3217954350625,5610.467478455286,-869.5800526982684
STARLINK-2100,47380,4710.117247007038,-268.3618372156375,4753.591835671483
STARLINK-2101,47381,3291.0167107515663,5603.693095228906,2154.519647785423
STARLINK-2102,47382,-214.6279032025161,5759.604970198796,-3707.091740111246
STARLINK-2103,47383,-4647.995985768948,316.05688533951803,-5008.424053711722
STARLINK-2104,47384,1092.688970880561,6688.339655325935,-1031.181181769818
STARLINK-2105,47385,-4368.259963084993,-1031.9315805118679,-5180.329171727068
STARLINK-2106,47386,-4294.108391754627,-408.2087354461383,-5332.966631452201
STARLINK-2109,47388,-2649.8245803615946,6110.920451569482,-1606.9921628378036
STARLINK-2110,47389,2993.6790399799083,5962.060808100139,1539.486414138959
STARLINK-2111,47390,-1044.5058122802247,-5999.611940208569,-3143.6907997598096
STARLINK-2112,47391,-3592.73350349366,2881.505472751082,-5153.031198114788
STARLINK-2113,47392,3549.2221565410478,-2698.290921068726,4966.9211971483755
STARLINK-2119,47397,-4200.648521760622,1348.3540743140902,-5230.3888059134715
STARLINK-2121,47399,4177.472133456722,3803.480681585434,3862.2223133758407
STARLINK-2122,47400,5123.863184425561,4250.012506079169,1602.9372580626818
STARLINK-2123,47401,-2260.2105977299475,4562.3629835234115,-4587.971910879419
STARLINK-2128,47404,6094.8119737512625,2614.7941512427597,-803.4078426447539
STARLINK-2130,47405,-850.3987329313476,6788.827150287008,311.097050008989
STARLINK-2134,47407,3674.268245299225,-2037.7198094179296,5398.654082839621
STARLINK-2135,47408,2343.2767986308445,-4455.569356198896,4634.391825074579
STARLINK-1954,47555,-5768.528933856072,-2074.8072693167237,-2989.080943118783
STARLINK-1958,47559,3623.31928599419,1779.9670151332625,-5104.719158211935
STARLINK-1962,47563,-6613.653776512276,616.3463237495579,-323.7988175588721
STARLINK-1964,47565,5735.965705337233,-3119.5690248187875,-1092.723832167457
STARLINK-1967,47568,-5368.0554343941685,1999.6169381476705,-3441.7110098867083
STARLINK-1991,47587,-2931.2318888317363,-2776.9513883858085,5213.54436890863
STARLINK-1994,47589,5797.734980044877,2524.2054686699066,-2226.596165852234
STARLINK-1995,47590,-2588.097804034213,-4648.350601665759,4061.295391394855
STARLINK-1997,47592,1376.808667689269,-3944.4466251725303,5136.781253492738
STARLINK-2001,47596,-5614.861496264838,-362.367210038371,-3715.6749717722523
STARLINK-2021,47604,-4070.1148475906625,4432.055395583532,-2790.929886738604
STARLINK-1609,47621,-2525.2413190514058,-4982.318345787337,-3885.9978565355573
STARLINK-1655,47623,15.975210249486627,-4529.291182886622,4828.250573240787
STARLINK-1704,47625,-2231.3068076362833,4915.699236902112,-3918.8480593463564
STARLINK-1972,47627,4741.961458045445,-3918.635572072202,2775.3434722571387
STARLINK-1973,47628,-3883.877474483277,-1492.392293025969,-5447.157695932466
STARLINK-1983,47630,-3914.798080221366,-2678.155952176286,-4947.617281968793
STARLINK-1992,47632,2324.958698813198,4137.697514447865,-4944.938052730134
STARLINK-2015,47638,-5043.557047902518,-3211.448460566186,3294.8036503500684
STARLINK-2019,47641,2345.6601461634464,3430.1419934873584,-5266.533496316818
STARLINK-2031,47648,1443.8882716865564,6559.634277990752,1331.743469521545
STARLINK-2032,47649,5619.0534054751,2908.9993567516394,-2116.859603274849
STARLINK-2033,47650,-3270.95454473405,3385.4650412553156,-4934.86937148304
STARLINK-2036,47652,-341.43146378775856,-6725.329921180319,335.1247193237712
STARLINK-2039,47655,-3816.8411740113197,4218.4321474260105,-3821.2681272300447
STARLINK-2040,47656,-394.44514300400454,6746.802693775035,-1120.1344775806276
STARLINK-2041,47657,-878.529976893758,5814.552601558754,-3233.5484535614937
STARLINK-2083,47676,-3068.4983782972818,5685.944855778683,1758.1548674621893
STARLINK-2068,47722,2089.2579340155594,-3684.4737834777657,-5388.675515126749
STARLINK-2107,47723,3961.9829862846946,2663.076532447102,4901.6481921700915
STARLINK-2131,47728,5288.136083690156,2807.178472755093,-3231.8884355746163
STARLINK-2140,47730,-4345.026165924661,-2554.8498283889567,4626.716046534801
STARLINK-2141,47731,5465.1078249291195,3838.414342997441,-230.72016585178136
STARLINK-2143,47733,-2428.1857405862906,-6367.584307125277,678.1761328444601
STARLINK-2144,47734,-4185.424162371557,-5220.534543873327,1453.8986193875687
STARLINK-2147,47736,-4075.637131051895,1171.7736116268063,5310.461779106175
STARLINK-2150,47739,-731.3702307123456,-6698.147884086625,-1237.625308244436
STARLINK-2156,47742,-4529.1747236532365,-5123.059296397405,377.95307197137913
STARLINK-2159,47745,2618.686128003486,-3101.7744620107105,-5417.4357948474535
STARLINK-2160,47746,5124.177830974284,3535.2462271596683,-2754.741356549558
STARLINK-2161,47747,-2897.4217918062946,-5879.199112158503,-1995.9202745621894
STARLINK-2162,47748,-189.98036191826074,4148.5765508736085,5203.942928453607
STARLINK-2163,47749,246.7781844953763,-4319.686198875793,-5121.222570114437
STARLINK-2164,47750,-5042.17627327593,-731.2356489705473,4567.41444499758
STARLINK-2169,47752,3328.5609958065515,-2330.242660617792,-5333.381583931475
STARLINK-2170,47753,-1520.1717112129463,4620.462286478627,4812.609999330083
STARLINK-2178,47760,-1389.1203988269729,5465.219732920927,3878.531722549362
STARLINK-2180,47762,-1635.4755795488031,-5735.5638118242205,-3110.8275748797655
STARLINK-2185,47767,-5320.823392361233,-2037.1019859826106,3663.9384808055306
STARLINK-2193,47770,-709.4425000246418,-6046.6813223238905,-3146.0077439271727
STARLINK-2194,47771,-2688.417073127943,-6226.795087797768,-963.983470658129
STARLINK-2195,47772,615.513277668134,6617.103322032386,1651.9459019138856
STARLINK-2196,47773,2421.593308433102,6372.9697504185315,-673.5397560655074
STARLINK-2209,47776,4265.0725347204025,5177.234320585409,902.4399310192238
STARLINK-2211,47778,3689.8057377368877,-1850.5190963863258,-5398.576440224033
STARLINK-2213,47780,4224.0617382066785,5176.76443088223,-1517.5368446384641
STARLINK-2257,47787,-1927.2780437456718,-5197.183368219689,4013.377266691586
STARLINK-2314,47788,-638.7870305197551,6013.497110985948,3144.751932170398
STARLINK-2315,47789,3109.0648393178976,-5042.799736858015,-3444.6247342651627
STARLINK-2319,47790,-4106.437670323534,459.0068062870566,5451.803378650979
STARLINK-2322,47791,4129.967154892244,39.522974841215465,-5469.959720683654
STARLINK-2334,47792,4073.1902279141964,447.10609062790826,-5494.540802456936
STARLINK-2338,47793,1566.7363705878884,-6559.583398066045,-1203.3666827885822
STARLINK-2373,47796,-3465.9959774039216,-3101.293574892291,5002.091656463366
STARLINK-2377,47797,-3677.281222836295,-1806.8342324531409,5478.300298040952
STARLINK-2379,47798,-4059.241197990382,-500.38856407312613,5483.457988317868
STARLINK-2380,47799,186.45906419780528,6846.841745886562,-57.12276146968477
STARLINK-2381,47800,-3046.739339137087,5110.612571005176,3384.2843554831416
STARLINK-2383,47802,2079.7709888791146,-6481.944515345264,743.0604880357889
STARLINK-2385,47804,-4070.858914802047,-1224.8645979825183,5359.658682066021
STARLINK-2386,47805,4203.090609110967,-1733.9824752398806,-5162.692905493598
STARLINK-2387,47806,-4034.3625827448263,2950.504918630803,4673.205930884228
STARLINK-2388,47807,-3017.6650814164154,3335.267499812915,5155.374082204561
STARLINK-2389,47808,-3364.8837035509005,-3054.7954579589828,5113.823383544005
STARLINK-2391,47810,2126.314353852259,4349.839271165574,-4851.7472649373985
STARLINK-2395,47814,255.3332761588137,6608.198220604194,-1793.1393260575378
STARLINK-2396,47815,-1562.2064989122227,6639.538930528432,623.4205267525659
STARLINK-2399,47816,193.38099313828283,5868.674499757191,-3534.542483034315
STARLINK-2400,47817,3110.471871510228,-5380.13624102128,-2886.550214033099
STARLINK-2402,47819,4034.2656323686833,-3003.7462938930253,-4655.459891896964
STARLINK-2406,47821,1565.7825875225378,-6642.229662077908,-592.475806759014
STARLINK-2407,47822,4496.808248774373,-1058.602527685373,-5063.360175466389
STARLINK-2408,47823,-1956.0008270870903,6450.074267087495,-1225.7567386091812
STARLINK-2409,47824,-1131.3008569568553,-5181.538073744825,4330.84268200711
STARLINK-2410,47825,-3103.206623963978,5357.1139513100925,2921.8331478236896
STARLINK-2411,47826,-3404.2056110052513,-2781.9460007201274,5241.721754823825
STARLINK-2413,47827,1944.9069676126362,5405.537134097279,-3737.405359642314
STARLINK-2415,47828,4480.157462862709,-3511.713120557503,-3815.0864171282237
STARLINK-2419,47830,174.9643257938453,6019.993831072895,-3270.8920446171496
STARLINK-2420,47831,-167.00099579305353,-6639.442276480529,1664.7012355037127
STARLINK-2422,47832,-62.38531940657064,-6559.364630178264,1961.6145837227518
STARLINK-2423,47833,1988.0935351836142,4478.474845719122,-4793.040221512715
STARLINK-2424,47834,1979.261134131426,5194.246123706104,-4009.7272369533957
STARLINK-2426,47836,3410.503148390714,2810.4167380773843,-5239.500127916038
STARLINK-2427,47837,-2994.6796152800744,5190.142007767844,3309.077339441831
STARLINK-2429,47838,-4167.481195505272,119.0937314354748,5423.8212429205
STARLINK-2431,47839,3691.025096996606,5019.190823078351,-2853.723794744744
STARLINK-2432,47840,-1594.8013733908476,6545.25929644825,1231.3042133354083
STARLINK-2433,47841,-3378.8154943988975,-3301.3784551483263,4949.102565763466
STARLINK-2435,47843,-2093.402289604783,-4399.34988090934,4803.967435598073
STARLINK-2446,47844,-3674.088575823803,4609.281212473529,3472.6840745027744
STARLINK-2453,47845,36.127781163278534,-5960.908386868184,3363.241242523121
STARLINK-2280,47861,3680.195830722978,-5631.96371644976,-1291.2947328620498
STARLINK-2291,47862,1328.7523583418347,-6643.695902433636,238.92404667727627
STARLINK-2326,47870,5397.896723056605,-4144.316590095974,-782.4513594363212
STARLINK-2329,47873,-1821.5911243956357,6525.735982683844,-1019.2164134611487
STARLINK-2330,47874,4190.7411274532715,-177.0674637806111,-5398.569534420585
STARLINK-2336,47879,-2905.726755874973,-2880.214947605725,5394.092419957766
STARLINK-2342,47883,3179.89103189502,-5429.819141116521,-2312.4210473085673
STARLINK-2343,47884,3997.77150828814,-5311.244462335519,1640.4994911079534
STARLINK-2346,47887,-3182.544236988045,-2617.2718697688647,5460.810192349158
STARLINK-2354,47894,-4079.2270649221928,-1123.7436550268746,5364.100766665313
STARLINK-2355,47895,2609.1253294649305,-6077.722182082342,1765.8913559880302
STARLINK-2356,47896,-1751.0210675075182,5437.13839701306,-3787.4216783023976
STARLINK-2358,47898,5087.197025138197,-1822.849277694371,-4214.944922536195
STARLINK-2361,47901,2868.997332299784,3442.3582028982764,-5158.269353064017
STARLINK-2363,47903,-1812.1949418660104,-6390.8300197600975,-240.01050535183342
STARLINK-2364,47904,-4442.242706266736,3671.096172569454,3692.8314649237454
STARLINK-2367,47907,-5747.785486986054,2211.0628461574315,2990.1651107558946
STARLINK-2370,47910,2399.3410375508874,3549.546211644845,-5350.141562075003
STARLINK-2371,47911,-4935.438375032327,-275.82927812130765,4731.209628920911
STARLINK-2378,47916,-3522.111896695775,5671.9415486654525,1523.3771025222104
STARLINK-2405,47919,5732.865704078521,-2088.3817259554903,-3119.200035075359
STARLINK-1647,47978,4768.390389094221,3430.319021913003,-3529.8186775549384
STARLINK-2303,47981,2123.413241812003,4151.914609852638,-5022.959347002556
STARLINK-2273,47993,-5734.485813982249,3570.1480591839427,680.921145147647
STARLINK-2266,47997,6552.807499115318,-1993.1918714812934,38.14180840316715
STARLINK-2270,48000,4093.0726774747,-821.2675210254744,-5395.435370816703
STARLINK-2153,48009,3089.060527772695,3235.3311556414524,-5193.236700303245
STARLINK-2226,48010,-4982.531680715549,2316.623551973746,-4162.523288479574
STARLINK-2285,48019,236.19548862999306,-4251.925205915107,5354.2395808958
STARLINK-2298,48022,4887.680414368314,2730.981187687538,-3845.8674909496294
STARLINK-2292,48023,2960.4331319488215,3785.5882390445604,-4834.641026710953
STARLINK-2299,48029,-3925.9642860712593,3440.0128150275846,-4141.835120994878
STARLINK-2404,48093,5807.244981855492,2884.6710826705053,2199.9261180209965
STARLINK-2412,48094,-3861.460204442654,2500.87380360928,5063.460921761282
STARLINK-2414,48095,-4357.105286286974,-4285.661553050131,-3099.6379403820006
STARLINK-2417,48096,1130.2436197747859,-3965.0555642572176,-5475.708299502889
STARLINK-2418,48097,4896.947116277708,-2343.3166322016687,-4184.245144527844
STARLINK-2421,48098,-6353.029180959103,583.5067067358998,2482.6285554890337
STARLINK-2428,48099,-873.8559526663909,4067.0830277368527,5430.803230366398
STARLINK-2430,48100,-3493.7556282432997,-3914.579696041693,-4408.4738277124325
STARLINK-2436,48101,-2230.0599964293897,3629.2125226787753,5352.903495837823
STARLINK-2439,48104,3614.9145040085077,3888.1056643648126,4318.079514982382
STARLINK-2440,48105,2043.0274074926735,3645.0966970784425,5416.501453345114
STARLINK-2442,48106,-4937.942308168292,2317.3482331385226,4132.113096609769
STARLINK-2443,48107,6343.073490375072,-804.6439664772558,-2465.3051371237148
STARLINK-2448,48111,-6173.28101499169,-2214.1395204102173,-1865.7891188876542
STARLINK-2449,48112,-1118.3176145246077,3974.6880199933025,5454.336465365301
STARLINK-2450,48113,4181.189233442183,4327.891031395354,3262.103727436213
STARLINK-2452,48115,4738.85681266006,-2352.5187503839584,-4357.262458456692
STARLINK-2454,48116,-5763.396047227429,556.5550343003625,3648.658526393452
STARLINK-2455,48117,-5638.7250418047315,-2894.4919762643563,-2602.962192420876
STARLINK-2459,48119,-5708.872380651404,-2832.2872110439484,-2516.674032754463
STARLINK-2460,48120,-4236.846366404316,-4200.48697625381,-3304.8138147643176
STARLINK-2462,48121,-4708.077035615844,2364.092890074844,4366.780813307726
STARLINK-2464,48123,-6744.285958158901,-1190.3897258798129,-99.67661566419326
STARLINK-2465,48124,870.6719333830164,4235.767177330485,5301.437522366569
STARLINK-2466,48125,-6515.548117580656,-1429.768250960585,1544.3859916304366
STARLINK-2467,48126,602.7830863365689,4181.528764533835,5380.73202092559
STARLINK-2468,48127,1481.0419398040815,4552.3705745259695,4888.560398152793
STARLINK-2469,48128,1706.6473653712055,-5172.977205297085,-4177.177383542979
STARLINK-2471,48129,5982.6571135440345,3203.2855963342276,923.4629270686016
STARLINK-2472,48130,5636.278821954818,-562.0859517135574,-3858.7563718078627
STARLINK-2473,48131,2208.187881329757,-3683.9744851247206,-5341.559131166239
STARLINK-2474,48132,3561.0971972359166,-2663.407813929064,-5216.155829308035
STARLINK-2475,48133,-5986.811646048039,-3194.6232892653143,-937.4976885481593
STARLINK-2476,48134,6529.255327725755,1399.993227005515,-1534.7423013113055
STARLINK-2478,48135,928.233324332755,-4057.3942476212333,-5445.790543839867
STARLINK-2479,48136,1755.0519345202663,4578.922750878681,4772.067366564789
STARLINK-2480,48137,1919.9909179721283,-3736.2310048129757,-5416.325214006986
STARLINK-2481,48138,6438.281341177815,1373.672084344386,-1900.7682224483124
STARLINK-2482,48139,-6707.822785089178,-1351.605425550361,-301.86843392658926
STARLINK-2483,48140,3991.072190058833,-2416.64441888453,-5020.507402458318
STARLINK-2485,48142,5682.6617035494955,2884.904939490331,2501.7873429470164
STARLINK-2486,48143,5545.821763414889,-1790.5679721242116,3541.2037130959784
STARLINK-2487,48144,1481.8389388478467,-3891.6869860758898,-5446.227744053909
STARLINK-2491,48148,-1757.6121822420162,-4592.7115505025085,-4773.974674563166
STARLINK-2492,48149,-6483.353074551317,514.6805550650239,2138.234723395646
STARLINK-2493,48150,-3455.2827883965742,-3936.7178826078593,-4419.66496028676
STARLINK-2503,48151,-882.5309356851169,-4203.110877437588,-5341.897467893188
STARLINK-2567,48276,2279.9761823860736,-5527.767736150901,3331.4723589470605
STARLINK-2569,48277,5101.037659948823,754.8283216132409,4496.107502760823
STARLINK-2543,48278,-508.2063401257662,5462.871918535851,-4107.029004547379
STARLINK-2565,48280,-257.0770092858663,4980.46162609947,4684.622855811706
STARLINK-2558,48282,4183.619909435425,493.589725639709,5389.93918903765
STARLINK-2516,48283,1045.7236552308145,5450.308990595774,4003.784249253855
STARLINK-2564,48284,-4628.751855102192,2352.022446599231,-4473.180158029623
STARLINK-2547,48286,-874.1645072572478,6441.601978336838,2148.7407143170576
STARLINK-2566,48287,-1131.0462515778268,-5250.611675408168,-4256.908384513209
STARLINK-2545,48289,4124.155313070278,696.1486126603792,5413.287289805701
STARLINK-2555,48291,4227.5752500408,-4784.805276401164,2470.6139156241443
STARLINK-2542,48292,4111.764529701232,-4761.706126873155,2699.4724546531233
STARLINK-2550,48293,-1131.1973545093604,-5387.965973269243,-4082.116643905501
STARLINK-2533,48294,2863.1698896870844,-6207.213487690808,428.263295411326
STARLINK-2535,48295,-2879.836549717914,-3368.3080446758263,-5228.66311600812
STARLINK-2559,48298,1507.725605380158,5082.229163546855,4308.5801236604975
STARLINK-2557,48299,2990.2716980611726,3185.0545002860736,5264.89802825987
STARLINK-2538,48300,5165.472557322036,-2490.5888739306065,3736.4722733079075
STARLINK-2537,48301,-5312.160313336644,3008.5731445200754,-3112.3514975954217
STARLINK-2530,48303,958.6278488198591,-5851.957178363246,-3435.464130839139
STARLINK-2524,48304,3024.9114599650156,-5609.303032450068,-2518.1344503346036
STARLINK-2519,48305,5384.845860939575,-846.7130076224685,4137.901304127607
STARLINK-2523,48306,591.1935300068034,-5210.98472695554,-4412.525351071739
STARLINK-2517,48309,-2661.312505790342,6047.467034096567,1812.6691336878712
STARLINK-2536,48310,-3748.8477474201873,-1848.654721873194,-5432.097455363889
STARLINK-2534,48311,3026.767623469313,-5999.666014680919,-1336.6031371044699
STARLINK-2061,48312,-952.242121923744,5844.666476909253,3432.027725754187
STARLINK-2549,48314,-3484.18770055285,-2223.3116525348846,-5467.973695922065
STARLINK-2506,48315,-4845.383498897721,4839.675723672816,100.78448722700126
STARLINK-2507,48316,-5645.4698590381295,3193.6467701084034,-2208.6034106204766
STARLINK-2513,48317,4533.05514349103,-5007.261903896266,1132.3995373558228
STARLINK-2509,48318,-5785.591975719168,3042.9105369918757,-2051.342804863519
STARLINK-2512,48319,-4146.287252555691,-1557.2278525814543,-5230.643932372622
STARLINK-2029,48320,2276.1809132501808,3460.7030700456544,5444.906321222078
STARLINK-2457,48321,2921.5531015149118,-5517.723557042372,-2825.174796904518
STARLINK-2515,48323,5731.55554737104,-3165.615230010315,2002.7424197245662
STARLINK-2495,48325,4828.9511206886245,-4836.300337634811,-468.664326021788
STARLINK-2498,48326,5280.482625310637,-383.5193609864193,4333.641408011129
STARLINK-2502,48327,4268.403102821157,1378.879018306527,5165.663219708329
STARLINK-2504,48328,-2945.2362484664054,5514.108246965529,2789.433297722875
STARLINK-2510,48329,-4688.771131351236,4946.244036184376,671.4329596227545
STARLINK-2501,48330,429.9675959774259,-5045.499272600253,-4618.888549051767
STARLINK-2514,48331,2188.176515448495,3528.6920136072567,5429.973512420776
STARLINK-2518,48333,-5520.563381005954,1015.8852429248133,-3931.589972621365
STARLINK-2470,48334,-4335.00822950133,-1296.5904227172623,-5148.113461957179
STARLINK-2613,48353,-3302.637671009562,-5127.517285648624,3106.8999052382824
STARLINK-2674,48354,-5346.672828661836,-4241.686625727561,576.8108329124922
STARLINK-2635,48355,1596.2747035505372,-3853.8445916397145,5422.105270594782
STARLINK-2637,48356,-5589.983958787057,-279.9173776921508,-3955.9479694470333
STARLINK-2636,48357,3903.074263481001,-2072.721671435516,5222.624907930469
STARLINK-2624,48358,5596.825825565247,281.63681781049814,3928.0731626951615
STARLINK-2628,48359,-6084.000408339088,-2487.77482119754,-1935.9390450179114
STARLINK-2622,48360,6092.090414215151,2471.8897747877304,1912.5013085531614
STARLINK-2591,48361,5426.766737814224,4157.283198970572,-434.7949088382741
STARLINK-2578,48362,-1057.9147597157232,-4947.151596032911,4607.502651330624
STARLINK-2611,48364,-3061.180616813052,-4658.995181164123,3969.3576068024004
STARLINK-2608,48365,4802.361493214101,-1615.1167972957537,4598.942749531367
STARLINK-2643,48367,304.67121905524,4383.317631667879,-5260.609696287755
STARLINK-2623,48368,-6352.541604182128,-2506.021729001874,-538.9845126387032
STARLINK-2621,48370,-249.0661295040106,-4415.9629264380255,5219.435483104258
STARLINK-2589,48371,-5256.119033520483,-3956.8796566896185,1897.487477086985
STARLINK-2609,48373,-4887.010762821275,1672.8730591332373,-4504.984925975219
STARLINK-2604,48374,6218.885211698434,487.7937169485988,2819.2127336057215
STARLINK-2603,48375,6169.450896407991,366.2502283277734,2943.029764674908
STARLINK-2610,48376,-1647.6444853213395,-4325.0914160451175,4888.485850353918
STARLINK-2499,48377,6338.713542971396,2565.734218791893,377.28583811212434
STARLINK-2526,48378,2556.794327309968,-3305.6766835594754,5416.076997351284
STARLINK-2612,48379,-2543.4819635334375,3350.660827393143,-5411.431388504597
STARLINK-2614,48380,3027.1743901989144,4570.602274728626,-4112.638812203245
STARLINK-2630,48381,-6292.929881490092,-767.7378778413978,-2599.9661884045227
STARLINK-2585,48382,-2281.4208754952606,3466.5750221047456,-5455.557333247112
STARLINK-2598,48385,5271.052735832304,3835.590053371573,-2109.3455811781528
STARLINK-2606,48386,-6354.531312415115,-547.9731873307235,-2505.8667329412365
STARLINK-2594,48388,-5083.032987437222,1482.2564891148775,-4352.297533717372
STARLINK-2586,48390,-3537.0213717952415,3179.0486312804624,-4936.083495276161
STARLINK-2607,48391,5889.467057237262,-1429.287440611068,3180.890366088606
STARLINK-2605,48392,-4828.964241168078,-3401.398245135116,3458.7708970088265
STARLINK-2574,48395,-5648.470964512813,1572.3785544124612,-3549.054130341809
STARLINK-2575,48396,3597.7416230772433,-3146.4666644618324,4895.571383983857
STARLINK-2590,48397,-2287.407186171355,-4132.487733125082,4950.270926292556
STARLINK-2588,48398,5270.1009175224535,-1132.78401522181,4265.472924103714
STARLINK-2587,48399,5944.707996511705,-1395.8234630420056,3092.0323052023464
STARLINK-2576,48400,-6434.661284741373,-1998.9018850466732,1225.547849407983
STARLINK-2571,48401,6763.812736726393,357.2035722296078,1009.2476024761716
STARLINK-2593,48404,6738.650339841733,178.3977816170714,1204.24929082704
STARLINK-2570,48405,696.8405511473578,-4046.4833752729373,5471.729943625875
STARLINK-2568,48406,-692.7202322615269,4058.7596113644763,-5479.816501400018
STARLINK-2592,48408,-6754.408878732868,-313.3681230007104,-1104.5901156974874
STARLINK-2563,48410,4446.815056035758,1838.72860611462,-4880.625742117549
STARLINK-2505,48411,-3717.102182091867,4819.277546224584,-3150.2235741312506
STARLINK-2581,48412,770.226187732797,-4596.2892489062,5008.894408917292
STARLINK-2461,48428,5857.50779253235,3469.449975502811,-768.3370118423804
STARLINK-2700,48431,6527.048957391524,-446.53490542574775,-2036.5476514669379
STARLINK-2680,48432,6708.522427581839,1354.3678812149897,277.3030874951208
STARLINK-2699,48433,-529.0672340131471,-4187.606650786119,-5400.338037018506
STARLINK-2692,48434,6756.610345246478,1127.3340144458602,-11.080566820080048
STARLINK-2633,48435,-3773.844253836738,2581.0981656624203,5090.109708948017
STARLINK-2639,48436,257.54807252316124,-4514.710187868161,-5150.924341770641
STARLINK-2642,48437,-4509.423275429629,-5152.734520144099,-165.07550966137907
STARLINK-2640,48438,394.3647314629426,-4458.188020348769,-5190.940649262009
STARLINK-2583,48439,-5851.877400978112,-3490.9822564186416,686.1509959583445
STARLINK-2682,48440,6014.95360038668,1557.857325459056,-2890.5477399834062
STARLINK-2702,48441,5017.685993188007,-701.7622317629766,-4615.965758295524
STARLINK-2644,48442,2167.4442214021137,-3454.246103257922,-5453.833711085357
STARLINK-2663,48443,2366.0858089187686,5145.785122894538,3842.0311941486284
STARLINK-2645,48444,4475.867265322199,4831.770062186213,1871.435503001004
STARLINK-2634,48445,-240.27070858754576,4512.34941838016,5136.926825566154
STARLINK-2655,48449,-4902.392267749373,860.2106860785127,4694.940062370927
STARLINK-2703,48452,-5987.968926181717,-1461.0823482084545,2977.0142250840613
STARLINK-2620,48453,-4590.451489356713,-4779.341853344376,-1738.1955478082498
STARLINK-2654,48454,-2480.9645836760383,-5158.527389049493,-3768.6569361609704
STARLINK-2497,48455,-3050.8823297003573,2819.905493730579,5434.419966464697
STARLINK-2698,48458,-2679.9130882652485,3111.2826110165065,5471.2871170857925
STARLINK-2579,48459,2932.1599663487664,-2929.501256232021,-5459.104248473381
STARLINK-2582,48460,-5618.9274018554615,2762.774446804981,-2409.4147607990285
STARLINK-2683,48462,-4371.785483623529,934.5885749577557,5177.486125933584
STARLINK-2686,48464,5465.527288782391,3341.8504154611055,-2432.9569846410946
STARLINK-2681,48465,2476.5314670154125,4950.251594410831,3812.031559705026
STARLINK-2687,48466,2674.209187401598,5770.990199777447,2532.9790529416723
STARLINK-2659,48467,5289.812176759447,1152.829482133929,-4202.812431212677
STARLINK-2685,48468,-2680.3837464767853,-5787.347065496449,-2504.1012432735647
STARLINK-2661,48469,-352.79571356848913,-5263.937494917828,-4374.357102612897
STARLINK-2675,48470,5441.054571645965,3519.825285064513,-2227.695670474502
STARLINK-2684,48471,4445.266110985313,5203.5091755943085,275.25615754901713
STARLINK-2722,48472,-725.1184320226747,5441.952045315507,4179.0618058706095
STARLINK-2658,48473,3946.308486298602,-1616.430767521474,-5366.610586742854
STARLINK-2697,48474,-1944.7796506375375,3814.3365748583283,5336.011132975554
STARLINK-2728,48478,-5439.275503965524,-3477.0116643809433,2278.5955296547195
STARLINK-2755,48479,-572.0035885726991,4787.691149309769,4851.812629867179
STARLINK-2706,48481,3788.842651757577,-1781.8528915735933,-5426.853828576403
STARLINK-2525,48482,-1861.8792193356971,3938.945507806335,5274.2403014562
STARLINK-2531,48483,4541.013444646021,5114.340151536198,-385.86443543410434
STARLINK-2500,48485,-5364.764158186198,-3147.390448922327,2858.188157682667
STARLINK-2494,48487,5045.912121678269,782.2840433716782,-4572.233448628934
STARLINK-2063,48553,6116.415595262399,-2808.337026254721,-1282.8904990095614
STARLINK-2139,48554,6664.443343998952,-1071.387219417914,1157.781636338977
STARLINK-2145,48555,4988.812165880918,-2498.2354615365343,-3980.8676078232415
STARLINK-2151,48556,6730.203612989732,-826.9310185483015,-979.5326073288697
STARLINK-2155,48557,-6104.939100460466,2814.1943495785695,1303.8115203180362
STARLINK-2166,48558,-6667.332981941039,1029.331389878672,-1190.2397997913745
STARLINK-2187,48562,-657.3839599974077,-4145.691132601243,-5351.864562245291
STARLINK-2188,48563,-1330.4521059369447,-3897.226427053353,-5479.454793683008
STARLINK-2190,48564,4375.83958026712,-3995.692681096745,-3442.9661685187234
STARLINK-2214,48566,6579.679816448351,-688.8467613469958,-1784.3204528902315
STARLINK-2217,48568,-5864.825307057525,-971.6786234878297,-3408.3265269704793
STARLINK-2219,48569,1785.8325913424064,-4400.644363498018,-4941.977626052069
STARLINK-2220,48570,6133.725147739692,-1779.6192420206482,-1192.1499112328709
STARLINK-2221,48571,-6579.38666055464,-859.4857661670478,-1706.4758559450775
STARLINK-2222,48572,-2996.2105091115354,3506.6485557649353,5052.296368443985
STARLINK-2224,48573,-1750.7355186147406,4371.747948267325,4963.110572836703
STARLINK-2225,48574,-502.0382210521408,5085.20006166195,4550.587379110726
STARLINK-2227,48575,-4755.435558188409,331.6207477885645,-4924.569621114715
STARLINK-2228,48576,-4861.873209048583,4807.357810730111,393.04403536281757
STARLINK-2231,48577,5885.4776011012955,915.4182488564356,3372.9434232619974
STARLINK-2232,48578,-3357.29429295134,-3035.2220702648997,-5145.644250022933
STARLINK-2234,48580,5503.9676210111265,-988.1286046449911,3945.694738446746
STARLINK-2235,48581,5708.0876585831065,-1203.7678140279043,3580.2988340194297
STARLINK-2236,48582,5776.306720133854,-1454.4419133373885,3323.8012138598133
STARLINK-2237,48583,5461.4668317417545,2820.099802947141,3013.756039528752
STARLINK-2241,48586,-6705.637573318137,-1204.312546781429,-711.2293121701526
STARLINK-2245,48589,-4348.207861571111,3994.3211859949943,3461.7233868526414
STARLINK-2250,48593,-5129.768571529623,-2534.9263710693926,-3771.165669538893
STARLINK-2251,48594,-4294.511338796228,-1945.2548820401116,-4984.227301791804
STARLINK-2252,48595,3411.180910895894,3781.07693384798,4570.868107639341
STARLINK-2253,48596,5159.809499398668,2484.6290595308487,3748.2705789823945
STARLINK-2255,48597,6572.95349702931,861.9939119438295,1715.3698233909527
STARLINK-2713,48602,5212.6098438366425,821.1022012680797,4357.069820219057
STARLINK-2714,48603,4367.012571965405,1864.7123076410214,4935.938748484445
STARLINK-2757,48604,6714.612553383611,1173.6647657173733,669.5328843162764
STARLINK-2739,48639,-3557.6058147122294,4838.2110836576985,3280.235508855385
STARLINK-2736,48640,4638.607087353057,-4530.395286994741,-2216.529292364022
STARLINK-2754,48641,-6214.758407020097,1212.853694153699,-2619.366072046469
STARLINK-2646,48642,-6215.553294503805,1247.7008636479848,-2600.460931516351
STARLINK-2704,48643,4874.557674797454,-4410.912060315299,-1932.0983376681259
STARLINK-2695,48644,-3002.6662832896145,-2970.4933297792077,-5398.319229922738
STARLINK-2732,48646,6193.785839128062,-1185.6119664747778,2665.266446914416
STARLINK-2521,48648,6063.0449083129815,-3178.613631958828,250.37992207427726
STARLINK-2673,48649,348.49694927913606,4350.770642727302,5268.310174911679
STARLINK-2672,48650,5095.302489735092,985.9057760643742,4460.328065911122
STARLINK-2731,48651,2896.2211854681004,3033.5756943462798,5404.623131846138
STARLINK-2727,48652,-5085.4775927484525,1619.1859744864212,-4082.2071276078095
STARLINK-2720,48653,-4826.881688255385,4430.870437751117,1986.0420346877938
STARLINK-2657,48655,-2501.526409684689,4904.2807985122145,4064.8736591061306
STARLINK-2701,48656,-5066.762963499049,-1026.4652377505734,-4499.442563276531
STARLINK-2734,48657,-6089.688460720313,3116.6734502679515,-347.15357648177076
STARLINK-2647,48658,2523.516560246973,-4889.704071007802,-4086.0644714202804
STARLINK-2717,48659,-260.97220938597553,-4389.3332218516625,-5258.141609441975
STARLINK-2726,48662,5629.411161933261,287.46670291246994,3893.9581799106704
STARLINK-2667,48663,2710.0562797483603,-5388.360568630792,-3253.569909068694
STARLINK-2666,48666,-5885.627488927441,3495.0775215191525,382.90510743482275
STARLINK-2735,48667,-2230.638819229949,4861.625995063542,4278.698758076832
STARLINK-2738,48668,4695.558006069197,-4875.296864077279,-1060.0592022230583
STARLINK-2707,48669,124.40428103245301,-4824.845135813592,-4866.683250746425
STARLINK-2763,48670,-4430.824019780699,-1309.1548275117807,-5062.36998380363
STARLINK-2745,48671,-5320.8735210678105,4079.439945264462,1424.186927178189
STARLINK-2705,48672,-5747.656372113587,1240.0394811274784,-3519.7627639725747
STARLINK-2711,48673,-6095.004332973588,659.407821239932,-3077.0630255048186
STARLINK-2712,48674,-5444.306973709413,-594.6836203142461,-4131.231676544937
STARLINK-2746,48676,-2654.7546281977475,-3219.980820546421,-5445.871438685549
STARLINK-2615,48678,-2422.7973414049434,-3339.6218791640717,-5473.520385073006
STARLINK-2648,48679,6181.007847815053,-2925.890632013435,485.10725383693875
STARLINK-2725,48681,-2770.4981814336707,6259.235447745706,-245.7090752911361
STARLINK-2743,48682,2753.275777474072,4149.430454468977,4692.534297092427
STARLINK-2756,48683,-884.2038927518352,6755.298344635516,696.885874673995
STARLINK-2741,48684,4705.189858643252,-2449.080325580226,4323.447424787959
STARLINK-2751,48685,1175.341342587252,5978.182833164509,3121.4719080910268
STARLINK-2629,48686,-2781.928411537762,6252.0743064690405,-304.37283935502154
STARLINK-2627,48687,2537.963194125921,-6142.584938652717,1650.5685385061356
STARLINK-2742,48688,-4273.823108246567,1622.66783023712,-5106.872692787716
STARLINK-2740,48690,944.6551668167509,-6467.363972814878,-2058.22324416432
STARLINK-2750,48691,-4127.555699259144,-699.9892916392265,-5426.961790701724
STARLINK-2752,48692,-1025.0612526754546,6487.552426368972,1933.848531941805
STARLINK-2618,48693,-4123.083339216317,4747.595751580142,-2722.2671122271286
STARLINK-2748,48694,-4222.759992070229,-531.404100939936,-5372.131011465213
STARLINK-2616,48695,-4172.665512809069,4904.690195232524,-2340.5192455766455
STARLINK-2753,48696,-1470.7197804611997,-4444.952551053002,-5006.0365713609235
STARLINK-3005,48881,821.5849080429398,-2921.5473964031607,6235.796558078958
STARLINK-3090,49132,475.283739918252,2679.9948873351077,6389.220482996341
STARLINK-3077,49133,6516.874223990325,2108.394979874051,-1201.8935106105264
STARLINK-3078,49134,6192.942560612043,2920.5158346792587,1203.8751532140673
STARLINK-3073,49135,-6392.840271357414,2527.5852356117703,1030.513135153274
STARLINK-3055,49137,-1220.8193927175932,-2396.832376392699,-6416.322349238843
STARLINK-3058,49138,4906.445813324704,3349.7831028304727,3605.499724184417
STARLINK-3057,49139,-1869.0663737206146,-1826.361079738588,-6409.353837262634
STARLINK-3093,49141,2917.9457534584903,3261.9636565069623,5394.496255885484
STARLINK-3109,49143,1429.875452086931,-2271.8737003071733,-6418.750644693214
STARLINK-3100,49144,-2079.8091787353223,1680.73077633324,6409.44819864574
STARLINK-3119,49145,6593.6940919836225,-1625.384500560489,1486.1598479076079
STARLINK-3116,49146,3897.7961719011323,-1809.3867973998606,-5472.250212034495
STARLINK-3071,49147,3258.324963662221,-3121.8955418254045,-5292.631895375372
STARLINK-3048,49148,6826.987016976466,-161.4293086359014,-1326.9299951790442
STARLINK-3102,49151,4091.8337763989994,776.8313930269719,5559.48902643305
STARLINK-3072,49153,-763.6962994698284,2699.3847743376677,6352.711598010707
STARLINK-3068,49154,6801.432738511415,769.6506201485818,1229.52503739011
STARLINK-3060,49155,-3264.824124381851,3119.416802766744,5278.510638826455
STARLINK-3085,49156,-4107.590625118159,-771.2440110544926,-5558.748129165548
STARLINK-3051,49157,6677.808784449664,200.17025164461833,1835.2181348814788
STARLINK-3083,49158,-114.22753491472977,-3329.7067033468124,5821.386513182112
STARLINK-3056,49159,-6508.887333091867,-2071.2106650848937,1289.7536970005608
STARLINK-3095,49160,-2964.5454578936733,-3270.490254746612,-5374.251520544982
STARLINK-3080,49161,-4903.836128940016,-3350.4305137679985,-3617.4195954156403
STARLINK-3088,49163,1319.638932267467,2391.3450912535022,6388.292608393258
STARLINK-3106,49164,1178.6810164884573,2371.609825378329,6420.297623086437
STARLINK-3052,49165,-428.10995916435513,-2671.9702248582976,-6406.809649517946
STARLINK-3089,49166,-1502.733415302728,2259.940691027893,6395.339347971674
STARLINK-3054,49167,4264.095196004734,-452.2113619168594,-5476.1368952517205
STARLINK-3046,49169,-1526.9052539750078,2281.5259863853817,6379.272905550257
STARLINK-3107,49171,-1912.826578869657,-2551.6312788436358,-6125.665673689914
STARLINK-3045,49173,-6848.429876505792,236.27940566548898,1166.7178938549962
STARLINK-3087,49175,3500.933362274803,-1904.648676861569,-5703.0363921346025
STARLINK-3069,49176,-2430.5020975107072,-1609.1165489166654,-6299.052206640616
STARLINK-3103,49177,5224.100927096255,-3057.301923699728,-3425.398509621441
STARLINK-3086,49178,-6174.9842850529685,-2935.1355105017715,-1264.5654565596474
STARLINK-3043,49179,5749.335334078422,-422.24984181617384,3879.765178999537
STARLINK-3059,49181,2090.1785892263106,-1679.4789748415972,-6417.3926961921325
STARLINK-3151,49408,-4524.428185256618,-84.78699268418247,4707.505632869679
STARLINK-3075,49409,3780.002472800705,-4611.061648348278,-3516.1537314572925
STARLINK-3147,49410,4306.280089734602,-882.8200641114483,-5348.7613101559355
STARLINK-3162,49411,3584.3181864780554,3115.78873601091,-5037.561407494261
STARLINK-3157,49413,2969.605006582852,4519.270205095423,-4322.678068394203
STARLINK-3146,49414,3732.347921734716,1987.0808000692102,-5482.435318646233
STARLINK-3159,49415,1419.0644819434333,6340.545518170842,-2386.1421197017944
STARLINK-3133,49416,1407.1261342388723,5741.980255082273,-3601.7331077400395
STARLINK-3154,49417,-5.937478589348291,-6901.030050690779,480.2770902620244
STARLINK-3111,49418,-44.69000609906008,6631.894972601513,-1980.39216267298
STARLINK-3120,49419,-3778.056566762584,4600.089015141322,3517.046533046509
STARLINK-3110,49420,-1529.1344740212182,6747.772771193236,-78.50596741997715
STARLINK-3112,49421,1539.2570840106584,-6744.994707145187,33.38406096869092
STARLINK-3161,49422,3601.883667224415,-5024.390445241742,-3113.9298602194044
STARLINK-3135,49424,-4261.26180501604,2673.415712212612,4739.85317769048
STARLINK-3139,49425,-1765.1129790508069,-5384.530026987146,3959.7250964567493
STARLINK-3114,49426,-3718.7060795598127,-2001.8192386780813,5469.230899675698
STARLINK-3131,49427,-330.5870859349809,-6468.390203303131,2421.8778992982
STARLINK-3121,49428,4250.426378153234,-305.02923854789606,-5456.648691719145
STARLINK-3138,49430,-3603.8430311167726,5003.670489711173,3128.4692773453057
STARLINK-3153,49431,2716.2525644799007,4145.2836526268,-4834.411847610755
STARLINK-3158,49432,-1050.2012103174786,6780.132548685758,886.993908954935
STARLINK-3079,49433,131.10908594952318,6858.1541746841685,899.3819791967537
STARLINK-3134,49434,796.9822137766946,-6783.342601525031,1080.2820758068099
STARLINK-3117,49435,1801.9435375379703,6538.649023011877,-1375.9169912995783
STARLINK-3049,49436,1547.620427523489,6667.950526028778,-1017.259410660839
STARLINK-3130,49437,-1760.0922907889276,5761.884857844942,3338.997913287146
STARLINK-3044,49438,-3997.831337992276,1181.7310399165935,5510.811022253284
STARLINK-3105,49440,-3555.3394880613578,2869.7067102669776,5184.791715634954
STARLINK-3128,49441,-227.75617393901354,-6832.596754693223,-884.6008696957227
STARLINK-3098,49442,-4099.621229223291,-2215.044438465194,5066.02798713507
STARLINK-3136,49443,-3560.9866005885774,-4337.183078649403,4022.6269987338055
STARLINK-3126,49444,-4177.424147913429,-1140.0887956568345,5385.9724046698575
STARLINK-3122,49445,1282.0644099505905,-6703.027578403018,-1141.9223667550732
STARLINK-3099,49446,-3680.043251799602,-3993.352744315019,4276.107691118563
STARLINK-3115,49447,-4076.5461633094747,1643.9716345818638,5332.420047342817
STARLINK-3137,49449,-1004.715163742764,-5653.0183903279685,-3635.8954192650986
STARLINK-3127,49450,-2668.0106069775347,5551.589915799873,3142.145076724432
STARLINK-3125,49451,-3587.9834900238384,-3080.124969189608,5039.617900453331
STARLINK-3150,49452,-365.7235795810472,-6831.893401050587,1018.7119831654649
STARLINK-3129,49453,-1361.2874041207112,-6379.478685966824,2207.0168493983747
STARLINK-3160,49454,-2653.442118012605,-5023.99970406461,3937.2656045602107
STARLINK-3145,49455,2651.228368589289,-5579.252427691735,-3122.6690483637344
STARLINK-3124,49456,-1729.8850682700486,-6086.6529999428185,2788.6006214327226
STARLINK-3132,49457,3394.979485032877,-4317.15417267597,-4213.650118305494
STARLINK-3156,49458,1591.4968715776745,-6533.7181279751985,-1631.4230225473584
STARLINK-3141,49459,4087.260367031199,-1618.323098472277,-5348.640734774362
STARLINK-3140,49460,4089.8611611238593,760.8028307358043,-5534.499537594327
STARLINK-3219,49724,6533.086595970796,2009.4283541540685,-1007.9486968915452
STARLINK-3218,49725,-5913.379285414709,338.6458252459432,3565.0420355477886
STARLINK-3242,49727,4356.362970206713,4879.83314697922,2245.8227523517835
STARLINK-3240,49728,5587.460471865093,4058.3623490297646,422.26790026553965
STARLINK-3251,49729,2554.0010158123628,5130.616127186751,3865.9356678099066
STARLINK-3249,49730,-4226.2490316258,-4937.183033640464,-2378.6865597585925
STARLINK-3246,49732,-6178.820009507482,-2674.662209620724,1583.265862156578
STARLINK-3252,49733,3646.1281794984848,-2406.2551492898174,-5371.32486908907
STARLINK-3238,49734,-4799.338140380913,-4223.728026300203,-2640.578240480875
STARLINK-3113,49735,6035.9363120843855,1089.5339027995753,-3209.175056963055
STARLINK-3148,49736,-5426.8863318125705,-3862.0826593399142,-1876.8637016823473
STARLINK-3225,49737,-6503.720843564982,-1132.3359261906805,2060.8866460548315
STARLINK-3143,49738,6519.758782221607,1171.9025761255934,-1982.67785888707
STARLINK-3155,49739,-2544.407580293173,-5142.413305954694,-3872.857555984198
STARLINK-3226,49740,122.09501048494761,4396.2127904808995,5330.282791489769
STARLINK-3244,49741,-5139.107941717519,1373.580063608162,4405.982984277186
STARLINK-3202,49742,5446.5006017918995,3848.9641522832635,1833.382384494001
STARLINK-3239,49743,-4060.856207898634,2374.3651117085715,5062.484124892019
STARLINK-3231,49744,4333.024943179314,4398.663413792564,3112.5274764730866
STARLINK-3241,49745,2400.0618785762517,4686.029314217748,4478.664220063974
STARLINK-3233,49746,4539.485156224086,-1980.2996433530418,-4837.9594367241625
STARLINK-3247,49747,6371.413166550282,2697.303012654435,-70.26713927315876
STARLINK-3248,49748,-4589.2859086643575,1945.7586629812795,4787.078594140218
STARLINK-3250,49749,6510.923511901798,1212.1798959726186,-1960.2581006277455
STARLINK-3236,49750,-4292.194005258224,-4423.4083361063085,-3149.0915039050683
STARLINK-3229,49751,5885.007138563758,-415.42896363570117,-3621.9146015979245
STARLINK-3209,49752,-5001.583540775141,2104.2855041780576,4281.4291040299
STARLINK-3200,49753,-1799.6042597178866,-4673.731196046409,-4779.681536317302
STARLINK-3193,49754,-3648.5878227473318,3006.0257204490576,5040.699293954193
STARLINK-3210,49755,-6480.501994013481,-2355.45792825728,555.258806033286
STARLINK-3207,49756,926.2643649925604,4314.294624976266,5318.40426374701
STARLINK-3197,49757,-3134.974331060465,3270.285468680601,5218.354861947035
STARLINK-3194,49758,5018.661227916732,3593.320142966447,3116.6694240228894
STARLINK-3204,49759,-1493.6520199325612,3888.2309708413295,5513.432045579698
STARLINK-3199,49760,6795.603642638495,1167.3125225486497,-584.1185963736392
STARLINK-3203,49761,3147.6232864237645,4206.407560514613,4491.786722080527
STARLINK-3195,49762,5397.426263647926,-1763.9584083849875,-3960.069629847646
STARLINK-3198,49763,6306.215956162502,2517.0739430259323,1321.028817464615
STARLINK-3227,49765,-353.32529360970045,-4246.469684178843,-5423.866877793904
STARLINK-3190,49766,-1462.5759460025874,-4342.902621392486,-5189.526960883154
STARLINK-3192,49767,3631.579281367823,-3028.5529340861303,-5057.34001302613
STARLINK-3196,49768,-5003.594687917956,-3607.5234653000857,-3139.954473824344
STARLINK-3208,49769,-5483.3201228037915,-3319.941733652676,-2610.8826812465163
STARLINK-3191,49770,-6789.002071187555,-823.5083024012811,1036.8310631629943
STARLINK-3201,49771,-6789.913343107643,-1217.4314202258681,517.486375984368
STARLINK-3297,50159,-5603.487260674263,3030.6584692209376,2690.220058627606
STARLINK-3304,50161,-2979.0883879010876,5774.279896823385,-2385.452550813144
STARLINK-3306,50163,2812.0468493363373,3374.593186467421,-4957.243617657583
STARLINK-3298,50165,-5207.216422369232,635.0785687839834,4501.061635724644
STARLINK-3305,50166,-1068.722505754295,6033.065236074652,-3221.5163350799803
STARLINK-3271,50167,-3029.23991502758,-2813.320372362976,5536.440983300898
STARLINK-3301,50169,4510.518010325257,218.22880164880675,-5230.866376368464
STARLINK-3245,50170,-3066.7660503120064,6114.107936876246,-1050.2958703813067
STARLINK-3286,50171,-3289.013307303741,6023.321139327196,-596.1897663570031
STARLINK-3287,50172,-4985.17275795373,3985.4251631745155,2662.7187655181147
STARLINK-3289,50173,3447.8235383989722,-5764.859851888368,-1598.6646425905071
STARLINK-3292,50174,-2613.4423525397374,6319.95045631715,-974.2000172483245
STARLINK-3291,50175,-1536.5594574678564,6146.09508500025,-2788.7492084260325
STARLINK-3293,50176,-4587.636299019306,-35.33884212469442,5168.590504744439
STARLINK-3282,50177,4783.117554709251,-4513.609389203746,-2104.1458412082948
STARLINK-3283,50179,-5089.512944565484,2034.6575449686304,4211.81647869974
STARLINK-3265,50180,-785.8197759290691,-5085.504336446642,4614.631081815933
STARLINK-3285,50181,2720.6202666868035,-6182.003765417947,1489.56300048386
STARLINK-3277,50182,604.8570886126121,5240.560442794901,-4440.437397170663
STARLINK-3281,50183,4314.585961343975,-5330.326529491996,-924.0870878517426
STARLINK-3279,50185,-257.40677514456985,-5425.662596461641,4274.952864167795
STARLINK-3274,50186,-4043.869427261609,-1563.0744260664935,5380.7695316878635
STARLINK-3272,50187,1261.3237558640963,-6557.736375815746,1763.3658411835063
STARLINK-3276,50189,-3822.912371702556,-1552.4783945438148,5510.106678940192
STARLINK-3268,50190,1267.5857714468486,5260.027264571158,-4279.554883504697
STARLINK-3273,50191,766.3774395540162,4683.044772794508,-5041.319249593583
STARLINK-3259,50192,-3002.843472078991,6219.562142446856,409.6171648343742
STARLINK-3261,50193,1589.9314239898235,4947.018204747549,-4574.888550862737
STARLINK-3266,50195,-7.7556304820021476,6123.158779552823,-3228.734010025093
STARLINK-3267,50197,-4604.295464583792,3410.3400341405686,3868.087268090287
STARLINK-3264,50198,-1565.7447508729556,-4959.936564422525,4551.568752155101
STARLINK-3270,50199,4631.000900060622,-3259.2513126100603,-3981.2957112190984
STARLINK-3235,50200,-2972.107066672404,-3202.6433883571835,5353.330053032287
STARLINK-3256,50202,4611.447951882429,-1284.1373416472456,-5001.3615062266645
STARLINK-3257,50203,-4661.3274709030575,1852.3635919898027,4755.127782291478
STARLINK-3254,50204,3848.095848500233,-5442.617535723788,-1860.5738973521006
STARLINK-3260,50205,-1889.4097407619831,-6481.460390617505,1501.5332349094945
STARLINK-3323,50804,426.54409817441194,4754.587984890167,4997.8789429023345
STARLINK-3333,50805,-1733.3971007252464,3791.0625691056725,5511.047983804945
STARLINK-3335,50806,-3653.503279305773,2388.4687443200796,5356.991559559798
STARLINK-3355,50808,-5996.111391324336,-1003.961414408201,3291.9085903029923
STARLINK-3232,50809,-5139.900070261104,702.2635315354958,4567.053789530224
STARLINK-3338,50812,6172.891402732204,2760.538590525019,-1474.563145299423
STARLINK-3349,50813,-600.6830606327898,-4187.682480048872,-5333.926212234424
STARLINK-3324,50814,5779.772263810424,2550.778911463419,-2828.9228399956173
STARLINK-3234,50815,2789.8421159742134,-3063.6722658439558,-5546.756357109083
STARLINK-3342,50816,4899.498676580445,-797.5930757426872,-4787.696129742758
STARLINK-3341,50817,4334.943438274061,-1292.1074696723097,-5241.748971024964
STARLINK-3336,50818,2932.073109893302,5616.356198401359,2771.589835945846
STARLINK-3327,50819,5460.665505739183,4133.195294226477,-996.4079339219749
STARLINK-3339,50820,-3100.954773329974,2750.751421160635,5527.568183413648
STARLINK-3346,50821,-1078.9334679876954,-5363.701573900654,-4241.243422960459
STARLINK-3343,50822,-5390.025364913721,-703.5212698551469,4269.506580571296
STARLINK-3334,50823,5407.930592056867,730.4923344466223,-4260.1437180086805
STARLINK-3332,50825,-4333.720751583666,1279.449479309052,5228.981967641933
STARLINK-3329,50827,1052.9388575596847,5354.145521482955,4243.44801645909
STARLINK-3290,50828,-5194.510479309963,-215.8481154255813,4554.35881123974
STARLINK-3294,50829,4519.660153833828,5164.467138635796,872.3379717139348
STARLINK-3278,50830,3609.922304007642,-2068.5485186573133,-5534.17439481953
STARLINK-3299,50831,-2949.200358950998,-5623.449545640124,-2753.4518487493815
STARLINK-3328,50832,4204.503592539884,-1085.4398116324785,-5390.764039043878
STARLINK-3331,50834,4424.692917247926,5294.500667437756,-522.4010365358483
STARLINK-3310,50835,-2710.116021167532,-6052.195250182175,-1958.0365196195517
STARLINK-3330,50836,-3273.7504344330077,2523.852731005351,5537.076331650931
STARLINK-3318,50837,-4529.4598717051595,-5159.910752493907,-858.8469834426554
STARLINK-3320,50839,-4231.466568169974,1023.694930612822,5365.510905092232
STARLINK-3295,50840,-4724.804630290045,-43.39346586240097,5043.149003859115
STARLINK-3300,50841,-292.94562752433825,5236.264162638293,4502.46116673732
STARLINK-3302,50842,-5289.587072347817,-3021.284675383873,3266.3540448443787
STARLINK-3326,50844,-3159.5706243316936,-5995.481819880267,-1398.9544206123749
STARLINK-3230,50845,5269.0631931480875,2155.2041464599524,-3939.435296134216
STARLINK-3308,50846,-885.6653074711102,-5786.453906329598,-3677.214925851738
STARLINK-3315,50848,318.73031278280274,-5229.588260920425,-4524.8488985156455
STARLINK-3311,50849,-4423.907418448753,-5292.611218261843,521.8887991212445
STARLINK-3312,50850,-6491.715035426546,276.66000953384366,2366.161058617598
STARLINK-3314,50851,4732.4148325149035,34.185683215207675,-5053.588729088098
STARLINK-3366,51104,6482.3990496330425,-2356.781242829876,510.30120810222934
STARLINK-3350,51105,-1104.7448038054742,4414.467971762414,-5217.777543637597
STARLINK-3176,51106,-5193.308616903631,-1730.2447471730109,4221.525896561098
STARLINK-3362,51108,-3355.551599918902,4327.370352852316,-4235.693919695809
STARLINK-3358,51109,6343.450088426225,233.08471428696322,-2758.7732636699748
STARLINK-3344,51110,-6728.65667283967,1310.57550146747,930.3645564338217
STARLINK-3173,51111,3341.133699616074,-4322.385737631044,4234.640062660873
STARLINK-3374,51112,-6529.873238155467,203.9036774695922,2269.263032813753
STARLINK-3372,51113,-3442.2705687913976,-3010.5782462122147,5181.370397338341
STARLINK-3375,51114,-5081.533821264792,3751.2320020653365,-2831.6297168905926
STARLINK-3397,51115,1098.0336623569726,-4406.007106555639,5209.341567782605
STARLINK-3243,51116,-5567.676131154646,-1341.4749067807984,3872.3670349267827
STARLINK-3391,51117,3426.0128009172336,3025.3185078282363,-5200.0770782336485
STARLINK-3394,51118,-1228.2672441849368,-3954.456972128565,5531.875484133171
STARLINK-3398,51120,3973.186386837544,2698.156969650911,-4986.371882299139
STARLINK-3399,51121,6070.2046071459035,-2976.497571760512,1459.6524581402318
STARLINK-3392,51123,1365.5647822057012,3920.187262654325,-5541.210555742125
STARLINK-3389,51124,-5949.609213755306,-1640.1656473337825,3118.5893510284427
STARLINK-3387,51125,-556.381042940919,-4105.96220500321,5529.941667509264
STARLINK-3386,51126,-4879.061528959107,-2564.290112872048,4172.116494961536
STARLINK-3370,51127,-754.3180586715524,-4077.806201226795,5524.17985037993
STARLINK-3400,51128,6792.917661784171,-1203.556231332721,516.2870844184063
STARLINK-3396,51129,-6220.5230332986575,-1308.75976778494,2722.6255237696905
STARLINK-3395,51130,2431.5022381312656,-4079.5809392327,5020.375327486895
STARLINK-3388,51131,5978.990644707882,-2520.753483656112,2391.1518398918975
STARLINK-3393,51132,4472.495071856384,-3505.8797483481417,3935.977936887746
STARLINK-3356,51133,6771.335406878936,248.8609402246757,-1405.4091840524823
STARLINK-3363,51135,543.5624713210211,4115.621909169654,-5540.830261781234
STARLINK-3253,51136,-4461.7684353025825,3528.9472043162186,-3945.183304547041
STARLINK-3180,51137,-84.90905686198079,4176.287057535818,-5521.518641686615
STARLINK-3177,51138,2734.3126473508864,3616.8427255115093,-5230.297525326081
STARLINK-3172,51139,-3990.3751137902277,3704.0603418889846,-4275.89697301103
STARLINK-3175,51140,2229.1104348964436,3775.232735505786,-5357.211713765718
STARLINK-3179,51141,-6777.938184093965,1261.3670503152493,-595.3337340292364
STARLINK-3369,51142,-5943.335874629917,1093.5994856563566,3257.8982722584415
STARLINK-3184,51143,3758.132570912855,3598.374535549581,-4541.853757943192
STARLINK-3185,51144,-6292.872352867002,2176.019333990066,-1882.5143413845583
STARLINK-3354,51146,-1833.681770236155,4159.680729249373,-5221.947230176795
STARLINK-3352,51147,-2523.6812310481478,-3309.6539713483135,5427.573691116045
STARLINK-3359,51148,-4992.187035518452,2773.333209657849,-3884.8816588833124
STARLINK-3360,51149,6745.457414829769,-656.6076988144622,1254.0563354567012
STARLINK-3357,51150,5925.52407511355,1647.3742287366301,-3175.565050498776
STARLINK-3364,51152,-6912.038713718774,-312.44150642318937,-30.765306174163534
STARLINK-3181,51461,-5461.209729623022,3990.2902644816495,-1466.2658648568752
STARLINK-3166,51462,-4762.609085997971,-1502.045918650166,4732.871997332095
STARLINK-3419,51463,-4155.5258115948245,-2116.8760961428875,5068.227865272704
STARLINK-3189,51464,-5703.743258486217,-373.9946315679126,3887.612557982854
STARLINK-3401,51465,-4333.795491507561,-1998.0900457745986,4999.156146852291
STARLINK-3178,51467,5394.716465817459,-4036.811507284573,1562.7580681110842
STARLINK-3174,51468,1962.3189761226713,-4812.963309274002,4555.944942189785
STARLINK-3182,51469,-6390.614212975398,1303.3105880562057,2300.538924111727
STARLINK-3415,51472,5126.14428860433,-4220.739005671702,1933.3953238834952
STARLINK-3528,51714,4936.105384089878,-1615.6138122946763,4560.6802441568825
STARLINK-3533,51715,6561.233399579183,1537.8475510358203,1556.7873189767208
STARLINK-3543,51716,5315.757245000895,-1199.9577686235557,4252.794758954772
STARLINK-3445,51717,6558.631739172224,1715.9032297491078,1330.8971356184302
STARLINK-3546,51718,-2709.5153436139212,-4267.525655477365,4664.090721193873
STARLINK-3540,51719,6311.040208635148,427.9317640221578,2792.5714577068234
STARLINK-3526,51720,-1038.7778027896286,4058.9335095884585,-5511.74934020732
STARLINK-3524,51721,-1094.8085049957447,4033.458492856888,-5510.711038831831
STARLINK-3535,51722,-3738.2714332731484,2643.382071819951,-5192.683517257508
STARLINK-3529,51724,-6325.139738753729,-437.8459316353214,-2776.998940249997
STARLINK-3522,51725,-1620.225245857345,3829.9768806834913,-5535.28513699492
STARLINK-3527,51726,-4306.586547486863,2670.086904356992,-4702.183217982512
STARLINK-3532,51727,-5332.814578668211,1190.9275636780847,-4250.848998571384
STARLINK-3523,51729,332.78119599669685,-4164.868521833365,5503.832116067377
STARLINK-3514,51731,4543.067508297834,-2471.618171399002,4585.09527123123
STARLINK-3518,51732,5743.230899224919,3109.2945718576766,-2290.238818209227
STARLINK-3525,51733,6636.56999674368,54.84824650091342,1944.3823871675193
STARLINK-3450,51734,-306.4402117290697,4177.664718734196,-5512.495149271141
STARLINK-3517,51735,4068.913340850544,3984.873039797796,-3934.5238735506373
STARLINK-3447,51736,206.21227281099596,4256.255169529494,-5456.516191824799
STARLINK-3509,51737,2031.887813947442,4332.163861155197,-5003.257626672237
STARLINK-3515,51738,-6747.523991432804,-442.0531270019926,-1474.0930510491853
STARLINK-3516,51739,-2604.5070992403334,3523.2124718249206,-5360.819466496114
STARLINK-3500,51740,-5728.880248923138,-3115.413975178794,2303.170202664617
STARLINK-3520,51741,-5731.967267057991,1437.449376443635,-3605.469639303202
STARLINK-3521,51742,-4600.231073959351,2430.979520543485,-4567.101298904972
STARLINK-3512,51743,-3605.209475976858,3423.739942719398,-4817.81940204583
STARLINK-3452,51744,-2005.6108517397208,-4326.585639885357,5002.224172821746
STARLINK-3449,51745,-6638.525537498943,-1896.9504599160002,446.2186440261181
STARLINK-3502,51746,-779.9797718135632,4103.665746814828,-5521.40911042044
STARLINK-3446,51747,-4590.352930858628,-3789.5977549367467,3517.2539438408567
STARLINK-3501,51748,-5399.995917913064,2406.0742388342296,-3601.3221292195153
STARLINK-3451,51749,6746.281560692423,485.40259798326804,1446.0072361650539
STARLINK-3505,51750,-6895.4448994531485,51.53070834817089,-578.3172979349391
STARLINK-3506,51751,-3071.055131882565,3616.557551272131,-5042.083719345406
STARLINK-3511,51752,5986.964172485683,-1884.4744449501925,2819.8991179226477
STARLINK-3507,51753,-6331.925909261541,1445.890269918392,-2392.716414345992
STARLINK-3457,51754,6908.852279968716,366.5418056612345,-18.3185538296409
STARLINK-3460,51755,-5191.786859707791,-2922.1912574317525,3508.6771350653394
STARLINK-3513,51756,6426.4959459927395,1759.9581045779648,-1869.9196336988657
STARLINK-3459,51757,5539.801910824247,2683.9755442021597,-3164.716183212788
STARLINK-3458,51758,959.7922800339743,4150.684703584908,-5457.241014896861
STARLINK-3456,51759,3263.247682816565,3780.9319719981168,-4793.95204019738
STARLINK-3622,51768,674.0932294263961,-4347.075162510086,5329.4239923229525
STARLINK-3621,51769,-988.9252923650727,4199.804048025347,-5410.178500916469
STARLINK-3612,51770,2737.1199466088988,-3155.224770872235,5504.589574184799
STARLINK-3614,51771,5700.148436047784,218.63132116365162,3904.6616858450507
STARLINK-3623,51772,5987.178026569098,3422.1028038339045,548.8122768788015
STARLINK-3624,51773,6164.818120520601,2839.566738710088,1327.2934608649773
STARLINK-3629,51774,3445.8203425088645,5099.169750317193,-3167.7213346454664
STARLINK-3620,51775,-903.1152385863902,3983.3719541415203,-5417.435403019974
STARLINK-3608,51776,1476.0231167217032,5028.596021512232,-4523.092646478626
STARLINK-3625,51777,3910.2690122171616,5012.200777538586,-2736.9339878458113
STARLINK-3615,51778,5989.281798142228,3330.1819843223125,-957.9039821868643
STARLINK-3611,51779,1975.1905618682886,5104.018170825917,-4238.7439549225255
STARLINK-3617,51780,-5688.08399264545,-177.27862674406603,-3942.1281274667563
STARLINK-3580,51781,-4472.9653455417265,1601.1734915320603,-5036.142839450551
STARLINK-3616,51782,-3879.9847181253576,1922.0026452954112,-5384.711634412769
STARLINK-3628,51783,6156.191533318643,2842.8263807008866,1246.893144829728
STARLINK-3632,51784,-5130.034853856137,-13.757189653751164,-4635.520775331207
STARLINK-3646,51785,6218.6111032928175,2185.7453573226,2035.2936512972387
STARLINK-3638,51786,-59.79529675769409,4944.433827111027,-4845.067614634819
STARLINK-3619,51787,5788.093791223155,2327.321022107572,2919.0543441852383
STARLINK-3641,51788,-4997.728793277134,246.14761539724157,-4784.6417380976445
STARLINK-3639,51789,2048.4041527202708,5581.52680152064,-3544.6069704522515
STARLINK-3631,51790,-5195.073366687121,-4556.691283342248,-322.1061314096413
STARLINK-3602,51791,-1893.6139096071654,3838.587759828223,-5441.710854301056
STARLINK-3626,51792,-5047.010569120733,-4732.848607739454,-5.741651620115695
STARLINK-3633,51793,4067.106245180997,2465.704499162577,-4502.1513873503
STARLINK-3573,51794,6328.347074819762,1372.644141752669,1657.036881412688
STARLINK-3586,51795,-3590.213906891761,2268.2529897784702,-5468.4203764018075
STARLINK-3634,51798,148.71782988130286,5021.396455744293,-4748.868361000674
STARLINK-3637,51799,2434.2524572080797,5593.633301701132,-3244.7974893041537
STARLINK-3592,51801,1850.686923097606,-3860.743301982938,5424.070468210807
STARLINK-3544,51803,-5134.267835970737,-17.702089855900958,-4625.784064569412
STARLINK-3601,51804,-672.5206785071455,-4522.610594688279,5182.102948972871
STARLINK-3605,51805,-2864.5044370212436,-4673.95158233659,4211.033529257361
STARLINK-3606,51807,-6208.081283427344,-1915.4851514101729,-2386.911102249885
STARLINK-3609,51808,-1430.4717549501477,-5012.991696797554,4538.990297642389
STARLINK-3607,51809,-5094.045222228482,-4495.326017634202,1302.1550762951633
STARLINK-3613,51810,6540.247653768321,2028.6022946772005,978.2389958898946
STARLINK-3569,51811,-3531.4292255044766,-5081.494356721836,3085.529642546813
STARLINK-3610,51812,-6551.2824551413605,-2001.2023100163153,-982.5286214833378
STARLINK-3552,51813,1579.9949890131538,-3838.2656594038513,5524.540200535662
STARLINK-3599,51814,-4711.487948883898,-4256.042387231946,2740.211230189363
STARLINK-3604,51815,-5993.005937134723,-3327.1780142924736,932.5798020910698
STARLINK-3542,51852,-3326.470825391267,2897.6921547347347,-5335.832770232136
STARLINK-3541,51854,837.216020231942,6381.309412907518,-2459.7670327545266
STARLINK-3545,51855,-2348.942666705715,-6490.485538379205,-489.49750165663283
STARLINK-3568,51856,-4427.978633472997,-1096.266607431084,-5207.950649106362
STARLINK-3571,51857,-2720.578340643401,-6274.653151481287,-1057.7324121057475
STARLINK-3563,51858,-3518.159030110884,-5465.282816953135,-2379.8151641886434
STARLINK-3560,51859,-1997.7442850859427,4372.371711798376,-4982.025731284162
STARLINK-3559,51860,878.8884246525608,6300.728993322019,-2726.3868949893804
STARLINK-3562,51861,-4549.1280580420735,-303.32267055903554,-5210.248390597414
STARLINK-3508,51862,-793.4225717839497,5447.000087901966,-4197.795734020012
STARLINK-3555,51863,-4545.7929226145725,-4452.586865659325,-2724.234870369411
STARLINK-3548,51864,-4856.794863177606,-2479.0512329068392,-4265.438189016646
STARLINK-3503,51865,-2568.3684662010237,-6377.580080228787,769.2172476667304
STARLINK-3553,51866,-1299.8209992893815,-6390.570565843493,2302.602343877151
STARLINK-3590,51867,-866.1324698441135,-6291.601531028426,2736.108427095107
STARLINK-3578,51868,-3724.829506007073,-5750.087446016583,-975.5897319958187
STARLINK-3588,51869,3696.9892161341377,-1902.299240615549,5519.258066614251
STARLINK-3591,51870,780.5656191358769,-5447.7235398836,4182.7775733658855
STARLINK-3567,51871,4553.010546304759,349.9174510476287,5186.775347096388
STARLINK-3554,51872,2401.753392807536,-3897.271300160902,5177.163045579921
STARLINK-3582,51873,3483.6916089938086,-2241.946712618288,5478.521583363953
STARLINK-3574,51874,4845.90767079719,2516.89788484995,4238.015236240402
STARLINK-3585,51875,-2395.7792509192077,3912.9486945829417,-5184.548058866991
STARLINK-3583,51876,4568.6906659127935,4368.768523603792,2801.9931557405275
STARLINK-3556,51877,2262.878091884474,6025.423583578486,-2475.3391777333113
STARLINK-3575,51878,2340.478229295094,6423.757474799453,-1069.7117120189698
STARLINK-3572,51879,-4259.924914766259,1039.3710775966608,-5357.91342472853
STARLINK-3566,51880,3728.683934271265,5750.368834641406,936.0263307712224
STARLINK-3504,51881,-5310.686874753618,-3075.755383438395,-3202.0153785940893
STARLINK-3570,51882,-5283.841414236523,-2107.8715307303846,-3932.5282681319086
STARLINK-3576,51883,-2926.172761911406,3011.2226618507975,-5504.836197226867
STARLINK-3577,51884,-5073.018344753537,-994.7754292537387,-4604.849057461184
STARLINK-3584,51885,-2390.426517421711,-6072.920053003758,2288.2771820682788
STARLINK-3565,51886,-3744.1628041676513,-5782.338791924442,618.614236195863
STARLINK-3551,51887,-3385.0339143404703,-5886.38640276198,1181.6317007720106
STARLINK-3536,51888,-3868.399278439603,-5719.528526594421,435.1226281844149
STARLINK-3547,51889,-5328.926720146648,-2813.6176381587625,-3376.23688463195
STARLINK-3549,51891,4799.236579076597,154.82592808879514,4933.4374135112275
STARLINK-3587,51892,1564.0389951664913,5966.037426832249,-3115.3621742183095
STARLINK-3579,51893,957.1439019300586,5822.203822421848,-3615.6147565766155
STARLINK-3595,51894,-4417.130482274686,-5288.80619793014,-425.5516910065368
STARLINK-3594,51895,-3069.241329910782,-5984.862415044951,1553.700241210681
STARLINK-3593,51896,1229.5645098807108,-4633.568753938866,4978.317768481938
STARLINK-3598,51897,4826.265916480301,4758.259192095225,1250.5876017596909
STARLINK-3597,51898,3442.688753003422,5870.084465976967,-1106.9940976684277
STARLINK-3700,51956,522.403403358408,-4926.852978502726,4719.530522077691
STARLINK-3694,51957,3641.723694054263,-2063.4783440647593,5411.617022460677
STARLINK-3692,51958,4542.738085472661,-534.776611310435,5087.761791446205
STARLINK-3704,51959,4306.917631705467,584.2710259550072,5283.069620568356
STARLINK-3691,51960,1508.4690324746216,6653.308327651822,-618.6670382745633
STARLINK-3697,51962,1687.2936810746417,6296.982072264574,-2108.5408767916997
STARLINK-3675,51963,5367.428084263872,2082.7999580289124,3700.4447143598777
STARLINK-3690,51964,-4115.246512279579,963.7728682031367,-5396.097818340928
STARLINK-3696,51965,-3672.6629995017374,2014.9254543090344,-5425.050612876143
STARLINK-3699,51966,-4185.425359576245,-3748.266906146392,-3925.083371254374
STARLINK-3681,51968,-4625.236049353206,-4370.642354897589,-2541.6406339794044
STARLINK-3680,51969,-2553.630058314518,3568.603578811821,-5265.215813562971
STARLINK-3677,51970,4285.719453616415,410.29567316142044,5322.3693932391025
STARLINK-3669,51971,3540.31264705676,5852.0704524447265,358.9837041311974
STARLINK-3671,51972,232.91421823937924,6522.44069609161,-2081.1580961057603
STARLINK-3679,51973,-1543.767056006035,-6652.070424333449,529.1680073130341
STARLINK-3672,51974,-3157.1474375471416,-5781.896392207948,-1884.8204243717166
STARLINK-3674,51975,-4883.878842716256,-1799.8565244713445,-4459.2531562408
STARLINK-3660,51977,3959.0163198226164,-1274.3806201697344,5518.425266585862
STARLINK-3649,51980,-725.1015823547202,6866.934041514897,-439.05405861520325
STARLINK-3635,51981,3919.8401236271343,1964.9920187320747,5340.984795868359
STARLINK-3655,51983,3192.0120323899705,4117.922507097925,4541.448182853107
STARLINK-3664,51984,-4037.334406272341,-1373.245222080416,-5454.301157879415
STARLINK-3651,51985,1057.3033768282069,6564.783051448391,1900.512630183024
STARLINK-3645,51986,4170.055612489369,-436.2896818822883,5492.676705201238
STARLINK-3644,51987,-3769.0966087503584,-2616.075922917956,-5150.6282822696285
STARLINK-3640,51988,2088.506648920778,-6179.967627229588,2297.064069301664
STARLINK-3642,51989,-571.7604460360767,6868.463942935794,-309.91369774696807
STARLINK-3657,51990,4449.475407230727,1627.330392354423,5031.355289472106
STARLINK-3652,51991,-1999.6113641892528,-5878.459753627829,-3005.5014334810635
STARLINK-3643,51992,2366.721085898951,6478.42006878714,528.885208117402
STARLINK-3648,51993,3182.7044782858384,-4777.488828748838,3852.5858834649407
STARLINK-3647,51994,936.4900460083276,6716.100184455391,-1379.6338488584192
STARLINK-3636,51995,4236.8241053299735,3789.672021933142,3933.5221124661075
STARLINK-3538,51996,-663.7837607189994,6110.990274562319,-3181.7647485447415
STARLINK-3589,51997,3506.870083434739,5471.739416151153,2362.5383922235187
STARLINK-3618,51998,-923.3665589070412,-6712.095372506341,1394.6049603698098
STARLINK-3653,52000,4127.713988804797,-670.6113111147986,5500.899204877178
STARLINK-3659,52001,199.09519845573894,-6368.121531783272,2688.552484034543
STARLINK-3668,52002,594.3747521494122,-6150.283363968008,3103.741929332855
STARLINK-3712,52090,493.97655801279444,4514.731230313805,5208.368863083795
STARLINK-3716,52092,2524.1347110901406,3298.8790844662294,5522.096323858643
STARLINK-3673,52093,-2017.659280779404,5269.585678787189,3946.800914406872
STARLINK-3714,52094,-1656.643140954351,5203.7332786190145,4237.26421278248
STARLINK-3701,52095,-4406.568903232153,5002.830796855402,1742.820525937306
STARLINK-3717,52096,173.94271842514374,-5196.558587686103,-4571.208027610782
STARLINK-3665,52098,-5007.252193157608,4665.187095928984,1004.4694991140032
STARLINK-3702,52100,2766.954683136805,3093.4374040958023,5499.225431281389
STARLINK-3703,52101,-4846.10721539477,4765.987648612907,1264.6510898605632
STARLINK-3709,52102,-5482.9378821113805,3808.4614046021993,-1823.4965409180534
STARLINK-3705,52103,3782.5023923830195,-5608.638492776937,-1460.6688592584205
STARLINK-3706,52105,5491.6541510337565,-3765.135109873971,1871.467357467825
STARLINK-3670,52106,-1668.503215851086,5211.58822232162,4191.432183908739
STARLINK-3658,52107,5505.699317377884,-1594.0771792149862,3865.3475717093743
STARLINK-3698,52108,4970.217101163481,-4793.579333128256,430.0450412002543
STARLINK-3687,52110,5575.092411251195,-3386.319803352256,2298.009646469442
STARLINK-3708,52111,1733.1917651233434,4023.5588640472806,5344.0032522387755
STARLINK-3734,52112,4494.677755834887,-4406.822312244384,2512.6227180179217
STARLINK-3736,52113,-5569.156252238896,3376.831828948267,-2317.102351815712
STARLINK-3737,52114,3454.5443845149052,2367.128216176833,5496.471519106593
STARLINK-3685,52115,1286.9256251306538,4350.7832035667025,5181.546119204804
STARLINK-3735,52116,-205.2925334900473,5202.0104256399645,4546.194748631978
STARLINK-3738,52117,-5511.866554463682,1591.8608345759712,-3873.2748255463484
STARLINK-3743,52118,-3766.9583249460125,5609.594823845413,1476.8170719624302
STARLINK-3558,52119,-5565.104272821129,3141.8411234443975,-2594.0854722164463
STARLINK-3534,52120,-3358.0375792371724,5717.0614883251565,1877.4412562723087
STARLINK-3678,52121,3610.1970985243292,-5896.149151460431,-298.22973112661424
STARLINK-3726,52122,-4786.712530859708,-396.27509438662406,-4985.892135067335
STARLINK-3725,52123,-23.924301077763023,5606.11781133905,4044.852233662977
STARLINK-3727,52125,4925.321824807941,-980.1321049587486,4748.857853164076
STARLINK-3732,52126,4732.639119267412,-4705.718032662379,1816.402789044422
STARLINK-3715,52127,4112.624386239761,1183.013124623967,5425.741102866626
STARLINK-3661,52129,1137.609256220921,4843.780733878606,4796.6062420909275
STARLINK-3711,52131,4622.803916267339,-871.1102293674024,5022.3207104797575
STARLINK-3718,52132,2816.072711984854,3184.5219422993896,5447.677960353818
STARLINK-3707,52133,-3774.6314484319523,5797.748292504974,43.22108155799587
STARLINK-3721,52134,-2366.1426092806864,6212.021756620069,1907.9648599426428
STARLINK-3720,52136,-4745.583661269542,4687.284461274929,-1844.2503238763868
STARLINK-3733,52137,-4109.2352116327575,-1207.129628689077,-5439.563423905272
STARLINK-3723,52138,-5149.970025738058,2959.563168893782,-3553.7965272435954
STARLINK-3730,52139,2022.2833203034227,-5746.4221262619185,-3287.4862214013237
STARLINK-3682,52140,-2805.80102490736,-3210.214601360289,-5454.93376947267
STARLINK-3761,52262,2230.9128618175478,-4443.878410060487,-4817.374292967612
STARLINK-3786,52263,-85.05544748494303,-4254.429028844582,-5461.584362862503
STARLINK-3795,52264,34.095978148286385,4251.410982744752,5430.290323140419
STARLINK-3740,52265,5786.702644428469,-3256.997509167311,-1951.9506456385036
STARLINK-3739,52266,5495.522477686844,1441.583702214886,3934.487522854247
STARLINK-3748,52267,6643.804874221463,-533.8759823732702,1848.1179532532017
STARLINK-3746,52268,-2230.9752810805976,4436.983672549479,4806.226119482465
STARLINK-3791,52269,5865.831079068169,1006.7798822290439,3518.6083932506567
STARLINK-3804,52270,2395.339209084616,3540.6012090226486,5429.379606802255
STARLINK-3788,52271,4408.222975076723,2405.77640527769,4748.8236073008875
STARLINK-3781,52272,697.6661339783465,4109.861001014304,5510.877479757111
STARLINK-3782,52273,-3945.858279724577,-2382.8719253764843,-5165.438642673558
STARLINK-3790,52274,-4258.4739817014615,4089.1896287312006,3596.6367196845495
STARLINK-3784,52275,118.35349232175476,4239.709940399784,5455.187878518812
STARLINK-3778,52276,-5781.183149419923,3255.1050801953297,1951.9393442301155
STARLINK-3780,52278,-6621.735132178802,2003.595884389427,34.79106265361511
STARLINK-3764,52280,-4379.199403245609,-2436.056772649413,-4776.472743338707
STARLINK-3779,52281,-5448.952096462785,3512.233486950256,2406.5570662331174
STARLINK-3783,52282,-1404.762459827546,-3936.1005499071366,-5519.5276232061315
STARLINK-3789,52283,-6650.903701624145,549.7633192555529,-1831.5959352946084
STARLINK-3561,52284,2990.4449244790612,-4827.765209094798,-3959.1901741452734
STARLINK-3802,52286,5959.806003297913,-3469.575019864699,-573.0054750107225
STARLINK-3822,52287,-2424.909050314239,-3536.135008557632,-5435.922339530728
STARLINK-3776,52288,6449.46548322161,-2128.8902892992514,1313.2955070790094
STARLINK-3751,52289,837.5838122809489,-4663.6971522662525,-5048.01892075885
STARLINK-3772,52290,3894.846535013368,2401.3595031342584,5178.899874661219
STARLINK-3753,52292,1360.3846986821738,3947.0638268484745,5506.074565391418
STARLINK-3771,52293,6327.794535416296,-972.2465008807973,2615.341485753772
STARLINK-3777,52294,-891.3875464307786,4666.372894099745,5018.80852092829
STARLINK-3765,52295,5120.52293695205,1203.0778076233591,4484.47813999117
STARLINK-3766,52296,-5954.512107527464,3472.9400250591657,580.5074353147934
STARLINK-3758,52297,3429.4938149844875,2759.2530797254817,5327.044472551185
STARLINK-3760,52298,6151.357268321123,-506.1838338283422,3117.427437676806
STARLINK-3769,52300,-5112.121301586926,-1224.2612194628418,-4504.669337780046
STARLINK-3768,52301,-2923.1728885664547,4824.419217221856,3995.5377774654135
STARLINK-3564,52302,-472.1898315666294,-4533.699544743779,-5211.2350550495385
STARLINK-3742,52303,-6169.19946261025,485.74048038497847,-3101.0896203549373
STARLINK-3744,52304,1599.5602647143087,-5201.212249650859,-4279.805639573247
STARLINK-3724,52305,-6460.788992861286,2029.8250378036043,-1421.608570625068
STARLINK-3747,52306,3529.4035637563416,-5253.0261136300805,-2804.12345823742
STARLINK-3755,52307,-3507.7856915787515,-2711.90043560494,-5317.249709467217
STARLINK-3756,52309,5011.259063526183,-4666.1510831561745,-1002.3923943486827
STARLINK-3688,52310,5952.573313656516,-3326.3442191086597,1164.310101431749
STARLINK-3750,52311,6029.105670184146,-1792.2762748356558,2871.8221944612596
STARLINK-3752,52312,-4208.621372692329,-1752.0247144989419,-5210.856907426934
STARLINK-3749,52313,-5491.241721063713,134.5364532443244,-4213.023128701259
STARLINK-3889,52331,4139.495188052292,1893.4834635499158,-5216.636799364214
STARLINK-3831,52332,2313.5324331384877,-5230.650288592139,-3899.444800684892
STARLINK-3847,52333,3568.1239865891866,-2857.0115387040933,-5199.776991979814
STARLINK-3880,52334,3698.5510550462686,3964.6059786964943,-4304.873955770582
STARLINK-3814,52335,2792.8805247694063,5664.811691920274,-2832.7544071561065
STARLINK-3823,52336,-1225.0355188361445,6219.727254749373,2711.073311582527
STARLINK-3797,52337,4106.448230417389,-516.8300765539642,-5550.295655702044
STARLINK-3792,52339,2549.096913360515,-4879.570114686334,-4197.098925453491
STARLINK-3818,52340,2704.378124373962,-3956.326146030218,-4996.435072340344
STARLINK-3843,52341,-2589.326115720525,4832.319265720371,4210.629917279021
STARLINK-3850,52342,1367.4639975833402,-5563.703814693489,-3885.0021369294022
STARLINK-3849,52343,1328.4204828007007,-6214.369927724037,-2742.507084395739
STARLINK-3851,52344,4327.590663277985,456.13993756336447,-5385.393922223972
STARLINK-3852,52345,-4074.2934975416297,-4258.503828372861,3613.41900953767
STARLINK-3812,52346,4098.110017506222,4233.672084375323,-3634.3090591907885
STARLINK-3826,52347,3528.973895937912,-2394.39677993722,-5454.170137723854
STARLINK-3829,52348,1666.7750416382353,6700.4884623739445,439.33820894158475
STARLINK-3819,52349,4395.428532605422,2756.5831663276854,-4584.180130461499
STARLINK-3754,52350,137.5613996241131,6510.110415107942,2329.796846073381
STARLINK-3838,52352,-3750.5287682741177,1810.2938367731176,5513.929420591833
STARLINK-3807,52353,-1329.1187297286979,5581.9687290122865,3855.9989955296905
STARLINK-3877,52355,-2755.3517810903427,3862.0010432440367,5025.685420624524
STARLINK-3801,52356,-4383.961754096053,-2780.991709320946,4562.427650856918
STARLINK-3821,52357,-4331.693376813861,-534.758852513825,5357.292092946524
STARLINK-3837,52358,-170.4616202766146,-6527.408011355746,-2294.1245329157305
STARLINK-3853,52359,-4421.909486947596,-2221.2660293983404,4824.793603698099
STARLINK-3728,52361,-2954.211208396342,-6082.477332091633,1452.5768376675755
STARLINK-3848,52362,-151.68004071700796,5814.496680856596,3712.5706062150193
STARLINK-3830,52363,-1652.9236324271435,-6702.762374628692,-457.2939678323741
STARLINK-3820,52364,4238.851301088552,5092.803796966132,-2000.7499733587372
STARLINK-3874,52365,-22.509865369736016,-5943.128682569095,-3548.568835767274
STARLINK-3808,52366,4735.18165285103,3680.014530251935,-3457.6754322621396
STARLINK-3817,52367,4168.3532882456375,-794.6946350282202,-5470.721355671364
STARLINK-3834,52368,1720.1864929231174,6447.843656381804,1818.6298770790086
STARLINK-3841,52369,4752.4949669696425,1446.0750024861545,-4822.305750863265
STARLINK-3827,52370,4415.30761029514,4740.38488228885,-2438.6087845154257
STARLINK-3798,52371,3481.205694803661,5951.405053478738,-591.1364584727743
STARLINK-3796,52372,52.05642458108588,5951.635895151602,3518.223396944693
STARLINK-3550,52373,-3752.9072016336763,1698.5766025590553,5513.6165903874735
STARLINK-3762,52374,-3045.2576442344207,2980.045544085356,5440.207379280917
STARLINK-3785,52375,-1583.0235775132955,4757.006208983291,4757.730298863932
STARLINK-3805,52377,3144.352431606181,6162.936391493113,-94.33362126562754
STARLINK-3806,52378,-4193.112116589785,-5152.79280510424,1922.2652139882093
STARLINK-3800,52379,-4755.716392922521,-3513.410640922832,3582.17867632072
STARLINK-3793,52380,2079.4739976827696,-3884.5673004839377,-5340.294267204857
STARLINK-3799,52382,4593.631291532565,4888.841890223566,-1368.5530815714264
STARLINK-3811,52383,-2164.359532012382,3791.779780912753,5357.238453321493
STARLINK-3909,52452,-4924.909767848701,966.9240842974517,-4768.282549038661
STARLINK-3872,52453,2339.6396432997153,-6217.579770407756,-1942.0354038327841
STARLINK-3888,52454,618.7207210051333,-5878.512828059973,-3603.092199395733
STARLINK-3890,52455,3421.955790296611,-5987.060062756631,-572.636573329468
STARLINK-3896,52456,4543.516586684367,-5033.6921855550245,1367.3675810404104
STARLINK-3899,52457,5139.85149827789,-3038.280635966353,3486.2741524299927
STARLINK-3898,52458,5031.377665732576,-1478.4283612679055,4502.931965651864
STARLINK-3856,52459,795.3491405769324,5632.0114350760205,3928.4779347529175
STARLINK-3900,52461,664.1386890837393,6296.382918913445,2779.4619804966837
STARLINK-3903,52462,-1856.4614869538327,6557.108178633198,1184.4709411400609
STARLINK-3885,52463,-846.0828356258456,6794.695992827789,981.2359309698769
STARLINK-3904,52464,-777.5503621528607,6427.679568663321,2429.247959569016
STARLINK-3863,52465,-2179.185601767817,6515.338967566658,-825.0229700337183
STARLINK-3873,52467,-3602.6164062758826,5746.733913599614,-1371.6166184948017
STARLINK-3864,52468,-3594.3005480141555,-2152.761192103045,-5511.953591196981
STARLINK-3828,52469,-4705.865648303042,2356.812091861102,-4497.076320217948
STARLINK-3859,52470,-747.2291313533295,-5676.056817996484,-3892.409183129361
STARLINK-3862,52471,-4553.8463164337745,737.9139092363497,-5162.410026491808
STARLINK-3881,52472,852.9274283404689,-6454.154736818451,-2351.334938141957
STARLINK-3879,52473,-2357.195106584294,-4121.916604209049,-5038.5744957804645
STARLINK-3882,52475,-4405.831872460796,4394.029720255981,-3031.6283963872384
STARLINK-3835,52476,2423.425853915713,4598.877105945926,4554.95086387098
STARLINK-3860,52477,-3388.808702133262,5380.202418600793,-2733.685403594733
STARLINK-3825,52478,3628.086559765375,-5715.628122012477,1419.6144569799299
STARLINK-3878,52479,-3293.7913972714364,-3146.452380100654,-5213.933571813636
STARLINK-3839,52480,4419.266541052944,-4302.09566106801,3126.28908836126
STARLINK-3813,52482,-704.4789301337142,-6279.197034791613,-2826.4156255575017
STARLINK-3875,52483,-4072.2764930336834,-885.1671411771912,-5529.002027009329
STARLINK-3887,52484,4698.579064187792,-2345.916976106425,4494.504163477981
STARLINK-3913,52485,-2121.3963105914786,-5018.121478982075,-4271.738761749803
STARLINK-3918,52486,3604.2881966555633,2113.496796231574,5503.690332927867
STARLINK-3902,52487,-4359.610596984213,1570.92845709292,-5143.782021387119
STARLINK-3892,52488,2341.83028638994,4127.98814369895,5023.3417330957445
STARLINK-3923,52489,4410.3438359026395,-107.79254841731588,5319.038117075109
STARLINK-3914,52490,3361.599035106409,-5412.263653492506,2688.8035930125716
STARLINK-3908,52491,802.3336125617217,-6794.779069435517,-1038.2308810581897
STARLINK-3916,52492,4348.212426360944,-1463.2560629989944,5168.364953536613
STARLINK-3883,52493,2223.3744277985365,-6490.274863513885,889.693482596336
STARLINK-3857,52494,2725.9146525210917,-6094.5997229661925,1733.106672454001
STARLINK-3871,52496,-3213.815993819636,-3660.7409513273033,-4919.475117120765
STARLINK-3884,52497,4061.264218855079,896.8300784398009,5518.125447340583
STARLINK-3925,52498,-3211.332818965416,4737.350041545415,-3893.927690576466
STARLINK-3894,52499,-650.8806292936096,6513.973656041229,-954.7900815732861
STARLINK-3866,52500,-3925.553852232307,2758.9266351066767,-4990.454433252062
STARLINK-3907,52501,-4113.069835493917,3625.796311595528,-4225.552155115171
STARLINK-3912,52502,-4179.351500265728,404.660220123678,-5504.873687723109
STARLINK-3861,52503,-2093.338683583502,-5772.595062628666,-3195.8434198042787
STARLINK-3958,52535,4572.712240697782,-2945.364120419631,-4283.172879859335
STARLINK-3964,52536,6083.045560587035,-1745.3734511036926,-2804.201395107815
STARLINK-3897,52537,-200.2968066700553,4139.456965762597,5529.097079185501
STARLINK-3933,52538,5647.491472976172,-2195.342260585354,-3294.938832521275
STARLINK-3757,52539,6769.254734786656,1090.7922346269,919.0252883105213
STARLINK-3940,52540,2147.725118985875,4025.715263716878,5190.124893124334
STARLINK-3845,52541,-489.3092599131224,-4215.02449054521,-5470.836831759526
STARLINK-3937,52542,6726.245886191274,1114.4975441236872,1033.5660619474288
STARLINK-3926,52543,4227.800656930942,3441.215123943462,4250.072250117415
STARLINK-3944,52544,4152.985702480935,-2941.6196571387122,-4693.868763509027
STARLINK-3948,52546,-6657.309363070448,871.5306526079861,1572.5361750826085
STARLINK-3931,52548,-4328.090358769827,-3405.4000040412134,-4194.178703369988
STARLINK-3935,52549,-4572.272126678827,2936.217551538895,4271.790164652415
STARLINK-3965,52550,-6776.765237246828,-1073.2317734784592,-894.4007526827124
STARLINK-3969,52551,-6077.681965475905,1741.5445631307778,2799.399759957195
STARLINK-3966,52552,-6833.276136979442,340.66646556704575,1017.0776527574476
STARLINK-3858,52553,5065.734879661937,1365.8401815053517,4069.479570173613
STARLINK-3770,52554,5743.114937263569,-1759.1379567780266,-3441.71498315642
STARLINK-3943,52557,144.3178859562556,-4150.591920115974,-5539.626621404294
STARLINK-3953,52559,-6481.361124058819,-954.319580059524,-2231.189633314248
STARLINK-3956,52560,1222.4862272176076,-4196.776159872089,-5369.156977683961
STARLINK-3955,52561,6126.310758935007,2462.6771335198573,2059.2262914584467
STARLINK-3957,52562,-5525.4875802746365,2897.146782031782,2939.6762674070114
STARLINK-3942,52563,6824.257983292455,1129.4382912312392,162.7431662735112
STARLINK-3959,52564,5133.258724258317,3254.206433595386,3296.643321841765
STARLINK-3911,52565,3354.758007343535,-3892.841805566149,-4639.871148299417
STARLINK-3938,52566,-6728.289969823151,210.57933174586347,1587.6477186834545
STARLINK-3929,52567,-480.71036532520066,-4113.594221109412,-5520.140093142443
STARLINK-3930,52568,-5143.1174316746565,-2361.701617964258,-3956.03404493317
STARLINK-3927,52569,6889.167300006378,-492.692579845019,405.16098612285316
STARLINK-3901,52574,-6337.554772899741,-1115.4468544054685,-2500.2503298146103
STARLINK-3932,52576,-3138.5264310791767,3938.638926683064,4732.6624044188675
STARLINK-3836,52577,-6102.948015025061,-2493.5213024312757,-2104.941879671757
STARLINK-3833,52578,-6818.620842795237,-1154.8614352778618,-197.82960622813823
STARLINK-3893,52579,-6575.6691810631655,724.6699510474865,1554.355408131408
STARLINK-3919,52580,-5109.714144702759,-3274.530993489412,-3328.3683042237217
STARLINK-3915,52581,-5337.546129246585,3025.693915312867,3186.80643469054
STARLINK-3895,52583,-6486.478586455898,1879.0340020994895,1492.091016272083
STARLINK-3922,52584,-3479.8657562649446,3850.4440143231177,4564.287976566137
STARLINK-3906,52585,-5251.391739114024,-2312.2670484627124,-3872.09652233798
STARLINK-3910,52586,-6888.754494943708,449.131299030164,-462.9623907264781
STARLINK-3867,52587,2928.7565503583646,-3998.704193685773,-4833.823656541313
STARLINK-3917,52588,-3414.211571788888,-3372.737883782521,-4989.716541774877
STARLINK-4019,52598,-6053.451936410326,-260.1589415228096,3330.9534587403477
STARLINK-4024,52599,-6403.131606714875,2197.7540892435495,1305.28079630833
STARLINK-4026,52600,5707.123479204081,381.53440712927875,-3898.8919861586164
STARLINK-4027,52601,6300.873460131039,-2825.7801743752216,-429.74996298375186
STARLINK-4012,52602,6394.592818686738,-1301.1820187822063,-2305.598554552816
STARLINK-4016,52603,-5010.725608786519,4293.9937525089035,-1979.9870551414974
STARLINK-4013,52604,4344.724782676519,1998.3292164789134,-5005.93910692078
STARLINK-4000,52605,6148.405470306226,-3083.7379247066006,735.2820172845054
STARLINK-3928,52606,2421.8883175456217,3402.891789697135,-5521.775801787584
STARLINK-3947,52607,-1337.8183553451358,-3921.1480799821297,5530.123293599429
STARLINK-3979,52608,-1955.8966313371054,4818.693362240923,-4569.985010065142
STARLINK-3997,52609,-6307.468647316425,2803.9783740968705,467.60576513249475
STARLINK-3998,52610,-2958.1187548321855,-3157.7724747787483,5388.147101041564
STARLINK-3980,52611,1526.39164742493,-4589.832493686173,4936.2209411493905
STARLINK-4002,52612,-3955.217015792075,4688.465644710401,-3208.225179680149
STARLINK-3982,52614,333.6346977390839,-6087.769138066517,-2974.44889555562
STARLINK-4011,52615,3675.699175241457,-4495.41508598409,3750.9933369247447
STARLINK-3996,52617,613.6526378310859,-4937.021132361939,4797.256047052392
STARLINK-3983,52618,-1522.3588824685974,-3955.0144119407487,5458.049747152894
STARLINK-3741,52619,2562.218361390514,-5300.742386854092,3623.5541313931026
STARLINK-3975,52620,5302.429486354019,-3872.8961781489875,2170.266318281162
STARLINK-3984,52621,5534.639714729752,-4151.445474363175,9.649135256620342
STARLINK-4008,52622,-6330.952093518253,2776.5244062521697,-299.19258824884827
STARLINK-3986,52623,6052.156316299168,-2795.494421857716,-1857.9644723845645
STARLINK-3988,52625,5848.18104241986,-1067.2285723043394,-3545.9458828984693
STARLINK-3990,52626,4342.593183610915,-5032.491037107959,1909.4569384012093
STARLINK-3992,52627,1529.4558163707588,3960.099312468424,-5469.374656614388
STARLINK-4001,52628,-6590.515723742175,1329.3994421688033,1625.4359175804095
STARLINK-4022,52629,-2601.275977214595,5310.485737323265,-3599.239076500034
STARLINK-3989,52630,3126.861468403253,2795.810680976259,-5503.388797578932
STARLINK-3794,52631,-2095.294180328712,5271.071143703977,-3968.605709451795
STARLINK-3995,52632,3537.1611818354168,2425.682846177725,-5435.077801480301
STARLINK-3994,52633,-6050.008733346591,2780.4651928757053,1872.4090439891045
STARLINK-3974,52634,-566.6201142240456,4928.859379289231,-4828.719155103304
STARLINK-3978,52635,-782.1800108969509,-4664.064056046127,5039.387993557831
STARLINK-3967,52636,-4317.091545778896,5047.488176163075,-1946.241918992275
STARLINK-3961,52637,902.5067981586175,-5467.73754805981,4132.390769368515
STARLINK-3941,52638,-5511.710015724704,4182.390170285215,-61.266854530072074
STARLINK-3968,52639,5352.265774137922,-4150.407845895057,-1420.1060677874616
STARLINK-3977,52640,-2666.9111080464754,-3183.8121849851896,5522.550837824522
STARLINK-3991,52641,-1265.2115231912812,-4341.125737483676,5225.701167555286
STARLINK-3971,52642,2975.6227836123503,-5769.0654179262365,2384.0709384479114
STARLINK-3963,52643,1242.642704865995,4373.772026775355,-5221.059006012223
STARLINK-3985,52644,4449.667431486395,-5274.0560129416,491.3713983726919
STARLINK-3973,52645,5203.388013819392,-590.4901334921296,-4528.153981429748
STARLINK-3832,52646,5606.223976114482,-2369.092379270105,-3296.2779002123625
STARLINK-3854,52648,4175.669196473663,1385.0237844840103,-5345.878307704243
STARLINK-3868,52649,-5602.553356927508,2564.1405658599624,3138.1205090752087
STARLINK-3891,52650,4994.175552480507,-3992.0181058177614,-2651.0239226504127
STARLINK-4004,52656,2725.638395939574,4904.837231643892,4037.6672307406693
STARLINK-4084,52657,-4608.587675680141,-4570.585890265217,-2402.119020704407
STARLINK-4082,52658,4152.953157549887,4707.814720232776,2899.5541954040023
STARLINK-3960,52659,2226.2200810999243,4892.4289109874835,4346.287146597562
STARLINK-4081,52660,-25.854144171741442,4467.297127632314,5272.534853560999
STARLINK-4044,52662,-5536.955362440738,500.33845609788807,4107.578662738379
STARLINK-4037,52663,-6296.309718514775,-1193.9589667805765,2597.3287852469552
STARLINK-4070,52664,-4073.744847434612,2170.658168953776,5142.828212300033
STARLINK-4064,52665,-4172.649839386043,-4707.665993224097,-2886.904916761785
STARLINK-4079,52666,5584.058508951729,3924.0834263805873,1129.0848186752523
STARLINK-4076,52667,-2201.8158331604036,-4900.202017990302,-4366.17999826268
STARLINK-4067,52668,-5539.332585746248,-3980.6655321320513,-1163.0424963935152
STARLINK-3972,52669,4075.5881737314535,-2179.9486581746883,-5154.8852826144
STARLINK-4075,52670,-6294.3006636267155,-2768.3645528358543,753.791288787213
STARLINK-4071,52671,5463.458622561634,-623.8257543051634,-4206.187591296729
STARLINK-4073,52672,-42.916691960781144,-4497.016456541829,-5263.710977749252
STARLINK-3976,52673,6306.744209245203,2737.1959192017052,-787.3833121617184
STARLINK-3936,52674,5755.271630520096,-1147.022380113426,-3402.5230399413326
STARLINK-3934,52675,6387.214037650115,2591.6753674110178,593.9183829188271
STARLINK-4006,52676,6286.292792528112,1125.02275900352,-2671.5127318269524
STARLINK-4074,52678,4953.713326352863,-1864.9787803820122,-4462.428564521683
STARLINK-4031,52679,-3175.7396053625457,3115.170113567789,5287.860107452744
STARLINK-3774,52680,-6182.982396006831,390.73464922699407,3069.984774811766
STARLINK-4068,52681,-5001.572155826678,1816.6947605253904,4410.8729559337135
STARLINK-4017,52682,1500.9796137320802,4478.206220982343,5045.460237732874
STARLINK-4014,52684,-825.4310065098055,4077.3894690475404,5517.586483084584
STARLINK-4029,52685,-5251.606727912006,-3735.6237758402854,-2523.3856737542446
STARLINK-4005,52686,6519.512853810711,2312.768155207225,140.07608412861347
STARLINK-3981,52687,-3524.605373274662,-4367.533404594888,-4052.3132164039716
STARLINK-4032,52688,-1438.3797278847655,-4478.623458760689,-5079.74765084932
STARLINK-4078,52689,-817.2782536954895,-6378.919523734479,-1962.1398165716482
STARLINK-4035,52690,-6347.161643825057,-2663.631613927854,-702.6887888101846
STARLINK-3993,52692,5288.553029509298,3693.354142685021,2493.4202291643633
STARLINK-3946,52693,6686.003226014431,1128.009000354311,-1387.6922398661331
STARLINK-4072,52694,930.8728746232053,-4055.406158314654,-5533.664810735996
STARLINK-4041,52695,1782.5153846144422,4657.527287549294,4785.219089667985
STARLINK-4018,52697,2076.333884057144,-3610.2744360675174,-5530.973173308182
STARLINK-4030,52698,-3815.350947259093,-4548.780630276005,-3558.2573625386567
STARLINK-3987,52699,6468.121624785139,-336.7756839453841,-2440.9137212531978
STARLINK-4034,52700,-572.0037553166958,4195.6389295208555,5460.4228751907895
STARLINK-4033,52702,2653.562963027448,-3311.1481309108476,-5470.886551529505
STARLINK-4020,52703,-5747.5529830325995,1743.7653365746314,3423.5484332847
STARLINK-3999,52704,2675.626616366484,4093.0278211441628,4884.13520450395
STARLINK-3844,52705,-4148.098445735727,2935.5082604279837,4684.263578425698
STARLINK-3970,52706,-1864.96893234804,3839.9421025623033,5433.979854360355
STARLINK-4007,52707,-3012.024902569355,3469.709373389856,5152.531713329494
STARLINK-3962,52708,6701.477362439693,-302.8245724242117,-1702.6740231614158
STARLINK-4091,52830,-4169.565806705285,-117.32172338859661,-5526.016758121439
STARLINK-4089,52831,-3238.222861478993,-4530.295851550368,-4113.197089798197
STARLINK-4083,52832,-2182.768049223978,-6008.824667167307,-2654.2116584997307
STARLINK-4086,52833,-773.8212118711733,-6835.4208671498,-752.1710161741825
STARLINK-4108,52834,2044.2818981529265,-5911.648012585592,2947.7717517020315
STARLINK-4080,52835,3158.7424905711555,-4332.894895685244,4362.264452284441
STARLINK-4043,52836,346.1571205605961,6495.745115070134,-1921.3865120207238
STARLINK-4036,52837,3924.7017516901246,2509.9085580731853,5104.281011812407
STARLINK-4092,52838,4162.244356677844,116.49924101812861,5514.867420086081
STARLINK-4048,52839,2124.906334493392,6055.246195732567,2575.6255286395144
STARLINK-4049,52840,-3667.7132130841574,1802.342483172543,-5388.701197989081
STARLINK-4065,52841,-2039.9857028393121,5923.4069211077585,-2942.4698336782903
STARLINK-4046,52842,3230.6186693641444,4536.800741231585,4094.271867459152
STARLINK-4188,52843,-3899.4306167309337,2246.38227368,-5261.116424200789
STARLINK-4208,52844,856.763831131149,6809.848300389483,863.3451385375972
STARLINK-4168,52845,-3177.1139722784774,4317.853749426688,-4379.868677503891
STARLINK-4212,52846,-2876.1290481961382,4856.848733116194,-4007.6168382681826
STARLINK-4206,52847,-3943.344799097044,-2461.753460653369,-5130.958351400368
STARLINK-4202,52848,-662.7260832251137,6790.989876657342,-1150.8840925857526
STARLINK-4197,52849,-3417.022553158463,-5199.006576422347,-3034.743579024171
STARLINK-4187,52850,4142.187334619964,-482.88622160134224,5509.632349169275
STARLINK-3809,52851,-685.029535254257,-6814.074066913747,957.9593570518646
STARLINK-4184,52852,-4105.103737649246,-3406.649544930875,-4412.799080013977
STARLINK-4189,52853,-4368.019343558814,-2368.672835031997,-4685.929750732926
STARLINK-4204,52854,-915.9604620426825,-6826.111844839172,654.6140712587415
STARLINK-4209,52855,3199.6717730764017,-3421.104916825888,5080.977125373174
STARLINK-4201,52856,187.94926968467158,-6611.334987908969,2023.14660292976
STARLINK-4199,52857,4305.86144945157,1192.6582911843823,5271.5985218006535
STARLINK-4198,52858,2018.2856152637808,-5238.536193006169,4034.162393773231
STARLINK-4196,52859,4094.310013117344,3419.615888769722,4395.1329042691195
STARLINK-4191,52860,3992.415119995546,-1200.422213289731,5510.852011541507
STARLINK-4112,52861,-2787.2432891212957,-6019.35961676767,-1856.5770489842796
STARLINK-4010,52862,-687.7374280000506,6357.395797445615,-2628.0788416710343
STARLINK-4270,52863,-3265.5634127876388,3283.447068769814,-5137.248036106312
STARLINK-4267,52864,2274.6839624430972,6416.857638226518,1221.2456364509
STARLINK-4274,52865,-3218.602592550162,3400.0986983891808,-5099.778171029528
STARLINK-4272,52866,-600.7507841838909,6419.971181568299,-2514.7726914075733
STARLINK-4126,52867,-3291.486312103472,-5397.385593199551,-2807.7169529940643
STARLINK-4261,52868,-2036.5798683799458,5227.68043749204,-4054.9369354599617
STARLINK-4266,52869,-4401.169759508548,-4126.697387542487,-3394.016189068028
STARLINK-4207,52871,-910.7500389914175,-6529.4029607998355,2091.0149758128246
STARLINK-4213,52872,-2773.238311207366,-6332.454372653985,-296.9381164996273
STARLINK-4211,52873,3858.525820395631,5328.724927723634,2106.054843977955
STARLINK-4193,52875,900.3292523151688,6512.494607004943,-2130.0708461648405
STARLINK-4200,52876,692.9252943198532,-5794.8736656527035,3706.443396182881
STARLINK-4214,52877,-599.2868513970174,5867.143898257288,-3625.0719223207534
STARLINK-4171,52878,-2430.389891468309,4080.2271816953757,-5022.452333969728
STARLINK-4139,52879,448.9514404185882,-5933.487794241606,3501.8719812141203
STARLINK-4186,52880,-3500.775734452979,2371.2274741944393,-5482.283716639508
STARLINK-4181,52882,3675.896339180911,5604.006119236994,1708.0051730935377
STARLINK-4260,52986,4868.106863277095,-4579.392540520808,-1778.7707337075508
STARLINK-4259,52987,1844.5038858622713,3727.93338922092,5517.93054768306
STARLINK-4291,52988,4000.5992552527346,2123.539716190233,5206.455985295626
STARLINK-4293,52989,-4044.0891253602026,4887.494595664078,2459.570771156455
STARLINK-4286,52990,-5088.780760265199,-1536.6643790822413,-4417.079680621201
STARLINK-4285,52991,-6591.67864846584,1863.6539074224534,-939.6322051823486
STARLINK-4269,52992,-5618.509035328302,3635.901683445251,1745.016216693729
STARLINK-4256,52994,6189.031692170355,-1397.8722642464227,2741.4402876728464
STARLINK-4296,52995,-4717.898776186087,4651.267285556374,1942.2324433872714
STARLINK-4295,52996,1987.1750732154053,-5022.378578800965,-4315.929041234095
STARLINK-4254,52998,-5997.55927708959,778.3835192557324,-3341.761680637815
STARLINK-4217,52999,-3569.488864903191,-2522.05534963053,-5354.499067464719
STARLINK-4194,53000,4700.687911988427,1403.5713248097352,4868.3291258775225
STARLINK-4190,53001,-4872.346163020757,4573.957211859144,1780.9595107920634
STARLINK-4121,53002,-6062.776926394979,964.4911566197911,-3170.336146058299
STARLINK-4255,53003,2149.8334594532807,-5052.046042069121,-4199.121431116385
STARLINK-4253,53004,-1273.9967657903912,4920.468820896689,4683.234757924108
STARLINK-4288,53005,-1548.7661670244681,-3901.8520494175473,-5496.770944031997
STARLINK-4290,53006,-5957.841581360488,3512.7350202041653,-177.9036332962107
STARLINK-4215,53007,-2977.2053938439176,-3005.780526103323,-5480.373250654409
STARLINK-4275,53008,-4720.311813724104,-1391.7735830229271,-4869.225330143554
STARLINK-4277,53009,3627.5231181514,-5460.873625928461,-2220.2873149164348
STARLINK-4263,53010,6269.229095416287,-2140.436953314724,1988.982161434998
STARLINK-4265,53011,5021.2582684093895,-4752.260424649272,-285.5343247279356
STARLINK-4271,53012,-935.208937605377,-4208.074735535882,-5417.70059958252
STARLINK-4177,53013,5791.968946517202,-1816.401573486678,3310.9213701082726
STARLINK-4183,53014,1908.3759859732427,-5487.182338838443,-3764.6232206609066
STARLINK-4262,53015,3859.381167508243,1983.6538280220566,5378.422228289943
STARLINK-4283,53016,5747.683340948832,-3500.354364694302,1599.5861445249916
STARLINK-4281,53017,-1304.920182453659,5952.348949299344,2849.994253009086
STARLINK-4279,53018,-4274.536338279597,5208.721846193328,-818.8545324574833
STARLINK-4282,53019,5347.075779829876,-333.99732940321314,4371.902102890832
STARLINK-4287,53020,5138.555242617592,84.65704509881593,4622.076504096231
STARLINK-4216,53022,141.91618163634766,4839.370088111154,4931.828894963947
STARLINK-4284,53023,-5797.7804896293155,1819.1966147716325,-3314.62997625847
STARLINK-4289,53024,-5755.844262976326,3480.6585025359805,-1626.311716447468
STARLINK-4218,53025,-5147.263334625236,-83.3412236213537,-4628.557277622118
STARLINK-4119,53026,3361.2289370913372,2505.729735977257,5467.716419124786
STARLINK-4158,53027,-98.98571061154688,-4867.925375306117,-4922.240482304506
STARLINK-4143,53029,4901.168788726375,-4729.761486576719,1208.5141626693953
STARLINK-4160,53030,-5276.081437272288,196.46187395896584,-4460.099521457953
STARLINK-4137,53031,4439.495552780911,750.174260764811,5243.021099000304
STARLINK-4115,53032,-2172.8879975389245,-3603.6777813983476,-5498.092121759263
STARLINK-4167,53033,5188.615801177376,-1217.8180378096713,4401.770208051776
STARLINK-4151,53034,4638.363624000223,-5095.00251377047,626.1270693796022
STARLINK-4157,53035,3086.9638978262187,2791.4428972414207,5515.756878160145
STARLINK-4155,53036,1392.2107718494376,4440.306921258598,5108.9394606021515
STARLINK-4153,53037,-478.8063981552442,5558.280565678048,4080.9320988149416
STARLINK-4156,53038,-2304.414869820675,6002.266189646586,2545.037590967915
STARLINK-4362,53043,-6880.871496452525,520.2088037354334,641.2018992186486
STARLINK-4350,53045,3158.8442466002316,-997.9168928080194,6076.19744375495
STARLINK-4331,53046,2114.436310931846,709.8509475271443,-6567.073307672851
STARLINK-4352,53047,6882.645692417224,-513.6648872825549,-637.9433484553202
STARLINK-4355,53048,-5103.230843861523,-262.4712417968393,4671.622531814745
STARLINK-4345,53049,2983.8223333077567,546.3940733673178,-6236.900417814084
STARLINK-4343,53050,6596.132419079894,-705.2361562223448,1996.182268533861
STARLINK-4336,53051,-5285.245385552631,1030.0929739298754,-4371.842622445352
STARLINK-4341,53052,1248.28755084646,768.7268376057851,-6778.781564316389
STARLINK-4337,53053,-4046.0834309656116,1071.3545157123656,-5530.722919046294
STARLINK-4339,53054,-5833.578487057218,859.7243394950407,-3651.5149974625324
STARLINK-4338,53055,4677.065373890146,-965.8536357013636,5011.822458654987
STARLINK-4314,53056,-3720.4413368877413,-500.7181413536004,5814.459241023114
STARLINK-4252,53057,6763.161357762085,-252.51586004844668,-1497.7049342959742
STARLINK-4317,53058,-6796.136420547374,732.2188323969258,-1159.3800223854323
STARLINK-4320,53059,6238.897322583382,-914.9220575186955,2866.4655202278227
STARLINK-4305,53060,-2305.3534573303477,1038.5784327083015,-6458.721477454296
STARLINK-4308,53061,3923.6733256388243,-1066.182814009244,5600.517778796587
STARLINK-4311,53062,-6239.081957779051,908.7584051174383,-2887.223240081983
STARLINK-4307,53063,-1571.9130213564774,971.4963577737202,-6684.573123090053
STARLINK-4313,53064,-6583.308174486601,708.5299181028777,-2060.037427737981
STARLINK-4312,53065,-595.0589981346441,936.5931279391617,-6846.807917752078
STARLINK-4309,53066,-5839.709819048931,23.457607048358547,3722.914233988482
STARLINK-4325,53068,-4679.876968986778,964.2938680172354,-5026.641423219494
STARLINK-4323,53069,5293.285525660778,-1025.9689630541802,4343.385066017959
STARLINK-4342,53070,1380.4275880526504,-957.9939881983584,6711.942617829272
STARLINK-4328,53071,-341.48725668940534,-863.4608329375345,6856.657018405743
STARLINK-4344,53072,-6754.790127216896,261.56367004303513,1522.3351122631964
STARLINK-4346,53073,-2528.4705717611996,589.6367251348423,-6371.760519495234
STARLINK-4310,53074,5273.986886972291,-768.0566502213129,4305.663646087752
STARLINK-4348,53075,6797.294884726805,-727.3951560258794,1127.794641375756
STARLINK-4347,53076,-1230.276300084034,-767.7554918011929,6765.605512312408
STARLINK-4322,53078,6504.6332741092265,-248.6627364476864,-2386.178659902326
STARLINK-4327,53079,6905.423807598012,-500.12151851936164,288.78140185410587
STARLINK-4330,53080,332.2686572621287,865.6829482699272,-6873.679255161443
STARLINK-4326,53081,-6487.7155554848505,254.2345739693667,2416.912376893232
STARLINK-4321,53082,2239.8984335045634,-1033.5008433603416,6464.661456733535
STARLINK-4251,53083,3765.4724529518,493.63989949480543,-5802.979035067644
STARLINK-4319,53084,5132.100586489005,255.09510840435095,-4656.6740061591845
STARLINK-4324,53085,-2996.5044369735983,1002.2973139714538,-6174.176784414771
STARLINK-4318,53086,383.7492296960619,-918.4620595018796,6846.654886342587
STARLINK-4333,53088,-2904.4605603306104,-554.0784717315522,6257.3973868001995
STARLINK-4150,53134,-5518.94355118041,-2325.405383136165,3454.0715092480277
STARLINK-4023,53135,-4009.577220680568,1565.2428079427682,5405.740290102353
STARLINK-4152,53136,-5063.550019838349,-430.57503075029933,4684.181619015347
STARLINK-4145,53137,-5323.163319236758,-4074.7688360807165,1700.7076642933184
STARLINK-4141,53138,-5447.40953759974,-4142.730573597536,1003.682192584573
STARLINK-4185,53139,-1336.9568211260091,-5682.714709407166,-3719.550417855795
STARLINK-4170,53140,-3095.4460387352233,-5826.972680511394,-2088.040206008259
STARLINK-4103,53141,4523.163446410778,5224.158829065152,141.06287233289225
STARLINK-4101,53142,5274.5926800582,1023.1302714312177,-4355.357518531842
STARLINK-4102,53143,5530.303328889038,2378.533372757379,-3417.630612547533
STARLINK-4100,53144,2407.280665052347,-3462.8981423801592,-5490.7593838420835
STARLINK-4106,53145,4492.2969360127345,5258.977595431691,184.79499714281624
STARLINK-4094,53147,-5519.441819809779,-2301.5340839210394,3446.092886385919
STARLINK-4021,53149,-1363.8136704926635,-5225.91274775144,-4330.389237065805
STARLINK-4040,53151,-5546.394199548917,-4125.264806286398,278.6846120683594
STARLINK-4045,53152,4988.38211323974,-1283.0319411426428,-4435.962212444054
STARLINK-4098,53153,-4385.838428537691,-5079.955307777341,-1687.2442501863504
STARLINK-4077,53154,-5994.613292256102,-2688.6557855958426,2158.351167816922
STARLINK-4088,53155,-798.1788159939911,-5064.7749102552725,-4651.53383671109
STARLINK-4087,53156,4761.2823444061105,-944.4784616673213,-4936.840393043763
STARLINK-4054,53158,-2784.3098102646704,-5386.180386966395,-3338.849029735224
STARLINK-4111,53159,5691.651856663968,835.037940662402,-3851.4928312748984
STARLINK-4096,53160,1310.9414417594548,-4117.353305893429,-5409.331496985689
STARLINK-4055,53161,4427.55275241855,5058.158533777556,1629.6376243222678
STARLINK-4114,53162,4456.320891605101,-1353.5488527779175,-5122.405426446913
STARLINK-4104,53163,5995.528154408273,2658.8582233078655,-2211.817374769029
STARLINK-4116,53164,5570.016469004722,4092.076250179615,-333.09730017513783
STARLINK-4090,53165,-1198.302637336567,4174.415511250258,5375.409178212578
STARLINK-4110,53166,-2655.068942775992,3211.9917846191984,5306.287984901449
STARLINK-3683,53167,6526.208216578137,1232.2057418098059,-1948.2646247954785
STARLINK-4105,53168,837.127022585056,5069.313537994878,4623.8497546005365
STARLINK-4117,53169,-2679.564892345339,3283.7143706129264,5457.471368011042
STARLINK-4095,53170,1667.1120462397753,-3838.185322389419,-5515.689755461025
STARLINK-4052,53171,4687.619820588686,3476.279142505365,3706.6846759540713
STARLINK-4299,53172,5158.567093451645,-695.2910635526282,-4564.752190699129
STARLINK-4300,53173,-6266.901753574649,-2574.279839310094,-1408.6670034291249
STARLINK-4205,53174,394.7801300069525,5293.4727724132545,4385.822534308379
STARLINK-4292,53175,-563.3908723099153,4856.399578358899,4885.685525037395
STARLINK-4294,53176,3842.8216572471274,4532.737927476961,3533.6483811484118
STARLINK-4298,53177,-3134.9234746606867,-4215.40573387218,-4508.487664601965
STARLINK-4280,53178,-3206.5991047652237,2697.7402029022915,5494.331804235594
STARLINK-4276,53179,-4998.501807858315,2977.4145469021646,3733.4871734014005
STARLINK-4258,53180,6897.247018052387,-452.0364715363423,-323.0449481389561
STARLINK-4278,53182,-1014.1855545247398,-4327.276565997408,-5308.7946555056915
STARLINK-4268,53183,-5905.780681836399,-2378.5685084068177,-2714.439462707896
STARLINK-4257,53184,-6323.675633376215,1819.9620057643815,2126.7844056315207
STARLINK-4391,53189,-462.6404176397383,-2186.3704050095453,-6565.676720910054
STARLINK-4332,53190,3641.1104067487245,4590.292161736054,-3709.0103776224223
STARLINK-4369,53191,3400.5718184086318,4462.355501165473,-3935.4047162444112
STARLINK-4375,53192,-3177.008017331213,-3606.313789858274,4983.214919587353
STARLINK-4351,53193,2846.096165101804,2818.3950079154515,-5661.585305550476
STARLINK-4382,53194,-2314.869373089561,-4527.281484885124,-4715.892478519086
STARLINK-4403,53197,994.8471117747825,-98.24875293681269,-6862.775745702527
STARLINK-4385,53198,-13.572859082724019,1482.3428649502464,6758.415071089532
STARLINK-4395,53199,-571.3011599786394,711.4975939533148,6858.502603189232
STARLINK-4417,53200,-3608.458186868935,-5723.973562532523,-1505.1702399273927
STARLINK-4405,53201,3187.6699676609774,5783.4776524388535,1756.308012729608
STARLINK-4411,53202,3079.6303005394584,5328.421200227706,3178.47546365851
STARLINK-4409,53203,3612.499439485141,5729.883812819233,1458.8353796455053
STARLINK-4410,53204,2423.9405912068282,4870.210303336768,4160.835312557965
STARLINK-4397,53205,3892.013006997179,5331.841125842364,-2119.22700877373
STARLINK-4408,53206,1444.9747517665407,3481.3026513724976,5805.271023050359
STARLINK-4413,53207,-2823.4414903255165,-4920.1942303220585,-3988.4523531701784
STARLINK-4425,53208,-3478.9466108218608,-5508.462047330486,-2371.407075831173
STARLINK-4423,53209,1976.6322143388106,1394.3679708230911,-6499.837315901606
STARLINK-4427,53210,-3886.0279090550457,-5703.799467341831,-639.0155573764468
STARLINK-4416,53212,3886.4161098302898,5730.209206265737,-323.4904343925379
STARLINK-4414,53213,2002.831136165871,4034.9514308302,5255.987013819616
STARLINK-4353,53214,-3905.649160493622,-4955.839446640941,2856.277264561188
STARLINK-4335,53215,586.7742207606208,-692.8217763221833,-6876.665472320864
STARLINK-4376,53216,-1108.649191773987,-73.26809278485165,6829.936905377862
STARLINK-4384,53218,-3660.353323064793,-4664.273691108105,3578.2388470567394
STARLINK-4373,53219,2414.738232790717,2208.97330334218,-6114.37260489864
STARLINK-4363,53220,-2042.4677612597925,-1494.644867394622,6440.319356411443
STARLINK-4377,53221,37.55062763265852,-1452.6893047149713,-6782.37320808502
STARLINK-4356,53224,-2862.7013691099264,-2847.6584756063285,5621.5699106941065
STARLINK-4358,53225,3176.164396426961,3593.76844195407,-5009.977926920678
STARLINK-4359,53226,2804.39943643973,4902.393821364041,4006.4086333609093
STARLINK-4366,53227,-3086.556039373927,-5331.413970421961,-3181.0352901296837
STARLINK-4365,53228,-4023.4762025982236,-5518.253636597343,1172.326779205022
STARLINK-4367,53229,-1442.3822557699575,-3484.6134900262446,-5820.65423033172
STARLINK-4364,53230,-2433.1428918613506,-2251.232573906381,6074.682464972624
STARLINK-4370,53231,-3884.619231612031,-5731.276455744107,306.0546202772249
STARLINK-4371,53232,3500.209117628507,5517.462897055017,2299.5370773567297
STARLINK-4372,53233,3958.4157810061065,5108.775487009827,-2510.682048036471
STARLINK-4368,53234,2102.513580742842,1852.4899839704083,-6215.406597199049
STARLINK-4056,53242,2976.8117603195683,6069.016125492604,-1484.559773100404
STARLINK-4047,53243,-3805.5287814123208,-4366.342661454893,3773.8140001011843
STARLINK-4125,53244,1604.3864020153262,6724.51473135287,-291.1774807409465
STARLINK-4131,53246,183.34796246598373,6729.779149690848,1588.3917228323487
STARLINK-4061,53247,3761.3748473669903,-1807.9651935206866,-5524.361187025167
STARLINK-4135,53248,3914.5213021371683,4709.226485128622,-3228.024654815778
STARLINK-4128,53249,4612.531922287909,2606.9451309093997,-4456.442703425022
STARLINK-4059,53250,4524.156677374635,987.9328646430363,-5147.0350954097485
STARLINK-4129,53251,3078.5366327158326,6146.898803571129,-791.1539253356341
STARLINK-4132,53252,4090.3072564381155,4911.8957465794865,-2656.3923870063813
STARLINK-4133,53253,1766.6712985609859,6602.710326618447,1068.6242794067462
STARLINK-4134,53254,4249.638972816206,4533.339612170068,-3050.794671201456
STARLINK-4142,53255,-1467.234895889441,5145.7375517823575,4376.224133824715
STARLINK-4147,53256,152.56989653398108,6269.007776248981,2914.425945821591
STARLINK-4144,53257,-4519.605908757266,-1012.9087490785681,5128.654960238797
STARLINK-4127,53258,-2891.6990246870437,3391.0756801428925,5281.683083336963
STARLINK-4140,53259,4575.8769257115355,3254.612420545913,-4048.8965193054305
STARLINK-4062,53261,-3034.371442201983,-6174.244351759391,722.5594207593635
STARLINK-4085,53262,-4562.62183769642,-3165.8101612285427,4115.842006383397
STARLINK-4130,53263,83.23724521673928,-6154.877856551256,-3157.253176851749
STARLINK-3950,53264,-4049.9346885357695,-4974.836891895523,2581.5511190242623
STARLINK-4097,53265,1466.8926489169,-5155.735137428155,-4380.560824099668
STARLINK-4058,53266,-123.78188345944388,-6261.6940759918325,-2946.5246416224036
STARLINK-4060,53267,3931.0559589951404,-1310.813207357268,-5546.571417434289
STARLINK-4109,53268,4283.417685689876,4440.119302693981,-3118.4184115972525
STARLINK-4122,53272,5021.538287546541,1983.5603128892913,-4328.757457093176
STARLINK-4051,53273,-1249.672529070619,4800.298071043231,4806.708729325285
STARLINK-4050,53274,4296.902067590585,5293.15069809116,-1171.6039047787324
STARLINK-4179,53275,-83.63998311888325,5608.999562965676,4040.5765344743263
STARLINK-4174,53276,-3186.284481385971,-6083.536727916199,-700.6268108046983
STARLINK-4178,53277,-5051.089304754014,-2870.8941278187795,3733.7317761782265
STARLINK-4180,53278,-1778.1675661641327,4336.917711713909,5078.660262718038
STARLINK-4169,53280,-5396.521187029033,1775.7218840326748,3938.2267055648795
STARLINK-4164,53282,-4417.872548294915,372.18437678738957,5300.525099319321
STARLINK-4175,53283,3880.0390933878653,-1545.0218145941535,-5508.405041141381
STARLINK-4173,53285,3364.53045215266,6014.793876319741,435.8007304316275
STARLINK-4165,53286,4355.9974290405335,5233.110087629628,-1238.9165891541486
STARLINK-4107,53287,5057.959873789202,2470.4895847723997,-4020.2503801612897
STARLINK-4162,53288,4973.232454666239,3731.2779718374554,-3016.332741959474
STARLINK-4176,53289,1514.387471647185,5975.561626659745,3132.234355567435
STARLINK-4149,53290,4020.096139907485,-1268.2262616218845,-5490.314353588609
STARLINK-4166,53291,-1520.0873657999932,-5965.194009562873,-3164.6877744494514
STARLINK-4159,53292,1202.4987478921423,-4852.525350567832,-4778.045308125204
STARLINK-4148,53293,-2431.562696921692,3428.2949071112366,5484.661170876192
STARLINK-4146,53294,5335.677561484961,4070.673983636591,-1691.4469103268048
STARLINK-4522,53388,-3872.3961838405794,-3373.4500924933404,-4642.083717549465
STARLINK-4523,53389,635.3014756383641,-4148.687658771733,-5506.668335254146
STARLINK-4517,53390,-1748.508201409131,-3988.379388407845,-5382.290162202666
STARLINK-4521,53391,2976.856749347095,-3804.39680940197,-4959.7313472232345
STARLINK-4535,53392,6317.012809021351,-1809.1193353210576,-2175.0860127678266
STARLINK-4530,53393,4945.194599039117,-2995.3938308876977,-3807.742475085298
STARLINK-4544,53394,-3059.79017936141,-3358.4278800017473,-5224.443249516122
STARLINK-4534,53395,6821.681175477981,-814.2290856458367,-830.8783578726892
STARLINK-4524,53396,1630.2424951086484,4000.205629168126,5393.63608415455
STARLINK-4515,53397,6653.181260209923,1012.0207096454105,1598.885084848064
STARLINK-4512,53398,-3056.0615185826114,3774.610239658701,4917.122598202753
STARLINK-4528,53399,3843.1686360394415,3377.6883725117314,4646.864318882924
STARLINK-4520,53400,-6899.290485948281,414.64800593688426,294.0483760728862
STARLINK-4525,53401,-760.7465039451288,4134.94767067262,5483.6319305917
STARLINK-4499,53402,-6642.970475906941,-1040.4049658140568,-1635.8232462716041
STARLINK-4507,53403,4474.487086570187,-3232.4558668772265,-4178.328473714453
STARLINK-4509,53404,1157.3256223789904,-4301.620917733564,-5300.1463165721825
STARLINK-4510,53405,-5592.678874988104,-2345.60322095655,-3336.4327624434486
STARLINK-4533,53406,6587.264457740576,-1964.79910556043,-797.409955479873
STARLINK-4491,53408,1843.5470993038418,-4293.4884333813325,-5108.659586408881
STARLINK-4490,53409,4489.112355605114,-4262.058354297379,-3098.5100705690097
STARLINK-4492,53410,3899.7668006935005,-3962.5689153421495,-4125.19721122876
STARLINK-4497,53411,-600.6711898900976,-4116.9838247374055,-5533.922179078989
STARLINK-4496,53412,6803.875149152564,-532.4196438854506,1130.149112256225
STARLINK-4500,53413,5555.688421404597,-3169.48154579286,-2645.991534864707
STARLINK-4304,53414,6195.772317434987,961.2085714250182,2916.4176348901256
STARLINK-4479,53415,4855.833303714158,2324.308578215635,4335.923937957711
STARLINK-4480,53416,-3816.212342775008,3981.317088496103,4166.982678552949
STARLINK-4484,53417,2833.090044949631,3456.406131654989,5270.783907190302
STARLINK-4481,53418,378.04021934874373,-4444.971904797384,-5294.758565501205
STARLINK-4476,53419,585.1777359596085,4111.505111874209,5522.518115848603
STARLINK-4552,53420,-5580.051770324339,3143.9344091018097,2606.049651812438
STARLINK-4545,53421,-1771.5016988637176,4288.3846266319515,5121.281995624914
STARLINK-4546,53422,-6797.9001850651,477.19340817012375,-1201.1080778109065
STARLINK-4539,53423,-3830.6713970200417,-2930.304260964327,-4918.095152683495
STARLINK-4532,53424,-4801.639438748974,-2373.522727676656,-4385.575359049267
STARLINK-4531,53425,6803.376487463783,-1011.5442277313444,564.7942257594576
STARLINK-4558,53426,5891.587207836979,-3382.8221865503847,-1320.9496545044594
STARLINK-4543,53429,6394.144019730742,-430.77153094058457,2591.903011338345
STARLINK-4538,53430,1301.1272876086234,3942.6930594117407,5516.571290136508
STARLINK-4548,53431,-1881.8385616472156,-3718.97161932822,-5528.323076220229
STARLINK-4557,53432,-6572.425298387399,2027.634487442293,-752.701768102057
STARLINK-4549,53433,3921.871176515561,2554.397162304576,5084.800158536974
STARLINK-4498,53434,3373.5749207625986,2088.5896166433286,5277.977713083071
STARLINK-4542,53435,-5935.744001336642,3343.8334493192315,1195.0431923885453
STARLINK-4527,53436,-5513.592307568139,-1058.9618320569557,-4049.43122898785
STARLINK-4526,53438,-3922.557502200863,-2550.6672806223246,-5102.464169932171
STARLINK-4519,53439,-6469.995062972378,2443.3450257539807,-186.96769839270857
STARLINK-4415,53465,1981.024001542108,-2232.754275196464,-6260.840936625349
STARLINK-4398,53466,-214.50862215430763,-1348.4387913464254,6591.739578728905
STARLINK-4394,53467,-2057.3597169519585,4492.193913223524,-4603.186280072811
STARLINK-4400,53468,1611.6365877759984,-1476.1169253097212,-6582.756122102775
STARLINK-4399,53469,2420.524285502884,-5772.432215127301,2964.5205682424266
STARLINK-4393,53470,-2564.702329650862,6103.888894295586,-2057.4158226618806
STARLINK-4316,53471,1291.7560251527684,-682.3972041067937,-6780.276292082567
STARLINK-4447,53472,-3033.3626333861166,6030.611886687695,1562.472985101888
STARLINK-4383,53473,-717.1152803161401,-534.733799170868,6759.058763284813
STARLINK-4445,53474,2575.3191490433596,-6105.51564818902,2023.0183975138398
STARLINK-4389,53475,-3402.925213455104,5005.624364849026,3012.285909172522
STARLINK-4378,53476,-907.4824203434681,-115.09498349857815,6858.367208761652
STARLINK-4412,53477,-1698.6140555302911,1229.30359494235,6411.713405822187
STARLINK-4433,53478,-2680.916155528964,4348.226135074391,4673.6759216214505
STARLINK-4436,53479,-1841.6248319677325,5007.80157386676,-4431.322432894738
STARLINK-4442,53480,1514.033942875711,-3920.762193684969,5324.1316273832
STARLINK-4302,53481,2834.2090097487394,-3556.6413315004775,-5021.277810787073
STARLINK-4360,53482,-164.45041170728248,-1655.0913365541458,6716.565729575873
STARLINK-4426,53484,2877.0617897282455,-6195.500016569037,1156.961900002001
STARLINK-4430,53485,656.1955928586166,-3222.5029409767117,6089.170802314411
STARLINK-4431,53486,2689.964446718032,-3173.3286885748826,-5296.160772166857
STARLINK-4432,53487,-1939.9744534681056,2139.185727424951,6290.031353545589
STARLINK-4421,53488,-1132.1911794194564,3909.24879623639,-5616.9432060663385
STARLINK-4392,53489,2229.516391952873,-3030.108490771361,-5827.052477586228
STARLINK-4387,53490,-3340.171901580962,4911.366976025866,3394.6693462978656
STARLINK-4450,53491,-2501.9032501438714,5083.2562595645,-3651.2713955721388
STARLINK-4451,53492,2178.7534112298745,-5107.642030255358,3946.876813412622
STARLINK-4340,53494,-332.3471473758609,2526.468002332435,-6451.595410554368
STARLINK-4429,53495,2057.8581808070503,-5503.657062421011,3664.4338069217583
STARLINK-4453,53497,3033.4513899917515,-6036.752331063715,-1557.0678167587416
STARLINK-4439,53498,1132.748684806432,-3920.6670843926736,5590.648262360058
STARLINK-4454,53499,-3248.8989061934208,5930.578731168443,-1052.479224080192
STARLINK-4455,53500,3596.3074553996025,-5445.903836956096,-1511.1520666879176
STARLINK-4434,53501,-2113.8233469198094,2024.7392568309294,6091.062975039849
STARLINK-4435,53502,-3617.0846444631475,5433.268653887676,1776.137422145826
STARLINK-4448,53504,-2021.5540499885653,4592.878563710477,-4527.637089831717
STARLINK-4446,53505,4127.106308519823,-5285.9549784824485,300.2478315251073
STARLINK-4437,53506,-3578.0145705659606,5166.769898223911,2470.1660254086028
STARLINK-4443,53508,2556.680793608476,-3676.8338091801443,-5295.511595247514
STARLINK-4402,53509,-1063.627255803026,84.00176487377674,6682.418534362012
STARLINK-4503,53528,-1431.1883784787067,-4420.150124522428,-5132.9477672761395
STARLINK-4478,53529,-5225.683816635126,2942.638538964488,-3420.6658218587772
STARLINK-4482,53530,-4413.018855853133,-829.0433546666864,-5269.754401506607
STARLINK-4487,53531,3782.0310590157883,-5740.9392289479765,-790.5114379991944
STARLINK-4483,53532,-3815.344884528573,5722.357111501838,740.2898291781086
STARLINK-4493,53533,-4880.718862962639,4766.3235830921485,-1158.7949460064185
STARLINK-4138,53535,-5372.142358152727,3229.8066646568655,-2935.1053968292895
STARLINK-4053,53536,2364.0949904744584,-6383.699285543501,-1246.4207337438113
STARLINK-4120,53537,-5304.4781308722495,3672.9617404935857,-2503.6469542267037
STARLINK-4123,53539,-5239.093572444532,1401.9517722231662,-4302.262490285525
STARLINK-4486,53540,-1989.6620900586317,6387.522456332532,1752.833246683507
STARLINK-4485,53541,-3097.031737318212,-2792.179879333545,-5526.780035559177
STARLINK-4489,53542,691.2929698527394,5429.27901653974,4206.890880824638
STARLINK-4297,53543,4884.733229282208,-3091.9619954659474,3774.582973855555
STARLINK-4303,53544,4658.193780440394,-591.3118860780113,5070.8992219094425
STARLINK-4475,53545,3740.4975815412745,-5772.819564981587,735.0640651116604
STARLINK-4477,53546,923.6571085676765,-6681.598654002231,-1548.5634782695981
STARLINK-4474,53547,4915.18000623751,-2667.35382920021,4063.695105234116
STARLINK-4513,53548,973.8880504028763,5218.905054220517,4425.842496821566
STARLINK-4514,53551,2566.578248025815,3633.45958918808,5288.087951309045
STARLINK-4495,53552,-3720.8658790112754,5791.307737800467,-700.0262662352287
STARLINK-4501,53553,-4914.934959839485,2752.9080376654756,-4023.0098071491066
STARLINK-4506,53554,-4892.7280768269375,3224.3599929357893,-3685.1852242316622
STARLINK-4504,53555,-2389.699721606897,6374.573870296209,1222.7963282948015
STARLINK-4505,53556,-3830.5761234206416,-1661.1298297901913,-5522.818495853797
STARLINK-4502,53557,-4590.750928003502,4530.015853062263,-2511.081959007795
STARLINK-4494,53558,-4418.820598712672,132.87764809338677,-5328.068131870171
STARLINK-4564,53560,3493.419024729262,-5612.012440036469,2034.0122823089657
STARLINK-4563,53561,-2556.713817673749,-3659.082936098059,-5292.329215394853
STARLINK-4565,53562,-3658.916153431943,-2085.3484754954416,-5472.7179231569025
STARLINK-4561,53563,4438.633491885088,-3094.2537413439486,4289.363899314799
STARLINK-4577,53564,4213.400326679139,377.0693410248122,5464.031686449295
STARLINK-4575,53565,4107.565000120582,-4489.187294378166,3283.7025219627835
STARLINK-4576,53566,-3887.964574121632,-1486.7588133293966,-5516.444395700561
STARLINK-4585,53567,4509.291935990741,-1912.7610919261817,4875.986268012314
STARLINK-4583,53568,-2287.1563008078724,6527.163307446904,-181.41699757267014
STARLINK-4582,53569,2885.5318490796517,3606.6194519202495,5139.333745944847
STARLINK-4550,53570,-3513.8945396128915,5561.743289291286,-2133.432091057295
STARLINK-4584,53571,-4425.053598800267,808.2419201055246,-5251.028141214478
STARLINK-4555,53572,-3057.7013908292174,-3349.462150616276,-5230.513066390145
STARLINK-4559,53574,-4223.754982823415,-351.675465067533,-5474.4974744829315
STARLINK-4551,53575,-4217.900727097088,-365.23783438526885,-5472.506951402139
STARLINK-4581,53576,-4100.150393318326,4476.971421591096,-3325.2081988946434
STARLINK-4553,53577,-4504.909740996704,1946.1599287594415,-4883.212862608287
STARLINK-4556,53578,3793.9815371323384,-5082.1409505336,2735.8428072386127
STARLINK-4580,53579,-755.3326481701007,-5985.079842432762,-3395.417285308888
STARLINK-4691,53588,-1526.9673831782575,6359.8062191857925,-2264.566989157927
STARLINK-4673,53589,-4285.0580443565395,-531.511067275843,5395.128199506137
STARLINK-4689,53590,-3100.833111429543,5275.00209596099,2737.9418707083173
STARLINK-4674,53591,-4209.516001540855,5243.641525175418,1621.1440389085014
STARLINK-4672,53592,-4352.715788261408,-333.26194941415025,5348.985610533102
STARLINK-4681,53594,-3995.0748231629223,-479.74868572687603,5213.315250699543
STARLINK-4684,53595,-3171.3780913174173,-2750.080968811577,5488.4114348027615
STARLINK-4676,53598,4823.131589904872,-1609.540424929058,-4698.084632107574
STARLINK-4677,53600,4513.089648173577,-93.34277050640966,-5249.216396626787
STARLINK-4675,53601,3078.1543703481034,-6189.850923216886,265.0350381216338
STARLINK-4648,53602,40.99235202842912,-6135.759228572048,3186.2070900132812
STARLINK-4692,53603,-4053.7369030389473,5129.699804881569,2255.0007825093708
STARLINK-4690,53604,3018.8832172486373,-6208.724323721068,-458.289717192276
STARLINK-4693,53605,3875.8067506910907,2668.674385695577,-4643.05667719941
STARLINK-4590,53606,-4428.001408079769,3040.201300722226,4351.078835588249
STARLINK-4591,53607,-2508.721016183871,-3881.173689266348,5100.245929387252
STARLINK-4647,53608,-2928.603395176134,6168.009211398833,1110.1010414810598
STARLINK-4660,53609,-2568.244957006671,-3811.4047445367937,5138.005559699542
STARLINK-4610,53610,-4345.799073890621,3565.908473636154,4023.257805706244
STARLINK-4658,53612,-4402.133178689957,797.6084474241674,5267.029175976949
STARLINK-4655,53613,-3918.8099184006974,4895.488737066747,2914.362730381253
STARLINK-4605,53616,-4133.512388758665,-236.4650034308504,5532.250063565335
STARLINK-4609,53619,-2842.590075771534,-3634.1535040969097,5144.924518898985
STARLINK-4615,53620,2941.3911053143215,-6149.606815597646,-1189.7463112419296
STARLINK-4608,53621,-1470.1612650527813,-5356.00756767341,4115.400055360455
STARLINK-4568,53622,1483.9553616656897,5375.125443761551,-4102.797313099233
STARLINK-4573,53623,4431.205729459075,-1651.8120864121615,-5015.383314158051
STARLINK-4596,53624,1072.5723341883738,-6682.649319900963,1311.4901477021974
STARLINK-4554,53626,2864.3609965784535,3632.8108636287093,-5150.774181578142
STARLINK-4595,53627,4402.074925717615,-801.0401967230646,-5283.206605507407
STARLINK-4600,53628,-30.095948090001063,6417.760391054695,-2592.975205746223
STARLINK-4602,53629,3914.8809584749097,1346.022633612946,-5549.580641116084
STARLINK-4598,53630,-4187.579166083923,370.84767829351534,5484.176130847039
STARLINK-4599,53631,-1475.9146045364123,6706.533124224832,-860.7898933606958
STARLINK-4606,53632,-2664.541557540849,-4596.935100236233,4420.6284263297775
STARLINK-4593,53633,-3587.4494769564467,-2657.123202906795,5274.10518967503
STARLINK-4592,53634,55.01666686995679,-6807.405593674023,1224.1911336149803
STARLINK-4586,53636,2723.3977870272784,-5845.774915236965,-2512.2782009026273
STARLINK-4396,53637,-2389.571555436407,6190.995659955192,1950.08273319799
STARLINK-4594,53638,2687.213264385438,4603.679874367569,-4417.544500441612
STARLINK-4422,53639,-69.84134793524338,6788.713929267306,390.8539079046395
STARLINK-4597,53640,4151.811374705595,-2125.9478657060913,-5116.006555103165
STARLINK-4588,53641,1468.306231364306,-6727.966978738625,-673.8791685387546
STARLINK-4622,53648,1533.1491187517277,657.0963007734039,6715.291408745497
STARLINK-4386,53649,-277.1781591529056,-2268.125820603493,6395.03236454113
STARLINK-4380,53650,2458.702487458652,2121.7319863797525,6110.905647675182
STARLINK-4388,53651,277.9055967349084,-1367.573747504849,6605.288874724437
STARLINK-4374,53652,3163.536182205246,5263.370671181542,-3217.556428472194
STARLINK-4390,53653,-174.3972403928177,-2050.847054773457,6454.4082125990035
STARLINK-4420,53654,3817.6330507132543,5007.603108625032,2883.735934665879
STARLINK-4470,53655,-899.2878637424667,-3314.796572053991,5722.738250822521
STARLINK-4466,53656,-501.3089592040169,-2217.2376179232115,6535.852466649425
STARLINK-4452,53658,-2023.952720737057,-1498.370080603175,-6463.585199748567
STARLINK-4473,53660,-3168.755150257293,-5271.774479876704,3186.2147075604607
STARLINK-4472,53661,3724.907642760805,5659.969419986777,-1458.9664807229217
STARLINK-4357,53662,3344.1530745958976,5458.450812680742,2096.207478090877
STARLINK-4457,53663,-1106.394603494394,-36.29604037765755,-6847.603855532525
STARLINK-4471,53664,63.55521979541893,-1498.9078368934818,6754.639587385717
STARLINK-4334,53665,-2056.7544512231216,-2003.771651257536,-6151.928698720977
STARLINK-4406,53667,-2209.300158975998,-5003.802607594467,4094.4351484341964
STARLINK-4458,53668,2982.0042824674592,4283.938758849089,4236.403055151913
STARLINK-4464,53669,2850.018233014689,5597.878654920351,-2582.6985176444055
STARLINK-4459,53670,2703.3439310806116,4981.558827335117,-3993.9907680979927
STARLINK-4440,53671,3731.1881779095406,4475.726821599697,3739.1763468144068
STARLINK-4428,53672,-4007.161316549364,-5259.365207580828,-2089.4497074953647
STARLINK-4456,53673,-3533.1990012897,-5190.138173844963,-2624.9301493912785
STARLINK-4620,53674,-3719.030004792016,-5659.335064970158,1470.4190200254077
STARLINK-4617,53675,2010.346411379052,1481.9774527158943,6452.823811516674
STARLINK-4621,53676,-567.9240345025979,762.9017382861363,-6870.679476878872
STARLINK-4579,53677,965.5027438992792,2908.937962126843,-6221.204896131153
STARLINK-4632,53679,-953.2244987119656,-2895.209955113538,6213.243950132289
STARLINK-4630,53680,1903.9434421904543,4083.0180525934684,-5271.47315647877
STARLINK-4424,53681,-1010.5344686650184,45.59419351761556,-6659.407213139112
STARLINK-4438,53682,-3820.033137842178,-4999.882451792705,-2916.6897658269895
STARLINK-4625,53683,2391.7586147716183,4506.518771925593,-4696.25176644232
STARLINK-4624,53684,1479.524253045771,3452.8438344127326,-5829.386168427677
STARLINK-4626,53685,571.6911271339821,-752.3511051981495,6854.310448865003
STARLINK-4467,53686,-2909.2875229882397,-5024.059653009892,3771.942871442745
STARLINK-4569,53687,-3447.3818596623223,-4093.6076087370475,-4412.335559823884
STARLINK-4571,53688,-3240.6271730505987,-3477.093161280922,-5051.967061763484
STARLINK-4570,53690,443.34374290890474,2143.2284723831467,-6581.813329690145
STARLINK-4560,53691,3784.7345267134538,5777.381084915217,-565.294304442446
STARLINK-4572,53692,2809.4615916872126,6234.745950096121,-601.3968481290929
STARLINK-4566,53693,-2840.22591230487,-2923.7051767964604,-5613.056482352185
STARLINK-4725,53700,4290.475566363881,518.2967990408114,-5408.8682958503805
STARLINK-4711,53701,3237.0099252535824,2670.194933809441,-5507.033489934496
STARLINK-4724,53702,-1381.554791380226,-5761.697513385059,3562.171618487194
STARLINK-4731,53703,4193.109108450688,-5247.706879164736,-1664.8751940141765
STARLINK-4714,53704,1651.4044110818177,4611.512476131941,-4892.525848387095
STARLINK-4717,53705,97.26165558788571,5782.0553020285415,-3805.6212291859997
STARLINK-4716,53706,-4806.760070450673,3690.3644164721404,3329.1370404990103
STARLINK-4667,53707,-4247.124910292436,332.05602994987765,5440.889557859497
STARLINK-4694,53708,74.77514214790668,-6642.230788303744,1924.2263241029923
STARLINK-4685,53709,5084.392746818439,-2047.3963070180625,-4228.8943453919655
STARLINK-4627,53711,4102.1516421374035,-5540.009183572278,-568.3166375425938
STARLINK-4683,53712,279.701381463637,5446.336481559219,-4264.71909822289
STARLINK-4686,53715,5171.123918724479,-4097.744565484241,-2090.1967514745493
STARLINK-4699,53716,5344.55291760549,-2342.5814468896433,-3723.4900150657436
STARLINK-4695,53718,2700.3003497828545,3210.69863938767,-5507.697744342989
STARLINK-4644,53719,4140.894054042217,233.63678201234535,-5543.657649574879
STARLINK-4642,53720,4381.606796647581,-5350.1661047278085,-218.07416423144224
STARLINK-4707,53721,1376.9696062916057,-5865.9127504321505,3390.0523346930436
STARLINK-4700,53722,-2276.7749536554206,-3643.1437425288914,5412.290475878665
STARLINK-4705,53723,4859.046307540924,-261.81431066414655,-4924.37223438571
STARLINK-4663,53724,3059.2898925068944,-5967.303555186249,1692.8010492633637
STARLINK-4697,53726,-471.7118482468962,-5063.008976330027,4681.018451925071
STARLINK-4701,53727,-4883.389449434297,313.4490723310445,4880.957510669037
STARLINK-4640,53728,-3743.229051083562,-1877.1085537824638,5496.3745540794625
STARLINK-4651,53729,-4383.447604552287,5350.792017414668,162.40508089906191
STARLINK-4641,53730,-5353.20912837357,2316.2691040833606,3711.55506953214
STARLINK-4636,53731,-3247.7880381728337,6024.361252140975,-842.4538905464768
STARLINK-4661,53732,-5033.162252417331,4475.2290059890665,1577.1506697343348
STARLINK-4574,53733,-1912.9205561403664,5959.058064346809,-2948.2050727523374
STARLINK-4616,53734,-5185.135801739997,4087.1157556979974,2060.4420807299093
STARLINK-4618,53735,2832.66487385404,-5554.218678599903,2989.1503094050036
STARLINK-4652,53736,-1377.9867581917138,5855.5999531046145,-3425.362466334613
STARLINK-4662,53738,4401.884387971179,-5194.458503697338,1218.7466956927922
STARLINK-4607,53740,-1111.6286441611976,-4309.117402795298,5286.758011228616
STARLINK-4637,53742,-2868.184775936079,-2980.988459125788,5534.456246146757
STARLINK-4645,53743,-5435.281041591054,4237.15788431654,607.7183895367417
STARLINK-4670,53744,4550.594405204657,1031.9911753331285,-5114.433368665224
STARLINK-4656,53745,-4403.374240344221,5186.531788470545,-1266.3335635029086
STARLINK-4589,53746,-5848.490650295484,2673.946775220724,2543.8176336500474
STARLINK-4612,53750,-5638.505071456953,1248.4047679948358,3783.327952048137
STARLINK-4718,53773,6350.626527221651,-2735.0482389329877,224.94849310117883
STARLINK-4719,53774,6588.248010348695,-1315.7084372274946,-1659.649977031246
STARLINK-4722,53775,-6143.199969550896,1196.635461896966,2940.3217463987476
STARLINK-4664,53777,-3696.929425180284,-2395.814908680656,5323.8857361551045
STARLINK-4709,53778,268.8287574659463,4368.823594051821,-5364.402781295512
STARLINK-4706,53779,-1943.1774444852533,-3659.055410856379,5530.267093207799
STARLINK-4678,53780,-5346.375794298217,-526.7662578129085,4349.797136159602
STARLINK-4462,53781,4180.575051964914,-4865.581632681561,2581.989565752097
STARLINK-4679,53782,-350.1071558392291,6104.068850573456,-2496.930662407983
STARLINK-4536,53783,6206.572466217211,-2822.143240435246,-1182.0097418175067
STARLINK-4687,53784,2326.565805628838,-5051.527480948629,4105.027780899877
STARLINK-4743,53787,5328.151315043843,539.2689574762582,-4386.7082142910385
STARLINK-4666,53789,-328.0923509724636,4690.180700501569,-5081.574031061228
STARLINK-4734,53790,6136.839816886195,-1217.86096617095,-2960.2976913798266
STARLINK-4739,53792,-3748.047294913631,4960.841558872803,-3042.7426533366574
STARLINK-4728,53793,3912.681837689328,2200.465014706944,-5270.780154251209
STARLINK-4730,53794,5619.683935411025,54.20721944961091,-4041.8509060081965
STARLINK-4742,53795,-2319.4683708702732,5074.711632113824,-4097.967111620828
STARLINK-4723,53797,-6191.698260443491,2837.1083828167066,1210.6965850637825
STARLINK-4712,53798,-5517.664196793131,4113.540427297547,-720.8650662195533
STARLINK-4710,53799,422.56839752335685,-5065.211261798652,4683.144155569467
STARLINK-4720,53800,815.907912805595,-6083.9824208852015,-2845.6394857296414
STARLINK-4715,53801,1134.9427518541042,4307.957078244741,-5299.8130265631835
STARLINK-4726,53802,5553.289154314998,-949.5939494389354,-4022.8299686655373
STARLINK-4727,53803,1524.8607293181055,-6135.599563352391,2800.682633631237
STARLINK-4729,53804,3056.057002045804,2796.709267642554,-5547.365126004232
STARLINK-4763,53805,-2389.2374376385633,-3647.466958369574,5360.850357341522
STARLINK-4768,53806,4569.085148327119,94.94553000648196,-5200.534398257756
STARLINK-4738,53819,-4791.553980865085,-2883.595392185117,4063.8871509228306
STARLINK-4758,53820,4819.585866821321,2893.564715470924,-4039.844773516063
STARLINK-4748,53823,-5338.478700198714,4174.579581546221,1386.7043030001037
STARLINK-4757,53824,-1954.863451984186,4038.5713653151565,-5272.883272819766
STARLINK-4751,53825,434.6494168191286,4137.232403427398,-5534.250095413792
STARLINK-4756,53826,-6876.227782909871,-298.03786631572643,700.0229693980151
STARLINK-4764,53827,-4083.9394927936983,3434.280307372756,-4410.8014007639995
STARLINK-4760,53828,-6212.44303747147,-1686.2447937115817,2527.43707933196
STARLINK-4759,53829,-5731.721323560328,2442.978453254869,-3015.6856013746806
STARLINK-4761,53830,-2801.3807570515496,-3727.5044675311497,5100.995392997336
STARLINK-4649,53831,-6708.613657256535,1153.1609944820445,-1248.5608986060759
STARLINK-4747,53832,1900.0205392758203,-4030.6383431088866,5281.785745036851
STARLINK-4771,53833,-5254.306218279451,-2579.811873851093,3679.01840142193
STARLINK-4737,53834,5776.504213689893,-2417.766200249286,2931.8588849110633
STARLINK-4783,53835,-498.83830397975845,-4123.93733747098,5522.287463633926
STARLINK-4778,53836,-1253.4004066025682,4423.909909033953,-4953.883746170422
STARLINK-4776,53837,4065.053346763298,-3449.953474417559,4398.6105083655275
STARLINK-4773,53838,1775.3947197543457,3829.6099690568244,-5487.672064533817
STARLINK-4784,53839,5620.416491274377,1662.9180945306973,-3682.8069500429165
STARLINK-4766,53840,-6737.357059117756,1424.4913929985014,99.38993114418915
STARLINK-4750,53841,-589.8036093785562,4267.267512245798,-5420.081326989221
STARLINK-4754,53842,-6797.156474906456,1277.2126525343933,196.70111237130467
STARLINK-4769,53843,-2870.2705520929326,4193.258190195787,-4702.112279517279
STARLINK-4745,53844,-6807.532979277168,1222.680824319888,265.12131337046253
STARLINK-4753,53845,-6193.311710860091,2586.376229357042,-1688.8191799286549
STARLINK-4746,53846,-1824.7240454595096,-3802.55848295748,5473.87435556192
STARLINK-4777,53847,-6614.512677303668,-148.9288634969362,2016.1681854755332
STARLINK-4780,53848,2908.1543357133055,-4193.361791642884,4661.401037855046
STARLINK-4770,53849,-6206.10063988523,-816.2278661518806,2874.610413185081
STARLINK-4767,53850,6794.652151344095,-1281.048502034699,-247.77262395005891
STARLINK-4755,53851,619.5480374667046,-4267.243381551215,5399.786843567395
STARLINK-4797,53852,-6344.246235870309,-218.25787489926313,2742.8154386359793
STARLINK-4794,53853,4873.7520898923685,-3599.0305069852557,3330.306098078634
STARLINK-4800,53854,4768.474807619806,1862.54688569905,-4660.23533356972
STARLINK-4703,53855,-5379.185876392805,-1794.4190318284313,3911.068820151247
STARLINK-4795,53856,3420.102556916698,-5321.229010523194,2171.593083626124
STARLINK-4809,53857,-515.1501935830236,4265.821077666125,-5416.067554857961
STARLINK-4798,53858,5049.849842195695,-2652.20059969672,-3391.7874524975464
STARLINK-4790,53859,6301.557274590143,-2690.726446401441,948.3485949364009
STARLINK-4799,53860,-1547.9880953514366,4595.555275021537,-4941.270185714215
STARLINK-4781,53861,731.9938925000093,4138.6439379281355,-5501.887001542972
STARLINK-4788,53863,-5322.15616023797,3864.3423886629753,-2155.6075730380035
STARLINK-4779,53864,6027.590007257747,274.6526386437918,-3391.989180585877
STARLINK-4762,53866,3024.930478138721,2847.1443458994136,-5538.810051326191
STARLINK-4793,53867,5370.6063611775035,-4233.667437557811,-453.16119381384743
STARLINK-4789,53868,-4600.810105178619,-957.664302356348,5067.33792034212
STARLINK-4810,53869,5501.605046406945,-4124.873047467209,755.8936700912968
STARLINK-4732,53870,-5526.936949839108,884.3734903862492,4057.11865165153
STARLINK-4740,53871,5833.627956707487,-2686.682960541364,-2579.251299205107
STARLINK-5028,53886,-6543.9248763349315,-424.83341842127123,-2213.9713897608126
STARLINK-5029,53887,-4458.073222456693,-4105.19571694236,3328.770258983712
STARLINK-5034,53888,3173.175162462715,2753.5446883533737,-5100.548284072697
STARLINK-5031,53889,-5940.5254671865205,-3189.3086196017257,1544.8602267880678
STARLINK-5050,53890,5185.638534190353,1733.6951618308417,-4245.486339259394
STARLINK-5041,53891,-4112.21711292167,2978.2516011057114,-4530.6877487176
STARLINK-5046,53892,6559.492571776823,443.0846446611843,2145.0908360504504
STARLINK-5052,53893,1525.0556307892698,-3863.7176821251296,5522.175433782392
STARLINK-5043,53894,-6070.755182377552,-2300.5588365116146,1807.530183907382
STARLINK-5032,53895,1450.1779335056945,3719.0942716316003,-5297.183297624189
STARLINK-5037,53896,6636.131211023548,1934.67182621321,282.0710158382854
STARLINK-5035,53897,4419.926326893738,-3080.3791869659135,4033.9748552813903
STARLINK-5044,53898,2488.9385597457795,4477.57466305195,-4656.471414633347
STARLINK-5042,53899,2051.166359511016,3507.2925341990313,-5214.8985986151265
STARLINK-5045,53900,-2098.420389494951,3657.1455331548755,-5491.499033046792
STARLINK-5021,53902,1966.7768188568098,3655.609348075631,-5540.930652403167
STARLINK-5022,53903,6136.856418641929,2954.755685381443,-1220.8651541245451
STARLINK-4787,53904,-4167.134831789571,2537.7540817703157,-4911.911487499225
STARLINK-5003,53905,-6862.564919466865,-414.7393100136666,-787.3725897803649
STARLINK-5054,53906,1467.6474540381353,4212.883519681554,-5294.021694766193
STARLINK-5057,53908,-5527.179383827548,-2993.255165451047,2883.0143578354036
STARLINK-4796,53909,-3007.724845911752,3476.023986107218,-5180.338608955329
STARLINK-5048,53911,-6569.878163304165,-1835.6801623483793,1149.6324420487933
STARLINK-5059,53912,-3120.251769376808,3453.3480820390755,-5125.287330419255
STARLINK-5053,53913,3119.0263533453594,-3435.0557298788185,5121.573747733661
STARLINK-5040,53914,5303.00750459502,-2173.3844103869346,3864.7468923999522
STARLINK-5051,53916,2530.3150672434645,3538.129430613162,-5354.139887677186
STARLINK-5036,53917,5602.658883643753,1543.1992168746349,-3357.0503613530122
STARLINK-5012,53918,6342.922472729263,-1034.8120894418885,2552.295793660506
STARLINK-5023,53919,-2991.35241366536,-3918.142421340118,4818.125783386863
STARLINK-5025,53920,-2139.5805877254256,-4163.609578460488,5084.224341099408
STARLINK-5002,53922,3746.2474194665697,3836.8852331465732,-4377.947711064343
STARLINK-5004,53923,6567.684465428691,1824.6696586553005,-1191.3968349539473
STARLINK-5001,53924,-6657.17701922275,1179.804608241299,-819.0322709870223
STARLINK-5011,53925,-5042.136665165188,2407.213771355998,-4087.414260100199
STARLINK-5014,53926,625.0132247302855,-4202.796326658437,5162.664549873424
STARLINK-5009,53928,6707.276506180755,-1153.040717512793,1235.1938191373683
STARLINK-5018,53929,-221.78055812765854,4161.373149410773,-5528.8037554574075
STARLINK-5010,53930,41.316618415316675,4365.650998608318,-5043.1878394819605
STARLINK-4772,53932,-2407.2691836653644,-3717.546985797782,5304.920896336985
STARLINK-4782,53933,6876.42464131449,295.0231822842741,-709.7713863575426
STARLINK-4775,53934,71.2586111112149,-4166.992339931003,5511.810623931859
STARLINK-5000,53935,-2972.124059343401,-2619.1576032857342,5314.585441381663
STARLINK-4791,53936,2300.8517592649873,3749.4966841326855,-5346.009911540308
STARLINK-4633,53964,3649.6368718522504,2490.0305573953815,-5330.767353003406
STARLINK-4635,53966,1411.4774477005853,6051.631064130196,-3049.9907325171653
STARLINK-4634,53967,-53.76918746533403,6807.165013321381,-1246.6376493846462
STARLINK-4629,53968,-3674.2089675636053,4205.112205734006,4074.6604980631278
STARLINK-4468,53969,-1492.3301129244774,6720.44006760241,685.7072088651985
STARLINK-4567,53970,3.815787980181394,6898.70943164048,-540.0545787605978
STARLINK-5156,53973,-4147.219456350993,2132.6411655901006,5100.389796543817
STARLINK-5159,53974,2456.6062199110875,-4631.554275219353,-4521.794053963984
STARLINK-5137,53975,3565.7288928146045,-3844.9365436702233,-4519.70307624991
STARLINK-5134,53976,2861.778439925099,5918.091927501136,-2166.5753284681964
STARLINK-5094,53977,2674.8313836262028,4995.572145495233,-3976.957298397848
STARLINK-5148,53978,-3492.804615041056,4056.455538152972,4373.709923434466
STARLINK-5123,53979,-1411.1179273868563,6628.980831021685,1382.7528936970161
STARLINK-5133,53980,-1415.2506645759963,-6351.277308274188,2340.2950500757393
STARLINK-5149,53981,-2889.6739431585142,-5900.864585387507,2156.896568268898
STARLINK-5120,53982,78.43890926309211,6916.504260056209,166.5510623480238
STARLINK-5142,53984,3622.6513041675817,3529.748868524604,-4727.702577179037
STARLINK-5147,53985,4071.4841706349343,-1073.7707587226273,-5495.780317269463
STARLINK-5119,53986,1621.990025946032,6709.458860473473,-204.35519264234253
STARLINK-5113,53988,2710.909085499168,5365.164461435343,-3433.3511147454437
STARLINK-5118,53991,-1294.3504137785885,5925.788280405482,3319.369884736862
STARLINK-5108,53992,-1339.4120938592957,6466.465565206709,2055.730179712272
STARLINK-5121,53993,-2844.9893324301042,-5606.997186099514,2877.3315286292677
STARLINK-5125,53994,-4056.889114977495,1097.3777950809454,5485.127519494857
STARLINK-5097,53995,-2599.1909754482567,5230.674068306369,3698.9971909201727
STARLINK-5131,53996,-4087.0709282123817,-1284.7765934217548,5421.687238888154
STARLINK-5130,53997,4193.232902365143,4.749253351687705,-5509.371311333313
STARLINK-5128,53998,-2710.630018025629,-5383.401739713897,3386.539555237853
STARLINK-5079,53999,-3525.321575035762,3410.30369223658,4869.037086357126
STARLINK-5088,54000,4240.304731371624,2350.5136775905835,-4942.575557577765
STARLINK-5109,54002,1524.0436177465679,-5638.108861496775,-3661.1395497517683
STARLINK-5114,54003,-3700.459777639621,-3304.653160065289,4811.977612899712
STARLINK-5129,54004,-69.6170512631983,-6914.231863227133,-236.10149983460084
STARLINK-5135,54005,-1373.373840472493,-6603.009943478682,1531.6158452690904
STARLINK-5096,54006,-3812.2608743218766,-2957.075316705294,4927.67621175683
STARLINK-5132,54007,1348.9573903679457,-6448.067513078153,-2120.8515893036306
STARLINK-5145,54008,1413.1958361559366,-5812.7809394987335,-3481.4645028476652
STARLINK-5099,54009,2604.479666498781,-5204.4590765924895,-3747.75596014714
STARLINK-5127,54010,3626.5386229391443,-2339.9266144600406,-5413.609490416967
STARLINK-5124,54011,3784.5058353380628,4380.484868779308,-3796.646281033845
STARLINK-5126,54012,-1446.067699231229,5728.772429749778,3544.0354025955394
STARLINK-5098,54013,-2639.2040820837883,4371.726397313237,4657.909652377322
STARLINK-5055,54015,-3622.3190134180695,2336.661819252649,5400.858036419543
STARLINK-5195,54051,1742.3523724125916,5320.231858431537,-4076.07240375407
STARLINK-5189,54052,6215.017220975399,1683.9469154033857,-2537.8750325647343
STARLINK-5176,54053,124.8416468078412,-4717.709252347237,5031.314253130217
STARLINK-5163,54054,-705.5212008947285,-5035.186021688726,4677.071879090847
STARLINK-5158,54055,-5867.513657105037,-3453.673644174079,-1239.9161059290573
STARLINK-5226,54056,-4055.8774690475543,1885.5550378682074,-5284.741946392708
STARLINK-5167,54058,288.56115957989994,-4654.357753756778,5100.380820595415
STARLINK-5173,54059,-1935.118835786149,-5322.272540090029,3965.430120254666
STARLINK-5169,54060,-812.233446252992,4079.6422494799976,-5534.61290098886
STARLINK-5209,54061,-1327.6479314778655,4038.488530633595,-5464.8372931245
STARLINK-5170,54062,2363.344840369822,-3421.8165818250905,5518.400727851069
STARLINK-5172,54064,1244.2609774288796,-4181.1360810674505,5344.151650732691
STARLINK-5187,54065,5970.811096526158,1849.3269891558934,2955.59656756754
STARLINK-5151,54066,-3684.2965482852646,-5302.240520730478,2484.384129144618
STARLINK-5174,54067,5081.5400310399755,4642.042709600419,-709.7797019348587
STARLINK-5222,54068,5874.973049002983,3449.3350896439047,1195.4097941408868
STARLINK-5181,54070,1813.0113618765852,5293.871359776313,-4075.0251097757427
STARLINK-5168,54071,-266.35718153411716,4661.553906034562,-5111.5783288764615
STARLINK-5146,54073,-646.2250941095381,4360.361776048181,-5338.6342717669895
STARLINK-5192,54074,-2280.6677634636003,3491.5486125294096,-5526.561610741539
STARLINK-5212,54075,4139.928961451949,-1958.6836570274772,5150.97708946389
STARLINK-5201,54076,-5864.639722774846,-1371.998826811951,-3412.4045048464463
STARLINK-5171,54077,6019.349966815313,2887.4520305397573,-1822.5839897467608
STARLINK-5175,54079,-6012.130056582352,-332.8241832083491,-3415.0619486441733
STARLINK-5160,54080,-2360.7429786755633,-3574.4310327054086,4918.22887810722
STARLINK-5210,54082,-6402.8534641296055,-2008.623983323536,-1694.7065331171823
STARLINK-5178,54083,-3202.6364597622573,-4880.527663746661,3704.0564206379004
STARLINK-5183,54084,-6022.478006713314,-3400.858373477553,182.00491679833476
STARLINK-5166,54085,-1666.8825859232188,-4847.987435073297,4635.562215093294
STARLINK-5211,54086,-4145.270279917435,-3958.590582223964,3865.3606529271087
STARLINK-5184,54087,-1134.6985142069075,4065.044876146373,-5488.453883672373
STARLINK-5153,54088,-4797.923269756516,-4465.593474357741,2206.9557696162747
STARLINK-5143,54089,6031.417239014387,351.39391453853307,3361.094590043967
STARLINK-5177,54090,4929.052503732934,-1336.8041682066428,4656.767667465651
STARLINK-5221,54091,-3219.3015012381147,2894.0334435837603,-5403.207101441788
STARLINK-5190,54092,6380.262559710827,-1450.646525503264,-1422.9858195889133
STARLINK-5213,54093,4912.818394668042,4395.891790431439,-2106.4373391492213
STARLINK-5193,54095,1114.5521058672284,4757.365043852498,-4904.253686791101
STARLINK-5188,54096,6007.543902019359,3421.088936376956,-271.9694806476112
STARLINK-5197,54097,5451.195089922502,-2361.195021991373,3536.189982382247
STARLINK-5217,54098,-562.9484581480142,4306.241130085995,-5392.01083106508
STARLINK-5198,54099,-4967.23752453793,1325.4170978299605,-4636.216627086513
STARLINK-5185,54100,3197.9772714282963,4870.302345862185,-3737.4101900951846
STARLINK-5204,54101,4588.276888614497,3782.0561573796854,-3543.5391599664367
STARLINK-5179,54102,-1056.8065443975147,-4751.011866147239,4907.077454624165
STARLINK-5200,54103,5472.089924567471,3018.186982891427,-2975.5680469933195
STARLINK-5203,54104,-5998.388917491595,2536.452246830787,-2343.866252744564
STARLINK-5290,54157,-272.3971729114799,6063.588919579522,-3326.8774693926193
STARLINK-5297,54158,4624.049550539406,1937.9610851336265,4757.240070190915
STARLINK-5294,54159,4387.968156564118,4130.162550409701,3388.930699201649
STARLINK-5233,54160,540.0809350631321,4503.547163991126,-5230.1673817674855
STARLINK-5269,54161,4507.4444267580475,3628.283035644403,3782.501927802627
STARLINK-5273,54162,2457.082824813273,6466.071652209338,-151.12385481021028
STARLINK-5161,54163,4799.643520582393,731.0764855114993,4918.411056628044
STARLINK-5278,54164,3960.3023281448477,-1434.998916240058,5477.778104245787
STARLINK-5279,54165,932.2205236610012,6537.097568579223,-2071.990528002091
STARLINK-5280,54166,5066.585390631259,2863.1364127029456,3731.4662588968163
STARLINK-5243,54167,-4650.083555335813,-2095.7469092923616,-4681.428167064119
STARLINK-5245,54168,4723.229399362383,4572.248077969591,2146.876896272042
STARLINK-5282,54169,2643.759713134809,-3419.924710634728,5391.582603114349
STARLINK-5155,54170,3689.1088186656466,5851.5907466436,78.96584781222896
STARLINK-5117,54172,-310.55967762190556,5492.791883548644,-4197.357672456692
STARLINK-5242,54173,971.899157887567,-5023.500954673554,4646.821173410825
STARLINK-5248,54174,-6477.836117709185,-1657.911399691975,1769.6956399170476
STARLINK-5256,54175,2435.057419049562,6268.251457118762,-1633.5158838517386
STARLINK-5154,54176,-5008.702157621636,-3649.7650168663113,-3069.686158192701
STARLINK-5186,54177,-1000.1799936919009,5028.413773683402,-4651.604253751205
STARLINK-5164,54178,-3790.4941970475584,-5785.905560942686,-179.80886738605642
STARLINK-5122,54179,-2612.613353918084,3478.7381920040066,-5385.724283412175
STARLINK-5227,54181,-5091.921227202277,-2799.2756147159575,-3763.157575212422
STARLINK-5231,54182,1120.2064247146798,-4062.439591535494,5476.5439119943585
STARLINK-5239,54183,-794.3891366341571,-5997.801241186759,3346.880082519456
STARLINK-5162,54184,-2826.628662160283,-6217.069134479129,1101.205053663028
STARLINK-5235,54185,-4754.539991040435,-4549.294964840346,-2145.9703203031995
STARLINK-5240,54187,-4795.64657625376,-640.6894192078378,-4952.486372502438
STARLINK-5238,54188,5381.749893354536,1402.8420980764051,4105.161063853432
STARLINK-5281,54190,5519.336128811839,3249.7543413986846,2605.9071379449783
STARLINK-4619,54191,3233.636685296333,-2614.3938641646005,5518.839086138506
STARLINK-5268,54192,-5044.781003365662,-4664.735602483769,-822.2052594339549
STARLINK-5263,54193,3847.9019513974076,5631.211371617661,-1169.0466111059607
STARLINK-5271,54194,340.887965270117,5338.572866740516,-4393.778855415231
STARLINK-5258,54195,4983.20163463733,4738.4206596459135,752.4885930713677
STARLINK-5237,54196,-3269.2761193299925,2586.6401714391864,-5527.76511623813
STARLINK-5246,54198,-4622.224886623089,619.2691860354114,-5116.920268142523
STARLINK-5244,54199,-1576.09802100784,4193.649988193388,-5278.24879477995
STARLINK-5250,54200,-5541.253904115787,-3251.3843890864714,-2575.6414322114074
STARLINK-5199,54201,2239.2346270331595,5843.431544089314,-2957.377011867336
STARLINK-5205,54202,-3907.576872388696,-5594.781280575662,1133.207545367675
STARLINK-5247,54203,-5410.297145959588,-1423.7022064243672,-4076.671000327188
STARLINK-5241,54204,1525.8540493296557,-4211.876869851854,5262.399908390076
STARLINK-5249,54205,-2300.846682671156,-5826.141215951053,2928.7848638794694
STARLINK-5264,54206,-6035.356782248591,1081.265115282368,-3213.1390602888296
STARLINK-5262,54207,-397.2279279884285,-5338.6576357567565,4372.8746188748055
STARLINK-5255,54208,4698.735804548711,4269.263195165468,-2756.6415524404
STARLINK-5259,54209,-3665.0286909704896,-5279.500610070639,2552.9897115434064
STARLINK-5464,54758,715.2337741247092,6716.5736116983035,1487.7233921265943
STARLINK-5215,54759,2065.5845089990885,5768.088673274544,3203.7805987807105
STARLINK-5220,54760,679.1749731099762,6531.29576469639,2169.433184899747
STARLINK-5202,54761,2059.01902084719,5418.228612124339,3767.1528291878867
STARLINK-5214,54762,4067.89022287429,841.2105739094487,5499.202042820395
STARLINK-5191,54763,-792.0864942953167,6866.072155186381,297.69045944839957
STARLINK-5458,54764,-3460.8035063581947,-3101.1779469729922,-5132.055570825189
STARLINK-5471,54766,-4241.438970422393,868.8595439566549,-5402.774227605573
STARLINK-5472,54767,-3968.626217752139,-1445.1691961253805,-5486.043299166951
STARLINK-5444,54768,-148.2179601847913,6797.909846250965,-1229.4579233691895
STARLINK-5448,54770,1990.0927454239973,6415.930895844618,1548.6184253960012
STARLINK-5451,54771,721.4651246587619,-6864.992212674894,466.379553850192
STARLINK-5452,54772,-543.8487098295138,6677.6434148415965,-1733.6731385025992
STARLINK-5453,54773,-2080.341933151518,-5430.438041506345,-3755.768557933218
STARLINK-5454,54774,3902.2520595529636,-1760.3197567594527,5424.890263271522
STARLINK-5465,54775,-716.2831894632557,-6534.644628834844,-2166.3994126379325
STARLINK-5470,54776,3961.365273784596,1455.9511946968364,5471.462790119047
STARLINK-5468,54777,740.7192647128289,-6872.842877043558,-310.1242254610486
STARLINK-5450,54778,-3149.859277312937,3922.7029866603652,-4755.580357209184
STARLINK-5447,54779,-2009.767954679455,5617.382494418383,-3509.7258613230424
STARLINK-5449,54780,-3309.6076427792914,-4911.057036576893,-3584.6248581370637
STARLINK-5443,54781,-3924.578861417385,1719.1589252348833,-5438.248694029368
STARLINK-5439,54783,-4216.153811743292,-670.0070271567773,-5450.721570509595
STARLINK-5442,54784,2135.049065239464,-6376.678631520308,1620.281051018538
STARLINK-5440,54785,-3781.4597840793076,-5475.728829270644,1885.3917979669804
STARLINK-5441,54787,3201.0865900969056,-5200.411820947408,3243.9361488059394
STARLINK-5399,54788,-2222.373148755345,-6263.017324627324,-1933.635088453807
STARLINK-5446,54789,-3715.969551899431,-5550.501276155021,-1813.675147085937
STARLINK-5445,54790,575.2164650289708,-6646.851880316004,1824.9471763810386
STARLINK-5425,54791,-4004.806282793871,-2955.214607348236,-4812.489420874573
STARLINK-5431,54792,4228.344483994682,-956.3864204182395,5381.449651223972
STARLINK-5433,54793,-4457.180242263022,-1628.952577488582,-5041.378609659651
STARLINK-5436,54795,-2887.306597201721,-5594.26925091506,-2821.785359917212
STARLINK-5415,54796,1988.495266748077,-5606.272858995973,3524.016920551845
STARLINK-5435,54797,-1075.8489442677176,-6324.044746354601,-2600.1489712389157
STARLINK-5420,54798,2079.848253569846,-4811.53964452445,4505.745428773454
STARLINK-5421,54799,-4223.138750528645,-3880.1768366457195,-3877.1696690318804
STARLINK-5428,54800,659.2137343582651,-6783.848050174096,1181.751275263685
STARLINK-5429,54801,3246.5260887422687,3607.146567460676,4920.5713629929005
STARLINK-5426,54802,1562.407624681781,-4059.9770628182832,5372.414337856875
STARLINK-5430,54803,3954.5557760014235,-3336.628036696653,4583.47060052476
STARLINK-5422,54804,4147.560491703725,-240.02493994169416,5495.035215227928
STARLINK-5417,54805,-3457.6447174074037,-4601.245211923663,-3851.305452517155
STARLINK-5412,54806,4202.386555803285,504.9549153719026,5432.661235252083
STARLINK-5410,54807,4212.90907755773,683.2669197108573,5434.465676627367
STARLINK-5413,54808,-2238.4445350014807,4357.984683643074,-4891.363111182695
STARLINK-5414,54809,3956.460071129685,3245.0405098774336,4611.493791875178
STARLINK-5408,54810,552.1680792354261,-6429.69483633094,2486.956502630268
STARLINK-5424,54811,-2935.260858402016,3942.754729845382,-4875.127968460413
STARLINK-5382,54820,-3601.570443839579,3732.9048686075535,-4495.967456500104
STARLINK-5385,54821,2005.1755687719292,6506.100579923401,-865.33722873673
STARLINK-5101,54822,5310.600084325501,391.5899925971116,4317.952043529867
STARLINK-5106,54823,-1862.7432702464328,5463.57231396268,-3714.4916138929802
STARLINK-4643,54824,75.12426378165763,6409.447267217193,-2455.142103168857
STARLINK-5107,54826,5280.531571581462,2825.8415742839334,3340.2135461203184
STARLINK-5383,54827,4660.079757611494,-1888.2244605010703,4658.891550222128
STARLINK-5381,54828,3358.6742151185713,-4044.4971647189986,4399.110054021429
STARLINK-5394,54830,-1697.3879830083888,-6554.221596947519,1099.0626918808432
STARLINK-5395,54831,3673.477024904312,5732.841885806818,845.4075871805214
STARLINK-5386,54834,-3427.402253636146,-5911.65965179827,-613.7999357949172
STARLINK-5389,54835,1586.8855144129914,-5659.723028449871,3529.1901800463397
STARLINK-5372,54838,3456.6344553812046,-3837.582057101065,4507.175994009986
STARLINK-5368,54840,5303.017182708551,-24.522666943963653,4344.572051246661
STARLINK-4659,54841,1656.6161050742453,-5491.114081061439,3755.610472156974
STARLINK-5387,54842,4895.7895349653545,4325.989777111854,2088.595924387682
STARLINK-5304,54843,424.9857482198584,-6138.717904334976,3028.05181009233
STARLINK-5388,54844,-5275.705048791509,-90.05539081461833,-4389.690898390178
STARLINK-5082,54845,5467.03220946405,2239.301185831426,3481.217006563347
STARLINK-5360,54846,4191.7135377623545,5324.2118140894245,1073.68227097882
STARLINK-5061,54847,-589.3440677780852,-5703.727183316302,3757.9961643326237
STARLINK-5432,54848,-2240.782915078372,-6159.0251291130235,2017.6200244241877
STARLINK-5087,54850,5458.829137026314,3818.4205590622864,1636.1063232748004
STARLINK-5084,54851,4349.224338290339,5307.208553733666,-44.64054041323303
STARLINK-5418,54852,1233.6479115264713,6153.7970876957315,-2778.3678523790654
STARLINK-5427,54853,5795.504361975911,2560.0575677960364,2625.7888136798065
STARLINK-5416,54855,4789.856773004723,4884.635284722804,522.6741742970518
STARLINK-5086,54856,-4537.893641749716,-5139.022914899348,-237.74166196236496
STARLINK-5078,54857,4313.522990171589,-2621.894878892563,4637.571484820429
STARLINK-5407,54858,5841.196326422847,1751.1078774742482,3137.8915103722775
STARLINK-5409,54859,-2905.1163461800224,-6036.765236877227,1468.1517912944344
STARLINK-5406,54860,-5557.962642514089,-3538.16097414951,-1916.4092101620874
STARLINK-5400,54861,3172.95919613544,5951.8209753117535,-1270.9016885901751
STARLINK-5403,54862,3178.3741936797546,-3953.190902351672,4610.438237828158
STARLINK-5405,54863,468.60514181275795,-5739.678690804847,3719.76457269067
STARLINK-5359,54864,-5312.538620901809,773.8490884398885,-4276.232129995947
STARLINK-5411,54865,2613.1925469467865,-4457.888970774656,4503.958783121117
STARLINK-5398,54866,-202.97099013395163,5831.944450049119,-3614.2515161829506
STARLINK-5396,54867,-5820.857790773938,-1478.2729514660523,-3320.7653926930716
STARLINK-5379,54868,3795.534760677004,5678.552558929848,-663.384122165945
STARLINK-5402,54869,-896.6157320531815,5574.211979397618,-3903.850379040766
STARLINK-5401,54870,1915.3857786889837,6174.792955554539,-2303.812031733057
STARLINK-5397,54871,-2922.175266646632,4208.836841323526,-4567.755411359458
STARLINK-5091,54873,-3504.6316413188274,-5824.988801209207,912.6912828074851
STARLINK-5277,55269,4362.318262260401,-5352.61976573263,797.6668567885173
STARLINK-5306,55271,3151.6051420598287,-5298.239901926546,3206.9475116655426
STARLINK-5310,55272,3810.7754801803158,-1196.8363042677338,-5692.585861869355
STARLINK-5291,55273,-4872.015518539514,4747.939130509827,1435.6213530291093
STARLINK-5236,55274,3377.618161399386,-4528.8281583644075,-4055.62792162566
STARLINK-5260,55275,2425.478657679167,269.33049624453065,-6512.3598045209255
STARLINK-5261,55276,2435.144474176009,242.6165066314829,-6509.617107344462
STARLINK-5299,55277,4722.2592132368445,-3131.7174999302365,-4030.640624026809
STARLINK-5289,55278,-1436.4887058656834,4446.569680976433,-5151.281270590922
STARLINK-5331,55280,-464.1737709819993,-2905.718982762996,6291.340842977042
STARLINK-5298,55281,2319.4222707391928,923.9619539195013,-6490.731855347327
STARLINK-5330,55282,-4924.361953426682,4243.442224834672,2470.778340564827
STARLINK-5317,55283,474.0874645048949,2908.4516660570157,-6299.858397915773
STARLINK-5337,55284,-4922.851646196488,4201.536300295128,2544.444083619445
STARLINK-5332,55285,-44.842400647161234,-6924.313690254176,610.4237287986879
STARLINK-5338,55286,51.52841913790522,4809.300819033357,-5023.649627354234
STARLINK-5341,55287,2370.801432282943,-490.174248245984,-6519.359013429244
STARLINK-5311,55288,-3110.988470790795,5863.709463830516,2064.463789122458
STARLINK-5320,55289,1369.6137306931837,2692.726184522727,-6264.377892681281
STARLINK-5266,55290,-1207.7125304006183,6108.626875489817,-3098.1823344282266
STARLINK-5327,55291,3146.9985077174656,-2277.046104254468,-5768.1254260099095
STARLINK-5325,55292,-3360.3674732148625,4469.547618674673,4125.349306588598
STARLINK-5287,55293,-3032.561395831271,6019.663888333367,1703.2685125599598
STARLINK-5286,55294,-4346.640769847989,5369.763464896028,-793.1014922382495
STARLINK-5293,55295,1471.2586899161888,-4450.225110408237,5127.413395140556
STARLINK-5285,55296,-1365.4851476032143,-2706.873744915727,6248.472198944301
STARLINK-5284,55297,-3135.1002243469,2283.1677710532595,5763.038291218345
STARLINK-5270,55299,-104.84448711840595,-4754.674852941902,5063.494863221801
STARLINK-5308,55300,1152.7987054695682,-6082.593006408686,3156.084994382315
STARLINK-5321,55302,-2404.209686510757,-313.311746075962,6507.9496751480865
STARLINK-5322,55303,-3794.376534097216,1195.7624936217499,5694.7789057996015
STARLINK-5318,55304,2321.7687263732287,-6526.004777869807,580.2120180878946
STARLINK-5316,55305,3097.704764158915,-5928.040525561717,-1898.9752980783076
STARLINK-5295,55306,25.65534370076222,6925.211371058177,-628.58030239574
STARLINK-5288,55307,896.5477568044589,6216.193143282384,-2987.8478170821754
STARLINK-5315,55309,2184.8694377750326,-3082.5220912019404,-5838.551344479936
STARLINK-5309,55310,-1673.9773562563455,5258.775592408079,4221.8842669689775
STARLINK-5312,55311,-910.5015435783255,6595.683558132503,1996.9896669440022
STARLINK-5296,55312,-15.154562871726604,-6934.084427760754,494.1548768346896
STARLINK-5313,55313,-2366.5306102675754,596.1674438915285,6502.539920627646
STARLINK-5305,55314,-2188.8201541468734,3099.0434685995583,5818.497846685982
STARLINK-4623,55315,-2318.3170824245503,6523.56400945689,-653.5853662301007
STARLINK-5257,55316,1670.342596236143,-5235.781926086495,-4260.626298114897
STARLINK-5265,55317,-2171.1737652540623,-2304.663436122698,6181.3187783019075
STARLINK-5180,55318,-1677.5193099722585,-4550.509276362106,4973.764538867352
STARLINK-5196,55319,-908.0355561072093,-6221.724508245252,2959.386729515824
STARLINK-5492,55331,-5694.462905673875,-946.0869570696893,3701.1505850534577
STARLINK-5491,55332,3407.788660826255,5562.183040578705,2116.4992037896645
STARLINK-5493,55333,-3707.059162238482,3376.774798908854,4673.846629759204
STARLINK-5652,55334,-5044.159004203186,1262.118511216405,4467.916585545331
STARLINK-5660,55335,-1855.187599520377,5054.772456375207,4242.73014405212
STARLINK-5655,55336,-5662.332166432223,735.2911369758473,3795.7551042082578
STARLINK-5667,55337,6169.882430978672,1021.3885242171567,-2825.748685859216
STARLINK-5658,55338,212.420675533087,6033.185323834371,3250.522596368074
STARLINK-5671,55339,-2991.991921527078,4200.71471635071,4515.574785975706
STARLINK-5675,55340,3444.268286562373,-3683.1144600963926,-4657.206353209473
STARLINK-5670,55341,1618.8307484677164,6247.3431567031375,2319.2783400945127
STARLINK-5657,55342,3489.7491059994154,5863.670994174939,701.2386417826323
STARLINK-5661,55343,5772.6151464544455,2077.16189900965,-3076.1461036769238
STARLINK-5653,55345,5020.168081360025,4646.674722720276,507.3413129741259
STARLINK-5631,55346,5483.944900061693,-119.97718402295209,-4125.715767106959
STARLINK-5663,55347,5663.6244870726305,636.0245922861898,-3824.4825454742872
STARLINK-5609,55348,1520.2414416507293,-5264.656270420008,-4134.130757573805
STARLINK-5666,55349,-603.4775772078269,-6121.69878923407,-3044.9902223945282
STARLINK-5668,55350,5695.441067285087,2816.372773585228,-2593.5522886807576
STARLINK-5659,55351,2158.016119503819,-4838.8112408759425,-4364.558069993455
STARLINK-5547,55352,-5464.425951059775,-3865.059604196362,1504.9968088859498
STARLINK-5608,55353,2959.535489895941,-4121.406883906622,-4622.693876858468
STARLINK-5649,55354,4017.302870352411,-2997.2667380991343,-4689.613315086649
STARLINK-5647,55355,-3794.7988540599645,-5701.567044426015,-430.4364392867288
STARLINK-5651,55357,-1962.4822178472525,-6233.110067542921,-2097.901293234619
STARLINK-5622,55358,131.8509408466104,-5917.8591555706735,-3475.353630976027
STARLINK-5641,55359,-5316.155745927642,-3759.095938149082,2157.6472448651402
STARLINK-5664,55360,-72.95155891274405,-6569.88165015403,-1986.0465769740813
STARLINK-5665,55361,-3718.0610220073695,-5448.153637519598,-1895.674454335235
STARLINK-5574,55362,-128.10728347154017,-5552.4354968862235,-4033.757436528373
STARLINK-5627,55364,-4265.424023975982,-5350.418480653156,503.28707500204024
STARLINK-5639,55365,3518.3589560082937,-3975.170584918294,-4351.708504370306
STARLINK-5654,55366,2123.886034151388,-4607.914231294121,-4623.456503520158
STARLINK-5635,55367,-288.8519605187086,5436.463182793296,4165.89284715149
STARLINK-5625,55368,586.1107570659437,-5333.60598159297,-4280.897332548176
STARLINK-5644,55369,4672.909760428264,-1808.8257205697619,-4691.214614959535
STARLINK-5027,55370,675.378580690275,-6326.81357875979,-2572.493146606128
STARLINK-5590,55371,5227.130854616954,675.5508187026401,-4396.814836110673
STARLINK-5568,55372,-252.4511839114702,6379.873811793588,2501.673025273682
STARLINK-5581,55373,998.081961496517,6686.403504263974,1157.90975473358
STARLINK-5578,55374,-272.2736854314167,6482.109185547858,2222.4989477049485
STARLINK-5588,55375,-3093.0366539885845,-6065.113845170922,846.066672855135
STARLINK-5586,55376,-2445.623727864979,4402.3322724388445,4650.18726615034
STARLINK-5567,55377,-2150.1306299273606,5310.781829091916,3765.055449908373
STARLINK-5572,55378,5205.240334084743,2203.6657360011304,-3893.441465799552
STARLINK-5569,55379,-4564.317065906621,2052.144405443309,4684.276446310535
STARLINK-5571,55380,-1566.465704110087,-6360.969719795743,-2152.6514456429245
STARLINK-5575,55381,-1547.6081628069674,5749.450948994521,3400.049211749838
STARLINK-5576,55382,-3265.23229745342,4193.137601230032,4329.970589366016
STARLINK-5531,55383,-6210.847030939648,-1323.4357533604248,2591.408907047967
STARLINK-5537,55384,-5246.471404073637,-380.627649706659,4396.24604838542
STARLINK-5556,55385,-3704.763951104027,3607.2781397078156,4500.155937293484
STARLINK-5555,55386,401.11794610545564,6549.042554220404,1995.777677798638
STARLINK-5085,55392,-2305.3300036170854,-934.6975928576305,6484.736516939482
STARLINK-4786,55393,-4663.668471784196,3927.6024428802984,-3345.8352053452645
STARLINK-5274,55395,-6190.174002786872,2717.711593292213,1620.0973429376224
STARLINK-5283,55396,-5876.398274789345,3598.4384992978125,-936.4634607104448
STARLINK-5224,55397,4925.034437805637,-4586.3183654012855,-1747.303783846585
STARLINK-5275,55398,2057.842750013028,1548.4070958687619,-6459.98864129562
STARLINK-5276,55399,-2754.959229954719,3663.873113426841,-5230.327264419838
STARLINK-5632,55400,5555.995097662468,-1389.8379213585888,-3943.6123607968607
STARLINK-5076,55401,-396.82421052442163,2834.776085958053,-6338.090193879372
STARLINK-5071,55402,5887.1972743098295,-3576.072506840513,934.2750206016282
STARLINK-5597,55403,4100.348355524302,90.01533931699305,-5616.004836694918
STARLINK-5607,55404,2759.419629852231,-3648.5855146349886,5227.722701409416
STARLINK-5623,55405,6201.214527919585,-2697.730063354192,-1614.7260674634904
STARLINK-5630,55406,428.7425472921048,-2839.4411361362513,6323.888152814129
STARLINK-5019,55407,4943.611324221712,-3893.1188774496923,2947.823158547729
STARLINK-5633,55410,1476.2230891957765,2147.0009489458484,-6447.639733444884
STARLINK-5605,55411,-4089.667523716856,-109.4661222326358,5614.334021960436
STARLINK-5060,55413,-1210.2032715202806,2528.0212911089448,-6364.950268295164
STARLINK-5620,55414,6772.534541600818,-474.6446260015925,-1499.604051440232
STARLINK-5624,55416,5620.890947198181,-2129.418844542503,3486.7264073653782
STARLINK-5030,55418,1350.6755405021258,-2528.888357965806,6325.661008195062
STARLINK-5629,55419,6726.775444909625,-1402.2032307007355,1049.0087303147134
STARLINK-5604,55420,-3134.5872643984826,5303.537834218725,-3227.5643820794216
STARLINK-5598,55421,3726.8659841376702,-2508.760044497231,5298.275054735709
STARLINK-5006,55422,3951.731672870479,1435.44000607088,-5538.727877141537
STARLINK-5068,55423,-5811.598644633477,-525.3991017234756,3773.938094001718
STARLINK-5615,55425,-1466.7746927433363,-2149.4834176828144,6439.306871608742
STARLINK-5638,55426,-6721.035257126499,1398.8216827690883,-1108.507694411788
STARLINK-5064,55428,-3653.430657381384,2506.6457475920456,-5361.004910191765
STARLINK-5645,55429,-6778.701402273374,461.45030864312633,1472.0687692316367
STARLINK-5642,55430,-3338.272050600049,-2704.213186990725,5459.183067938983
STARLINK-5643,55431,-5651.172338444093,2104.6794788666934,-3464.718670863593
STARLINK-5637,55432,-6606.810755999616,-1790.2730619944546,1216.0613464869862
STARLINK-5570,55433,-833.6943000390721,-2551.267117475887,6405.981680955279
STARLINK-5621,55434,-5948.213770594131,131.20154573875465,-3601.601844438958
STARLINK-5626,55435,-6577.4116809549305,-1823.4766885956267,1321.57801258675
STARLINK-5640,55436,-4223.213868310663,1151.4426353092401,-5404.5493397572645
STARLINK-5074,55438,-5613.294780446346,1493.8241381050457,3816.0118025318375
STARLINK-5634,55439,-1884.4845922378797,1994.4088105667581,-6390.42985288547
STARLINK-5699,55449,2679.8082080475506,6188.921770401668,-1264.571107425914
STARLINK-5686,55450,985.1082125870956,6776.55423616675,407.79924581217074
STARLINK-5656,55451,4094.7656451977546,4712.443940259864,-2850.2500545881985
STARLINK-5683,55452,5076.5001370062455,206.38647473348985,-4615.5994704758405
STARLINK-5684,55453,-683.405884000448,-6788.728735895282,-735.0146480021745
STARLINK-5636,55454,-4592.509188879174,-3732.7779826704714,3463.573821479636
STARLINK-5680,55455,4922.026236999992,2597.9456896447928,-4017.0823668097264
STARLINK-5058,55456,-3904.2815515152924,-5016.373890517054,2576.149366874185
STARLINK-5682,55457,-2453.1723317664546,-6331.992340456316,981.5785314226431
STARLINK-5020,55458,-2636.1190366393703,5305.802131797249,3450.447730781077
STARLINK-5669,55459,-4886.559610681815,1072.6355553833416,4686.297618118003
STARLINK-5678,55460,-4041.06784774849,3404.2335232507335,4367.573115041295
STARLINK-5646,55461,-5081.701902216286,-1448.920970769803,4368.065920969505
STARLINK-5673,55462,568.1504674029045,-6586.357381107028,-1844.0000340838174
STARLINK-5677,55463,2339.1639632980323,6214.6217818045725,-1848.3722558860861
STARLINK-5676,55464,-4823.466245815917,-3032.8379812916223,3815.038842720787
STARLINK-5674,55465,-1300.900733700957,-6735.195627418031,-158.27034725516796
STARLINK-5628,55466,-3542.17307737504,4227.79176562999,4071.902171429537
STARLINK-5679,55467,2363.8582256806176,-5545.817417795875,-3281.2113241068528
STARLINK-5672,55468,-5095.0785946714805,-603.3222661416909,4546.775718142055
STARLINK-5681,55469,-2992.698960318847,-5975.890797654193,1547.8745089010174
STARLINK-5708,55470,-4668.618370035225,1893.9937104594553,4648.119797097803
STARLINK-5711,55471,1173.3177730774912,-6341.122747323375,-2350.4528826281617
STARLINK-5705,55472,-3706.595344133623,3708.256477781278,4416.060147210679
STARLINK-5689,55474,-5001.792766614352,103.14361844306588,4686.01052919338
STARLINK-5650,55475,-2078.2838953403602,5787.960080434879,3032.4976802063566
STARLINK-5685,55477,5083.760074725147,2932.0054271849385,-3559.1001633288565
STARLINK-5691,55478,-3114.417451216796,-6094.41973377516,482.33878712806614
STARLINK-5688,55479,-4388.548635328992,-4675.824033203691,2433.1583135472274
STARLINK-5690,55480,5006.167730773914,389.52535777039765,-4679.7656989923635
STARLINK-5694,55481,-672.5766320065964,-6807.886022382726,513.3681256622269
STARLINK-5692,55483,4652.97976859301,2638.562737182473,-4300.748425950327
STARLINK-5696,55484,-4462.84665002477,-3165.5496171025466,4131.055506846515
STARLINK-5695,55485,-3770.5221011766375,-4564.685041365217,3458.751825482071
STARLINK-5704,55486,-2335.078548730124,-6104.773682995873,2080.4275127473556
STARLINK-5701,55487,2538.979181416576,-5872.952593122322,-2488.4895706292464
STARLINK-5706,55488,3816.605850211914,-4375.999507721195,-3661.0310577957894
STARLINK-5371,55489,1248.1423295452034,-6623.87632283992,-1289.7328044867113
STARLINK-5373,55490,2067.1685398658233,6294.248584061998,-1785.7147958155776
STARLINK-5364,55491,1842.6731498368674,-5671.658951560675,-3398.155777846007
STARLINK-5013,55492,1876.7557835431282,-6328.931214306837,-1876.969547482299
STARLINK-5362,55493,3980.991446820031,4249.5603401138615,-3632.349308395626
STARLINK-5344,55494,668.2562318876293,-6788.584125573561,-749.0700821691439
STARLINK-5100,55495,-1321.6651190555613,-6672.82625420357,-905.9784844430249
STARLINK-5363,55497,-1197.3006434331203,-6679.951037089493,1004.8152033766582
STARLINK-5365,55498,-4704.978923245697,-2399.453083122967,4370.5700936254925
STARLINK-5366,55499,-283.07803743213265,6839.674120791084,435.7944942167286
STARLINK-5141,55500,-2803.500510303058,-5724.363232215583,2531.247667698418
STARLINK-5367,55501,-4621.199914114586,2566.478879555717,4364.337362866843
STARLINK-5749,55569,-5092.130206382372,3826.1494202109525,2540.6035680218597
STARLINK-5737,55570,-3500.0812243333994,-3843.9875593702563,4468.220089253851
STARLINK-5739,55571,151.58085006094532,-6335.683706989184,2621.611172109165
STARLINK-5732,55572,1491.9114781828816,-6506.4811899279375,1580.1062699076929
STARLINK-5738,55573,3280.3033089495043,-6025.4609261729465,-118.22836825139956
STARLINK-5747,55574,-2400.605168405683,6375.629332112173,-813.7787855814165
STARLINK-5745,55575,-3023.8881199076254,-4316.565516514471,4384.230231044795
STARLINK-5751,55576,-3996.5732523425086,4032.4397152138054,3842.631273993657
STARLINK-5752,55577,-5201.972732292612,3054.172821037433,3258.6885134349864
STARLINK-5754,55579,824.2305539468392,-6564.427179118653,1811.491221047684
STARLINK-5757,55580,269.99979241741767,6854.308026807852,-97.4473605378918
STARLINK-5753,55581,-2534.3851053498774,-4698.1549515486595,4301.615511854002
STARLINK-5741,55582,-3311.9622315745733,5732.794965934762,1789.1124804579574
STARLINK-5742,55583,3742.0765380517532,3532.5636983879926,-4542.344268630713
STARLINK-5736,55584,863.1298322343087,6061.754650235362,-3100.8605121903056
STARLINK-5769,55585,5120.510657954552,-1375.742629471805,-4359.781217253843
STARLINK-5767,55586,-5326.050457165174,2309.3464237830226,3647.4232334546155
STARLINK-5727,55587,-4717.070572827832,-1690.0207497788626,4676.992052558842
STARLINK-5728,55588,-5202.287067776109,-67.2442551599059,4463.339864831866
STARLINK-5697,55589,-1062.8076105313032,-5970.720093249575,3200.6374714600893
STARLINK-5762,55590,2108.1657801930814,-6493.144918244368,683.9449604697182
STARLINK-5760,55591,-4373.328510259183,-2449.2872112008527,4675.727530125735
STARLINK-5759,55592,4561.101431073516,2073.3452561002573,-4691.8812838250715
STARLINK-5703,55593,3183.6362401309316,4259.682994503991,-4339.097919550622
STARLINK-5750,55594,5261.288655847511,-268.9272189460899,-4400.362974847942
STARLINK-5729,55596,3764.54405091058,-5638.346386166815,-1064.2415132538702
STARLINK-5743,55597,-1701.7774417862827,-6016.498270434902,2817.871430612939
STARLINK-5756,55598,2679.2689745681496,5213.211357151775,-3569.281409957199
STARLINK-5761,55599,3996.778629709987,3444.1496692446035,-4390.676486280172
STARLINK-5755,55600,-5083.95129371839,1682.0012624232809,4279.323783209187
STARLINK-5744,55601,1591.7211380389965,5648.379312629509,-3559.2599984359763
STARLINK-5764,55602,4881.290210477881,1128.2501595569277,-4692.316920208908
STARLINK-5735,55603,-4970.379231052463,-655.1336504467008,4674.649146775552
STARLINK-5748,55604,-4341.470021805216,3306.9234427553606,4148.292593243444
STARLINK-5725,55605,-4520.812849436144,3982.9019823912963,3271.430514859974
STARLINK-5700,55607,1400.3198014365578,6187.610044483803,-2616.932707266344
STARLINK-5726,55608,3084.15349771816,4773.671056791139,-3847.8249665734006
STARLINK-5719,55609,-499.7430429676512,6768.683196069516,-1005.2715845614986
STARLINK-5722,55610,5041.8778186962345,268.3371486016771,-4650.439795547958
STARLINK-5730,55611,4671.101233709659,-3663.8926994701674,-3445.7789385634687
STARLINK-5734,55612,3582.1373580287777,-5485.01575861885,-2046.9252531661534
STARLINK-5714,55614,-2110.789677139552,6168.479078160078,2126.4479965353953
STARLINK-5712,55615,-1108.2059906333934,-6350.301063655859,2344.0453112044065
STARLINK-5710,55616,-4788.632876046514,-1466.3316525306304,4680.769010093696
STARLINK-5721,55617,-2841.967860012394,-5055.386549541338,3658.5412039837593
STARLINK-5717,55618,-5112.029216461463,735.8814559527857,4507.064393475794
STARLINK-5720,55619,-4762.752747313899,3337.228286829959,3631.5234742443713
STARLINK-5718,55620,-3781.912479009595,5224.857899463412,2329.297380911101
STARLINK-5709,55621,-3776.830257111742,-3826.098573700601,4254.486041562329
STARLINK-5702,55622,-2291.288352371044,6426.838125452277,707.0909656749783
STARLINK-5698,55623,-1098.540119943919,6756.747067630477,-454.7699657888797
STARLINK-5484,55628,-2865.695695640182,996.4006375961586,-6257.958838469497
STARLINK-5497,55629,-3351.1034391705084,3430.2744376126147,-5036.708480577943
STARLINK-5303,55630,-1977.544725681718,-1485.0563321756115,-6500.481732087344
STARLINK-5558,55631,3341.0615304524636,-3496.391222936907,4988.1363548136205
STARLINK-5546,55632,539.9511460902819,-5536.506242004472,-4175.064722617052
STARLINK-5498,55633,1787.7516076965142,-6442.933822118575,-1912.0778693799148
STARLINK-5500,55634,471.61739109704234,-5464.392303027066,-4277.155231315769
STARLINK-5495,55635,2354.355206150843,-1816.2808232034574,6276.703815433571
STARLINK-5218,55636,3289.910532425773,-5315.584851424745,3037.5460988958553
STARLINK-5062,55637,-463.8289940431508,-6705.0972275836175,-1785.8157420332227
STARLINK-5507,55638,2723.9088545659583,-6374.544602006589,536.5295927009495
STARLINK-5508,55639,2362.369609798305,759.626750354319,6486.585332600522
STARLINK-5069,55640,1998.9249653069462,3451.2197376245476,5686.465224141723
STARLINK-5065,55641,-1329.5806842377299,-5492.563904006579,-4054.1338115686817
STARLINK-5483,55643,-2355.2678633955106,-883.4091551301707,-6483.9046230322165
STARLINK-5502,55644,1329.7553057531525,-6043.857176294745,3163.464764282087
STARLINK-5510,55647,-1321.8879374340434,6029.91263674503,-3201.33844056808
STARLINK-5501,55648,1990.6451175852374,-4275.131269139932,5101.574914629124
STARLINK-5469,55649,477.218302495053,6707.594977757947,1757.87896346711
STARLINK-5494,55650,2348.743566641771,964.0058495666468,6463.976214803654
STARLINK-5506,55651,471.8538404995425,-6895.358142184329,755.1172816822298
STARLINK-5487,55652,1336.7695607328596,5505.261850083249,4022.4694338244276
STARLINK-5067,55653,-1988.82410726057,4240.924131707728,-5140.427877830642
STARLINK-5070,55654,-2019.8869742808727,-3322.863749179965,-5766.51708492611
STARLINK-5267,55655,2549.4396391331293,155.83236667505741,6458.293974439204
STARLINK-5328,55657,495.5317257650578,-4576.494225386782,5203.36056805757
STARLINK-5307,55658,-455.9614381798084,6893.807328666857,-778.2471538235618
STARLINK-5477,55659,1568.1401997886974,-2569.282578438504,6259.653431267283
STARLINK-5467,55660,-2743.9619664631796,-6153.77334686817,-1722.297405860927
STARLINK-5475,55661,2691.9829737185855,6203.275709232165,1607.5278025758462
STARLINK-5479,55662,173.19627729831205,-5050.457904212907,4771.89369310771
STARLINK-5473,55663,740.3126087397294,6060.46900635227,-3328.4684597867245
STARLINK-5480,55664,3070.951491214115,2705.6308200183767,5612.233361113811
STARLINK-5474,55665,-490.29334492064436,4567.219297108996,-5221.533428914728
STARLINK-5456,55667,-3084.521965351845,-2698.3757974280975,-5619.319996979668
STARLINK-5455,55668,3120.297385830076,4815.616986111384,3918.064567287841
STARLINK-5459,55669,1860.4481109559536,6635.239980328595,-922.6975079798266
STARLINK-5423,55670,-1655.757138886088,2364.390482904025,-6327.1593547632465
STARLINK-5460,55671,-1888.2169756656876,-6643.712911946876,796.3385886624916
STARLINK-5463,55673,-2553.9292007246254,-148.26385213184753,-6467.501657934846
STARLINK-5462,55674,-3128.8630183632727,-4908.6427319513305,-3805.550643522462
STARLINK-5232,55675,-1886.866874999157,-6628.621750431469,915.1070076985714
STARLINK-5300,55676,-2523.455179360281,624.1414720626142,-6450.449944201255
STARLINK-5324,55677,-4655.075602243069,-4926.058793821226,-1557.3860683727778
STARLINK-5592,55741,1591.6791251129819,-3310.0172932552164,-5906.4560041206205
STARLINK-5594,55742,-769.6492620540532,-2293.415551286939,-6520.897426815887
STARLINK-5602,55743,-3124.7807287571295,-874.1800875223819,-6151.3432969871365
STARLINK-5601,55744,-935.7725625025613,-2207.1739221117687,-6528.526945307871
STARLINK-5579,55746,3144.8340905023924,846.9909868986609,6134.494708112141
STARLINK-5539,55747,5387.878828699577,-3816.022732567198,-2185.1387477440285
STARLINK-5580,55748,6157.347949653454,-3219.355542981725,257.60633618496087
STARLINK-5573,55750,5984.514958503875,-2035.9853365136541,2888.3220656822386
STARLINK-5577,55751,3764.8146431886075,-3855.9347966888627,-4396.722156361385
STARLINK-5613,55752,-5370.521399725326,3832.607331784736,2185.0693661273776
STARLINK-5617,55753,3220.827816881133,792.5579560917014,6102.438051229251
STARLINK-5612,55754,-1588.206040628801,3314.782462496151,5893.157794116482
STARLINK-5614,55756,-6004.783879401843,2107.36201043825,-2803.1987239509554
STARLINK-5544,55757,832.4653852945528,2258.2851712778847,6514.157591971038
STARLINK-5072,55758,-3742.4206810042274,3864.576080641766,4396.755871435595
STARLINK-5532,55760,-4943.710599944731,680.9897330117009,-4843.691371736436
STARLINK-5611,55761,3770.673981406376,-5422.692818915262,-2177.5678259066653
STARLINK-5603,55762,4368.351627975658,-2184.2314703597,4941.057623734955
STARLINK-5593,55763,-6155.43968785323,3214.5220625540655,-333.6713560018308
STARLINK-5499,55764,4945.057660599135,-4027.1450655860913,2764.7714788932235
STARLINK-5595,55765,4741.688997100125,-5063.595777389896,461.54298716769415
STARLINK-5599,55766,-2311.3685826678948,4966.029972468118,4274.148319944069
STARLINK-5606,55767,3847.6556713623822,-5426.632856867409,-2027.3922095433757
STARLINK-5584,55769,1452.8832386158906,1953.1118832149498,6504.1902595900165
STARLINK-5557,55770,-431.5757933187942,3716.0948716198727,5852.020587756849
STARLINK-5591,55771,-3827.3408707637705,5436.964714185981,2024.1575445436824
STARLINK-5835,55772,-3213.5339509666615,226.63314640570417,-6163.617735568485
STARLINK-5833,55773,3160.4073305368156,-144.32806226400442,6182.948423086819
STARLINK-5812,55774,-4730.911455045179,5070.896361124396,-492.24560024778276
STARLINK-5809,55775,-4915.9026599908675,3899.2244400935183,-2997.316016826432
STARLINK-5814,55777,-3864.754494598493,1248.479280647106,-5648.310184831978
STARLINK-5816,55778,-1462.157875582549,-1950.7015955250906,-6513.77966226312
STARLINK-5817,55779,2873.1431730139834,-1068.2473463330089,6232.53697818832
STARLINK-5819,55780,449.80975734062264,-3747.594417437314,-5841.786857295454
STARLINK-5820,55781,-4371.936188450582,2211.0550282336208,-4935.919711359776
STARLINK-5826,55782,2012.0194714762079,1393.4429189065245,6499.212623531558
STARLINK-5825,55783,1971.6593678080353,1486.6928952171004,6491.064783451069
STARLINK-5797,55784,-2734.7407593182975,6370.82960330882,-527.8915428509001
STARLINK-5818,55785,755.1970977442644,3813.8902715962,5755.451951430383
STARLINK-5823,55786,-3486.024810523513,3732.1869571636917,-4835.441485211552
STARLINK-5811,55787,-562.6194580968817,5541.449495581848,4153.189803401029
STARLINK-5804,55788,-1797.2156126274251,6434.232971096702,1917.5911037750752
STARLINK-5815,55789,-781.4076574659892,-3797.648795204719,-5774.219048241048
STARLINK-5813,55790,-2027.6844440145971,-1370.0755561389312,-6510.125390197451
STARLINK-5807,55791,-3312.250072445919,5261.4045974874625,-3113.639338006666
STARLINK-5856,55914,-5920.407670807526,-2556.53598277385,2590.448495006668
STARLINK-5859,55915,-1208.2614198372125,-3300.628190187824,-6001.158714445245
STARLINK-5796,55916,-5931.536915166694,-3624.435363264764,93.92924308557465
STARLINK-5867,55918,-5041.926186206112,-4138.542409897694,-2408.833442430921
STARLINK-5871,55919,-1139.3019434044231,-3270.6532351250107,-6030.476365082021
STARLINK-5862,55920,-4443.841420753659,-2652.469566883457,-4645.122918102851
STARLINK-5861,55921,5925.167305177591,2514.804063084707,-2633.4970931921193
STARLINK-5863,55922,5013.226781478121,1078.863451428736,-4698.75415691453
STARLINK-5854,55923,3325.741940364652,-545.8721922580813,-6084.0051181325525
STARLINK-5849,55924,-2129.2286634856546,-2690.2084764439537,-6049.551234717104
STARLINK-5922,55925,5948.212329216207,3598.987105772651,-110.03249483573204
STARLINK-5921,55926,3067.2176435158412,-1604.7009497372728,-6032.514442331291
STARLINK-5919,55927,3471.5798345291787,4026.1750523405494,4473.904590973388
STARLINK-5930,55928,1185.59446967828,3278.3160062202714,6007.515582350612
STARLINK-5896,55930,-736.07221076477,2270.1552211567755,6521.398749715772
STARLINK-5897,55931,-1340.0201816181125,1955.9614596409008,6527.299441758048
STARLINK-5848,55932,4745.723259040239,-2376.0268830179884,-4495.213504215358
STARLINK-5852,55933,5174.166016493401,-639.4803344995019,-4603.615861020565
STARLINK-5927,55934,-417.6617921353695,2337.1647311079782,6526.350426967022
STARLINK-5920,55935,6491.325288491841,426.1734842217827,-2459.053951307278
STARLINK-5882,55936,2530.4990558290847,-2574.4512055885803,-5945.0862551254
STARLINK-5913,55937,6809.090127866381,1408.3387830329668,17.67604296272312
STARLINK-5909,55938,6125.037308532065,2173.2561833441805,2464.7067179382616
STARLINK-5918,55939,2137.5447898327952,2679.530969679163,6041.0413163015255
STARLINK-5864,55940,4450.394736866027,2634.4978232628005,4639.6489558395015
STARLINK-5914,55941,559.799360188912,-2311.1706685599947,-6535.636404350761
STARLINK-5917,55942,-6809.704665599102,-1398.9075793334337,-59.00932420111802
STARLINK-5932,55943,-5170.295566406163,655.4543446191503,4593.90778869348
STARLINK-5926,55944,-6474.9594273615085,-386.5468217950597,2494.819315587105
STARLINK-5925,55945,-2978.4262138424324,1641.1640493801362,6055.85207124391
STARLINK-5857,55946,-3068.5673443078686,1609.3661065516114,6019.401157531939
STARLINK-5900,55948,4979.844737085778,1019.0216142493525,4736.38327150784
STARLINK-5899,55949,6887.805154668971,-935.3769980577034,171.3890957958959
STARLINK-5911,55950,2790.8054891629085,1835.9882018342203,6089.550511954187
STARLINK-5908,55951,-6092.550195301792,-2175.1483027249105,-2550.129731920721
STARLINK-5893,55952,5076.087345122671,971.0605520435024,4643.73930256927
STARLINK-5892,55954,-6417.515249304997,-30.843227710276572,-2677.268088717434
STARLINK-5878,55955,-2439.239625471057,2562.2552474837485,5976.894342727616
STARLINK-5883,55956,-2816.075482353242,-1824.3187524580535,-6091.834878180288
STARLINK-5884,55957,144.57055037895321,2382.602514495525,6521.66357866642
STARLINK-5928,55958,-4736.627479478629,2358.917844239548,4501.87139825851
STARLINK-5929,55959,-6361.428476673884,1748.136230290002,2185.9729769482205
STARLINK-5938,55960,286.9068026283579,2362.6442341342286,6524.243340043706
STARLINK-5933,55961,-5007.011933513856,-993.2137479350774,-4723.056258897812
STARLINK-5906,55962,6432.214059313178,34.51260143057111,2633.7153637630818
STARLINK-5924,55963,-6884.037706265878,953.6422513849939,-187.32569420601476
STARLINK-5895,55964,-5948.743448814588,2675.090655904851,2277.7517351004926
STARLINK-5894,55965,-161.2002358959211,-2384.5237930544654,-6531.367093184177
STARLINK-5905,55986,1340.8695817355263,4842.849314126059,-4675.909787430244
STARLINK-5915,55987,-6698.25329630344,-232.5720762913276,1456.2633582782921
STARLINK-5916,55988,340.7897793644239,-5046.815376409132,4626.442869472957
STARLINK-5947,55989,-5844.828514127179,-2036.3412693140667,2950.912867151118
STARLINK-5946,55990,16.229839727532283,-5062.498715536663,4621.447476068094
STARLINK-5948,55991,-6392.04148356528,-875.1157318716104,2323.9783768860093
STARLINK-5969,55993,-4145.004020623173,-3622.056281908286,4086.1580400212333
STARLINK-5956,55994,-6670.804385051729,1584.8728407097758,-216.58776045020062
STARLINK-5903,55996,2959.9254934025375,-4835.06558729105,3855.7419803595853
STARLINK-5902,55998,667.8384247320901,-5098.914086030543,4532.75226614344
STARLINK-5901,55999,-4047.152109646818,4439.16707175854,-3319.0537843103166
STARLINK-5910,56000,-5338.758601716188,-2631.4115861100804,3403.0891796365195
STARLINK-5944,56001,-2257.01419593595,-4614.7450277169355,4538.643434076378
STARLINK-5799,56002,-3440.628433040779,-4040.956587583285,4338.6260286875595
STARLINK-5789,56003,717.9943284950941,4971.507529418675,-4679.291189924301
STARLINK-5787,56004,-6077.509471058778,2693.5285961237432,-1701.0109615790413
STARLINK-5801,56005,2680.940584998442,-4791.876962665873,4106.593404431498
STARLINK-5794,56006,-6696.63982893844,-834.2679495441586,1191.222512839627
STARLINK-5806,56007,-6516.470615360621,-829.7363103658906,1970.6711891002183
STARLINK-5803,56008,-1913.8880558686083,-4676.029521292448,4632.463738728235
STARLINK-5964,56009,-6759.541518693309,-267.9464123776037,1131.7066127312469
STARLINK-5968,56010,-6779.144094231212,988.36424359916,352.39360914992574
STARLINK-5936,56011,-143.99641975178977,5284.152603290238,-4378.102701044707
STARLINK-5940,56012,-6438.879374107514,392.9894133025248,2326.5315109475277
STARLINK-5941,56013,-3326.6626950611017,4720.272842891977,-3709.0977957533023
STARLINK-5942,56014,2227.8639247220503,4494.443494848654,-4685.3283038521195
STARLINK-5939,56015,-5550.491901497695,3908.089160049096,-997.2908889240184
STARLINK-5943,56016,-304.7591624130489,-5175.687268900239,4484.46145424242
STARLINK-5934,56017,6411.329671822707,-2377.626247359244,-598.6969220771424
STARLINK-5945,56018,2112.5032547480328,-5383.5365328785365,3682.7337745111367
STARLINK-5949,56019,5799.922995709534,1283.9138317538514,-3439.2086483190947
STARLINK-5912,56020,4159.79816871812,-4881.473946466266,2429.3722704682687
STARLINK-5907,56021,5731.551557396897,-3687.721632839489,783.9558960209633
STARLINK-5783,56022,-6251.193839532324,-267.4665161864141,2804.861495043469
STARLINK-5771,56023,-3978.3176568159747,-3376.5958645966807,4445.351163383388
STARLINK-5772,56024,-4497.985825141302,4729.039150372324,-2119.664416591335
STARLINK-5766,56025,-3343.3074697448837,-3844.8362928021656,4585.507181191386
STARLINK-5770,56026,-6525.995736850618,1672.5741029830538,1287.4583665206485
STARLINK-5777,56027,-5953.6530283699585,-958.9336861116459,3262.695491701198
STARLINK-5779,56028,1459.7812838497985,4830.151719462793,-4653.376383561634
STARLINK-5774,56029,-5878.915407098311,3499.054115627565,-515.4384562389006
STARLINK-5781,56030,3694.481198319853,3597.849590704936,-4530.378649412799
STARLINK-5785,56031,-3253.6404556531556,5218.908000422336,-3044.732853381967
STARLINK-5786,56032,6083.784847464447,-3166.2058422433665,199.11890696758476
STARLINK-5782,56034,2866.1980814513336,-5286.813344713899,3295.5541401589635
STARLINK-5792,56035,5383.373716182638,1916.5527189106547,-3803.486120587603
STARLINK-5790,56036,6324.1310008005785,-2639.9074360308414,-345.33102710204327
STARLINK-5758,56037,-383.8750857737996,-5461.35060317715,4126.728749357442
STARLINK-5793,56038,-1865.0654589543985,-4654.248134127073,4673.552205224651
STARLINK-5795,56039,-6009.436947646787,2937.8713837155683,1515.4599903789729
STARLINK-5798,56040,-5124.866775991719,4556.774805900912,-180.14059580096867
STARLINK-5800,56041,5745.040802259835,-3724.708888918244,-460.46792343409265
STARLINK-6109,56094,556.7689996141013,6815.615142057706,565.417380294111
STARLINK-6090,56095,-2944.7648568272903,5581.593106079387,-2699.3183079638943
STARLINK-6089,56096,2336.8548846680587,6056.335992016963,2213.064307600643
STARLINK-6077,56097,-382.67172479294834,5561.002484818978,-4006.113809508808
STARLINK-6088,56098,-1255.611311038729,6653.594434732081,-1121.6060168351778
STARLINK-6076,56100,-4526.105664081383,3023.3081632406825,-4182.382070557524
STARLINK-6095,56101,-3421.2647839713777,5050.938735655025,-3146.2099311408383
STARLINK-6075,56102,3330.5202591177745,5112.741403457247,3131.1164945939777
STARLINK-6096,56103,-67.66098884895506,6861.792858787382,-15.516543656445974
STARLINK-6062,56104,-1868.9370882674614,6382.779056828135,-1694.650090002407
STARLINK-6066,56105,1216.388519911694,-6667.436923869527,1040.6089985690376
STARLINK-6030,56107,-3133.0948356908084,-5326.847144925071,-2984.727143436884
STARLINK-6081,56108,4109.77311227566,3916.790765164106,3842.1823860510326
STARLINK-6083,56109,-1530.3220575995408,-6515.771256605917,-1511.5764948265642
STARLINK-6082,56110,1572.0174711170048,-6533.330357476792,1373.0578276058015
STARLINK-6084,56111,-4911.188969739033,1591.0562773879994,-4524.409690143166
STARLINK-6080,56112,-4383.1658327595605,-3309.5929672746324,-4117.061595185524
STARLINK-6113,56113,-4211.142048476582,3777.6102949394244,-3887.9044883631595
STARLINK-6101,56115,330.3161922112925,-6825.864913696926,592.7665474422795
STARLINK-6114,56116,-4962.575485378826,-1076.8671240528454,-4618.291157243352
STARLINK-6107,56117,-2200.0040956568146,-6475.311642712416,-543.013313292693
STARLINK-6091,56119,-5012.294863637789,610.1845061622187,-4649.87379973919
STARLINK-6079,56120,-5095.8308180302965,-1965.5086332209107,-4156.789633942151
STARLINK-6092,56121,-4480.8964336058325,-4158.919135081425,-3117.0337669505
STARLINK-6094,56122,-1499.0714514801307,-6601.849381524981,-1116.9380958791173
STARLINK-6115,56123,9.0124035750658,6709.448586269339,-1443.578743886816
STARLINK-6126,56124,-3279.571504012292,-5790.751212700307,-1670.4666960377936
STARLINK-6119,56125,-1821.8455339027382,5933.284704845854,-2930.7470189987816
STARLINK-6124,56126,2621.072280546512,-5256.116338566693,3536.737846163235
STARLINK-6104,56127,5027.771647098057,-369.91794620451475,4644.542333086687
STARLINK-6122,56128,-3451.06054993039,4332.360836779518,-4054.5793447029464
STARLINK-6121,56129,5060.83489371731,-2373.300164240752,3970.473894737406
STARLINK-6117,56130,3626.21802126726,-4053.7954333461294,4172.696935552326
STARLINK-6120,56131,236.6453300341388,-6640.846324784012,1695.89101218193
STARLINK-6071,56132,1300.0571909855294,6727.3553738628,-374.5542597264337
STARLINK-5566,56133,3565.1358930802053,5529.131775686826,1941.9909443998058
STARLINK-5564,56134,3057.1130024078834,5984.044212781248,1379.7847976389435
STARLINK-5489,56136,4885.909382866147,3083.2475148693406,3692.6195515979553
STARLINK-5090,56137,4415.172039363852,-2594.9920134346394,4556.34876830477
STARLINK-4774,56138,-4146.883956532227,-4765.087966991606,-2681.411901591353
STARLINK-5375,56140,-3878.5577750010293,3685.3727702502474,-4300.378906136359
STARLINK-5377,56141,3137.87501937325,-4701.742447292894,3879.1058307223866
STARLINK-5376,56142,1924.4958280255055,6582.270028912711,221.36820950615436
STARLINK-5016,56143,3602.0002389420965,-4624.581934108617,3611.826207921271
STARLINK-5374,56144,5075.309070209514,-178.35276503770078,4604.571143545191
STARLINK-5111,56146,1491.9148838093524,-6118.515430501419,2711.816203818258
STARLINK-5140,56147,321.2628963335248,-4904.203436283454,4283.354077932768
STARLINK-5089,56148,5309.534150005184,-1380.0577144489473,4112.028531098817
STARLINK-30107,56287,2432.559871864546,-6334.411381028684,-1016.583788368444
STARLINK-30106,56288,5867.022775335182,-137.43003851089165,3544.8977580317855
STARLINK-30095,56289,-3760.085137479141,-3586.7062444062944,-4484.514268580946
STARLINK-30103,56290,6073.887094839582,-2369.356537222406,2125.920720530744
STARLINK-30113,56291,4850.473030696587,2015.627582265376,4404.644619877791
STARLINK-30098,56292,5688.267044750128,-3711.287971100561,956.5530637755048
STARLINK-30049,56294,-1550.15017536771,-5008.6008279180105,-4430.952107255898
STARLINK-30083,56295,2619.128149738897,-6340.1050864943945,-42.33314658282435
STARLINK-30089,56296,-4587.452051221548,-2367.643316057908,-4523.260286427404
STARLINK-30086,56297,1492.4666978455703,-5903.603505936546,-3165.6628744398463
STARLINK-30109,56298,2466.675398929388,4443.3701746921915,4600.148833045486
STARLINK-30108,56299,2432.3015999243476,-6200.61752378233,-1646.6005209221194
STARLINK-30104,56300,2928.2459200157114,-5799.620685366655,-2209.309089072471
STARLINK-30101,56301,-3949.754023526867,-3156.6305911601066,-4637.947950450833
STARLINK-30111,56302,-2549.6247639021626,5876.9414905123,2450.833474862259
STARLINK-30099,56304,-392.9424644847496,5751.640316445723,3712.6507362041802
STARLINK-30094,56305,3107.2372154081577,3952.427452309971,4659.2815130299405
STARLINK-30112,56306,-4493.113663610476,5136.9217489674575,722.8846163453356
STARLINK-6038,56317,-3917.631580439303,988.0261680113911,5619.6205069136795
STARLINK-5954,56318,6232.310397023449,-786.7022455539131,-2936.3246636852377
STARLINK-6039,56319,2125.790299789467,670.7628837443511,6551.045510579684
STARLINK-5988,56320,6765.4431874904185,-399.9304794434793,1444.5903097924524
STARLINK-5876,56321,4758.766276930703,337.4046255976935,5020.441333296042
STARLINK-6033,56322,-6739.307493487681,371.09040263350715,-1580.4238645803434
STARLINK-6035,56323,-6588.118605724015,818.8866398729276,1981.2144916917252
STARLINK-6034,56324,5264.190139611511,-915.4638318520258,-4420.96664924285
STARLINK-5981,56325,1397.6478657066386,-993.1947165206352,-6721.232065276166
STARLINK-5980,56326,6164.002716912563,-126.02936121267904,3156.995666001329
STARLINK-5997,56327,-343.4834846866539,-862.7818012248762,-6873.921821865118
STARLINK-5992,56328,-6250.867449318552,788.685658949308,2877.3967731186576
STARLINK-5984,56329,1262.8569879368815,792.4132341829178,6756.619869556584
STARLINK-5991,56331,6850.040239893272,-697.1013755325579,-794.0053805184899
STARLINK-5093,56332,-3750.631228161601,-432.9681967106049,-5817.617846482367
STARLINK-5553,56333,-4483.710917677391,-382.7924179796478,-5276.7712262853465
STARLINK-5548,56334,3743.515102195627,-988.7297347268116,-5754.505570961266
STARLINK-5559,56335,6495.141607705498,-113.34556747509103,2407.1092441536634
STARLINK-5562,56336,-6142.868925763857,108.84410485004005,-3213.367157771175
STARLINK-5561,56337,3115.863327783508,-1061.689255336287,-6105.410644418584
STARLINK-5554,56338,-5790.912152630876,970.0470689032555,3671.8214869778435
STARLINK-5552,56339,486.80596026760236,848.0508373817395,6850.142689086031
STARLINK-5540,56340,-6503.875815027185,123.90511314575251,-2398.517013486431
STARLINK-5543,56341,-2132.034361619306,-669.1181805259627,-6566.065162807891
STARLINK-5955,56342,2992.736143410437,607.959510681979,6210.567330516276
STARLINK-5976,56343,-5656.174552762565,-141.48800641216934,-4008.6587823317955
STARLINK-5974,56344,6893.987581807259,-371.81638049323726,608.5199934634211
STARLINK-5979,56345,6566.124160595477,-836.7079293737554,-2064.1285627293873
STARLINK-5837,56346,-1612.4323551955047,1001.0548681341713,6654.576813090406
STARLINK-5829,56347,-538.0787074377649,921.4630840702184,6836.263035817653
STARLINK-5888,56348,3872.3816391382647,405.96796555994973,5723.947427771941
STARLINK-5887,56349,-4620.384100845579,1048.1986758673263,5047.578922802669
STARLINK-5886,56350,4481.803879655205,387.4552308151813,5261.726211897683
STARLINK-5891,56351,-6893.595045977086,380.83014831907667,-607.48303116896
STARLINK-5885,56352,4626.713512301496,-1056.4146377479015,-5057.8017215182
STARLINK-5874,56353,5816.347042698439,-976.5714906215627,-3647.140404588985
STARLINK-5877,56354,2262.9032250362793,-992.7621734510808,-6481.140178078608
STARLINK-5533,56355,-3986.1873697975525,881.2272449787483,5411.996481490164
STARLINK-5535,56356,-6790.09562159484,612.3241232441513,1236.4118383555985
STARLINK-5538,56357,6835.558859692124,-576.7882729347672,-1006.2085407736305
STARLINK-5482,56358,-3116.6509188434607,1055.0645905208014,6088.183661477182
STARLINK-5551,56359,5127.152356200308,157.7096135731339,4650.355698330316
STARLINK-5549,56360,-2278.2176227055716,987.7254353273306,6458.7522794973665
STARLINK-5550,56361,-6866.411284617966,668.276252877411,634.3641393809237
STARLINK-5972,56362,-5251.099512806093,921.0337900682264,4418.076229188521
STARLINK-6156,56374,-5611.906286840651,3191.4988476367043,-2330.6594607018956
STARLINK-6158,56375,2722.3672487657122,4416.629125688717,4480.6980771649705
STARLINK-6188,56376,-2719.5505833551124,6143.214641235513,1387.834184876128
STARLINK-6189,56377,-3895.1030658598147,5639.263611956308,325.50411818588503
STARLINK-6191,56378,739.4559203153545,5708.840029830455,3725.112007698392
STARLINK-6157,56379,3896.369850473433,3174.8729810407467,4661.347632996605
STARLINK-6159,56381,-4646.121497260326,-2085.7577001851337,-4602.1813800461505
STARLINK-6160,56382,-2296.4938898002597,-4763.286261777143,-4375.294867158547
STARLINK-6166,56383,-127.66435637559282,-5941.368621639053,-3431.5809068228245
STARLINK-6153,56384,1008.4758565138313,-6209.957821821888,-2740.3356293346314
STARLINK-6173,56385,4101.298783396729,-5500.435425363536,-45.034093979144394
STARLINK-5836,56386,-3081.723829872419,-4085.869605286419,-4574.9713349322465
STARLINK-6178,56387,1422.4315621897797,5355.894665480354,4037.0280896259496
STARLINK-6176,56388,-5773.856129091856,1645.5834018876526,-3327.5184389966544
STARLINK-6145,56389,-1044.3948890826691,-5554.625254380842,-3892.974528754229
STARLINK-6298,56391,-750.7049605458856,6178.8480038953685,2876.597732267739
STARLINK-6301,56392,1185.9467280278482,5840.6117005399765,3392.589853140976
STARLINK-6303,56393,5288.782108966824,-4040.2416561427153,1655.7988780071903
STARLINK-6305,56394,1763.537850129106,-6527.224320166936,-1166.7446797133316
STARLINK-6273,56395,5056.9748286624235,-3827.9885294749265,2606.04696580111
STARLINK-6302,56396,-3797.0069695564425,-3442.972813714095,-4565.436739906442
STARLINK-6271,56397,5077.092485621681,780.7536906624525,4539.021019114289
STARLINK-6288,56398,-4953.428707686023,-1171.3360382453563,-4605.501665607625
STARLINK-6277,56399,-2149.784295867757,-5215.450390851959,-3909.9624877220544
STARLINK-6267,56400,-5426.687443856078,1225.27503745662,-4020.898372867673
STARLINK-6287,56404,2429.4814284856543,4959.993316819045,4062.303532027384
STARLINK-6285,56405,-5340.229110714915,2743.9709871423292,-3326.7710831313584
STARLINK-6283,56406,5277.424528495825,-3095.338424327356,3095.6867731872
STARLINK-6282,56407,493.51925831577734,6171.716744856873,2948.952726663246
STARLINK-6289,56408,1103.095574239387,-6548.74160768419,-1725.727142990385
STARLINK-6241,56409,3561.04920211204,3745.31825749904,4504.17913783509
STARLINK-6281,56410,3977.3164065743385,-5475.915967831724,1114.3368544319953
STARLINK-6279,56411,4791.292270741944,1590.397143617037,4636.715760244774
STARLINK-6278,56412,-2742.528825117048,-4691.851058660319,-4192.14394893623
STARLINK-6258,56413,4348.019335320986,-5090.46736085126,1490.8736398129981
STARLINK-5136,56414,-2701.0863511786483,6298.475907914533,335.6473416454109
STARLINK-6260,56416,-4448.7561612764,-2422.444664534084,-4632.046611191233
STARLINK-6261,56417,-5182.117538697936,-404.4965570505355,-4483.392028934868
STARLINK-5356,56418,4629.897171350519,1976.1830567660165,4652.6450719171535
STARLINK-5350,56419,-805.2575133730857,6510.24438758215,2006.1789519827244
STARLINK-6272,56420,5088.35308373253,-2799.8553242807848,3643.1284050120967
STARLINK-6270,56421,-1001.3813608805733,-6091.951675086088,-3001.620232619532
STARLINK-6236,56422,1731.0665600553182,-6623.234422564951,-454.1263984917913
STARLINK-6239,56423,4275.79937241353,-4831.917983079577,2322.7979066958956
STARLINK-6242,56424,-2027.9872952065186,-5575.311364287124,-3450.8116738964986
STARLINK-6224,56425,-172.78471791901143,-6529.818366061481,-2101.3527382379993
STARLINK-5352,56426,-5245.337212498376,827.7507489250333,-4349.718380009986
STARLINK-5724,56427,-5174.050464999033,2425.8778986240927,-3802.92466935739
STARLINK-6238,56428,-3660.1359341812017,-3832.1051174499225,-4362.318134300703
STARLINK-6264,56429,-4772.885594604678,-1597.4456458562386,-4667.527144153741
STARLINK-5990,56448,3996.4962274726936,5606.155220588018,-967.8772111285025
STARLINK-5993,56449,891.0412437235053,-2634.6744415034264,6363.889210683424
STARLINK-5970,56450,2742.7855501635577,5433.953348500353,-3362.1732552504504
STARLINK-5985,56451,2548.138670642358,-580.0298681455392,6434.59629156868
STARLINK-5986,56452,3865.649267776289,1610.974313407436,5541.661940490145
STARLINK-5935,56453,4600.277869126526,3567.6968864180544,3793.06715718141
STARLINK-5959,56454,-815.6877066818215,2713.2357939195153,-6351.089959491925
STARLINK-5987,56455,-2551.63483062336,586.8256039181452,-6442.968987597995
STARLINK-5995,56456,2680.246517877163,5408.30590013991,-3452.8627170766063
STARLINK-5994,56457,995.6405782238055,4379.109024547653,-5309.828409574483
STARLINK-6050,56458,3950.234672656712,5617.2538143338,-1086.0259020787935
STARLINK-6048,56459,-4021.9210180518467,-5590.519299920526,952.4617931847052
STARLINK-6047,56460,-3883.747726948767,-1614.7069326794137,-5538.9872428865965
STARLINK-6037,56461,-2703.2142687065457,-5398.148183820011,3442.94219897857
STARLINK-6045,56462,-1756.5266728769068,2035.6587575160822,-6413.722822699711
STARLINK-6051,56463,4630.722255234013,4970.617528657042,1470.3909718790742
STARLINK-6043,56464,-4618.769574928641,-3562.355977015566,-3787.696021559554
STARLINK-6054,56465,3332.9233803105562,2702.671521665122,-5472.420954295511
STARLINK-6053,56466,-3974.7198958043286,-5602.16086932538,1073.5842456641349
STARLINK-6055,56467,2.5264839711886973,2745.509557663695,-6389.513185138956
STARLINK-5998,56468,-1081.9238415495006,-4426.1041213360595,5245.060127382308
STARLINK-5518,56469,5580.034633350917,3965.7313390420977,-1215.4144224827885
STARLINK-5523,56470,2308.843366030083,3737.693414086798,-5390.959864614318
STARLINK-5521,56471,-2634.0892914545007,1103.4260730265387,-6340.988215885879
STARLINK-5038,56472,-5592.693669849732,-1842.92847151636,-3700.865284258709
STARLINK-5524,56474,4279.785915015282,4167.769261821797,-3559.292497695157
STARLINK-5541,56475,-6059.350613579118,-3130.9413665688935,-1356.597837065661
STARLINK-5545,56476,-4286.583296156142,-284.5370547701785,-5469.515891478327
STARLINK-5534,56477,-99.97704555824257,-2786.806056390902,6361.125527663966
STARLINK-6041,56478,-5603.026718154848,-3940.316675624351,1189.3409001625248
STARLINK-6044,56479,5604.061813713292,1837.3086454001993,3674.411666769004
STARLINK-6214,56480,3603.943568489009,1231.7909892454666,-5678.366696262954
STARLINK-6222,56481,2324.4278213857574,-1327.8338144555732,6408.399866282589
STARLINK-6220,56482,-4283.80548660526,-4149.492737767949,3567.477701318817
STARLINK-5868,56483,-2331.3009311016876,-3729.1648159758574,5377.808955040851
STARLINK-6221,56484,-4.176659498662069,-2737.684868762343,6383.068087556355
STARLINK-6210,56485,6067.554594252917,3116.9618385268304,1336.0675787633104
STARLINK-6196,56487,740.8543268307084,2541.0706880341822,-6431.390398910395
STARLINK-6204,56488,-5223.259346915521,-2499.794787673403,3841.3505954907573
STARLINK-5923,56489,1823.835417783336,-2009.085251742084,6393.298059574592
STARLINK-5873,56490,-6780.427265569744,-937.455274079135,-1227.091191667351
STARLINK-5842,56491,4183.167569283635,-1168.776679196062,5420.921382339048
STARLINK-5846,56492,5901.297608219675,-169.1297294590782,3664.948709073963
STARLINK-5841,56493,5789.264246068673,536.6264019358878,-3814.7174714279386
STARLINK-5530,56494,5909.576724778922,-162.49552867106198,3651.5478348466195
STARLINK-5529,56495,6566.380429634483,1832.2280737507278,-1367.1801694674264
STARLINK-5526,56496,5233.722397697176,2483.275751725572,-3845.7790120898326
STARLINK-5527,56497,3387.733634690803,2703.136558735329,-5438.102036131603
STARLINK-5522,56498,6773.292839331454,890.8051758615537,1283.289502737352
STARLINK-5775,56503,450.55173375880867,5406.997788561822,4191.0491546806625
STARLINK-5716,56504,6155.517488856981,-920.5410976746338,2876.6432433248333
STARLINK-5763,56505,-4292.378331258309,-2844.989063609873,-4538.338520149753
STARLINK-5340,56506,4174.138636239916,-5435.726115961411,-319.8249182605205
STARLINK-5333,56507,-5188.098897191118,215.07661523508048,-4489.64621192784
STARLINK-5335,56508,-5939.527616642776,3261.423434911962,-1086.9300784303455
STARLINK-5334,56509,-1078.8233715921692,5760.69533220172,3559.4623171097737
STARLINK-5339,56510,-4926.734896381677,4739.536478250729,578.388811363424
STARLINK-5351,56511,2649.857176548352,4285.125723911056,4648.154537533838
STARLINK-5349,56512,-3174.330753510836,5645.51518663115,2254.507353873855
STARLINK-5329,56513,4524.449828343469,2554.4041714483205,4471.672914637409
STARLINK-5348,56515,5760.626618150543,495.8911567470532,3683.8286298704234
STARLINK-5342,56516,1194.151236673323,5112.569982496274,4409.31284475198
STARLINK-5345,56517,4655.292771857447,-4952.3516331041765,-936.4159787464454
STARLINK-5346,56518,6215.25776655153,-1599.8857518291459,2415.1832621399662
STARLINK-6313,56519,1447.7147008978377,-5785.974746833927,-3394.9950328734353
STARLINK-6344,56520,5839.458347642301,-3507.614559693635,803.9285529172892
STARLINK-6333,56521,538.6396594292033,-5572.01639199517,-3970.807376053738
STARLINK-6327,56522,3598.6322995903897,-5506.56306511676,-1951.5878635981555
STARLINK-6328,56523,-6213.977838864451,1243.4910798046733,-2636.2309891151945
STARLINK-6323,56524,-4832.756133295077,-2180.2450482446884,-4360.096951204125
STARLINK-6329,56525,1157.8838337097113,4961.500088620963,4589.974353762593
STARLINK-6317,56526,-5905.608613937735,-164.56691873507927,-3494.62768601282
STARLINK-6335,56527,-239.91073670725223,-5388.810966665666,-4244.055552672283
STARLINK-6337,56528,4081.1581275144376,-5210.17378874588,-1810.7431775126433
STARLINK-6307,56529,-3107.5004773173696,-4016.306940469653,-4617.182144568246
STARLINK-6318,56530,-1409.6064492583412,6544.225289142623,1499.676382644388
STARLINK-6280,56531,-1315.561925862711,6229.344825539831,2550.7751075893707
STARLINK-6319,56532,-4807.924867148604,4826.49257794296,-824.8272663617536
STARLINK-6310,56533,-4197.532482141413,-2782.56468400877,-4664.45704579476
STARLINK-6308,56534,-3340.6224906776006,5926.972386215409,883.5375994607773
STARLINK-6309,56535,-2335.297070334662,-4455.723649806259,-4670.08875712404
STARLINK-6312,56536,-6522.1373005278465,1990.7712626013197,-771.168044557723
STARLINK-6311,56537,-4417.507489603828,-3057.1591311333923,-4272.700499809346
STARLINK-6314,56538,-5308.413875842496,-672.7760485747993,-4299.672005120487
STARLINK-6135,56539,-4173.593369712653,4819.773349408191,2528.5317450464972
STARLINK-6136,56540,-2021.6574626520892,5345.1687002344215,3788.683383783571
STARLINK-6249,56541,6409.740189519114,-2313.2580197128186,783.8550559154396
STARLINK-6266,56542,-5741.130212389013,3639.5155085787896,929.3278016512091
STARLINK-6226,56544,-2145.595873255506,-4548.415613943601,-4671.152484743788
STARLINK-6086,56545,3924.416771930021,3399.38949109112,4475.735224863251
STARLINK-6187,56546,6207.3017994336915,326.1835078063287,2891.6556086619216
STARLINK-6291,56547,-4236.349077358927,4904.323834456371,2246.422273945895
STARLINK-6244,56548,6203.835461289259,-2921.2948442494285,191.5282026729655
STARLINK-6263,56549,-2162.4641661396417,5437.533519981233,3574.033570050326
STARLINK-6255,56550,5917.4346265557515,-3452.4759356989607,-370.4342058720584
STARLINK-6199,56551,2565.556032495896,4320.210186902673,4662.994549592554
STARLINK-5802,56552,5871.7799790273975,1074.991170912726,3372.6574983523074
STARLINK-6074,56553,-6469.480553110943,1997.0730672882958,-1119.5225312187038
STARLINK-6295,56554,6511.506624707044,-1042.3081838312526,1883.784232858893
STARLINK-6252,56555,-4240.58106708348,-3126.2926255165294,-4400.453326393061
STARLINK-5302,56556,-5749.11357103429,3696.4636146415796,597.1893533952011
STARLINK-6265,56557,176.35913122477749,5244.445735034102,4411.484526763211
STARLINK-6286,56558,379.6659593716551,5141.910503303774,4518.313443220785
STARLINK-30122,56688,5585.466360554041,-1547.993361735031,-3676.0149891529045
STARLINK-30129,56689,1935.280362208665,5539.254038461728,3546.5586279714253
STARLINK-30124,56690,4981.435926758436,4535.680222730435,1286.4829346698823
STARLINK-30036,56692,211.77282311654116,5384.307590385963,4237.843527360576
STARLINK-30067,56693,3918.229169189783,5144.56223568125,2282.4863846823596
STARLINK-30126,56694,-4560.598275306444,2923.2995755342404,4202.337665714515
STARLINK-30121,56695,5500.896316242334,4047.445341946097,644.6012578687871
STARLINK-30130,56697,-6148.747338963576,1019.6143368608222,2860.8436777870747
STARLINK-30068,56698,6819.661973235077,405.960766322318,-633.4735476379707
STARLINK-30127,56699,6317.294206229494,458.8814525902217,-2641.426289773324
STARLINK-30053,56700,5372.248032428173,3916.6881479276394,1686.2189250899817
STARLINK-30125,56701,4332.577453612539,4614.777737002476,2637.287655479787
STARLINK-30117,56702,4637.265714919127,-2736.376233601839,-4256.4081814131
STARLINK-30132,56703,-3384.1048966007183,-5091.627065782445,-3121.171959743717
STARLINK-30066,56704,-4731.302508861968,2879.5752426804142,4040.8637504638136
STARLINK-30080,56705,-3859.353649316303,3786.330805961883,4214.39876093031
STARLINK-30079,56706,5942.0998003353625,3427.9084704587744,-67.3472614420028
STARLINK-30070,56707,5825.249317744786,3442.4492258794253,1122.6645985305101
STARLINK-30071,56708,6117.75043797013,-812.5353766777744,-3003.1090048383
STARLINK-30085,56709,-6664.2342361297115,-825.7386887545467,1401.8167211270077
STARLINK-6197,56767,556.2184175993931,-3991.85436052951,-5584.995638735552
STARLINK-6198,56768,3242.0872082359515,505.64034113081334,-6132.672653193577
STARLINK-6342,56770,2196.131713874431,2158.4560983888514,-6236.175334600867
STARLINK-6275,56772,1676.7164308286317,4565.789218930007,-4971.5348351780995
STARLINK-6296,56773,-3333.398414764563,526.4716806439172,6070.244182201821
STARLINK-6190,56774,918.8435969302799,-6588.565937858315,-2023.5943071167794
STARLINK-6292,56775,-5033.474260132165,-1127.323632947782,4653.62111588254
STARLINK-6274,56776,4337.721049868427,5432.669458122214,-118.63459710920301
STARLINK-5582,56777,-129.81912770102358,-5420.378437532998,-4354.874126931358
STARLINK-6304,56778,3442.3925074698586,5633.713022560378,2175.1410240518167
STARLINK-6231,56779,-4698.507674560478,-4339.287938694808,2718.4944178989413
STARLINK-5963,56780,1009.6278032619081,-3621.0156278190007,-5850.501714677192
STARLINK-5989,56781,2953.1250270175046,5609.336211193532,-2861.2323788405342
STARLINK-6352,56782,1903.3110401772815,4999.257951342858,4434.160592827759
STARLINK-6357,56783,-1692.35577868303,1667.5276721279022,6525.564525411412
STARLINK-6354,56784,116.46776206763022,3610.0040806287743,5933.010557857053
STARLINK-5931,56785,2816.736101572823,1364.1867675878764,-6211.137965839037
STARLINK-6341,56786,-3245.137264072951,-531.3314861646388,6117.350312555796
STARLINK-6326,56787,-134.8627850918141,-3619.564876264897,-5937.062954144193
STARLINK-6336,56788,-4290.544228678728,-2619.0523914141395,4795.132363649862
STARLINK-6345,56790,-3386.815012566993,-4023.7669248191883,-4549.703255862588
STARLINK-5977,56791,-3141.7874302583236,-3824.8459174702357,4874.412001075418
STARLINK-6046,56792,2108.3897513386714,-1140.45033813182,-6528.7612678007135
STARLINK-6052,56793,127.20351592821365,5388.711489312483,4384.646373207517
STARLINK-6060,56794,-4383.593939027171,-5391.0526501720105,222.20563341269013
STARLINK-6061,56795,4236.208308429109,2435.195134256197,-4950.339862908005
STARLINK-6049,56796,3132.0282889327123,3829.594885746351,-4888.955496296004
STARLINK-6058,56797,1092.0274304603222,-3501.7334582956514,-5908.052638361682
STARLINK-5953,56799,1346.7027961278231,6478.019230269923,2131.122463243775
STARLINK-6036,56800,2324.4508541975724,6541.867344462248,-388.7079627783862
STARLINK-6087,56801,1702.796595961407,-1659.0228518545239,-6535.81429139428
STARLINK-6029,56803,-1055.5392991900826,3546.0988041968467,5878.779097302701
STARLINK-6069,56804,-1911.033370080421,-4990.15907855153,-4451.001047704577
STARLINK-6064,56805,-3415.786996826698,-5616.519999008946,-2267.476634135943
STARLINK-6072,56806,3416.471300248749,4012.3062292445984,4528.155545871004
STARLINK-6073,56807,4320.46053632525,2648.446427129953,-4763.699973480212
STARLINK-6042,56808,1512.5050962504924,-2284.7676403694395,-6392.418119251361
STARLINK-6040,56809,-2333.806109953589,-6538.883894488035,348.883377947542
STARLINK-6031,56810,-2106.7563430586874,1130.9938772532837,6520.17025662161
STARLINK-6065,56812,1613.9668942995065,-1767.2163817359856,-6530.135878013534
STARLINK-6056,56813,-1391.5466275736483,-6486.36268639808,-2083.225809502331
STARLINK-6059,56814,-2963.341873140152,-5617.760050932027,2819.7409903371545
STARLINK-6067,56816,4717.149380503801,4317.4430779347185,-2734.563615358136
STARLINK-6028,56818,-1311.1337730485227,-6444.700922552978,-2257.533925966527
STARLINK-30119,56823,49.89611907378433,5505.366822742567,-4099.9985619640065
STARLINK-30120,56824,6147.4067079846845,2729.71745703212,1348.848771240765
STARLINK-30084,56825,6038.899655397962,26.83571209569844,3248.4681382523345
STARLINK-30114,56826,-4167.83313522656,3019.1939047069213,-4542.3890855528425
STARLINK-30151,56827,-6286.530372167954,-1804.3697311181013,-2076.927760045275
STARLINK-30152,56828,-5886.381133009781,384.64594888475244,-3507.9152322749555
STARLINK-30128,56832,112.13677017813059,-5042.961467356011,4641.101066021794
STARLINK-30131,56833,6690.472074894002,1561.0980487624333,137.63172391824
STARLINK-30069,56834,-6375.423788326128,-1278.1256790112864,-2190.4892388916946
STARLINK-30144,56835,-3188.8336861401253,-5231.573021283717,2973.5866110599004
STARLINK-30142,56836,-2411.6059567444527,4418.668162845745,-4666.121248865607
STARLINK-30133,56837,6217.103325169143,748.3358599084921,2796.428945627837
STARLINK-30123,56838,3706.889197639284,3430.6072849366706,-4648.483388862965
STARLINK-30076,56839,-6082.634584289137,-2985.0555728849504,-1072.8749310838123
STARLINK-30073,56840,-5664.981387981699,-3770.3923528995515,876.271111316872
STARLINK-30078,56841,-6054.574943981429,2871.1447258527705,-1475.2940779837456
STARLINK-30135,56842,-2226.0217358646446,4549.559246428465,-4633.942750819349
STARLINK-30137,56843,-2740.443141407971,-5643.402663592971,2767.967098245302
STARLINK-30136,56844,-6113.451889192591,-304.54556592160617,-3104.2497677949714
STARLINK-6206,56876,-6162.660807623076,1395.7065409321842,-2677.666119579429
STARLINK-6209,56877,5936.775084490558,3104.147239511776,-1492.0133398946334
STARLINK-6182,56878,-3442.613129357954,3993.269930058553,-4395.1982480665365
STARLINK-5707,56879,-1051.0390542301234,4915.93528983466,-4674.580446315102
STARLINK-6177,56880,-1753.1719953404095,-5111.6693173941785,4217.598361363444
STARLINK-5853,56881,1440.152609406269,5149.400569421616,-4304.780104723412
STARLINK-6175,56882,2329.209439338389,-4515.2119666573735,4602.094621905619
STARLINK-6171,56883,6007.740602500012,-1671.6756792126625,2854.734791343353
STARLINK-5515,56884,4930.915664629014,4032.04521797391,-2556.9222395118204
STARLINK-5095,56885,4376.9943643676,-3391.330503353758,4044.416507389092
STARLINK-5496,56886,6283.749010602795,2590.836068580773,-949.2228710019555
STARLINK-6180,56887,4863.835131552056,-2829.5357571081886,3917.9983482554017
STARLINK-6181,56888,-6692.180302721408,-535.6069782486594,-1417.2380001795589
STARLINK-6169,56889,6709.515733347104,1421.5551994533992,205.04497128475117
STARLINK-5528,56890,499.1516248518496,-5043.035770209239,4615.910155356298
STARLINK-6213,56891,6580.095762170652,-459.0742647343357,1883.8459781049623
STARLINK-6219,56892,1598.7376214444507,5218.776492370083,-4163.029735053606
STARLINK-6216,56893,5376.693858049922,-2489.2403062085336,3453.019969852501
STARLINK-6144,56894,-3484.0212136610307,-4868.237464166853,3342.4086557928986
STARLINK-6208,56895,-868.8676396734558,4972.634079491487,-4651.565556069997
STARLINK-6202,56896,-3222.3248824501884,4051.9968417486734,-4506.872694416046
STARLINK-6200,56897,-4539.646246386393,3144.4590531626814,-4075.8996809519376
STARLINK-6205,56898,-4874.015470540223,3106.458393559843,-3701.5492982390974
STARLINK-6203,56899,6248.894434808914,2534.7467876667915,-1275.8922759088312
STARLINK-6207,56900,6636.063101946685,1275.3232722264315,-1197.0375153686623
STARLINK-6185,56901,-6801.856335539498,-455.0815015301956,-775.2057297915844
STARLINK-6195,56902,6860.8438939381385,71.64299313153055,-71.7593505132031
STARLINK-6192,56903,5705.081038414096,-2275.3639113889103,3050.5534851248517
STARLINK-6193,56904,-2778.2527446346753,4598.5433129304965,-4271.235052920311
STARLINK-6183,56905,4540.931099516378,-3787.756228147423,3470.851896857579
STARLINK-6098,56906,-91.2266319712476,-5013.2994352219175,4673.663183182787
STARLINK-6110,56907,2359.341288155213,-4722.6323114141705,4373.684631712409
STARLINK-6186,56908,-6721.311594929935,-971.7605108835801,960.2556540347355
STARLINK-5999,56909,6471.22732804476,-1664.9305857411612,1552.5448775590153
STARLINK-6179,56910,-5892.309996104056,2592.1044953304295,-2377.683268291837
STARLINK-6116,56911,-4054.3010309385013,-4023.9974559555535,3790.016140058143
STARLINK-5805,56912,-311.2337889471487,5017.197641680774,-4674.145366537862
STARLINK-5950,56913,-5767.4953896322995,-2687.633187853933,2556.7540635516584
STARLINK-5961,56914,5149.655593259373,-3345.4563791911664,3053.628844695925
STARLINK-5965,56915,-6764.55252410624,860.4674424796359,-752.7116151654469
STARLINK-5973,56916,-6851.887381971417,265.9660603804961,-194.48696165589516
STARLINK-5971,56917,2172.5475752716557,4759.654199513612,-4443.375195320437
STARLINK-5951,56918,-3331.2165265903427,-4366.060753340985,4103.137589253148
STARLINK-5966,56919,3050.0329650647345,-4510.836740576664,4167.3756161041
STARLINK-5960,56920,-6493.806670131057,-1586.323033714385,1535.1412887836557
STARLINK-5958,56921,745.1838549798854,-4989.274664972769,4641.487863761097
STARLINK-5937,56922,5507.495691569265,2990.1577998380462,-2799.67319360558
STARLINK-5952,56923,-5084.129075882543,-3340.9613324472757,3161.988311489834
STARLINK-5731,56924,3708.2051608966667,4219.946072760461,-3944.321924045763
STARLINK-5733,56925,-4848.240873261175,3568.280601677076,-3295.8002803501217
STARLINK-5746,56926,-6276.379712425692,2049.1333307416485,-1866.710920401508
STARLINK-5808,56927,4190.226282783933,-3686.917706849658,-3995.9313000697803
STARLINK-5850,57049,-5505.489023489963,-4077.0632502689086,-377.6294222172125
STARLINK-5845,57050,5614.248284681027,3911.4396573413746,512.4403591596079
STARLINK-5839,57051,1057.4566471309308,5788.740143406046,-3534.0390224421303
STARLINK-5860,57052,-1291.9561878219522,5090.867708141428,-4419.781280916181
STARLINK-5865,57053,926.5707697785615,-5254.936013710558,4303.205308708347
STARLINK-5881,57054,272.72749794070575,5645.916039343515,-3895.1172564950994
STARLINK-6237,57055,3163.5259422361537,5677.869561803542,-2208.8714176224103
STARLINK-6353,57056,-1980.6969714695445,4728.730729177281,-4564.710149171849
STARLINK-6223,57057,1714.7325646141148,5835.548804189967,-3181.7866412526137
STARLINK-6217,57058,-4015.8148962487785,3124.203068522204,-4607.384600364947
STARLINK-6211,57059,-3380.426828178887,3727.709855758002,-4668.51083606751
STARLINK-6227,57060,-5976.316690540632,-290.148304634614,-3361.460208905349
STARLINK-5869,57061,4490.173683378868,5145.702718989439,-666.3980888780427
STARLINK-5536,57062,-3059.4089430601675,-5232.856814881413,3204.5225381684218
STARLINK-5832,57063,6077.315204892853,690.5976353813867,3101.924960613339
STARLINK-5822,57064,4857.577459386256,4813.286500169391,-584.858671342496
STARLINK-5830,57065,4051.321617227845,-3030.0323388311467,4625.634209155276
STARLINK-5827,57066,6100.4827978105795,2615.5376109982412,1733.724261256638
STARLINK-5824,57067,3099.3982129339556,-3952.8451391243716,4664.310304836278
STARLINK-5844,57068,37.550060219980686,-5665.3398661211395,3860.3117262299656
STARLINK-5821,57069,1242.6533432467609,5407.23859081174,-4042.875082379792
STARLINK-5828,57070,-4953.485048348375,-4406.406425434924,1754.3645742167575
STARLINK-5834,57071,-4748.170109830717,2697.6167006525625,-4157.476710953523
STARLINK-5843,57072,-6564.224981350753,-1152.6063715115658,-1631.3035391809967
STARLINK-5838,57073,-6183.77299483833,-2969.2141869837187,53.31534530180983
STARLINK-5773,57074,2289.5074045668216,-4579.766235042661,4557.5579019616725
STARLINK-5542,57075,4066.822431490613,4899.49558590897,-2562.3720756395205
STARLINK-6155,57076,-6072.410077433408,810.1414677946912,-3092.650954749828
STARLINK-6194,57077,-1261.1755994249095,4910.252023036312,-4627.793780862576
STARLINK-6245,57079,6551.492123705439,830.9389720486649,1854.5270461889063
STARLINK-6243,57080,-3497.660138925575,3761.174921466331,-4553.351606014738
STARLINK-6184,57081,4458.799083684439,-2986.959526411508,4265.413434398322
STARLINK-6248,57082,5660.914281981115,3755.8518533621072,-971.7441300622492
STARLINK-6253,57083,-3767.9926926452617,-5026.147334041381,2747.818528065468
STARLINK-6240,57084,5904.203911109164,-1159.9198559200513,3289.01102340357
STARLINK-6232,57085,3396.6026773085755,5139.355163493452,-3026.7307217990747
STARLINK-6247,57086,2367.944620127859,-4429.928425733857,4664.498568672667
STARLINK-6251,57087,5390.854569937677,4038.2428468715425,-1316.6800604459536
STARLINK-6257,57088,-7.996686676418052,-5242.741220291,4416.039959306018
STARLINK-6259,57089,3164.797438870069,-3980.0202904932016,4596.2333649338825
STARLINK-6254,57090,6349.535965195077,2585.809321107714,288.15627146656703
STARLINK-6262,57091,6217.388945518487,-500.81900115401584,2850.573672879332
STARLINK-6225,57092,6568.218409391611,1496.2570295659782,1296.371270938518
STARLINK-6229,57093,958.4503060823984,-4998.799311330582,4591.018887001969
STARLINK-6235,57094,-1604.227481518062,-5394.118557662963,3913.853172982695
STARLINK-6132,57101,-3512.2526295394505,3654.797530286659,4615.113569905766
STARLINK-6111,57102,1020.3044563176552,5520.600959108769,3935.3336439388513
STARLINK-6130,57104,-1369.0954343607118,4903.625390727613,4589.845374628379
STARLINK-6097,57105,2508.779572682746,5513.361541765621,3212.4632318546596
STARLINK-6118,57106,-4140.16493467693,3119.8013238643857,4486.579518182724
STARLINK-6131,57107,-621.2576569833135,-5465.328804735615,-4106.258809566733
STARLINK-6099,57108,-5637.140740944748,1250.9934214478044,3697.8664832167183
STARLINK-6139,57109,5432.197627412871,-1575.7177759391611,-3887.675637921783
STARLINK-6134,57110,-6380.057853979757,-829.5225975726061,2378.827263916578
STARLINK-6140,57111,-6008.185223856878,-3307.6179069505174,201.56235671637597
STARLINK-6141,57112,-2097.110296997434,4562.695457138939,4666.043680821105
STARLINK-6142,57113,-2893.963381467358,-5447.447031566313,-3010.7567106342217
STARLINK-6125,57114,-4738.143986291989,-4718.674556872534,-1542.9087824989724
STARLINK-6085,57115,-6486.465399695571,-2217.1720619536895,562.3523253441253
STARLINK-6129,57116,1729.3990630957417,-4749.061562736436,-4644.630805420289
STARLINK-6148,57117,949.4031840664748,-5067.598684601926,-4531.635814297104
STARLINK-6150,57119,3229.525737841181,5382.37692884024,2760.118644327062
STARLINK-6147,57120,-6387.330415801746,-2107.384799434266,1350.2393002048832
STARLINK-6152,57121,2503.7630250377824,-4345.856146782604,-4686.172570063373
STARLINK-6149,57122,6133.61538719888,3027.418951193435,-534.1585864789982
STARLINK-6154,57123,-5228.750625606045,1887.2225781633917,4013.6078213949804
STARLINK-6146,57124,-6228.446395431644,-131.24248257824232,2868.3218149720733
STARLINK-6100,57125,-4928.877204957338,-3982.287514165628,-2637.9104541735237
STARLINK-6167,57126,5796.6672885726175,-938.9115205767727,-3553.2114502702143
STARLINK-6165,57127,-4337.432232379713,-4957.266840416133,-1927.5788240086308
STARLINK-6163,57128,173.08018137165521,-5303.890169656911,-4353.900366184834
STARLINK-6170,57129,5829.845934651576,-1982.1589313724646,-3029.760755019445
STARLINK-6172,57130,-2173.703848216745,-5536.8185328238205,-3425.584963726703
STARLINK-6162,57131,2007.4955496035222,-4647.493944959495,-4635.03137798024
STARLINK-6128,57132,-5693.006690718696,-3814.4623099000833,-358.2749280345213
STARLINK-6143,57133,-6278.435207332439,-2558.1136287349455,-1063.0047345439393
STARLINK-6133,57134,4181.808585598063,-3584.6311481579833,-4095.3829545866092
STARLINK-6127,57135,-1312.049976631483,-5108.406347330983,-4393.447936218984
STARLINK-6112,57136,-501.56716538237276,-5109.248421144138,-4556.558795950396
STARLINK-5347,57137,4762.715643891619,-3146.7894517605455,-3810.594924031326
STARLINK-5336,57138,-2899.4433755876353,-4876.877293106757,-3863.31304538009
STARLINK-5355,57139,3524.509883228043,-3988.029684257137,-4333.696219022927
STARLINK-5357,57141,2962.937644552639,-4271.475449049169,-4481.2525684504135
STARLINK-5361,57142,347.93113092988153,-5031.866265201751,-4655.869644389888
STARLINK-5358,57143,-2132.6196832178994,-5028.904018112877,-4156.68479990415
STARLINK-5150,57144,1177.0293603618056,-4879.754845372585,-4681.797461183953
STARLINK-5768,57145,-2364.090568630131,4509.652596952212,4590.150039073198
STARLINK-5791,57146,-4316.967571453503,-4347.010689276142,-3095.064128898323
STARLINK-5765,57147,3991.5896389665745,4510.552701882932,3276.094466019515
STARLINK-5788,57148,5706.945269695446,3328.3247220308403,1840.5079075826654
STARLINK-5778,57149,6659.371476347644,-1320.0363696594,-1011.3899948454912
STARLINK-5780,57150,-1897.432105851953,4640.409192422641,4674.994451005483
STARLINK-5776,57151,-5286.495021965407,2636.5018681645806,3478.6981897861388
STARLINK-6164,57152,-5915.773368763743,-3080.9189650643866,-1615.6021095354834
STARLINK-5879,57153,2700.267030146099,4642.603229079656,4260.698919199884
STARLINK-6106,57154,75.41277183675584,5076.752239791918,4604.950838464932
STARLINK-6108,57155,6678.320531939066,-179.6915704340303,-1564.1482888697149
STARLINK-6137,57156,6637.062201452436,1723.3959805676213,181.31974782413855
STARLINK-5525,57218,1428.8676309221305,5029.266306948098,-4446.658098172605
STARLINK-5520,57219,3061.3997067367413,3971.2618658142255,-4687.865166214161
STARLINK-5880,57220,5654.229101811896,836.7328572211168,-3800.983973171243
STARLINK-5875,57221,1999.72857147281,-5938.4731352779645,1785.8598578234696
STARLINK-5870,57222,-5490.7285043205375,4087.603798867693,443.6255019592057
STARLINK-5519,57223,-3469.8646665171746,5515.792423734391,-2151.1360958204664
STARLINK-5983,57224,-4122.63615282066,5333.355337915757,-1278.853156417535
STARLINK-6294,57225,-4913.807800399274,-1964.165750481648,4357.451577510152
STARLINK-6350,57226,2635.9942728351925,-5793.869757031731,2554.095412080489
STARLINK-5996,57227,-1383.5479511503972,5740.026778540112,-3498.60011966534
STARLINK-6230,57228,-5309.065530826721,-1274.8578991139236,4145.046702241136
STARLINK-6233,57229,359.6776043758771,-5668.9408364349765,3840.015706688041
STARLINK-6250,57230,-1143.9917319865951,-5151.679744591811,4376.066260107799
STARLINK-5840,57231,4428.785290847492,-5142.856890047867,1002.6210070179233
STARLINK-5872,57232,5940.240815548329,-3170.6720445621054,-1325.8332775669019
STARLINK-5866,57233,5798.480658739248,221.9373743195514,-3666.812741354929
STARLINK-6368,57234,-5777.246293181881,3561.1670289648628,994.2314437300729
STARLINK-6360,57235,4693.086654395113,2274.30113966763,-4463.511608617999
STARLINK-6315,57236,-5007.276709404432,4591.340168797373,945.6477659031332
STARLINK-6365,57237,-20.516986609245443,5598.93980210794,-3968.9625202459856
STARLINK-6334,57238,1809.8539728879919,5042.7390811549985,-4290.196833196061
STARLINK-6330,57239,-4657.3011988922835,4988.0983386996495,-706.0885763342609
STARLINK-6351,57240,5667.424072658335,-3060.718402885098,-2372.0535746346472
STARLINK-6349,57241,-3604.525476720575,5785.04396115247,-783.1656294158834
STARLINK-6306,57242,-336.5641357468757,6009.16603436856,-3298.142152865309
STARLINK-6346,57243,-2374.0066853554877,6152.473410903821,-1896.220559866728
STARLINK-5610,57244,5359.439498327937,553.5904251303219,-4253.3282656948595
STARLINK-5587,57245,3677.882914757632,3412.5101159698365,-4684.537463438167
STARLINK-5049,57246,5731.980773065986,-938.8693345871601,-3657.8587704435345
STARLINK-5039,57247,4792.9977392941355,-4864.411239310033,-676.7262970897873
STARLINK-5514,57248,3331.4549251704357,-5912.11960520514,1009.686841151654
STARLINK-5517,57249,1375.532798727351,-6193.909095970366,2604.114714146979
STARLINK-5488,57250,-5202.071310465455,-962.9534395187495,4359.149463212426
STARLINK-5513,57251,-845.8775984982894,-5587.107820541084,3884.01950998566
STARLINK-5511,57252,5218.157057517667,-4247.932122770272,-1348.9675956947758
STARLINK-5516,57253,-3929.0708362275477,-3099.734156383527,4684.081285819837
STARLINK-5490,57254,2067.967490875759,-6193.4050451079465,2101.5402253709312
STARLINK-5481,57255,3866.7799607702304,-5648.942472229082,462.19386553038146
STARLINK-5512,57256,-5735.298919625765,2749.448209368947,2562.9852282489765
STARLINK-5503,57257,-5785.317007103292,1359.7021534538778,3419.120776492017
STARLINK-5476,57258,-2134.975676384544,-4822.388818925708,4379.700798553763
STARLINK-5026,57260,-3437.134960930767,-3671.1114796522315,4658.135559124583
STARLINK-5485,57261,2808.3199677299895,4170.772891588791,-4672.136979434627
STARLINK-5504,57262,-33.77336581563528,-5910.002738540553,3478.129374715486
STARLINK-5509,57263,632.6690258298147,5381.216147775964,-4212.692289664989
STARLINK-5858,57264,-4840.544022640558,-1719.6996277606977,4539.138012425329
STARLINK-30198,57290,-5106.4445295248825,-2393.182555803337,-3917.3146678048624
STARLINK-30239,57291,5066.976397185064,-4399.094124602649,-1432.5147275142945
STARLINK-30235,57294,1816.0984776898476,-5473.188156144648,-3723.3665729172853
STARLINK-30236,57300,-446.96832641487185,-5189.5957899965615,-4469.448186608562
STARLINK-30201,57301,-5790.09947294037,-1214.0134425891304,-3482.1608875147035
STARLINK-30233,57302,-2833.1289617411853,-4171.47882178194,-4656.639249127996
STARLINK-30184,57310,5310.631838795616,411.31836330460555,4315.316045878745
STARLINK-6290,57328,4776.748843867699,3649.513883156314,3298.6859077617364
STARLINK-6138,57329,-711.4135008505147,-5005.010072803501,-4643.645899212008
STARLINK-6212,57330,6522.561044786379,-1478.872185641593,-1533.740692265486
STARLINK-6234,57331,5307.585179559585,-3117.3616253836167,-3034.851239839641
STARLINK-5831,57332,4039.190786344592,-4008.936432344565,-3836.2902366939193
STARLINK-5585,57333,1837.8128165262613,-4816.031625601974,-4532.964075057717
STARLINK-5589,57334,-3159.844899340695,-4501.754608600553,-4107.227361745953
STARLINK-6316,57335,-5190.580304812466,3340.707337630289,2988.1203044191006
STARLINK-6320,57336,-6829.877848351945,559.1207688977493,346.289375156153
STARLINK-6322,57337,-6414.2074897562925,-1875.8297642522089,-1560.7796178402916
STARLINK-6374,57338,-6815.638359603976,-680.8746147677236,-429.6649955837752
STARLINK-6332,57339,-5119.925003141426,-3416.7783635869864,-3038.1129815127906
STARLINK-6321,57340,-1458.9950312112014,4877.2989574936755,4591.123895715224
STARLINK-6377,57341,3076.813357403095,-4369.685940430374,-4307.697237750966
STARLINK-6375,57342,-4355.5102716844585,-3822.3359012338306,-3679.728588663952
STARLINK-6379,57343,-5601.6754005572475,2806.318419428164,2789.8544229980403
STARLINK-6380,57344,6294.9699244416,2059.934176002452,1780.770571344844
STARLINK-6373,57345,4571.74390084577,-3562.545967648987,-3676.0548676774574
STARLINK-6359,57346,-4609.698281353881,3768.893696739239,3401.0832984662643
STARLINK-6378,57347,775.9649342208022,-4965.6691446519235,-4675.134967862778
STARLINK-6372,57348,-6611.611642175394,-1257.8667466068061,-1344.5718007564365
STARLINK-6376,57349,5447.60285163537,-3136.9692099723306,-2752.4373892691497
STARLINK-6362,57350,3241.305078429168,-4678.520310260104,-3835.1231893536533
STARLINK-6331,57351,4637.403674896074,3615.4224014178412,3525.8450413541977
STARLINK-6297,57352,6105.950952563332,-2695.1600448688782,-1589.647551024307
STARLINK-6324,57353,2043.4015693783545,-4824.7474855081655,-4433.457925090988
STARLINK-6293,57354,6684.587236920951,-1491.374287091472,-392.37029345517107
STARLINK-6276,57355,-5177.39811510305,-2926.895611314132,-3426.8678360213553
STARLINK-6355,57356,-19.654971362711564,-5049.91986106364,-4648.966844616388
STARLINK-5600,57357,1979.8315594729154,4681.424106812568,4598.988222228428
STARLINK-6299,57358,-6787.910000958291,39.2690124844752,-1008.4831904921025
STARLINK-6347,57359,5227.657458848444,-3624.082600707276,-2573.9540059372825
STARLINK-6348,57360,-5457.288320765426,3440.4148408584674,2329.181252967519
STARLINK-6340,57361,-4585.418115181866,-3417.36051481413,-3795.94333537946
STARLINK-6343,57362,-3576.442679349234,4567.985324387817,3654.772192219495
STARLINK-6356,57363,-6535.1953242674035,1937.6308708393617,778.7162911805534
STARLINK-6338,57364,-1244.3711412664738,5057.481646461122,4457.1932210055875
STARLINK-5007,57365,6815.697032287428,-333.97845618731003,695.506985896701
STARLINK-6174,57366,6292.446871720567,1478.8935801180523,2289.8430578721645
STARLINK-6215,57367,-6451.675183805312,661.3127943585332,-2245.5127287959904
STARLINK-6218,57368,6413.36613632664,-2187.031066735089,-1074.7936215089992
STARLINK-6168,57369,-4301.849247384305,4240.0797785820605,3238.378459602315
STARLINK-5353,57370,3979.3682496346755,-4390.083992560367,-3462.2543847558572
STARLINK-6032,57371,4907.047460034621,3139.4846862830364,3614.9770826866156
STARLINK-5975,57372,-3156.93167316421,-4254.324036072583,-4364.977254447566
STARLINK-6370,57373,838.2445555528257,-5073.271553597812,-4546.415001606628
STARLINK-6369,57374,261.50049437997865,-5335.410153196506,-4309.328788505322
STARLINK-6363,57375,1665.6997449069784,-5018.795390551773,-4375.738332159722
STARLINK-6367,57376,3431.675338685027,4025.886665990114,4355.755251770018
STARLINK-6358,57377,-3196.4922887846806,-4314.488540619658,-4279.8286473630815
STARLINK-6364,57378,-858.1804652507672,-5259.011462926275,-4325.945918011863
STARLINK-6361,57379,2659.452563742789,4396.78637870486,4536.188528876193
STARLINK-6366,57380,-3035.890299311672,-4010.1649166501506,-4670.948186171832
STARLINK-6371,57381,2508.631889682073,-5402.376894626707,-3408.9503982559263
STARLINK-30240,57404,6147.327388819342,2113.7138374229016,2185.031519900491
STARLINK-30195,57406,-2232.091324841617,4652.380044383556,4486.052745102141
STARLINK-30207,57407,6223.230984645945,-2774.3922361777745,-807.1182259807799
STARLINK-30205,57408,-434.8933667915861,-5006.442166203157,-4675.306259960107
STARLINK-30222,57409,1598.290670250287,4848.996933123309,4573.568635087792
STARLINK-30172,57410,-1736.7157454592266,4874.201307701577,4496.641656576082
STARLINK-30214,57411,4.862266496664378,5016.940462278325,4670.898620318259
STARLINK-30182,57412,5338.671662661495,3052.4249776829843,3033.2197694725637
STARLINK-30191,57413,-890.0880014992921,-6020.748367769034,-3170.6853746976894
STARLINK-30193,57414,-6745.261630000972,-341.7295974333648,-887.4367033564135
STARLINK-30208,57415,3255.976027345134,4355.02100150349,4174.350515634434
STARLINK-30224,57416,6495.413472077342,1493.7764842271529,1618.5546983295865
STARLINK-30043,57417,6706.452787457676,928.9545826700717,1098.5008949443186
STARLINK-30221,57418,-5736.2001120789155,-2986.9622133041207,-2300.579226866874
STARLINK-30188,57432,6103.012103773055,2833.3770738522544,1326.0663611072118
STARLINK-30105,57433,5510.891930393312,923.2656569654805,-3986.9568393249297
STARLINK-30102,57434,-183.90629020505065,5026.887598709471,4656.619463532703
STARLINK-30158,57438,1582.919619908161,5021.356982033247,4389.728696570735
STARLINK-30160,57441,-4452.695161971448,3263.4601112795276,4065.217349358781
STARLINK-30146,57442,3827.1066589810835,4458.380491468736,3533.6189527584
STARLINK-30197,57443,-6679.473213542074,540.0423690124724,1465.9675567069298
STARLINK-30181,57444,-5604.736208229114,2296.3732433085697,3215.8351520472106
STARLINK-30215,57445,6630.527675408378,1674.0593722012275,540.5770681874245
STARLINK-30162,57446,-2425.491249826933,4731.4555138698215,4327.796574023676
STARLINK-30178,57447,5609.758793296483,3285.483710778462,2183.0342444810976
STARLINK-30196,57448,-6712.291911852612,-1421.4319797345822,39.66088173405868
STARLINK-30225,57449,-6603.900580218692,514.4739319500496,1784.2649945969126
STARLINK-30217,57450,-757.4518203656536,4996.850307861332,4630.910153135412
STARLINK-30216,57451,2975.7562937358875,-4333.537209100439,-4413.646666385303
STARLINK-30165,57457,2358.6296112317655,-5877.7638832507955,-2645.618731691738
STARLINK-30140,57458,1488.4644773872105,6583.980414834047,-1229.2459118409377
STARLINK-30077,57460,-4955.009939065267,707.6790888870152,4683.324000468822
STARLINK-30229,57461,-4036.079651489245,4213.5848384301935,3600.283180275011
STARLINK-30088,57462,3.689832390472128,-6842.838883049537,-512.6127861645264
STARLINK-30091,57463,4068.852771096767,4257.904883969558,-2004.4652970708687
STARLINK-30116,57465,4191.010460835735,-3476.910735068985,-4179.062897797685
STARLINK-30092,57467,2927.0486731402566,-5356.360563264917,-3139.189994221453
STARLINK-30039,57468,1243.4322688772552,-6544.176960379727,-1651.8464396716527
STARLINK-30171,57469,3102.826777950745,5455.409825400337,-2774.6780089379185
STARLINK-30186,57470,-1832.8437290187196,-6300.911721933118,1864.2600094811871
STARLINK-30204,57472,4627.399228892276,3005.2429554560977,-4082.1119716637636
STARLINK-30155,57475,-4828.277124715976,1493.7168253135806,4630.689171930645
STARLINK-30161,57476,-4005.4581544403645,3808.852259465641,4055.1513755129636
STARLINK-30176,57477,-3090.231088274334,5146.280426255971,3310.474117411179
STARLINK-30154,57495,1670.2810645811,5251.336476481208,-4091.680950167232
STARLINK-30145,57496,5655.477187681648,-2472.2971418208886,-3003.6649515512177
STARLINK-30226,57497,5117.873489443502,-4279.685724138851,-1613.196515336347
STARLINK-30203,57498,-1083.5796314980535,6287.836802548606,-2526.198353912499
STARLINK-30169,57499,-2304.0122702035096,-5245.133038149609,3767.417718717686
STARLINK-30164,57500,5683.51796921782,-1544.5210432594006,-3525.481857629694
STARLINK-30072,57501,-2624.1047306806922,-4512.832174253411,4443.615157283858
STARLINK-30230,57503,5446.234422732182,3.4315853127197604,-4178.172333330963
STARLINK-30213,57504,-5336.280431842773,-393.89287510021364,4284.550797298736
STARLINK-30227,57505,-4563.069285545921,4771.943042256692,1884.6875401614461
STARLINK-30212,57506,-5695.861974746085,1854.4531115982381,3335.0200011409834
STARLINK-30219,57507,-3321.4166339389544,5968.159543854695,-531.5224631841118
STARLINK-30074,57508,2736.6911062541635,-6168.997222854391,1233.3043327298806
STARLINK-30082,57509,3548.3130514744207,3593.707866182614,-4648.550134102093
STARLINK-30153,57510,-4929.370983967455,4572.105239369942,1356.6869815870116
STARLINK-30147,57511,-393.71419387994223,6163.920467728038,-2991.4873829787666
STARLINK-30157,57512,4988.399094373438,507.02737935341526,-4687.919019293585
STARLINK-30168,57513,-2445.223453401623,6244.815875252641,-1450.366291377757
STARLINK-30231,57514,4900.829088985169,1503.5341885920704,-4565.14603541407
STARLINK-30081,57515,-4093.114843274425,5500.97518530666,215.29632806592033
STARLINK-30149,57516,2963.4388263893034,4216.716223752664,-4533.007746366205
STARLINK-30259,57521,-5227.073089368261,544.6209295394217,4401.112114679448
STARLINK-30256,57522,1239.8348910508096,5999.400338807004,-3089.237989260153
STARLINK-30261,57523,-1728.7352621027942,6603.3932974290865,-685.9354639042884
STARLINK-30260,57524,-4630.941682602911,-1894.896586568043,4685.142976753431
STARLINK-30253,57525,-4318.401863623868,4867.219756241585,2167.332357090537
STARLINK-30257,57526,-5111.87442723873,2927.948069274644,3506.164568158256
STARLINK-30250,57527,-2925.4093065350717,6183.584595011875,505.13358266468697
STARLINK-30269,57528,4767.260230233095,1552.3210894186823,-4688.22218810771
STARLINK-30266,57529,1442.727192124401,-6645.852019084257,904.6489125000431
STARLINK-30270,57530,4836.774582637362,-3829.559074171358,-3003.7029666066824
STARLINK-30268,57531,3643.78100147491,3751.6031157266816,-4444.986006441307
STARLINK-30251,57532,3205.450160753659,-6007.031595654517,-856.4334294160391
STARLINK-30254,57533,-2508.167301088191,-5556.8803645575035,3137.1587271568446
STARLINK-30264,57534,-2011.5006100395303,-4748.831434524158,-4528.350692626217
STARLINK-30166,57602,-6775.518691109882,-1064.2881160279508,-151.33950001886993
STARLINK-30223,57603,2420.0992942263183,5475.698330721799,-3466.355877853408
STARLINK-30218,57604,2788.45098389433,4856.336113104441,-3968.984908468151
STARLINK-30138,57605,4831.066505898011,3980.818520175312,-2814.200650904452
STARLINK-30255,57606,-6276.188878583171,1442.330840863072,-2370.9924400015047
STARLINK-30252,57607,3464.880462930715,-4456.873937403382,3893.042091687212
STARLINK-30258,57608,1816.2629514285052,-4716.282574996444,4631.220184973678
STARLINK-30174,57609,-5125.826447462991,-3747.3452638719004,2589.5004625127435
STARLINK-30248,57610,-1653.49343100068,-5036.763089027906,4346.920410765002
STARLINK-30052,57611,-6387.008247168202,-2277.7761366910872,1029.741791335784
STARLINK-30245,57612,-2356.4373600000204,-4932.815790853027,4136.13724005285
STARLINK-30041,57613,-6622.4256661854615,-1724.261512080527,481.65334116455125
STARLINK-30244,57614,-5925.252768023053,1999.6435643656373,-2824.6393102653446
STARLINK-30246,57615,-4333.089530135379,3542.8448276806344,-3972.2329149226966
STARLINK-30075,57616,-703.6560809170852,-5082.993691138709,4544.873771102732
STARLINK-30148,57617,-4557.207632584597,-4128.38394856329,3033.3123379858675
STARLINK-30249,57618,-6050.940145677169,-2815.9510367374232,1579.549867934258
STARLINK-30141,57620,-5489.331685192463,2537.636679690271,-3245.3303616328412
STARLINK-30150,57621,-6571.672700625347,781.9941846008898,-1812.6191134476178
STARLINK-30056,57622,-2084.727475387448,4643.633336294726,-4604.765538869871
STARLINK-30100,57623,345.1555457750926,5085.404322306745,-4597.280426864521
STARLINK-30309,57632,3333.2376095884388,5055.051293297351,-3231.8020308713108
STARLINK-30306,57633,5153.50972415933,4150.172707243184,-1821.532067135255
STARLINK-30323,57634,-6732.51870931741,211.9060557596793,-1309.6810490893752
STARLINK-30329,57635,6619.753724481566,1523.973930130176,961.084820803974
STARLINK-30330,57636,6323.85373887157,-493.7440598071674,2608.0816130291214
STARLINK-30311,57637,-545.4993102497979,-5249.270547069557,4374.423279860328
STARLINK-30328,57638,-5579.498999466934,-3350.8389298218585,2161.398664986619
STARLINK-30326,57639,-3752.235744005614,3652.3296984040453,-4437.647254906784
STARLINK-30324,57640,5987.223689317127,3264.7437910771373,-766.9150677693162
STARLINK-30312,57641,3441.1994175018112,-3860.2550318425324,4499.872534302547
STARLINK-30263,57642,-2947.879589173584,-5131.326107280658,3463.1593073503122
STARLINK-30280,57643,-6173.72350289797,-2951.9201936615523,478.63919827702705
STARLINK-30247,57644,-4874.863980240859,-4332.904535719026,2118.2693288019655
STARLINK-30277,57645,5420.542756443248,381.28467567991527,-4192.873781974229
STARLINK-30265,57646,1275.2860598405782,-4868.891042638888,4652.947637245611
STARLINK-30286,57647,-6644.67087706366,-1272.9252317869684,-1141.2421042063895
STARLINK-30243,57648,993.6017168416515,5300.256863712824,-4247.100301822148
STARLINK-30299,57650,-6234.815827107891,756.7054599575044,-2765.8276039613497
STARLINK-30294,57651,-3756.12721954884,-4522.800191342312,3531.5276977753747
STARLINK-30276,57652,-1411.33989978893,4833.542829561035,-4665.2417821980935
STARLINK-30289,57653,3811.1310640458355,-3860.0799315055083,4193.991449292699
STARLINK-30267,57663,-4614.33221912098,-3701.3255676330527,3451.3647911908547
STARLINK-30298,57665,-1963.2334239620943,-6421.521557328463,-1338.0007042942523
STARLINK-30301,57666,4174.416763877163,985.5513575832501,-5340.3880250977945
STARLINK-30275,57667,1221.3985701005686,6376.706274646125,2189.2390690451766
STARLINK-30278,57668,-1143.6252946366656,5159.175105351361,4355.200262760816
STARLINK-30271,57669,4752.331519557938,2782.26751251138,-4080.4393117050495
STARLINK-30322,57670,738.2745890993652,6251.868361234942,2702.9908393492915
STARLINK-30296,57671,-4709.9024101701725,-1972.350763951316,4561.588149385902
STARLINK-30274,57672,-740.6058865593334,-6251.909518586902,-2716.6035259104215
STARLINK-30316,57673,-3880.9173917133508,1349.6205388501965,5474.878618152898
STARLINK-30313,57676,-2152.6134976504295,-6415.4133887522585,-1097.7672590553557
STARLINK-30303,57677,-2330.4711096370634,3916.8126170471246,5108.951243545758
STARLINK-30320,57678,-3336.1054538188573,2373.397936291438,5470.167075032047
STARLINK-30321,57679,2173.3257859619644,6401.251418721296,1125.5361769508602
STARLINK-30283,57680,-4133.142716920885,-5049.354717519049,2086.9618048762904
STARLINK-30273,57681,4365.852269036342,-44.59660805197378,-5284.14710906423
STARLINK-30297,57682,-3283.8541154621926,-5992.536002124641,519.9225324552001
STARLINK-30295,57683,-4333.197806890241,92.47808380593113,5298.796716976645
STARLINK-30288,57698,-5821.464801077641,-2967.353916515816,-2097.0134615950706
STARLINK-30347,57699,4242.410302340802,5152.939983619925,-1598.6839604720503
STARLINK-30332,57700,2052.3551071696334,6281.320860568914,-1848.7911955066925
STARLINK-30345,57701,5215.207839409128,4396.587495326171,732.6042280726414
STARLINK-30333,57702,-4317.040437602644,2675.0450630787113,-4617.129941720658
STARLINK-30336,57703,5917.5099483143495,1182.384931538879,3258.776505648748
STARLINK-30346,57704,-252.97516785934567,5704.658860617082,-3809.314013752773
STARLINK-30327,57707,-5178.759571769145,2877.922258019245,-3398.8084974432404
STARLINK-30315,57708,5748.836299035921,3279.1997784448286,1807.87867567182
STARLINK-30287,57709,1876.4378790652954,6069.166247361837,-2599.1383219157374
STARLINK-30335,57710,3780.4934642791236,5634.043875129553,-1031.5514225023105
STARLINK-30318,57711,-2409.258093895536,4556.889688178696,-4533.026210784846
STARLINK-30348,57712,4391.222514103426,-2557.109109109009,4600.2181754384355
STARLINK-30349,57713,-116.43803216583532,-5829.073889063003,3608.2409711910245
STARLINK-30341,57714,5144.845202018831,4417.594170435818,1042.5825591128512
STARLINK-30300,57715,5266.394603534193,-1078.1438534318538,4254.015174357043
STARLINK-30281,57716,-5012.2626849282915,-4659.453570431227,-474.5064490266639
STARLINK-30325,57717,2083.5767336646763,-4784.489698672815,4444.99374241493
STARLINK-30338,57718,-3412.4330191257022,-5797.295720367171,1339.3871642813162
STARLINK-30334,57719,-1534.8544652418875,-6070.515108580747,2794.237873674629
STARLINK-30375,57732,4660.254046086121,-2355.589113238248,4440.96907882339
STARLINK-30310,57733,-1413.1139073387353,-5981.082308733495,-3055.2210744083013
STARLINK-30365,57734,-4648.611451946491,3591.630091005197,-3551.214375930492
STARLINK-30371,57735,1926.3272231170445,-6575.336279232107,-299.29719470956644
STARLINK-30352,57736,392.69430366391026,-6644.501660251666,-1667.5909132357735
STARLINK-30344,57737,5463.285737024639,-236.4613136104115,4239.564965630482
STARLINK-30351,57738,1698.2104585979741,-6637.9000825755775,334.17603055129973
STARLINK-30242,57739,5108.454326655718,2490.308435182938,3836.297108804797
STARLINK-30331,57740,4141.860857312448,4986.920584585178,-2254.025332913698
STARLINK-30364,57741,2790.4768563174434,-6100.988535935353,1428.8127465639725
STARLINK-30308,57742,-5034.858883332253,-403.60807638220183,-4648.21473987074
STARLINK-30361,57743,-168.32018314077715,-6718.431440786452,-1383.4481903095264
STARLINK-30363,57744,-4833.498032152559,-2155.8252091633553,-4370.459920189788
STARLINK-30362,57745,4517.709768518634,2404.9935786956885,4560.41560769575
STARLINK-30350,57746,-5065.682378484554,164.3865616761226,-4628.934638067761
STARLINK-30307,57747,-3100.178362671331,5880.0859347264295,-1707.8430096045333
STARLINK-30356,57748,4754.939513933571,-3220.9596251369717,3744.0359190539516
STARLINK-30366,57749,-172.65989818113053,6702.2955851092265,1479.3275236020895
STARLINK-30357,57750,3500.2502586541405,-5744.390385410888,1337.0548314203697
STARLINK-30370,57751,4987.9177513185205,1308.1012756889652,4497.219958365144
STARLINK-30368,57752,-104.98317768308813,6756.591369072626,1183.5889432435424
STARLINK-30343,57753,4610.476898500433,-4257.494676082773,2763.3322463834415
STARLINK-30397,57771,-4774.55081180915,4779.473943282529,-1207.8053938331375
STARLINK-30354,57772,5726.503463788521,-1285.5742634442224,3544.0677926671406
STARLINK-30383,57773,5296.271146207618,653.067937499453,4302.024091316879
STARLINK-30384,57774,5746.131163527663,-2021.3257063195185,3148.039784908726
STARLINK-30305,57775,-3318.1666077588347,5980.9504772018,540.5879096229254
STARLINK-30360,57776,-2747.9038385940307,6191.104057251846,1089.9351063891781
STARLINK-30355,57777,-5582.477667183444,257.0083512145359,-3985.818861981507
STARLINK-30385,57778,5279.918349259036,-585.3199147165324,4332.548637414131
STARLINK-30359,57779,1949.5402565972943,-6547.823254900568,-637.0841266096212
STARLINK-30380,57780,-304.47812537208745,-6001.730539467193,-3314.709264369657
STARLINK-30369,57781,1723.7828991449933,-6357.57478549248,-1922.1486885364384
STARLINK-30376,57782,5440.734985244003,-3332.3188089537275,2514.0333818551467
STARLINK-30389,57783,5148.737731035193,1035.009203003079,4405.480100588949
STARLINK-30388,57784,4548.398499009044,-5047.032532153609,942.0347111981015
STARLINK-30381,57785,-4040.1392104604884,-3004.5095176018995,-4665.299352475366
STARLINK-30382,57786,5610.799954082531,-1131.3400117398237,3773.134690080821
STARLINK-30378,57787,-5531.274778694448,3041.7099811498633,-2695.3772390169115
STARLINK-30387,57788,5164.297568566645,-2972.0937008691935,3392.107597408039
STARLINK-30372,57789,-6830.625531712435,-527.9508345178051,-314.6159907836842
STARLINK-30367,57791,-2199.980085084017,-4932.700600655931,-4234.701023574085
STARLINK-30374,57809,768.1160144405418,4981.819858723933,4645.447767481855
STARLINK-30394,57810,6533.509047790004,342.74912301032094,2052.7841998133713
STARLINK-30379,57811,6450.673877795889,-2310.874619532552,-341.3846774434095
STARLINK-30395,57812,5368.792324065597,-3797.2358143700485,-1960.9761674896877
STARLINK-30403,57813,4227.9183438851915,-4541.950763470474,-2931.5819969584522
STARLINK-30413,57814,-3847.2571049169737,4689.717021127803,3198.8988759320155
STARLINK-30398,57815,-2559.263844534106,-4402.139396506137,-4602.554025237832
STARLINK-30386,57816,-4811.179162262117,-2957.550516075007,-3901.3728946121105
STARLINK-30391,57817,-5966.683909233642,-1601.054719314445,-2989.7705936685124
STARLINK-30401,57818,-6662.083270340126,104.97790886901329,-1643.882291927642
STARLINK-30390,57819,-6573.612789256007,1968.9147671541787,51.15094084194529
STARLINK-30409,57820,5097.598590939893,2656.1324407969773,3736.684036251581
STARLINK-30415,57821,-1893.094044860378,5146.912828857419,4114.71779235326
STARLINK-30407,57823,-4657.045299575069,1983.164771687172,-4636.838503129125
STARLINK-30408,57824,3170.3433617715737,4089.5222075500205,4496.258921710066
STARLINK-30377,57825,2522.694007464412,4407.4198853995,4604.658514679017
STARLINK-30422,57826,3574.2725234040463,-4810.822222416167,-3344.387517785239
STARLINK-30402,57827,6726.184740500038,-847.3669513394601,1041.3206309893944
STARLINK-30411,57828,6335.0809060263055,872.4881705061707,2476.281350061035
STARLINK-30418,57829,4510.982055382572,3191.5552908454342,4056.550401600648
STARLINK-30285,57840,5387.7983480827725,-4226.692135224262,-150.7298019524363
STARLINK-30410,57841,1273.056068472409,-5173.257338364735,4294.861381311004
STARLINK-30435,57842,-5915.585860372652,2384.6324523779836,2489.1940765044087
STARLINK-30423,57843,-3573.178223045972,-2271.241139922748,5373.770220673246
STARLINK-30292,57844,-1758.472871276743,-3787.9646495214033,5423.947470152698
STARLINK-30416,57847,-1180.603088575749,-4147.359914136299,5310.990917673206
STARLINK-30426,57848,579.4812658498054,-4945.209258361894,4699.699136238404
STARLINK-30430,57849,-5276.240819549171,64.0493439482179,4357.350534915704
STARLINK-30425,57850,-1127.606958425666,-4170.55560225339,5310.58475608683
STARLINK-30405,57851,3776.7868636780995,-5242.133685185821,2264.304742118629
STARLINK-30431,57852,-4286.444792956088,-1471.4318651210292,5131.239329288987
STARLINK-30404,57853,-2248.426767482486,-3440.609309318483,5473.6489047527875
STARLINK-30412,57854,-5853.970265824787,1713.1953409670984,3117.2842923327867
STARLINK-30392,57855,-5307.661110755101,120.7976549765556,4325.017105840402
STARLINK-30291,57856,5238.549664236067,-7.503228288403576,-4419.044160215201
STARLINK-30424,57857,3265.3454230323205,2591.056958718536,-5446.425163018153
STARLINK-30290,57858,-5325.583928860051,4315.167258666334,-52.02091086625408
STARLINK-30414,57859,-5862.013822565713,3165.6377971302913,1603.2207440261434
STARLINK-30272,57860,5911.854913079718,-2394.9737467588047,-2502.829197169841
STARLINK-30432,57864,5080.750359312133,4533.151639289272,828.8878768199361
STARLINK-30427,57865,6095.645270821388,3025.3057600687634,-874.8452981715155
STARLINK-30393,57866,1087.7160668107542,5617.90195265842,3775.168901390376
STARLINK-30439,57867,6331.533618420218,1561.9551841696605,-2133.612713458391
STARLINK-30442,57868,5672.113576088068,-969.8954764764512,-3740.123843427411
STARLINK-30441,57869,3342.0301703079945,5456.09446409323,2465.8269090903127
STARLINK-30460,57870,4842.301829273047,-2263.0706753367886,-4306.037170099874
STARLINK-30444,57871,1313.0652648820937,-4984.030591542067,-4532.432553874258
STARLINK-30446,57872,-6559.896273700676,-140.21932978104644,2001.1209855874886
STARLINK-30445,57873,3020.4974699763743,-4006.0706153594565,-4685.061090107328
STARLINK-30447,57874,-6148.0468900776905,1754.4878805555968,2482.5393035163547
STARLINK-30434,57875,-3615.5391838821306,-5392.356977453729,-2226.106918813082
STARLINK-30429,57876,-5271.901776152808,-4358.535822404943,-545.5673826929718
STARLINK-30284,57877,6778.151128860305,-887.9149187895746,-582.5287487998156
STARLINK-30433,57878,-3352.131117963719,3749.076212373174,4657.761702404134
STARLINK-30358,57879,-1161.9376028373517,5034.666511158706,4505.002555622933
STARLINK-30436,57880,2617.7905206751393,5603.558474227787,2958.556520154633
STARLINK-30339,57882,-6062.380895107076,-37.51579697114861,3204.2381011982425
STARLINK-30282,57883,-4447.488119272814,2733.3696065246227,4444.18643498081
STARLINK-30340,57884,-460.0521324481302,5290.096918452414,4335.417976804272
STARLINK-30279,57885,-2653.512995737478,4249.242746285832,4678.68612744532
STARLINK-30465,57891,5436.23777954383,1745.6761378334047,-3808.5292614270047
STARLINK-30470,57892,922.950497296288,6498.489936950717,1986.1573595776135
STARLINK-30473,57893,-1344.286350725155,-6534.049084374122,-1610.331368128377
STARLINK-30443,57894,5404.20598991767,932.6834439983315,-4127.0385542941885
STARLINK-30467,57895,2917.8488488739904,6205.920155044025,191.30507856566635
STARLINK-30469,57896,4849.922074535493,-1408.1207508561229,-4648.737161960566
STARLINK-30474,57897,4103.532491034537,-2923.6882108166346,-4661.537922954054
STARLINK-30479,57898,2563.8064064246023,-4815.627164188995,-4165.68937408034
STARLINK-30481,57899,746.0114894673438,-6048.947827660369,-3156.79327180163
STARLINK-30457,57900,-5415.31059952818,-1367.068405767665,3976.6179292456145
STARLINK-30472,57901,5059.204917905743,4102.383684430813,-2157.95187975114
STARLINK-30462,57902,-3163.472239625396,-6087.577446806878,112.34081458610198
STARLINK-30449,57903,4697.571152939315,4591.037899621876,-1985.2813975859697
STARLINK-30466,57904,-4544.35531269211,-4809.059040515267,1809.0835300686601
STARLINK-30428,57906,-5141.184624076928,-3540.173217587511,2840.135580489131
STARLINK-30482,57907,-3801.460919234144,3384.0392707704736,4592.085625095124
STARLINK-30464,57908,-4875.928319133426,1237.1844550105764,4656.631073941159
STARLINK-30463,57909,-261.14891528298847,6254.838744083063,2798.263552312525
STARLINK-30453,57910,-5518.599381321725,-1693.601878350029,3700.178897749296
STARLINK-30478,57911,3945.2288719326357,5531.744165202389,-954.233969341918
STARLINK-30477,57912,3944.085737072355,5586.109165653837,-553.0333657758342
STARLINK-30450,57913,-4730.803751556536,1637.9821154021786,4682.447426731354
STARLINK-30483,57914,2865.692936524532,-6196.282182994589,670.2033064679604
STARLINK-30454,57915,-2018.8820246076027,5677.174266928144,3272.085743203409
STARLINK-30501,57917,-727.9505910373241,6421.7867902812595,2296.1185105819463
STARLINK-30499,57918,3875.345861352987,3478.2590620810206,4458.738431945096
STARLINK-30496,57919,4185.992931387611,4798.200979992784,-2560.309060467652
STARLINK-30485,57920,4990.3349993755455,2788.3746903341935,-3798.7366781187
STARLINK-30492,57921,4806.626247705032,-1415.388495840949,-4692.13188429045
STARLINK-30440,57923,-3032.0840275581027,-6025.559781412129,1252.0939868732057
STARLINK-30487,57924,4232.602633935178,-3032.627115281144,-4473.11077058372
STARLINK-30452,57925,-3918.4472953543172,-5151.773063223708,2272.574377676824
STARLINK-30468,57926,-936.9124735873486,6442.538090257606,2155.4385318630834
STARLINK-30448,57928,4732.476165308492,3358.6837602155,-3664.9098731988292
STARLINK-30476,57930,705.0724660118608,4847.999375106252,4558.235398033819
STARLINK-30488,57931,5106.520953661288,1001.4625025281432,-4476.169311558427
STARLINK-30471,57932,-5162.105184619036,-810.5272565399385,4437.574894874514
STARLINK-30461,57933,-4892.707784825393,-3215.4684951642953,3569.3315886637697
STARLINK-30712,57935,-2146.293347433223,-6282.446537082186,1646.2625919496707
STARLINK-30716,57936,-4818.687710378075,-1701.5970497974088,-4574.29130946378
STARLINK-30400,57937,2568.219520065014,6248.518251637307,-1087.4900659257346
STARLINK-30710,57938,5001.8116352471025,574.2321979430859,4621.991133893435
STARLINK-30714,57939,-3578.319333812126,2058.0561622481205,-5477.425740551238
STARLINK-30711,57940,-4485.099974275111,-101.44908505554949,-5187.443288301393
STARLINK-30715,57941,2557.0997289432325,5941.796449598899,-2272.301492216096
STARLINK-30455,57942,-2408.6087821061174,3784.705764069641,-5187.526078502118
STARLINK-30456,57943,-4813.030242160342,-3395.810867933839,-3511.9670916074333
STARLINK-30708,57944,-3062.700989948703,2865.890693634458,-5410.872151243997
STARLINK-30705,57945,-2060.111378330003,4118.242419535634,-5066.09757708767
STARLINK-30704,57946,-5800.285866508501,2534.0669908457517,-2603.2936170005914
STARLINK-30706,57947,-214.9832240714344,-5820.8563076791115,3580.1345547477017
STARLINK-30707,57949,-4898.631281549061,-3146.10602711992,-3600.61028855202
STARLINK-30701,57950,4506.137868690326,140.35890459680803,5135.183672240587
STARLINK-30399,57951,-2979.877603116527,-6130.43158340679,586.2692993870522
STARLINK-30713,57952,1688.296081573757,6281.92758166668,-2126.5458465540496
STARLINK-30700,57953,-4554.074930142458,446.008347124245,-5109.13340097975
STARLINK-30703,57954,-3998.0199488148596,-5519.113136771152,599.2928440726397
STARLINK-30702,57955,4527.354157419703,-515.5452891951979,5092.39898222098
STARLINK-30396,57964,-3343.6651687727604,-5333.926545392051,2720.53991635116
STARLINK-30524,57965,-588.6178114844797,-6837.547278973442,26.00859844455394
STARLINK-30521,57966,201.7857978365445,6845.485721059576,385.6242389943199
STARLINK-30528,57967,2106.306994846841,6370.372196380701,-1436.1445481866597
STARLINK-30495,57968,4907.282406752424,-1109.7615801561888,-4669.571854940783
STARLINK-30494,57970,-5013.222574080545,4181.409856444866,-2118.9792260036866
STARLINK-30498,57971,4965.575746880972,1427.296782177407,-4518.595905262005
STARLINK-30505,57972,-1779.067741313598,-6520.349976884169,1161.9961551486792
STARLINK-30502,57973,4351.824536281252,3751.2773456483856,-3754.1033132148364
STARLINK-30489,57974,5021.574208818521,639.7449400097315,-4635.444181192313
STARLINK-30503,57975,-4489.59340362597,-3366.4257197831803,3939.0122313787087
STARLINK-30512,57976,3884.159841490472,4641.27225985967,-3237.682873568099
STARLINK-30509,57977,157.13282891503604,-6796.300733047447,928.9646992219589
STARLINK-30511,57978,-2842.274598493544,-5198.526614262816,3451.0077615978353
STARLINK-30508,57979,-4117.310731640779,-3351.0455868923177,4337.910042558061
STARLINK-30510,57981,4894.0227267651635,-2866.7412791879665,-3866.029897836219
STARLINK-30507,57982,3894.993207627216,-5076.027743345479,-2485.3998244297377
STARLINK-30515,57983,2568.8423299183046,-6282.623489709196,-1015.8064631812464
STARLINK-30516,57984,693.5696647747039,-6778.334783368303,806.3375899687829
STARLINK-30519,57985,-5030.064558870882,-92.10183806034918,4656.085619251003
STARLINK-30537,57991,-3766.052210500881,4325.663261641068,-3769.194170653872
STARLINK-30534,57992,-6399.042221935031,-1565.0989227778584,1903.2445541331117
STARLINK-30536,57993,-1371.6051602928028,4970.000026695986,-4530.985851131716
STARLINK-30538,57994,3465.4612693236054,4225.467123002726,-4153.817439917199
STARLINK-30517,57995,6497.583488198004,-1797.6478096301162,1272.8557819656432
STARLINK-30523,57997,1138.5996882060297,4919.749326236216,-4649.701966868854
STARLINK-30531,57998,-4994.124073256492,3610.856238601141,-3019.6244132931365
STARLINK-30552,57999,1114.1633127881323,-4984.707453279019,4572.4571217256325
STARLINK-30545,58000,-1502.2406917289982,-4843.456514088969,4612.018774630657
STARLINK-30535,58001,-3841.6340863566393,-4018.844547558638,4010.785784994837
STARLINK-30540,58002,-6851.477174933332,273.2693667368364,221.2089710903243
STARLINK-30539,58004,-6634.829994478364,-1016.6532651264363,1408.0598580618764
STARLINK-30530,58005,-5965.128822410825,2679.5311127680498,-2086.0814647808243
STARLINK-30526,58006,-5450.700642311744,-1559.3234036954393,3834.3712014553175
STARLINK-30527,58007,5546.4058254001175,-3409.9555601100496,2153.0696747638967
STARLINK-30522,58008,5290.646481775762,-3351.553722513377,2797.1314994951363
STARLINK-30486,58009,-6786.207688989605,928.0242728426197,-393.4460610181992
STARLINK-30520,58010,-3025.7314823577894,4611.843422645778,-4084.6029105375965
STARLINK-30497,58011,-5064.97852452797,-3198.267643724361,3333.450942263529
STARLINK-30525,58012,-6350.626264940222,2106.461977659788,-1521.82921837802
STARLINK-30514,58028,-2186.4399395585738,-4150.338496355574,-5003.251826965934
STARLINK-30518,58029,-4700.586154110645,1454.5400183026677,-4777.461241882576
STARLINK-30549,58030,3482.3922671865057,2235.154571357758,5454.238080106244
STARLINK-30556,58031,4847.17872634927,-733.5381437095847,4762.063744615769
STARLINK-30561,58032,4705.591296664518,-1507.063172912527,4740.300561200819
STARLINK-30562,58033,-3670.402274597892,-4630.616379625217,-3479.649931830737
STARLINK-30565,58034,4763.321454216207,-2710.7698673288373,4106.455750748082
STARLINK-30438,58035,37.685668484493696,-5966.913243374181,-3380.1348075277447
STARLINK-30437,58036,-3384.659544730182,-2430.861441256286,-5448.300034224608
STARLINK-30533,58037,-6438.253312787203,-1851.1555908732998,1371.5119786782507
STARLINK-30560,58038,-3026.277023752695,6129.025595530254,-512.7673780828027
STARLINK-30555,58040,6370.728145392351,2429.9544447350213,-575.5009558698658
STARLINK-30542,58041,1894.6892599821842,-6429.767415665491,-1442.187889585916
STARLINK-30563,58042,2318.556301202438,-6428.46305312415,-543.7317877201286
STARLINK-30564,58043,4144.194385532871,-5092.045827630395,1974.4026642157282
STARLINK-30547,58044,696.4194451859969,-4134.539633347531,-5412.232258610161
STARLINK-30550,58045,-20.493173994122603,-4735.317502095491,4927.683552081606
STARLINK-30548,58046,4481.95553114367,4337.510775903578,2801.76281613911
STARLINK-30529,58047,2493.753392966655,-3323.9173803174494,-5456.963464966501
STARLINK-30554,58048,-6220.960660786389,-669.1989754187557,2788.130580662108
STARLINK-30568,58051,5878.434331178117,-398.52688006458266,-3521.5174879359643
STARLINK-30575,58052,4953.368667233091,1783.549637223865,-4404.880588868991
STARLINK-30577,58053,-5137.697899666306,-1432.1895386412268,4306.109642125677
STARLINK-30566,58054,-1792.8535948220451,-4894.98376773847,4452.468975888909
STARLINK-30544,58055,4423.9478304637805,-5210.425955276341,595.9757095831691
STARLINK-30553,58056,-3061.117021815555,-3980.2033121496747,4666.323577723048
STARLINK-30541,58057,493.0614917416982,-5825.307587800914,3583.4788504298385
STARLINK-30573,58058,-4808.193532781142,-1986.881198869309,4464.02217371674
STARLINK-30582,58059,5600.921440679934,-3804.8494343520147,-1119.2267489772498
STARLINK-30558,58060,1299.3522768676414,5164.8198342250535,-4329.1438389022105
STARLINK-30579,58061,5245.330758197663,-775.9053323013835,-4358.261066117543
STARLINK-30588,58062,-5765.188129531976,58.266635026533834,3709.241336783055
STARLINK-30585,58063,-5469.273972365085,4057.804266051136,815.3952133171329
STARLINK-30587,58064,2665.804885114968,-5916.230293390866,2222.0421723816044
STARLINK-30576,58065,-5933.088978363244,745.2956237570436,3354.27633165985
STARLINK-30571,58066,-885.9564554120042,5892.085722332482,-3405.0296914428723
STARLINK-30567,58067,3358.7531884526406,3723.3336844601977,-4687.315919352773
STARLINK-30569,58068,-6141.059442442797,1623.0486668619872,2583.439270402511
STARLINK-30480,58069,1460.2433763305107,4842.112372389505,4626.878697489929
STARLINK-30532,58070,-6027.810376520279,2121.2193750272277,2488.52344303342
STARLINK-30506,58072,-2989.673550869216,5841.917623786823,-2003.5607744630352
STARLINK-30604,58075,-5651.644787030003,2534.6502493639296,-2953.0800959032968
STARLINK-30500,58076,1759.3875346522268,4966.220843766144,-4399.888211583445
STARLINK-30613,58077,-2351.72082663654,4603.6820326735315,-4515.293415865799
STARLINK-30597,58078,-6778.291248557466,-1026.999484984382,233.4928912236395
STARLINK-30598,58079,105.45851035091357,5044.649096277372,-4653.5229860319705
STARLINK-30603,58080,2503.4207360134283,4827.800979719561,-4188.0242261893445
STARLINK-30602,58081,-5803.774856227032,-3112.4528523393037,1925.5968786139342
STARLINK-30610,58082,1982.6859952001935,-4703.15431971094,4575.9163477909
STARLINK-30551,58083,-455.48128268343237,5011.889973921985,-4668.16109336124
STARLINK-30586,58084,1941.1317647216492,5010.533082152798,-4270.91876906275
STARLINK-30609,58085,4203.303264577662,4330.451952284202,-3270.3549017651403
STARLINK-30583,58086,5747.214428515314,3194.662308812684,-1968.5976984510096
STARLINK-30557,58087,6712.216738437117,1412.1515716608078,-169.85761590586762
STARLINK-30591,58088,-6354.774499465011,-2192.2522380835003,1359.7686774809786
STARLINK-30584,58089,-3862.493320600858,3949.9121363859012,-4072.559720363934
STARLINK-30590,58090,6458.188062005282,-1057.0542267939713,2055.975552942139
STARLINK-30608,58091,5263.611033945997,3511.1048433381993,-2659.737793239828
STARLINK-30615,58092,-5004.977987069011,-3722.788604984059,2847.523975211032
STARLINK-30578,58093,-4533.006650695849,3529.293120597147,-3754.0657018084876
STARLINK-30574,58094,-6064.4887383761,2005.9013447583177,-2506.5270716958908
STARLINK-30570,58095,-744.0829955228372,4968.545790669614,-4676.987960580932
STARLINK-30581,58096,5762.855922100345,3035.750650110898,-2164.119408787781
STARLINK-30594,58097,194.40308329956522,-4258.6266283321875,-5352.746528310253
STARLINK-30614,58098,-809.6485470381567,4075.046837905371,5436.586804243462
STARLINK-30607,58099,3406.346246664757,4097.412528288882,4301.0662372509705
STARLINK-30600,58100,4534.260220377051,4216.022676911459,2902.0507999333418
STARLINK-30605,58101,-1493.9649539943161,3820.139165112101,5480.386720169518
STARLINK-30592,58102,6042.016018032373,3116.2271163217474,766.3940735667423
STARLINK-30589,58103,-1138.4040056984056,-4555.975443396931,-4998.160534859998
STARLINK-30617,58104,372.38962908316677,4392.372500928198,5217.630728337707
STARLINK-30616,58105,1589.781041411228,-3862.756307659274,-5424.603591277085
STARLINK-30612,58106,1753.3665624059297,4157.195222323243,5132.495572733023
STARLINK-30421,58107,-6793.195619587209,-654.1792053149578,466.840278618546
STARLINK-30611,58108,-986.7947340190569,3987.650168274124,5460.058342196375
STARLINK-30606,58109,6396.533052402754,2412.6793002083455,-285.90811632430757
STARLINK-30596,58110,-6461.931969328081,-1109.6406378208512,1987.5850150364383
STARLINK-30595,58111,5947.66731118973,-219.75510332772788,-3407.069245131681
STARLINK-30593,58112,6479.639551300063,1278.2471657184483,-1840.96942248226
STARLINK-30353,58113,3296.3282130659195,-2881.107688853723,-5279.917419686346
STARLINK-30572,58114,6403.6288046159425,2412.8891475746,-402.3433738910153
STARLINK-30580,58115,-5952.818184570454,233.50748113689232,3378.7682794499738
STARLINK-30493,58116,4818.687143839846,-1664.1805612806988,-4588.074237924013
STARLINK-30601,58117,1459.3380135190378,-3843.542479644717,-5489.880005232822
STARLINK-30795,58118,5085.849826060005,-857.2662471995626,4515.46393657573
STARLINK-30765,58119,-3018.0558681037373,-6153.884889754526,284.7515237409479
STARLINK-30768,58120,4390.890330305703,-2442.278214777061,4663.062010308687
STARLINK-30799,58121,-4450.878491455209,-5035.712865535527,-1384.1795323551476
STARLINK-30759,58122,-2330.7792928128606,-6381.356239883424,946.2405693292421
STARLINK-30781,58123,-3972.8622772890203,-5540.242475366259,-770.5089469808042
STARLINK-30754,58124,-5317.880235623217,-3230.740740997801,-2896.88531247085
STARLINK-30766,58125,1994.9890162331792,6384.032036230088,-1537.9822566742657
STARLINK-30767,58126,599.5013263857477,6319.251177617833,-2611.75931728856
STARLINK-30790,58127,-3142.2849610230423,-6096.20682118318,-418.98422430674793
STARLINK-30787,58128,1331.3733691676384,6405.652534190647,-2074.4152032831885
STARLINK-30756,58129,-5473.502239422384,-990.4498138241604,-4021.407171450186
STARLINK-30783,58130,-2085.2960429517107,5074.058350441831,-4125.523352716885
STARLINK-30757,58131,-3788.9354481194528,3361.364844525231,-4632.554748035775
STARLINK-30770,58132,-4149.345588245356,2870.3732975175717,-4654.08485746747
STARLINK-30758,58133,-1425.4566529505648,5519.898898492427,-3822.4432501741076
STARLINK-30761,58134,-2562.114997065796,4783.396617053324,-4203.82834846088
STARLINK-30772,58135,-5081.554964649637,-3948.6217027173006,-2383.7805883748856
STARLINK-30776,58136,5374.805868564621,3592.980023558913,2154.394710580835
STARLINK-30782,58137,-1347.6274918721813,5683.387183321243,-3605.906551587245
STARLINK-30769,58138,2299.160356434145,-4989.394700295912,4101.0195161141855
STARLINK-30775,58139,3925.3610573879014,-3195.7834131238656,4622.398644470073
STARLINK-30780,58140,-1022.4462133910872,-6463.281777826227,2052.21240981235
STARLINK-30802,58150,-4270.02386683788,-1983.3346899825915,4964.420728836844
STARLINK-30834,58151,-4051.0818048529864,-3515.840747002619,4255.7458908183435
STARLINK-30833,58152,2454.4107752577797,6258.812674269288,-1321.7964897191343
STARLINK-30831,58153,-1238.0749407645399,5820.927084289205,3381.896183679792
STARLINK-30797,58154,-4260.4979417473905,-1139.9014460835492,5235.684836783391
STARLINK-30804,58155,-3938.9707457918785,1110.6980580860334,5482.132324047351
STARLINK-30784,58156,-3620.698492744755,-4750.61999424653,3351.1697028296358
STARLINK-30803,58157,2883.715072956473,-3774.7306796369426,-4940.80103186005
STARLINK-30829,58158,-2822.708140663054,3889.9705998703803,4870.013692403329
STARLINK-30788,58159,-3728.5247267610057,-4583.895864601267,3454.294507711291
STARLINK-30779,58160,-2439.2234490750034,-6276.4453350510985,1243.3779788896036
STARLINK-30773,58161,3660.204331564533,4723.512501168298,-3364.97923920519
STARLINK-30816,58162,2779.6561259377845,5994.794250725952,-1829.4749480730293
STARLINK-30763,58163,4708.0303098725135,1854.6171430986744,-4629.784497658047
STARLINK-30815,58164,1227.9974092325047,-5815.009110755875,-3411.3609851040846
STARLINK-30814,58165,-4003.0635036080266,853.305814475454,5486.961847037283
STARLINK-30789,58166,4144.637372082827,3125.0159636317585,-4482.915202690236
STARLINK-30811,58167,706.821740643897,6703.195052549913,1212.1162439292957
STARLINK-30812,58168,-3349.7904822247806,2854.658242277712,5243.968804021409
STARLINK-30771,58169,1716.748680531541,6632.14707179319,-243.63057224172394
STARLINK-30764,58170,435.97765476976844,6683.447188704928,1450.5428767529822
STARLINK-30752,58171,-902.4544812575311,6080.5884945517555,3022.7157200966817
STARLINK-30753,58175,1893.1606168280186,6593.326235912874,-161.24776443498226
STARLINK-30824,58176,3625.6788525089496,5583.169704997146,1657.8746237606936
STARLINK-30791,58177,-4547.664937857246,-4316.063461007744,-2789.72364390307
STARLINK-30810,58178,863.546993362849,-6300.554150310358,2565.2913537152617
STARLINK-30819,58179,-1222.7254245078086,6145.86185744081,-2801.2866226889655
STARLINK-30806,58180,2752.0415514191727,6248.524578251633,503.1261341023896
STARLINK-30821,58181,-5100.386138462271,277.46548395019073,-4584.904980717955
STARLINK-30778,58182,-4619.847766432458,2029.8227432839556,-4653.967430641769
STARLINK-30809,58183,4126.524501455771,-3105.19226660229,4507.586627061917
STARLINK-30801,58184,2714.555099508307,-5031.387756178183,3783.6168610963236
STARLINK-30793,58185,-1854.1126995666361,5753.675095359138,-3251.6424468708137
STARLINK-30755,58186,-4205.392069619831,-4902.135261501344,-2319.330007802774
STARLINK-30760,58187,12.14473480703231,6612.655164177209,-1837.7115131098258
STARLINK-30826,58188,-2445.6592337255174,5278.716756176888,-3642.809276742676
STARLINK-30796,58189,-3170.0665906926856,-5988.2650155051515,-1092.108224451429
STARLINK-30820,58190,-967.9297772317719,-6705.548188535537,1062.024286561845
STARLINK-30785,58191,3060.7395361498257,6053.875379012851,1024.3544658359776
STARLINK-30807,58192,-228.11377019711702,6552.222072042192,-2033.519795799996
STARLINK-30822,58193,5208.405636233712,853.8499662734182,4373.423244603834
STARLINK-30830,58194,-1689.0771081912596,-6636.383744792195,406.5707614593955
STARLINK-30827,58195,286.6534719809612,-6516.569623629779,2117.9358945762024
STARLINK-30798,58196,4337.960327654734,4662.320918383197,2545.9115862197937
STARLINK-30762,58197,4784.655185721171,-1538.6306451093697,4661.5731710145865
STARLINK-30800,58206,-5649.734330013019,2149.1728392688137,-3251.335020429609
STARLINK-30845,58207,-5165.567543891323,-1940.7650941009922,-4184.5340038311715
STARLINK-30841,58208,-3486.574046420012,-3712.516864255432,-4601.292582511263
STARLINK-30839,58209,-1414.3703366367222,6366.879168388404,2123.372419442158
STARLINK-30846,58210,-3867.952312943852,5667.646621591612,-51.20788409053338
STARLINK-30838,58211,3766.554701440949,3363.6878279999473,4635.599839002413
STARLINK-30837,58212,-5097.214827891024,4255.485931723779,-1735.3640019629293
STARLINK-30813,58213,5019.546556150776,1207.4500704218526,4509.555766707063
STARLINK-30805,58214,-108.51467749450886,6150.234152767562,3031.985024409023
STARLINK-30851,58215,2120.1996357540233,5001.55902313132,4183.430076210501
STARLINK-30818,58217,4603.197694552087,2084.6007457872183,4631.270216865607
STARLINK-30794,58218,615.3534531034204,5887.77162420333,3461.155684975218
STARLINK-30835,58219,5152.269366436285,-4108.270642720757,1895.9533185384996
STARLINK-30792,58220,495.0919400732047,5373.397093564919,4330.3353602293555
STARLINK-30836,58221,2411.216842491077,-6281.059373772769,-1347.61676242336
STARLINK-30855,58222,-4867.2933178515095,-1583.1540944205012,-4573.880934210137
STARLINK-30840,58223,-5475.02572963108,179.55275749260406,-4134.644424753083
STARLINK-30875,58224,3231.300076180449,3994.2399557888457,4537.537146873396
STARLINK-30872,58225,-5446.1192495910145,3801.1054218025924,-1723.597516393331
STARLINK-30865,58226,4685.341643064785,1818.867250960121,4661.2354672661295
STARLINK-30874,58227,271.98202086741446,-6186.276181760053,-2958.391994563454
STARLINK-30871,58228,-1721.5270233329663,-5275.8538882498415,-4038.344604346944
STARLINK-30861,58230,5244.122211778043,4375.764336071151,556.2229426955165
STARLINK-30867,58231,6335.737453961255,1772.457884791644,-1950.0783383121832
STARLINK-30880,58232,6101.68911967981,3020.4152814914974,-857.4191183877075
STARLINK-30777,58233,428.79647930772643,5535.28584057901,4021.584836598469
STARLINK-30860,58234,4561.582827612541,4919.256278535176,1425.6862641274263
STARLINK-30853,58236,-2032.4780192864316,4622.980570432042,4635.520675720295
STARLINK-30866,58237,-767.6828866841113,-5589.857246354435,-3909.078031785006
STARLINK-30817,58238,-3929.2137881593258,3245.5321165896694,4585.5813970873705
STARLINK-30847,58239,-5514.696769819196,1237.9983100335846,3881.0589527889642
STARLINK-30848,58240,-1567.0327590994677,-5665.0142631507515,-3544.306073256423
STARLINK-30843,58241,-6238.95101206694,-714.009463751144,2758.8193234867044
STARLINK-30877,58242,1578.8649245924696,-4859.312201495226,-4583.550401809745
STARLINK-30864,58243,-5680.389095667691,-3848.642711705165,42.35989900215286
STARLINK-30854,58244,-6295.419561685768,-2136.8608109825686,1691.0331032497227
STARLINK-30849,58245,-4276.239295191207,-5100.662462491448,-1672.2597323852585
STARLINK-30886,58246,76.51231514547399,-5414.016769969692,-4218.8570515552
STARLINK-30850,58247,-2302.8080637372154,-5650.637445727208,-3143.5228371557323
STARLINK-30823,58248,-4791.62402404788,-4776.395396719521,-1148.9393274201407
STARLINK-30873,58249,-2905.636370090809,-5570.8114869329,-2762.6260669960157
STARLINK-30808,58250,-5174.347683956795,-4448.607816835193,-694.604579382261
STARLINK-30881,58251,-5967.769250911191,-3334.7332491033385,580.6881789518895
STARLINK-30883,58252,3745.999795928972,-3428.6726924550107,-4617.71083354634
STARLINK-30907,58352,-4454.634109036397,3833.6159849854753,3530.5200133841863
STARLINK-30896,58353,-5646.868519003705,3797.863322629133,-888.6983316546396
STARLINK-30832,58354,-4916.194193348126,-929.0293076325701,4685.907922580809
STARLINK-30903,58355,-3733.9467956828707,5095.726209743104,2667.3385639092758
STARLINK-30905,58356,-2245.5759903320436,6388.517370281228,1091.880084285624
STARLINK-30842,58357,1031.4641979076837,-6640.665741392052,-1377.1123302252279
STARLINK-30858,58358,-5017.694187398415,1568.1072132068405,4399.231332424722
STARLINK-30878,58359,802.4849606667289,6484.928967126161,-2095.257121097442
STARLINK-30897,58360,5359.897150378769,-1880.1103646964461,-3853.8146202576118
STARLINK-30885,58361,-504.08241374146684,6816.445232080306,-592.3302485785005
STARLINK-30890,58362,1434.0156632992669,6301.623384023553,-2306.250287736053
STARLINK-30909,58363,2959.799387851433,5086.78377986623,-3531.6767868514435
STARLINK-30904,58364,-1604.1287592509602,6565.185221706166,-1494.3726111641904
STARLINK-30918,58365,5063.085538817494,-1140.207214610471,-4492.535606666556
STARLINK-30892,58366,4317.781359764715,2942.9008857495046,-4450.698969608765
STARLINK-30891,58367,3531.21447450133,-5376.695384151394,-2395.144810705818
STARLINK-30889,58368,4604.351125244291,-3508.1692107125787,-3689.345577505699
STARLINK-30870,58369,1978.6917129601813,-6524.654178783462,-773.6155314300929
STARLINK-30888,58370,-4925.007715267406,2235.848145854819,4211.482057845661
STARLINK-30859,58371,-1062.9555901877523,-6465.681040850708,2028.2013165550063
STARLINK-30884,58372,-1639.7042996107832,-6164.340984055055,2516.096635319323
STARLINK-30852,58373,-3279.951051017917,5618.105056401877,2169.766691145913
STARLINK-30911,58374,-5508.20461796544,-277.6894495413826,-4055.5234031034956
STARLINK-30894,58375,3719.0812088163084,-2190.338478999511,5297.020951626447
STARLINK-30910,58376,379.1583775564032,4821.4126358896065,-4845.2740949855415
STARLINK-30914,58377,-4032.94608801557,1882.8704556731186,-5202.49894680816
STARLINK-30920,58378,-3947.6831123561356,2341.77105933573,-5096.52673004184
STARLINK-30882,58379,5685.595583564176,762.8920264220618,3717.864963911357
STARLINK-30915,58380,-2703.249118236354,-3130.1546439228437,5439.212269084068
STARLINK-30923,58381,-3588.173173677064,2323.810499308169,-5345.614685261766
STARLINK-30927,58382,2287.969260763758,-3415.7023819528154,5458.234672858474
STARLINK-30921,58383,5757.605286324446,3621.8292438082995,720.7610789139878
STARLINK-30825,58384,-3038.6540640332,2839.6351826670234,-5438.766846426224
STARLINK-30930,58385,-4234.782374962011,-4984.150667879399,2002.4191658133639
STARLINK-30929,58386,-5901.439059626734,-3215.063562311285,-1293.8196039023153
STARLINK-30898,58387,-2975.0141511180627,-5252.292305766389,3210.803620236894
STARLINK-30913,58388,4457.070121119271,-1357.2669377945185,4999.315809111344
STARLINK-30938,58389,5590.907673173428,698.9561255260907,3869.6776873936064
STARLINK-30868,58390,5959.842456774314,1806.4136792275247,2822.376754514169
STARLINK-30916,58391,229.15022618040186,-4585.554269191765,5061.918603572329
STARLINK-30939,58393,3671.7289226455796,5161.992502937845,-2589.7781900857876
STARLINK-30887,58394,-5039.614078703903,-4552.911061626582,819.4773270032554
STARLINK-30934,58395,5212.966207228564,-236.5653165008567,4413.974940883326
STARLINK-30964,58402,1864.486584575525,4662.124669882437,-4680.009855278714
STARLINK-30844,58403,3277.763300800514,-4951.214191178923,3430.4526976698808
STARLINK-30876,58404,5239.111038468714,-3960.807242607719,1977.5017316679841
STARLINK-30952,58405,6371.6855351936065,661.0629127348678,-2465.6921894335824
STARLINK-30925,58406,6680.92708248009,-570.5165557860046,-1463.1376134632023
STARLINK-30954,58407,-2176.0101489273134,5184.648118912073,-3935.5979286869297
STARLINK-30906,58408,-5229.137324953233,-2599.723946746742,3592.395976991449
STARLINK-30940,58409,-2178.560339666563,4544.339900307636,4646.599298245379
STARLINK-30933,58410,4753.674590358445,4222.1395086612965,2568.307673137055
STARLINK-30919,58411,-4932.358167613257,-2724.7047913991564,3903.9774438899312
STARLINK-30924,58412,-2028.626682621836,-4801.189724632817,-4358.094564837886
STARLINK-30931,58413,-985.3767872397001,5492.229213870985,-3997.320546285978
STARLINK-30922,58414,6383.938316472489,-2489.454947759377,328.37451058922704
STARLINK-30949,58415,5298.843740111832,2367.3941424112686,-3665.4002831889525
STARLINK-30967,58416,3401.568126708127,3927.342855495879,-4485.900551371875
STARLINK-30955,58417,-3716.8590350237723,-3711.5279644886105,4404.467193314187
STARLINK-30895,58418,-509.80461925308975,5200.970189680464,-4449.8627960850845
STARLINK-30917,58419,4873.434071390598,-1622.1372223220133,-4553.267023674678
STARLINK-30899,58420,-6476.773882540361,-312.56337762750246,2229.7624559922365
STARLINK-30902,58421,1048.8963698523426,4922.421903396864,-4667.439793097292
STARLINK-30912,58422,5923.852441280853,-1467.0790415113452,-3138.806895006616
STARLINK-30900,58423,-2986.3928574038214,5045.069139425753,-3566.796276467407
STARLINK-30908,58424,-1407.5455793575964,5236.151555281211,-4207.850114937279
STARLINK-30869,58437,4871.13482343919,-4589.817218927994,1505.4348977122083
STARLINK-30969,58438,6022.032217293436,-3290.369929417986,-84.07118151481325
STARLINK-30951,58439,2992.805169311135,-5382.79443003723,3016.708726915261
STARLINK-30950,58440,-2816.0775438793917,5935.4162566577415,1978.528286204428
STARLINK-30942,58441,-6361.028234689873,2328.587615639644,1074.0218141567896
STARLINK-30959,58442,-2657.5432843995527,5459.7564887455,-3197.7386065889755
STARLINK-30971,58443,-6081.550887341926,-453.88284675844085,3133.4392926802275
STARLINK-30963,58444,-354.02690519856293,5401.460468127953,-4220.112835263989
STARLINK-30961,58445,1995.698984226514,4616.491935184005,-4671.0144638806205
STARLINK-30975,58446,1223.4298439293032,4955.71586704204,-4588.838914150717
STARLINK-30976,58447,6393.441234680532,-647.5252272963362,-2411.264014340472
STARLINK-30926,58448,-5899.168361075284,3500.8995159115307,-89.93262455354198
STARLINK-30943,58449,-1315.5224382310712,-5465.435837955217,3925.101500651936
STARLINK-30946,58450,6463.473388247601,-1341.8085209337687,-1879.6729231402442
STARLINK-30944,58451,4166.437954545459,3132.090999559882,-4466.72958467162
STARLINK-30928,58452,5595.20837460467,1405.0259755981804,-3719.5184136776606
STARLINK-30957,58453,3453.8902540755025,3722.9272315849876,-4618.345175450132
STARLINK-30966,58454,5180.71650842931,2016.5118184009652,-4026.4681836921045
STARLINK-30935,58455,-3018.8673470365657,-4023.300679018431,4656.832613351568
STARLINK-30958,58457,-4603.8647107611605,4781.550743639542,-1739.81203212394
STARLINK-30962,58458,-6444.107963488712,1673.058782587179,1645.4628754119715
STARLINK-30977,58459,-4883.3300004441535,-2391.791255404908,4174.116941144425
STARLINK-30947,58473,6270.5089048099435,1833.245096451479,-2102.8740892969035
STARLINK-30941,58475,6744.768245851883,687.6626417750805,-1064.1641975190566
STARLINK-30980,58476,6801.582221706624,-825.8583505788805,344.74627374852327
STARLINK-30965,58477,-4941.7704991241435,4208.372592126445,-2224.3081737433954
STARLINK-30990,58478,4837.727138684934,3406.710921001741,-3479.1756231901504
STARLINK-30984,58480,-4306.069903890022,-3635.0749992420156,3904.106225284387
STARLINK-30956,58481,727.2626574069221,-5456.731655225778,4086.8360885336274
STARLINK-30997,58482,4289.3875913878255,3666.7153678305635,-3906.9124737669
STARLINK-30994,58483,-4750.456399987922,3301.71197206049,3651.354025046377
STARLINK-30991,58484,-3621.496245154033,-4038.2288031059857,4191.614162717227
STARLINK-30979,58485,6831.703775752177,-601.8658371151155,-246.4585786102941
STARLINK-31005,58486,5723.256695399077,2417.5973802042886,-2917.8493468045676
STARLINK-30987,58487,6723.3353447156605,520.3163576466334,-1276.7800276336345
STARLINK-31000,58488,1719.1016464197185,4774.519419091838,-4622.361344777812
STARLINK-30993,58489,4103.223719394118,3787.0797902667,-3992.5935137867573
STARLINK-30978,58490,-2346.472638338489,4876.436988063464,-4222.249869320418
STARLINK-30953,58491,3520.2236967953954,4825.334164795868,3367.0786070000004
STARLINK-30986,58492,-4549.578588143425,4039.7597289086275,-3175.485613215089
STARLINK-30985,58493,-6803.315658501933,883.4727568771027,31.515643671493002
STARLINK-30981,58494,-6539.636078403437,-1039.9328646901438,1782.2510361998898
STARLINK-31002,58495,6239.198014839002,-2419.0602938313214,1508.520540356447
STARLINK-31026,58508,-4582.328944619985,-5023.025857498685,906.8337030099395
STARLINK-31020,58509,1618.4185707663962,-4919.768650551762,4490.932184918992
STARLINK-30989,58510,-6376.899994114695,-1778.3071442092664,-1804.304228178098
STARLINK-30968,58511,-6028.761596004485,308.7389954754245,-3266.471162988855
STARLINK-30982,58512,-4879.356178824841,2293.3423334922845,-4247.002069427999
STARLINK-30998,58513,-3829.132346988524,3391.950522403838,-4576.9255908789455
STARLINK-30983,58514,1506.1154704913886,-4875.951054999501,4576.423185397316
STARLINK-31017,58515,6619.428013946826,-1705.5327633301672,573.4816720263859
STARLINK-31028,58516,1441.1608227563324,5598.123832629436,-3701.438911180423
STARLINK-31011,58517,-929.8393745987987,5110.635629410186,-4487.181547939876
STARLINK-31021,58518,-5864.796068253939,-3557.1872378968656,-146.85654764809692
STARLINK-31010,58519,-4513.022457944568,-4910.870574426803,1598.8407911506492
STARLINK-31003,58520,-1704.1741540890935,4787.619563700478,-4613.8229611581055
STARLINK-31015,58521,290.66975488932985,5454.872298526632,-4156.0278133400925
STARLINK-30932,58523,4830.07349049126,4695.948672017555,-1310.7251522657866
STARLINK-30992,58524,6039.691509556264,3225.7361051043713,449.59008385099673
STARLINK-30948,58525,6349.857871975786,2155.522702930682,1447.357421394675
STARLINK-31013,58526,-3312.342218680962,-5981.483445230501,976.5876971199947
STARLINK-31001,58527,-944.3398412339103,-5560.639652592482,3896.385991371317
STARLINK-31004,58528,6184.63900357384,132.36173149579415,2960.2185401729535
STARLINK-30988,58529,5194.155225719511,-1883.3805938735886,4058.1141590468346
STARLINK-31009,58530,3440.626078713598,-3710.3136676553895,4624.251454306871
STARLINK-31012,58531,-3691.58970532176,4345.538326025338,-3809.6785668153643
STARLINK-31035,58532,-700.9127454006258,-6797.952550051464,-347.8267149761047
STARLINK-31036,58533,-4198.626586467211,1337.0892060896558,-5239.5127287956175
STARLINK-30936,58534,4104.238642660705,-516.3838448562204,5448.651729219727
STARLINK-31032,58535,3947.9449478418364,-3202.2652953884126,4568.720172087046
STARLINK-31037,58536,2014.1768973464043,5356.809448392872,3738.88581724156
STARLINK-31041,58537,3748.7516452680384,2044.4185214457207,5334.8575736172215
STARLINK-31014,58538,-4076.762289850281,2653.5678572115326,-4817.085863671355
STARLINK-31055,58539,-2336.093624017864,-5001.618911126546,-4048.4315598674157
STARLINK-31019,58540,-516.022701613132,6785.2345866731785,699.5431454628391
STARLINK-31045,58541,-1834.9970232166197,4018.303728771853,5230.041470477377
STARLINK-31030,58542,-2998.4490944610725,-3956.537347104855,-4714.223738485246
STARLINK-31049,58543,-3560.9745557603087,-2673.6543847195976,-5200.489849836942
STARLINK-31048,58544,-3256.0951381930654,-3349.7062981718736,-5022.103309096548
STARLINK-31057,58545,-4149.12394350167,-12.41333958426107,-5445.56416374021
STARLINK-31050,58546,356.845818819506,6586.11202803767,1807.521036428088
STARLINK-31063,58547,-673.8412608460806,-6766.645851786259,-873.167099414349
STARLINK-31016,58548,-3910.7692937720485,-1452.3101923131383,-5444.192346473615
STARLINK-31053,58549,-3856.8704690182244,3637.0069156905006,-4330.387173070988
STARLINK-31056,58550,-4220.069449880558,609.113887215084,-5372.600414537857
STARLINK-30999,58551,3546.8869527845904,3459.5631339483093,4725.643307554499
STARLINK-31046,58552,1145.0069750420294,6151.305329366551,2756.383060075881
STARLINK-31044,58589,-2007.3336016423673,-6010.015465420676,-2634.8364723435816
STARLINK-31062,58590,3801.622553592778,3901.861574069918,4162.271372444014
STARLINK-31096,58592,-3452.2110963569344,-4624.090904511979,-3662.376351176807
STARLINK-31094,58593,4159.766352856108,3409.4421348934743,4251.118099693464
STARLINK-31075,58594,-4282.916799732124,4121.041875486926,-3433.6466400148283
STARLINK-30857,58595,5026.068836771953,-1452.6539063967355,4429.376176420167
STARLINK-31059,58596,-4920.519427172984,-1325.6903985990446,4584.466371102533
STARLINK-31087,58597,-3083.315064220252,5750.829483580376,-2126.820171065992
STARLINK-31079,58598,-4743.376992061592,-4766.712642713297,91.27057469537604
STARLINK-31052,58600,-1248.2890048151544,6740.270556453911,-312.99264158844204
STARLINK-31074,58601,477.5930483957249,6723.560809311615,1275.6877029845189
STARLINK-31071,58602,-5456.845969779431,1622.4936604136785,3819.5156220356785
STARLINK-31080,58603,2305.6351343710703,5798.477654332012,2844.7866413458373
STARLINK-31088,58604,3322.2852172513394,4759.635558118992,3650.046027558594
STARLINK-31038,58605,-3888.339612064614,4618.498655563336,-3219.946663498447
STARLINK-31082,58606,4499.470095063467,2611.9594436465622,4463.322342806756
STARLINK-31069,58607,4897.588521640602,-2315.4179715314094,4200.918166087507
STARLINK-31067,58608,4127.935129758698,-4428.544038101901,3218.9429086595396
STARLINK-31085,58609,2835.714361633184,-5969.852797733367,1827.7309938156986
STARLINK-31089,58610,-3500.654074675061,-4510.1357345351025,-3807.9341528997975
STARLINK-31061,58611,1674.4272879075143,-6617.2204233751845,674.7547560622722
STARLINK-31054,58619,-6047.460760114926,-2169.7096714476174,2398.0277307313518
STARLINK-31134,58621,466.0936916899782,5000.6534023783515,-4679.170990460696
STARLINK-31133,58622,-4510.564514845621,-3634.933918473555,3667.398573108601
STARLINK-31068,58623,-2317.189131129969,-4648.310422767394,4473.379302843972
STARLINK-31129,58624,645.6481818403859,-5016.153785146156,4625.129069854309
STARLINK-30774,58625,1795.0005901917243,-4903.336405616015,4442.234504285222
STARLINK-31086,58626,2739.358694207378,4511.446144364114,-4388.971069782948
STARLINK-31065,58627,6846.974153999467,-14.585750200629597,-455.86095495470454
STARLINK-31092,58628,3876.064068805199,-4268.728043072434,3712.780720501633
STARLINK-31091,58629,-6836.842879371567,-393.60753776278403,408.7224956816947
STARLINK-31084,58630,-6156.550577417368,-2189.8718717161096,2082.2857609320727
STARLINK-31064,58631,-3540.253134500905,4307.8213217910325,-4002.110296095139
STARLINK-31081,58632,-1763.2600644315378,-4837.923603719398,4524.794693687484
STARLINK-31022,58633,1335.819985634123,4924.011446882994,-4592.168519004653
STARLINK-31025,58634,5375.084880587491,2928.1896100919334,-3105.3589822967415
STARLINK-31018,58635,-5556.362785593291,3110.4700423510703,-2558.4142909890393
STARLINK-31008,58636,-4383.597206886684,3994.384023161246,-3454.2733433201493
STARLINK-31077,58637,-6643.520351337187,1438.237205018218,-932.7884734350017
STARLINK-31078,58638,-6780.05153047509,-516.1535342026427,900.470525102015
STARLINK-31070,58639,-2222.3768948077604,4819.1636419534525,-4353.009142292707
STARLINK-31090,58640,-4738.020314509298,-3179.5119007718677,3800.1255454315583
STARLINK-31113,58668,-6475.007011246901,765.7040310295607,-2139.745702571399
STARLINK-31128,58669,2227.546809724749,5062.614713902208,-4065.4744763898084
STARLINK-31083,58670,-6750.34537416788,-1124.2047392861618,-486.4542261736927
STARLINK-30828,58671,6549.940646986634,2021.6881444201783,-323.4895983792352
STARLINK-31104,58672,-510.8613773960129,4970.439427993025,-4615.718626017321
STARLINK-31131,58673,-5766.375943853809,2559.582520677568,-2698.6123294414506
STARLINK-31124,58674,-5335.433247632962,2539.944566452587,-3490.879320949052
STARLINK-31126,58675,-4621.29956809201,-4222.9058594024045,2797.9411019455597
STARLINK-31066,58676,3759.1220997019223,3675.4583313554162,4399.142869131066
STARLINK-31058,58677,-4102.833181898771,3592.273086968969,-4167.410225351315
STARLINK-31125,58678,6763.682239756493,783.5820062388059,845.5871212895222
STARLINK-31110,58679,-1887.3337189477572,4681.035043785249,-4652.285656384658
STARLINK-31112,58680,3035.379036155411,4897.640185745269,-3731.0675928668434
STARLINK-31147,58681,6319.744052003094,-1084.7722824837394,2433.7235195144845
STARLINK-31144,58682,-5688.750076521135,-3381.9348995608075,1797.8936558536018
STARLINK-31095,58683,-125.83971468658977,-5106.308474660843,4571.5062670319285
STARLINK-31107,58684,-4118.040988749809,-4518.641501878522,3105.250859291579
STARLINK-31121,58685,-6639.109540637324,-1726.896200815637,85.39183197183704
STARLINK-31137,58686,6761.69722237134,713.9042478056401,907.4573950590159
STARLINK-31106,58689,5282.248269018482,3783.7609671550804,-2209.753074840142
STARLINK-11072 [DTC],58705,-138.74751471641298,-6491.207526587056,1794.8083322072052
STARLINK-11075 [DTC],58706,-842.0763550510286,6669.207824939462,-486.07270503669537
STARLINK-11077 [DTC],58707,-3503.977165968083,-2405.4922965690057,5218.4323556909285
STARLINK-11079 [DTC],58708,1787.2991920436143,-6453.10308991102,-762.2515261226216
STARLINK-11076 [DTC],58709,3309.1834284710494,-4962.978160997872,-3141.8475665299216
STARLINK-11078 [DTC],58710,4105.413941442138,-2203.483567196733,-4873.960664461702
STARLINK-31031,58711,9.090553409113163,6817.214279078384,576.2235209011294
STARLINK-31029,58712,3826.828850297473,-2160.6147517779555,-5265.777396975419
STARLINK-30973,58713,2258.8856215978185,-5525.804580252108,-3374.528165345572
STARLINK-31100,58714,1158.2920478378803,-6468.5687524374825,-1954.9249665397847
STARLINK-31102,58715,-1233.3397443962524,-6631.42759619676,1137.7392455112542
STARLINK-31098,58716,422.7001747063278,-6770.480347019364,-985.3170402453208
STARLINK-31093,58717,-2369.214273144451,-5770.3310336190525,2830.4765571480934
STARLINK-31097,58718,-1285.0705794201276,-6599.673419554508,1320.9824264389101
STARLINK-31051,58719,-3004.447460176919,-4891.955200922378,3734.2930405168986
STARLINK-31027,58720,-3661.1715787432063,1701.0976646678293,5373.234415119372
STARLINK-30972,58721,1930.0097497990682,-5878.4452681292405,-2955.6325475560366
STARLINK-31040,58722,3695.451303719851,-2574.8515962487304,-5155.884469883349
STARLINK-31033,58723,-869.1252122874077,-6755.936524382903,751.2260247703238
STARLINK-30893,58724,3496.0736327745312,3968.1054628080697,-4347.3861600837545
STARLINK-30856,58725,765.8465430978658,-6658.906740920684,-1439.684011588287
STARLINK-31115,58729,5907.803593603218,-3486.9907682757157,10.852857754047484
STARLINK-31180,58732,-6137.176725535362,3020.4681702379066,-539.8862483023736
STARLINK-31164,58733,2638.7882368080127,-5522.683984655893,-3103.582903379716
STARLINK-31152,58734,376.8613796446914,-5455.083117275511,-4147.809679925963
STARLINK-31157,58735,-1972.6775453547596,-4651.3269781672525,-4646.144930233709
STARLINK-31076,58736,-3963.1288026150264,-3298.263657652596,-4531.564037467724
STARLINK-31101,58737,-6413.292045715422,1799.7002219207268,-1648.4352133271173
STARLINK-31108,58738,-5516.788479286431,-1457.740924334601,-3815.022038104386
STARLINK-31042,58739,-5733.2241618364815,3761.6384319841472,245.25279082207499
STARLINK-31159,58740,3332.97685644183,-5380.577185949298,-2652.5500568061207
STARLINK-31148,58741,-1185.108722621737,-5004.355459708943,-4545.697036345077
STARLINK-31151,58742,-5146.405544547409,-2008.2031115108687,-4074.3810110667164
STARLINK-31156,58743,-6127.893298885672,-176.84268801454962,-3086.72493606395
STARLINK-31167,58744,6784.855784202764,-542.0731853681876,858.6187222331902
STARLINK-31176,58745,-3023.307878742318,5437.072114697563,2886.435819389042
STARLINK-31181,58746,2608.390736437439,-4716.1235449845735,4236.063727304662
STARLINK-31183,58747,1662.6814054433535,4789.469426038192,4614.141775802623
STARLINK-31165,58748,-835.1883166861571,5509.276834738729,3994.228571954012
STARLINK-31160,58749,6051.85126219395,399.43800155347407,3198.4579949556296
STARLINK-31179,58750,3046.9417449170596,4008.374876118651,4651.505774532884
STARLINK-31127,58765,-5363.3625419906175,-2998.6058186930754,-3044.838491378868
STARLINK-31114,58766,-3621.3422975565322,2076.2391142282836,-5442.618281362794
STARLINK-31140,58767,-191.99158272886496,5129.171263784353,-4523.390669059757
STARLINK-31146,58769,5273.39539478425,3685.858892834522,2324.4566616947814
STARLINK-31143,58770,-1565.9962102305067,-5820.935202325916,3253.270011692737
STARLINK-31135,58771,-5391.420849797423,-3556.4926111186037,-2303.005700046492
STARLINK-31136,58772,-1499.733965628292,4266.273980479399,-5139.8732866763885
STARLINK-31073,58773,-5212.244330879551,-1385.8689098945788,-4236.474200902276
STARLINK-31122,58774,-3475.4813795505997,2247.927781698599,-5469.386171111463
STARLINK-31123,58775,569.0170102208538,-4889.646167787122,4737.894180258296
STARLINK-31117,58776,-128.91441373679214,5207.721082071322,-4460.553726132351
STARLINK-31132,58777,3655.8162741884043,2181.146125477977,-5372.091540297342
STARLINK-31120,58778,-1160.1297635183294,4512.764102176125,-4999.126895135595
STARLINK-31142,58779,-1126.2210391522297,4582.986345898295,-4976.631860421979
STARLINK-31099,58781,-2703.8686809575593,3177.7727961056326,-5443.60076239518
STARLINK-31047,58783,-5077.374280931135,-4451.2184373459195,1099.6394934648424
STARLINK-31039,58784,-4849.024282708622,-204.07424094848224,-4846.177515322181
STARLINK-31034,58785,4720.291037784946,-4810.242068620187,-1184.809479811466
STARLINK-31024,58786,-3224.236558197276,2576.18079936695,-5478.468340376553
STARLINK-31189,58787,4078.0412436785,-4256.440935111534,3499.690897621111
STARLINK-31185,58788,4901.769860655046,1252.7651437169077,4625.550467205025
STARLINK-31166,58789,-3097.301791861106,-5211.689656677068,-3216.363703149453
STARLINK-31187,58790,4741.066414686611,1993.7772036265708,4532.102415079237
STARLINK-31162,58791,-2541.9164174916755,-5755.719104945855,-2739.592827917286
STARLINK-31184,58793,-224.517075167885,-6825.7559683381105,-658.5962792640318
STARLINK-31192,58794,4163.2897918075405,3567.892201361063,4116.421286444609
STARLINK-31161,58795,-1457.9649124122652,-6465.020566311491,-1780.521664571402
STARLINK-31195,58796,4997.578308594958,-1253.3006242275944,4521.58592271002
STARLINK-31193,58797,-4522.49899455267,-2749.06063234578,-4369.37954132156
STARLINK-31168,58798,-5042.222955230103,70.55675852310148,-4657.3026533602
STARLINK-31191,58800,1642.5063949409341,-6569.375621745761,1090.2836668628015
STARLINK-31170,58801,-4266.27387290052,3934.5622107040494,-3665.6271090655778
STARLINK-31141,58803,-115.92107297338536,6847.991249445414,392.7974951718684
STARLINK-31188,58804,-2986.1240284419,5715.240627955379,-2351.402735067463
STARLINK-31138,58806,-1884.4950193958202,6474.826391566616,-1274.9684635972776
STARLINK-31163,58807,4430.522084504474,-3514.424700015429,3874.8157853854473
STARLINK-31174,58808,4658.399382894399,-2873.4015865857064,4127.57211663556
STARLINK-31169,58809,-3471.377270061088,5196.536072596707,-2838.80068223239
STARLINK-31233,58826,207.33762334558577,-5677.129469071617,-3841.4129952190424
STARLINK-31271,58827,-3248.0338929568356,2560.973594992744,5453.561727657395
STARLINK-31222,58828,2624.119899740352,6264.789970456291,915.6802948122556
STARLINK-31258,58829,-2567.042724549152,-6286.279152404193,-940.7569768195845
STARLINK-31253,58830,1567.4873239961012,-4606.692029183321,-4826.72727787941
STARLINK-31232,58831,4554.238713432093,343.9316721135283,-5111.328127197348
STARLINK-31263,58832,-1379.9099231936423,-5737.702956505259,-3467.9021476371936
STARLINK-31171,58834,1711.3261413588352,5231.67169653689,4073.723977636466
STARLINK-31246,58835,1712.9625077833728,-4504.615735568418,-4879.673932161002
STARLINK-31251,58836,-1740.5038795405135,-6337.407165517928,-1953.2803807568464
STARLINK-31249,58838,-3969.122391191107,-5442.121329803335,1256.734401565592
STARLINK-31250,58839,789.9130955023336,-4747.810448965144,-4868.048873754755
STARLINK-31248,58840,-4360.563699933803,-2800.8140524691144,4455.530287134088
STARLINK-31236,58841,-4839.518727055709,-2567.637468379741,4108.265160191015
STARLINK-31228,58842,-4636.379227566484,-4147.307911912206,2867.6093419241092
STARLINK-31280,58843,-4619.280304136013,-744.5580371086694,4997.681116798231
STARLINK-31269,58844,-1470.984621724098,4774.746653179961,-4699.001631350851
STARLINK-31264,58845,5839.643759952948,-137.87380135223154,-3592.423438701916
STARLINK-31273,58846,-3962.000518302317,1209.3309844520495,5449.730102436763
STARLINK-31262,58847,6032.741649364708,-3252.16880554087,-52.057916029171054
STARLINK-31238,58853,-5504.572275309362,-2907.3221439415615,-2892.6670346743185
STARLINK-31158,58854,-6857.325344906382,-35.020670330246425,-253.78940889004954
STARLINK-31237,58855,-2985.4136702335036,-4471.717183044515,-4267.026909118212
STARLINK-31244,58856,-6140.841248063874,2329.9101431919967,1978.1876641963765
STARLINK-31226,58858,2666.3095952217645,4582.893875165607,4344.1798815791535
STARLINK-31197,58859,6836.027328981546,319.11781975483956,470.39097186702736
STARLINK-31213,58860,-5706.534784294771,2870.482451271748,2496.591769030889
STARLINK-31199,58861,-6720.072995235882,1111.537181172647,821.5148265804709
STARLINK-31200,58862,-6455.911064357804,1796.051706011205,1469.224926641045
STARLINK-31149,58863,4308.011031386441,-3986.054621170225,-3554.67708012478
STARLINK-31242,58864,-3978.7560153615777,4145.490939522317,3741.005283132453
STARLINK-31223,58865,-3235.26866753259,4471.515722779359,4067.295678485082
STARLINK-31219,58866,-2145.2428530524144,-4734.395904044282,-4483.7991423063195
STARLINK-31198,58867,-6283.83423218308,-1911.4323086587253,-1990.3084781751056
STARLINK-31196,58868,6587.877376921741,-1483.624557203221,-1219.1880742922735
STARLINK-31203,58869,-6831.855972889588,-37.579986686243984,-642.6014616712513
STARLINK-31201,58870,3076.7511631582674,-4546.046451029601,-4119.369591263366
STARLINK-31214,58871,-4823.149218330568,-3490.2744504894376,-3415.3729203764033
STARLINK-31215,58872,-5877.737828034495,-2492.978619031422,-2517.472675153295
STARLINK-31177,58873,-3616.6052999829735,-4206.796343108644,-4042.331878939847
STARLINK-30945,58874,4097.3132471058125,3965.5439541601804,3806.1847607077816
STARLINK-31212,58875,490.45573111731886,-5019.772162737011,-4655.8091897566255
STARLINK-31306,58876,5679.672137470812,2205.972660179546,-3117.9133202143566
STARLINK-31326,58877,6249.35477371707,-1712.7753848669297,2210.63031378537
STARLINK-31300,58878,-5115.3679412454785,2815.7864916194712,-3572.6706679798604
STARLINK-31296,58879,748.4188208051854,-4564.405404557149,5047.4227396306205
STARLINK-31328,58880,2136.133726081751,-4347.386187585258,4838.687847891043
STARLINK-31260,58881,6348.815773137957,1438.3961337673595,-2111.3789689075534
STARLINK-31323,58882,-4048.538301832053,3379.359787081586,-4365.502013974892
STARLINK-31209,58883,-3117.1748880402074,-3588.0128681673214,4910.74541817056
STARLINK-31315,58884,4000.056655233093,-4585.238117598011,3143.391356440891
STARLINK-31318,58885,6842.743695850968,138.28341821902907,-274.3270042570505
STARLINK-31320,58886,875.211138039133,-4083.4744822963085,5408.2362516719495
STARLINK-31321,58887,4810.66004819411,2848.158973142268,-3949.966846850406
STARLINK-31007,58889,-5865.234032733203,2217.6154831565777,-2744.5495148509294
STARLINK-31230,58890,-4147.208591031961,-3082.6859726690964,4473.8169015784415
STARLINK-31245,58891,1444.6785580210767,4077.3570630282256,-5306.831005194471
STARLINK-31255,58893,-4309.633770263917,-3099.5747432885973,4305.65236254732
STARLINK-31243,58894,6046.0921154105845,1892.794117682559,-2610.586982080624
STARLINK-31218,58895,1171.9078538969668,4041.5299469712186,-5410.273160567577
STARLINK-31190,58897,4077.661125903966,3274.236669514743,-4430.154747304127
STARLINK-31317,58931,4078.0719479681943,2699.7439642115396,-4790.355176994437
STARLINK-31378,58932,223.16170905471475,4147.844913732234,-5452.295161551907
STARLINK-31350,58933,-6730.234138822152,1196.1195712595154,497.64985803504794
STARLINK-31337,58934,-6511.643197187846,-105.77363905546956,2128.421492156103
STARLINK-31362,58935,2658.786881889651,-4208.483928386444,4700.654902961844
STARLINK-31383,58936,3138.10190949569,-4136.204125532156,4464.720076135882
STARLINK-31390,58937,5218.632235792329,-3385.5093122000158,2868.497353792104
STARLINK-31377,58938,3701.392246780816,-4011.5316134325008,4135.336382066155
STARLINK-31372,58939,6313.239236265618,-2370.350269724072,1217.0215337778584
STARLINK-31371,58940,6547.214022372816,-1938.142043042601,582.8430349034255
STARLINK-31345,58941,-6719.686785312394,692.291358475616,1151.7029619574207
STARLINK-31354,58942,5153.3276107540705,-3458.611316170953,2887.24238162501
STARLINK-31346,58943,-6331.896534272134,-275.3133305954557,2595.9713511099603
STARLINK-31336,58944,4509.508520826034,-3742.3855938394236,3544.2858556329716
STARLINK-31359,58945,4642.186823468777,219.16474044546248,-5044.041108207337
STARLINK-31331,58946,5405.050824848076,1669.3300582086522,-3868.4480360300545
STARLINK-31116,58947,6604.670577502063,-201.06093158413452,-1811.1361176397259
STARLINK-31311,58948,-4506.359146277723,3879.0422470421236,-3417.1153733355095
STARLINK-31294,58949,1222.1140332812859,-4272.42379928577,5207.636199327081
STARLINK-31330,58951,-5361.030995627261,-1439.146459029547,3989.6340246803443
STARLINK-31293,58952,6504.785643146651,-2048.691758909562,626.9328908918613
STARLINK-31373,58965,4564.550680791713,1758.2146329724712,-4807.119800393758
STARLINK-31449,58966,3548.257788634316,2626.699928608452,-5249.036288417676
STARLINK-31314,58967,5983.4874785896845,-154.6544608145649,-3346.141952655158
STARLINK-31356,58968,-4212.819747153075,-957.2392187529217,5310.11209082647
STARLINK-31335,58969,3118.7150545418044,2853.5001622164527,-5385.28922372249
STARLINK-31368,58970,5701.277314706004,357.2290474105483,-3794.0996565252667
STARLINK-31333,58971,-2865.044648043395,5339.868314782433,-3210.362424206389
STARLINK-31351,58972,2003.013354448692,-4738.397516659767,4518.789360142482
STARLINK-31365,58973,-1629.3690729193243,-3764.913852563936,5479.628892221118
STARLINK-31361,58974,259.55854407713963,-4449.86304965061,5195.786673571402
STARLINK-31369,58975,-3701.8755809404306,-2511.3353995064954,5182.945880469464
STARLINK-31324,58976,-5041.398998327398,-1261.1540885426862,4459.10120271524
STARLINK-31358,58977,5029.161306259288,1263.2719733852562,-4488.524658659921
STARLINK-31355,58978,-6018.875994030547,203.1090346269021,3263.8993060227012
STARLINK-31380,58979,-6412.752483244719,1596.8366693863993,1810.8396926996024
STARLINK-31353,58980,-6204.0468073551,650.7971830154581,2831.333542294403
STARLINK-31339,58981,-6064.584606104501,501.11662695903146,3117.927460565056
STARLINK-31384,58983,-3828.7112662894474,-2354.5823945574257,5147.452821210428
STARLINK-31379,58984,-1928.5008522233466,4726.937225524503,-4580.25397112509
STARLINK-31385,58985,4989.366280779295,1072.5565047266819,-4562.642896912375
STARLINK-31229,58986,1802.8778045111312,3691.35065327834,-5492.36141585947
STARLINK-31468,58998,-4666.936787417219,1321.128933219065,-4847.418124822458
STARLINK-31440,58999,-4733.361590370937,2885.472271010815,-4035.9055061795243
STARLINK-31529,59000,1325.546608919311,5139.136697612503,4327.019846363135
STARLINK-31431,59002,1476.8502471352656,-6406.791151105156,-1945.914478839457
STARLINK-31435,59004,-4618.1789952107165,3761.8107524196885,-3396.7287277299756
STARLINK-31484,59005,-4075.4689731176923,5157.561801670968,-1946.301294747096
STARLINK-31450,59006,-1522.1140837114017,6420.08565212456,1845.3708737590068
STARLINK-31456,59007,-3255.5023231333757,6013.589147845271,-471.56300491397144
STARLINK-31460,59008,4047.6693736904376,-5219.134453389658,1824.5530624465866
STARLINK-31488,59009,-4290.445881570461,4764.444652497465,-2430.9248756715374
STARLINK-31528,59010,-4000.470733682804,-1161.8323283035086,-5448.944727159317
STARLINK-31491,59011,-4246.909928506139,-507.09298651443174,-5361.538220270507
STARLINK-31465,59012,-2665.366455550127,-3537.549289605378,-5236.956307764343
STARLINK-31389,59013,-3731.7914694870556,-1762.8001637895154,-5478.348849543159
STARLINK-31454,59014,-1379.8428967623558,-4963.319596835598,-4528.12209087465
STARLINK-31521,59015,-901.8657888533305,-5358.066258179627,-4185.432586700068
STARLINK-31526,59016,-3561.9532593618146,3422.6614990690623,-4750.7200818207275
STARLINK-31406,59017,2047.510908584935,5195.578371744135,3941.900435843678
STARLINK-31527,59018,3129.8993146012626,-6094.32241443947,216.9865343696065
STARLINK-31436,59019,-4464.5656350217005,211.46176233494415,-5202.502152363571
STARLINK-30996,59023,-1660.418656088405,5974.083536985348,-2941.1901561697105
STARLINK-31006,59024,-4323.09357351145,3182.214227301518,4262.916105845866
STARLINK-31178,59025,3949.3561808690765,3124.7396078581764,-4664.137556541355
STARLINK-30863,59027,1982.598797033677,-5958.242191381823,2757.4445495782275
STARLINK-31206,59028,3928.373092723068,-3376.0333271272825,-4504.054700558803
STARLINK-31224,59029,-5469.132105650848,-742.1821622274457,4065.4332169870513
STARLINK-31186,59030,5360.958639241329,1025.1956756682591,-4162.8453921751
STARLINK-31211,59031,-3651.0154791695086,-3428.2409974796496,4679.952354317053
STARLINK-30862,59032,4354.966811366215,-5281.197934507907,-486.56116405142774
STARLINK-31210,59033,470.9311202518004,5633.915147028104,-3891.5418299174535
STARLINK-31231,59034,-1686.1125193191021,6085.339026436048,-2687.7907046881915
STARLINK-31207,59035,-3638.874434048633,5711.907636098035,-1099.84303468725
STARLINK-31217,59036,636.7566927102215,5677.477752451371,3789.701107429092
STARLINK-31208,59037,-208.6275468239304,-5609.943730147418,3936.099606587369
STARLINK-31235,59038,-4661.366780936537,5032.624283973477,38.05230123735542
STARLINK-31220,59039,-4147.173453611214,5387.139201756732,-922.6770664205526
STARLINK-31225,59040,-4478.099056820568,-2391.4951348936643,4605.772078408774
STARLINK-31240,59041,5884.374929978317,-1044.0729103551314,-3376.454607333769
STARLINK-31202,59042,-5.497223393704998,5824.627495065553,-3623.8425763815103
STARLINK-31234,59043,4429.539730816267,2481.674318719948,-4619.917800064383
STARLINK-31153,59044,-5670.265712016681,3439.7417262371596,1745.5902750548125
STARLINK-31241,59045,5514.6987194450285,434.13431097916884,-4064.4432204399523
STARLINK-31205,59046,2579.775652625838,4418.116821935773,-4575.569103982011
STARLINK-31265,59074,-4356.330428117106,2462.2948201902445,4685.630020522264
STARLINK-31276,59075,4221.166988884745,-2703.832799143933,-4689.0217071212055
STARLINK-31259,59076,2615.9326098141255,-4649.386467936671,-4319.42722096951
STARLINK-31281,59077,688.1201023778418,-5938.302278753473,-3373.028843164027
STARLINK-31274,59078,-2314.1455594871927,4915.196010675885,4180.711794200194
STARLINK-31257,59079,-4966.620546009608,-4293.08743815504,1986.5479866983299
STARLINK-31292,59081,-1340.6936934001835,-6436.98634137119,-1967.4582141927617
STARLINK-31286,59082,-3218.7452761570366,-6054.0986452399275,-264.31459897601957
STARLINK-31252,59083,-6237.077735377094,-597.5218653517294,-2802.223346944186
STARLINK-31261,59084,918.5788978848442,6410.280718867438,2254.7726523864235
STARLINK-31290,59085,3715.530476005697,-3367.5294466378614,-4687.021024729868
STARLINK-31279,59086,5523.6454775749835,1911.4110764312943,-3597.203467977241
STARLINK-31266,59087,-4645.852377474178,-4826.696340307455,1474.6334830243234
STARLINK-31313,59088,-5224.223458672633,-3682.0703665632127,2485.131352525179
STARLINK-31307,59089,-4201.87269623791,-5353.6972913539785,865.1743650167035
STARLINK-31316,59090,-6369.186754363433,1062.83479574747,2312.8537940145166
STARLINK-31310,59092,4628.911655811455,-1962.401884295476,-4673.130781202603
STARLINK-31343,59093,4326.98381327508,5214.5837783090155,-1077.4388464568985
STARLINK-31295,59095,-5074.661782092304,880.2788947595194,4519.701535939597
STARLINK-31291,59096,-5468.313905063668,-761.231722169658,4064.6474859353784
STARLINK-31312,59152,-3877.6748156146054,-3707.2666909020554,4267.293172128557
STARLINK-31308,59153,-1844.1969950128084,5033.618374673916,-4285.897490061671
STARLINK-31270,59154,3674.8404602825944,5417.562723213096,-2060.3980149695217
STARLINK-31341,59155,5907.496850120695,27.83197684765353,3483.1327777839097
STARLINK-31338,59156,6166.470000204562,2083.93535839971,2163.7995752426377
STARLINK-31334,59157,4348.654692480032,5184.292956381984,-1143.8188995718954
STARLINK-31297,59158,5251.871616858856,4396.073605877322,-425.79071025023546
STARLINK-31182,59159,-3363.3251020190633,-5500.455551715742,2335.9588011870374
STARLINK-31327,59160,5955.2700223101865,3317.3326937534616,773.0089004749902
STARLINK-31256,59161,-5094.356582337096,-4544.124455919866,671.5772341543624
STARLINK-31272,59162,-6056.057908612673,-3079.893848357749,-959.3627002966115
STARLINK-31278,59163,-6282.9751715805405,-1291.4370294902833,-2437.6351465910334
STARLINK-31309,59164,-5571.836211641411,1095.415738748653,-3855.4195710417034
STARLINK-31325,59165,-4673.083090664024,2453.499462714934,-4389.625689682076
STARLINK-31342,59166,-2840.0716476228167,4151.382971812565,-4671.287385534623
STARLINK-31298,59167,-682.1550499194764,5274.513252988986,-4339.987857977452
STARLINK-31322,59168,4479.297308571954,-2661.2632367089413,4455.233820201368
STARLINK-31329,59169,6275.020835678144,1413.636123362043,2380.379239289263
STARLINK-31340,59170,5777.516177257764,-2870.296902523686,2330.3302564061923
STARLINK-31344,59171,5757.324406897013,-668.7590720449934,3662.8480220109377
STARLINK-31348,59172,-1407.550676223856,5075.023816473554,-4400.799692285124
STARLINK-31289,59173,1611.8481142046678,5726.327932961776,-3424.265693277528
STARLINK-31283,59174,-6266.838389532797,2519.4893412354095,-1189.3937747865025
STARLINK-31439,59178,-5298.40369553252,-3908.094692796181,1918.9142682310971
STARLINK-31410,59179,-4340.13468741209,-4659.963269368601,2543.566605857045
STARLINK-31395,59180,-2295.1785122708748,4482.46117730577,-4664.177099974314
STARLINK-31486,59181,-6433.014088039742,-2370.8019018397695,225.7028303472821
STARLINK-31411,59182,4564.974206490762,4530.70414770239,-2396.3691766223105
STARLINK-31382,59184,1746.9415235249153,5292.156338700312,-4007.1999885668556
STARLINK-31394,59185,6153.651624374465,-1615.0938468134552,2563.7328386010763
STARLINK-31403,59186,-1205.842346317482,4943.2241732120765,-4607.125984630679
STARLINK-31514,59187,-2115.278803213096,-5271.753809754849,3838.493898753136
STARLINK-31478,59188,3533.8486939360364,-3793.831023925422,4485.6828207305125
STARLINK-31498,59189,-6449.410001940963,136.99500046053794,-2339.9748301271243
STARLINK-31563,59190,6527.135670545894,2076.7296481797202,401.24707619528516
STARLINK-31551,59191,2453.397333879374,5125.204133910346,-3851.526496992307
STARLINK-31536,59192,2340.4981315201258,-4455.090882683343,4653.219468500562
STARLINK-31548,59193,-4367.010265500574,3166.6763591999097,-4243.750815192893
STARLINK-31542,59194,111.41945580968455,5201.610352428677,-4477.646174570391
STARLINK-31554,59195,-5837.729860348615,-3460.408372298523,989.1286074550725
STARLINK-31558,59196,2629.3709839627454,5198.970256151494,-3629.872288435751
STARLINK-31275,59197,-6499.521919404826,-2161.6688627699714,-364.06834880319747
STARLINK-31590,59198,-5448.482018216536,2038.777735924095,-3641.6868742400216
STARLINK-31567,59199,6528.901055357555,125.73435922507515,2097.5003001547902
STARLINK-31503,59200,5638.899226991371,-1794.5417442560165,3464.163097234048
STARLINK-31603,59201,-6725.447255859341,-1245.095976487792,431.49407597636605
STARLINK-31602,59202,-4953.2714211463435,-3435.698364219082,-3241.835569331617
STARLINK-31577,59203,6350.144211649141,2181.6920447981124,1291.2804468355482
STARLINK-31522,59204,-6494.767248048792,-2071.276833543689,-717.0338908241235
STARLINK-31586,59205,6061.746525979508,-962.5382089770607,-3059.1604782385343
STARLINK-31247,59206,-1116.358458139749,-4284.731388729582,-5237.846152054246
STARLINK-31591,59207,-5684.685610384375,-2948.4089907283874,-2413.936280953671
STARLINK-31576,59208,-6656.318518499505,-1547.2008806372635,-323.5799326506358
STARLINK-31601,59209,5778.948557501765,-1464.6476565935502,-3364.18629993456
STARLINK-31520,59210,642.7026824202762,-4067.2879308735114,-5485.509809153937
STARLINK-31496,59211,-461.0835872854536,-4106.046435839915,-5474.343799322531
STARLINK-31492,59212,-6676.225599626888,-425.7748321667317,1483.4662526186573
STARLINK-31517,59213,-6755.316341899069,-709.4650597003483,807.362627249129
STARLINK-31604,59214,-6340.963409558782,-2222.9002935186936,-1293.018414832741
STARLINK-31434,59215,6366.672436734858,-642.6015636039912,-2429.2089035650383
STARLINK-31417,59216,-6731.162617795787,-815.3592407662869,993.2045602188429
STARLINK-31499,59217,108.5051431905652,-4137.926919503164,-5452.786817814736
STARLINK-31421,59218,4911.174260875705,-2262.176458214718,-4199.128134606705
STARLINK-31518,59219,-2667.058992076993,-4141.85861115775,-4753.6986390185475
STARLINK-31523,59220,-6542.472110099076,226.0754739911882,1977.6853188031946
STARLINK-31516,59221,2705.002306674748,-3477.7187436520658,-5240.410721466038
STARLINK-31490,59222,-6651.456608229614,-1649.8657995151343,-120.69410649309265
STARLINK-31420,59223,-6008.854247762657,-2775.8017221681844,-1786.050356896301
STARLINK-31305,59232,-3321.617570024107,-5865.088533112148,-1283.4769019760515
STARLINK-31459,59233,-4292.2261055254585,2790.049074334442,-4572.963077268492
STARLINK-31438,59234,2219.040816063301,6404.647505168708,-1033.7529825236088
STARLINK-31467,59235,-4892.832016843693,1199.7096089617182,-4662.417132169068
STARLINK-31444,59236,2144.7838369799597,-4777.686002812757,4381.085150814924
STARLINK-31505,59237,-2958.14103246718,4778.167622372372,-3941.7625185382626
STARLINK-31494,59238,-2255.1413237226675,-6477.2164750136635,-166.89969118391346
STARLINK-31303,59239,2881.427862242107,-4472.726549644555,4322.551780445607
STARLINK-31408,59240,4700.086449991046,3922.6619274202385,3091.2516092341184
STARLINK-31427,59241,5198.863213653766,1621.7322748651256,4164.166836828588
STARLINK-31423,59242,4006.4835836090383,5139.39144823047,2140.179073974509
STARLINK-31433,59243,-5225.038690019229,-1263.019132505155,-4268.250189820026
STARLINK-31285,59244,-358.7389862526677,-6667.438610311894,1566.8966399167828
STARLINK-31284,59246,-4843.533583039259,-3592.0722310433202,-3275.467460767387
STARLINK-31424,59247,-4395.706088990817,2506.47527848767,-4638.216815141536
STARLINK-31405,59248,741.7186821458442,6717.314382924822,-1195.0110370201435
STARLINK-31426,59249,2562.3303539927056,6343.130745511704,523.2751580708273
STARLINK-31407,59250,-3146.536946852729,4194.646062894555,-4429.759867662293
STARLINK-31393,59252,2620.501594178768,6259.811696530581,-1020.9280229006208
STARLINK-31425,59253,-3813.5920881195716,-5395.241468132514,-1854.6479437070561
STARLINK-31659,59254,-5939.953302385437,-1230.4569043350618,3153.5631485074
STARLINK-31629,59255,1779.775619547326,-3779.600415375078,-5439.419757610409
STARLINK-31652,59256,228.6038670013934,4808.9855358100285,4862.689186148622
STARLINK-31637,59258,5017.160654017544,4620.428381755601,677.9794020101825
STARLINK-31506,59259,3404.9698248850978,-2465.217264325882,-5419.936447619013
STARLINK-31639,59261,-2579.7781514451244,3180.2279968788202,5479.652561269513
STARLINK-31598,59263,5633.729602903404,3820.6349063486364,-674.0967650992313
STARLINK-31645,59264,-1620.2844691360535,-5236.858953706096,-4118.974652122423
STARLINK-31646,59265,4319.305758374539,5016.855355240213,1676.6546926599003
STARLINK-31648,59266,5591.048780094389,715.3478398505621,-3906.8771221881707
STARLINK-31579,59267,-536.5944467234569,-4944.8990167595675,-4721.490316502785
STARLINK-31627,59268,3258.5557956866596,-2595.6818082636973,-5434.676190546189
STARLINK-31609,59269,-3755.563469789383,-5240.691718913164,-2331.8626401042975
STARLINK-31616,59270,4162.715408277558,5083.6383084904455,1878.705265781604
STARLINK-31630,59271,-5682.153901182274,-3606.9835481989444,-1233.4543637529298
STARLINK-31623,59272,-2950.1728435684054,2876.170690102167,5466.475986072507
STARLINK-31595,59273,4725.117672039425,-906.3752416531898,-4888.216785117218
STARLINK-31463,59296,6073.2618966451355,890.373609987574,3055.6120838097963
STARLINK-31487,59297,-196.26461127038166,5186.86006229134,4478.362136329896
STARLINK-31386,59298,-6669.209588397135,873.6916904287812,-1366.7963831673305
STARLINK-31409,59299,-6345.940431476043,2549.683676776746,-564.5201154926099
STARLINK-31489,59300,907.1478513013301,-5268.650092891627,-4303.514524893143
STARLINK-31502,59301,3885.010884854382,-5062.654485677225,-2523.3393549869425
STARLINK-31447,59302,-6664.584786977013,1307.1153138414995,-985.4631957245034
STARLINK-31504,59303,-4674.813160242929,4419.302873067133,2378.963433403705
STARLINK-31474,59304,-4847.090395532632,4538.17271030708,1722.0917723989644
STARLINK-31500,59305,-6053.960989797661,3125.7586624295323,804.7337212028701
STARLINK-31480,59306,-3983.790286387637,-3513.750652410025,-4347.553881713019
STARLINK-31282,59307,-2616.3139394642535,5157.653499274193,3684.253477801045
STARLINK-31485,59308,2242.371274329738,4507.208522624076,4652.399105648485
STARLINK-31455,59309,2708.836826414652,4261.588870050531,4635.652457101452
STARLINK-31475,59310,1193.969947120283,4909.45717454913,4632.48365675184
STARLINK-31445,59312,-2984.3078796862087,4869.916932636081,3793.0222233709615
STARLINK-31495,59313,-86.51586696993702,5331.06501965365,4276.141876080913
STARLINK-31477,59314,3265.97259943791,3884.5850652212675,4607.598903096082
STARLINK-31446,59315,2923.393246406973,-5118.429653486721,-3516.5291547844968
STARLINK-31479,59316,1991.5726354498956,-5141.582929305655,-4087.6129624617415
STARLINK-31349,59317,-5665.266131816597,-1831.5663127141918,-3415.5904983922214
STARLINK-31464,59318,-1921.707113683554,-4647.407238623364,-4672.610628747557
STARLINK-31402,59320,-4219.271489267062,-5067.248744466663,-1845.5603187840964
STARLINK-31578,59321,-3752.602818263431,5683.150723601307,-842.4399380027935
STARLINK-31530,59322,2053.2914660578076,-5982.331563565102,2254.523418543729
STARLINK-31565,59323,5525.382280286376,-426.11321637483474,4035.547415993323
STARLINK-31570,59324,-4622.436404904065,4713.709158964947,-1876.1297263853028
STARLINK-31611,59325,-4228.304575759785,5240.315600982529,-1327.4793941625242
STARLINK-31632,59326,4598.580566828581,-5062.916284990988,527.6831852580464
STARLINK-31599,59327,3982.7555328163976,3153.411769795212,4602.513228601033
STARLINK-31614,59328,-185.25121791958327,-6289.560342628285,-2740.0422563133297
STARLINK-31493,59329,5428.167593564411,-1655.8923453066297,3846.458860164741
STARLINK-31634,59330,-4264.575699420894,-2694.9326211541625,-4654.860416130014
STARLINK-31633,59331,-3245.0878804410245,-4144.906264623022,-4404.2300003674645
STARLINK-31594,59332,3056.445791044604,-6032.015465163229,-1161.2546282578257
STARLINK-31572,59333,1791.110230810224,-6240.550667691783,-2216.8321622491917
STARLINK-31573,59334,-3237.1155165543696,6044.812440246476,-263.7099424394905
STARLINK-31588,59335,-157.95818940311403,6401.243980973296,2458.7114841713005
STARLINK-31596,59336,1810.7359212512126,5464.061757663706,3726.954556524131
STARLINK-31612,59337,2949.1659592502047,-6193.493919886316,-85.3021084813926
STARLINK-31550,59338,-5167.871610062698,3525.4403114982574,-2825.406957851847
STARLINK-31473,59339,5389.831420934261,-822.1084559839192,4155.5692895812
STARLINK-31562,59340,-4746.952377616826,-1998.575316626822,-4537.241210442702
STARLINK-31600,59341,5600.307284095338,-2647.270365563917,2940.2944808312036
STARLINK-31628,59342,-1416.6945444668454,-5713.055788621195,-3528.152104875067
STARLINK-31605,59348,-1357.4819305279882,-4906.013056306732,-4604.928000646291
STARLINK-31532,59349,-5769.576488948695,2263.761852859153,2937.1643079522805
STARLINK-31593,59350,4128.3538988399205,-3729.7438251583562,-4019.268525355568
STARLINK-31555,59351,-1873.2804796103133,4709.791713804147,4614.739440596186
STARLINK-31561,59352,5343.15931973914,-2768.061635990123,-3299.470285184981
STARLINK-31413,59353,-2867.532528576725,-4786.029935152432,-3999.228030619846
STARLINK-31422,59354,6600.569401042099,-761.9427115274535,-1713.906527415663
STARLINK-31416,59355,-4021.6785494389674,3775.333789576378,4072.5124122268808
STARLINK-31552,59356,6775.978515753384,1072.5074453607883,-49.54693118739541
STARLINK-31557,59357,5437.764024273616,3271.5690509512597,2598.251373268891
STARLINK-31559,59358,-6230.078322011946,-2511.3833479275436,-1410.163128820386
STARLINK-31501,59359,4424.527776202117,4169.771097513762,3169.4998194415184
STARLINK-31549,59360,-308.27601917487846,-5064.439293023773,-4623.363490521133
STARLINK-31560,59361,721.9585094784143,5068.045581638364,4558.012374607509
STARLINK-31571,59362,2215.4104240127317,4934.740158545767,4210.702276530059
STARLINK-31553,59363,-3769.7567205156743,4122.048026204588,3976.151465586481
STARLINK-31547,59364,-6784.024533054853,-619.7151153567826,-828.6173835945076
STARLINK-31537,59365,6041.38598492802,2792.944548063159,1653.7608921589353
STARLINK-31451,59366,2169.887641698555,-4632.425006872856,-4576.659974190739
STARLINK-31428,59367,-4766.025195345463,-3955.9534756593007,-2957.855385300673
STARLINK-31419,59368,-6714.309997532317,-1380.990259094535,-295.0569248167113
STARLINK-31583,59369,5686.340124768186,2714.8198148855895,2704.65846597698
STARLINK-31461,59370,5945.802501949565,-2590.5887384333246,-2241.7921182430127
STARLINK-31641,59374,347.4668334482742,-6151.114558349297,2964.6720371260494
STARLINK-31430,59375,2861.2806337084994,3248.726661123498,-5304.080341950023
STARLINK-31695,59376,997.577396260813,5442.8658837166395,-4030.2851919246564
STARLINK-31716,59377,-1233.409830194054,-6380.794092058337,-2185.052293631152
STARLINK-31710,59378,-4270.727263898315,4372.875279715686,3064.8512925310365
STARLINK-31698,59379,-2933.359773559934,-3212.7013672314656,5269.027336648403
STARLINK-31680,59380,-2464.424375227832,-3806.553429347096,5112.4870989899155
STARLINK-31713,59381,1274.6470307168754,-6421.614584920466,1976.67855806166
STARLINK-31705,59382,-2546.4145346912396,6349.826878398241,-91.99006219898455
STARLINK-31715,59384,-4564.120664433534,2204.8561199969,4533.73098489671
STARLINK-31717,59385,-4517.266146490122,3327.137662837826,3906.176612272038
STARLINK-31688,59386,-1505.4228594579658,-4885.978111454534,4535.5590692371725
STARLINK-31714,59387,-4160.747253930532,-469.2943780208351,5400.109698759004
STARLINK-31643,59388,-4463.006163756898,846.0044928872938,5105.727781606412
STARLINK-31647,59389,2192.909587250188,-6447.269833732014,644.4724763582748
STARLINK-31649,59390,-1697.7403306925735,6514.191655568776,-1231.666122591222
STARLINK-31644,59391,1952.538191982853,4418.7398866987705,-4851.304331447804
STARLINK-31626,59392,-3736.1214519427836,-1672.986951000312,5486.498576629319
STARLINK-31443,59393,-3719.2515303688033,3986.5741260088844,4123.284911480478
STARLINK-31607,59394,2936.871784681353,3206.755941690591,-5285.4182950184195
STARLINK-31608,59397,-509.9057528164192,-5767.46603594986,3634.01428625204
STARLINK-31534,59398,-5649.14877845731,-2092.851647339618,3273.7907399951832
STARLINK-31544,59399,2589.30586806862,-5002.719783923224,3907.2714411591987
STARLINK-31545,59400,-5810.043439126784,3299.2770158880467,-1557.544964666838
STARLINK-31507,59401,-2790.0358886914487,4979.027908804184,-3811.280128137405
STARLINK-31543,59402,5996.251403516114,-3053.745257385568,1334.7827754010912
STARLINK-31366,59403,4226.155202505783,3473.219702790722,-4146.456641915937
STARLINK-31374,59404,-2397.346712522304,6415.058171756008,-405.20449975150524
STARLINK-31400,59405,-6596.615692389841,-265.1747577577555,1856.8444492220274
STARLINK-31391,59406,-6620.66392265309,1799.3506869147366,-2.551801390374732
STARLINK-31387,59407,4656.843651167448,-4235.520361331003,2721.3026726170588
STARLINK-31396,59409,-1059.059027273877,5387.0091890484355,-4119.251072662103
STARLINK-31412,59410,2107.940680087658,4591.118020312111,-4646.890584458963
STARLINK-31483,59411,6685.004692677039,-44.17143553770047,-1553.7166007176077
STARLINK-31568,59412,6734.671454612402,-1221.5650894516384,-499.67048766047395
STARLINK-31615,59413,5961.886010726415,1260.4473178009446,-3159.4649326957847
STARLINK-31457,59414,6489.458375433053,-13.956155437380662,-2234.874113664124
STARLINK-31398,59415,-389.3097203027791,5137.046202969158,-4536.379298102238
STARLINK-31399,59416,-4074.640424108591,4558.29342048304,-3117.8258032586946
STARLINK-31401,59417,4517.534565411501,3025.093361203729,-4190.427676836957
STARLINK-31414,59418,5869.175043772163,1828.7539664834885,-3053.307611831069
STARLINK-31415,59419,-2644.729205782943,-4372.938581735296,4568.76607112909
STARLINK-31466,59420,-77.35090933066397,-5078.224876332022,4603.867064227916
STARLINK-11087 [DTC],59421,-2887.258613937531,-3858.605476509199,-4715.8714095312125
STARLINK-11090 [DTC],59422,2615.62821340323,-5882.117443056858,1983.5040739554438
STARLINK-11093 [DTC],59423,795.6440244303495,-6666.533380163438,-590.0500146742531
STARLINK-11083 [DTC],59424,-1175.2700836887254,-5928.704203166951,-2987.5797002069216
STARLINK-11085 [DTC],59425,3823.624970750492,-3746.9910401945244,4082.826062141669
STARLINK-11089 [DTC],59426,-3966.2988791875573,-865.6709815464136,-5384.018295447279
STARLINK-31757,59427,-4664.517095953602,4945.537546915824,-785.8494721009287
STARLINK-31773,59429,-3846.304740119994,-1982.9399955140477,5304.782831087291
STARLINK-31772,59430,-4860.758272393976,-508.67091028353474,4795.375170051779
STARLINK-31613,59431,-2002.063950395743,5432.844076405977,-3651.8712229226794
STARLINK-31780,59432,-5264.528898946555,4356.068922523896,343.247687312701
STARLINK-31740,59433,-2851.9200883957824,-2955.117655387808,5476.71764724294
STARLINK-31580,59434,-5728.498149510968,1225.7316670519922,3548.7412466164214
STARLINK-31696,59435,1551.3754643250954,3972.6421341419687,-5356.109866443116
STARLINK-31700,59436,5563.586292752697,-3840.557628068622,-1071.1979099445778
STARLINK-31706,59437,-3427.49968681646,-2422.450837276121,5408.2007611075705
STARLINK-31711,59438,4442.8834233060215,1137.1058147959027,-5082.808131410987
STARLINK-31708,59439,-3682.7445572510073,-2109.1080287167397,5371.50020120181
STARLINK-31693,59441,-5282.3208191895965,321.95324345689363,4327.991766027502
STARLINK-31622,59456,-5823.581810931488,-478.83853407872425,3586.067453717926
STARLINK-31319,59457,5374.217158607347,-4262.346095991681,-188.51148365589373
STARLINK-31625,59458,-1277.4596136004786,-5025.015063287217,4484.880360168779
STARLINK-31631,59459,4132.409052078996,2962.302933688001,-4611.26474293197
STARLINK-31620,59460,1886.546956969567,-5843.9069799172485,3052.6068016964173
STARLINK-31511,59462,-4582.838905309784,-2514.9775153551686,4434.005748090141
STARLINK-31364,59463,6130.2283188974125,-1191.6893973551232,-2847.8867305977187
STARLINK-31597,59464,1044.8732928331074,-5684.9612216924,3688.581768033253
STARLINK-31621,59465,-2828.9514109313623,-4134.190332705004,4679.136958912848
STARLINK-31462,59466,4896.339965993075,-4735.770924565568,820.8087755364792
STARLINK-31592,59467,-6272.794316232031,1700.1514876403025,2188.7586705559675
STARLINK-31267,59468,-3146.425452606812,-3896.2757333629324,4680.258931159719
STARLINK-31381,59469,-2554.954129278225,-4342.743860492081,4647.719136284921
STARLINK-31546,59470,6076.602223569405,-2659.325596832022,-1763.6558964012809
STARLINK-31575,59471,3902.1238351954285,-5428.56860144514,1537.066119492025
STARLINK-31610,59473,6252.089471065735,-1316.4072168906346,-2508.3158101202043
STARLINK-31581,59474,6052.9314659886395,-1844.9319504819707,-2659.2558827737894
STARLINK-31566,59475,5986.402270139504,-3223.2832366398843,-927.5863676827618
STARLINK-31515,59476,3194.2902337268647,-5572.828452280553,2404.389119281095
STARLINK-31531,59477,940.1103214274023,6759.775777548547,-707.1211166233586
STARLINK-31753,59484,2402.824219858097,-5980.543309316017,-2359.1565786235765
STARLINK-31733,59486,-913.2477196313178,6721.156247567691,1019.5438773445189
STARLINK-31657,59487,4947.139044768642,1184.1455134813452,-4608.303517748038
STARLINK-31754,59488,1379.0438373080467,6432.272065500782,-1950.8704319505673
STARLINK-31638,59489,4804.26265584859,2037.403756185253,-4458.6913453481775
STARLINK-31670,59490,1396.0184732311052,-6717.228028586495,-172.32391241319
STARLINK-31712,59491,803.8403423834073,-6803.713069845186,386.6883371115099
STARLINK-31684,59492,2978.4916785254572,5215.807890958764,-3318.1514169629877
STARLINK-31678,59493,4963.792570171338,682.7529672927185,-4692.368356823223
STARLINK-31744,59494,4319.776573906456,3091.144715124754,-4347.665869621289
STARLINK-31719,59495,-3307.533365157456,-5194.091130480514,3018.1141309114637
STARLINK-31728,59496,4882.842800147114,-1445.937000271329,-4601.264975050409
STARLINK-31720,59497,-3624.183755363227,4687.2411890281455,3449.899052977987
STARLINK-31731,59498,-1579.176238505799,6469.054385199544,1639.2996578192883
STARLINK-31742,59499,2622.926137177521,5901.807261494352,-2320.5886473622413
STARLINK-31512,59500,-3273.78198544317,3818.1330103928253,4657.315189790052
STARLINK-31458,59501,4323.408505861803,3554.6991150111844,-3972.303764688172
STARLINK-31357,59502,-4974.809316446736,-794.7407479929508,4648.310690103026
STARLINK-31508,59503,-4805.717597778584,1840.7436858004673,4527.951349919833
STARLINK-31535,59504,4948.424260703591,-1769.2436383870322,-4416.117510916717
STARLINK-31533,59505,-2657.342928023428,5782.633884059513,2554.2998586593394
STARLINK-31524,59506,-1818.0117898356862,-6564.309987224467,818.0136109618977
STARLINK-31635,59511,-885.4607945126625,6095.641714996139,3012.4742821208893
STARLINK-31650,59512,-536.0709512800678,-6568.175396721398,-1916.8983716337887
STARLINK-31658,59513,2430.26701695252,5395.281607282988,3463.327861074366
STARLINK-31669,59515,3923.1749683704575,5458.676420498651,-1374.4587020089193
STARLINK-31671,59516,-4777.333474855711,-4158.842385090462,2630.3912308333893
STARLINK-31674,59517,5015.279814730043,-800.0502802185316,-4617.383282579972
STARLINK-31679,59519,5551.521922939325,2823.280998945343,-2881.885150739931
STARLINK-31370,59520,-4054.2578924272493,-5299.100676492848,1592.7272130646822
STARLINK-31404,59521,-5093.560280247577,448.68863487968764,4565.671705763162
STARLINK-31453,59522,5862.5341776980285,2048.473789559747,-2917.2071883709
STARLINK-31476,59523,-2571.139306255706,-6361.400198546855,-78.65010288950303
STARLINK-31538,59525,4947.559199997076,3788.0594336494555,-2875.1403108376026
STARLINK-31564,59526,2319.443041553134,6445.194541835383,375.01846489960394
STARLINK-31452,59527,-5308.782713811674,-1849.5690290844304,3924.5467825969245
STARLINK-31513,59529,-5290.788582904011,-2907.878008878573,3251.9605809028885
STARLINK-31392,59530,1193.939935360271,-5957.71159451572,-3193.5556420029516
STARLINK-31619,59531,5333.004828553034,1581.5025408242227,-4020.2654389676077
STARLINK-31509,59533,-4210.978942287871,2780.8549613347163,4639.072178122246
STARLINK-31734,59534,-3269.164119594104,4775.194998216005,3675.3988537634445
STARLINK-31738,59535,3524.2935201530236,4939.538880079362,-3204.4995649337166
STARLINK-31721,59536,3969.864545276658,4046.5055245440403,-3869.499634490159
STARLINK-31737,59537,3859.208760483183,-4525.799718519446,-3426.241989896732
STARLINK-31539,59539,-1244.4738195632656,-6588.8471119334345,1451.364081413065
STARLINK-31397,59540,-5007.089424298047,348.9528053826119,4668.342912931179
STARLINK-31481,59541,-2135.851672942002,6269.555371558527,1779.3932924612527
STARLINK-31540,59542,4786.910811574806,1862.9833808575686,-4552.350921180072
STARLINK-31574,59543,-2835.8505721860915,-5531.08567248638,2898.108234205425
STARLINK-31556,59544,-3769.3694758107076,-4350.692659740076,3725.2274910287783
STARLINK-31582,59545,-4642.01431195341,2775.811540331872,4211.677340613296
STARLINK-31519,59546,843.8360386282108,6729.238010610056,-1035.3849239663184
STARLINK-31736,59547,1967.6608840620515,-6167.247445481809,-2277.110202500639
STARLINK-31675,59548,4984.737967154388,-913.1486648536143,-4629.584806127823
STARLINK-31722,59549,-1057.2950482306658,6735.941029573274,750.5297087473457
STARLINK-31741,59550,2608.591034730048,5763.500075238035,-2657.468886107976
STARLINK-31699,59551,4755.545788960965,-2348.507383302551,-4357.649325518143
STARLINK-31750,59552,711.8998412446837,-6814.868730293259,-376.05118184703866
STARLINK-31723,59553,2451.7169481017227,-6077.79107198274,-2040.3864096202044
STARLINK-31724,59554,-2580.5435033701233,-6244.969361973031,-1196.8977019356746
STARLINK-31730,59555,-3662.33601713217,4837.406807320233,3193.7157493064965
STARLINK-31718,59556,-4681.716572365218,-2233.321341437034,4482.025223653722
STARLINK-31747,59564,4775.633179824545,-3733.5450885161367,-3219.8190555520737
STARLINK-31388,59565,-5419.871858846966,2534.0491413267464,3348.7853402338487
STARLINK-31332,59566,5459.963093494254,-1967.342542183699,-3665.6624897408815
STARLINK-31689,59567,-4998.583277245861,-897.3661765536942,4603.724304636868
STARLINK-31471,59568,4269.245499696082,-5225.749900661989,-1249.2975082893836
STARLINK-31470,59569,-2936.524256255023,-4503.093724845533,4254.410826458724
STARLINK-31587,59570,-5302.743849841358,75.39736122416403,4343.377046238348
STARLINK-31606,59571,1284.4642165427083,5730.572749204542,-3549.840786549715
STARLINK-31666,59572,-455.8781757692032,-6356.212882234718,2535.106475013449
STARLINK-31683,59573,3822.066586589364,-5658.5140870232035,-687.0487193256606
STARLINK-31751,59574,-3538.8963149443903,5868.4814939039325,310.15696390982566
STARLINK-31510,59575,-3965.4222742311595,-3164.5148060394567,4609.825656782261
STARLINK-31663,59576,-4819.825059611302,4448.20956423958,2003.605065643087
STARLINK-31692,59577,-4500.978944334751,-2152.9263219697095,4671.110152011231
STARLINK-31685,59578,3330.7686398245896,3979.770724014983,-4491.838793050356
STARLINK-31686,59579,4602.004214435801,1995.6279434741825,-4685.840266573515
STARLINK-31668,59580,-414.96717574679104,6405.482809932995,-2427.59204735101
STARLINK-31690,59581,4969.514422456232,-4133.448484462935,-2309.191785899533
STARLINK-31701,59582,183.02561583480616,-6330.800601976821,2625.8083184527736
STARLINK-31697,59583,5234.364018935315,-3402.707232560464,-2850.8842396255154
STARLINK-31662,59584,-4455.9154922748,-2278.183534702859,4684.123860300552
STARLINK-31702,59585,-3028.6656760370656,6151.176087848147,-236.1357193454225
STARLINK-31704,59586,-5359.835549801031,-622.2325420048383,4125.566223215217
STARLINK-31770,59601,-6297.677189694323,2363.679498894053,1339.6467124942271
STARLINK-31778,59602,-5874.704206869955,3485.545911702505,626.0028593713837
STARLINK-31776,59603,-6444.617788124449,1078.0669212062041,2082.883718085861
STARLINK-31765,59604,5386.694112142894,-4246.682199389561,171.76590789746493
STARLINK-31767,59605,-5333.251412203469,-1627.0029856144397,3988.4384471523767
STARLINK-31782,59606,-4024.369414966726,5065.91809940971,-2286.2571848840676
STARLINK-31755,59607,-1898.5455955991717,5510.593473753624,-3624.639324052115
STARLINK-31585,59608,-4098.529885588804,5261.488617267586,-1612.3925896003566
STARLINK-31667,59609,-2087.112768966324,5749.168652166897,-3113.596101670426
STARLINK-31729,59610,-6234.907068498423,1083.60047195929,2640.900529041935
STARLINK-31448,59611,73.70522147294305,-5502.162732084442,4087.590056648475
STARLINK-31748,59612,5925.777694938512,185.13723697747173,-3459.363932520293
STARLINK-31746,59613,464.1528290085222,5202.440862528972,-4453.280418801482
STARLINK-31762,59614,-3554.38553130069,-3595.867811500053,4628.430921290936
STARLINK-31768,59616,-2192.590835048685,-4523.35491215332,4660.476961369487
STARLINK-31769,59617,-5491.083314463005,4090.36959381555,-431.74569620808734
STARLINK-31784,59618,-6196.032204653359,2904.1419656001212,478.09209640122606
STARLINK-31777,59619,-5119.132790209834,4397.924117359004,-1237.0727114535548
STARLINK-31758,59621,939.0565218860041,5183.964690195313,-4399.555427195666
STARLINK-31774,59622,-3403.6936897072096,-3690.711547332784,4666.779265872794
STARLINK-31763,59623,-4014.7036234319366,5178.909239283498,-2037.2349409401945
STARLINK-31749,59631,-3610.1564025940743,3819.9665381912505,-4414.701831408731
STARLINK-31781,59632,4252.859349114873,-2681.905537754264,4658.7049872565685
STARLINK-31541,59633,2587.7679544964203,6319.894679786518,-668.98642864972
STARLINK-31797,59634,4828.589255538718,3953.139942940688,2844.032473383989
STARLINK-31798,59635,-4642.326104347026,-4339.359033606306,-2591.633673280561
STARLINK-31802,59636,-1663.210492318723,-6612.054698815342,751.1798813569083
STARLINK-31791,59637,183.81543522896277,6545.209767259965,-2058.029232749772
STARLINK-31727,59638,-5247.631296639688,-2251.5252801759784,-3808.202424281866
STARLINK-31807,59639,-3356.6355425882953,-5906.7687049204005,-955.6616893400794
STARLINK-31806,59640,4574.4536899131035,-2092.2464256863896,4656.818691788234
STARLINK-31804,59641,-1838.5481325588103,5615.367708848932,-3493.302668426107
STARLINK-31660,59642,-2481.1143823966945,-5439.982636061545,3354.6241417698975
STARLINK-31800,59643,-432.0928063079437,-6599.003693768145,1818.5367462117683
STARLINK-31789,59644,3075.518856085809,6104.122977656731,597.418137803418
STARLINK-31795,59645,-3865.114222178517,-4476.097627538466,3468.725096590806
STARLINK-31796,59646,5185.782952326496,2715.343147096084,3571.677325389634
STARLINK-31801,59647,-5170.912608807328,85.4136794694081,-4512.842367008282
STARLINK-31787,59650,5219.506827952545,225.9688955813319,4438.640980144844
STARLINK-31277,59651,3253.8360259417996,-4287.243259667956,4245.931657370682
STARLINK-31799,59652,-33.191062493191495,6152.861339401208,-3041.7643197407256
STARLINK-31764,59653,1984.9962157244724,6548.853629888726,-499.05682970086315
STARLINK-31589,59654,4996.3661513601,2251.3826809608618,-4128.363416810689
STARLINK-31665,59655,5752.212973675051,-3741.3220264775346,28.527180130798264
STARLINK-31912,59656,-4417.189442223159,-2895.704786056164,4369.798719086937
STARLINK-31904,59657,1477.7967170608752,-5502.759211117901,3814.109949621259
STARLINK-31858,59658,2992.1931756102354,4046.963399775064,-4668.1006202269255
STARLINK-31881,59659,-1255.3970465879959,5609.078638749881,-3750.780678322182
STARLINK-31885,59660,2426.0923469474797,-5579.584438291922,3164.305471236593
STARLINK-31880,59661,6292.946503081213,-685.1420045872827,-2654.181323758909
STARLINK-31886,59662,-2396.6693639966566,-4397.016872214853,4680.296001862358
STARLINK-31909,59663,-3368.465915056693,5307.621859976542,-2752.768205913721
STARLINK-31910,59664,4685.499889262576,2614.0559130122488,-4281.580961357515
STARLINK-31902,59666,-5739.513824499981,-1174.4680809542579,3561.677415277687
STARLINK-31913,59667,5493.057235239954,1384.9952252606117,-3877.511046707552
STARLINK-31866,59668,-4667.305985068372,4912.258885931608,-1078.6731189147622
STARLINK-31917,59669,3743.223787100036,-5172.218061032706,2504.9443595436937
STARLINK-31860,59670,4387.4607208875605,-4989.9376685472935,1703.3038939225714
STARLINK-31854,59671,-5308.849308145229,3082.9841483123996,3054.1459686183684
STARLINK-31842,59672,110.76788862987573,-5413.959004598033,4204.691273811764
STARLINK-31871,59673,6293.044020672491,-2635.601590837168,-737.4045323443778
STARLINK-31875,59674,6351.927385699883,-2039.6524535491258,-1617.158641360781
STARLINK-31877,59675,-842.0091488200898,-5078.327224816631,4527.376050967557
STARLINK-31884,59676,5635.353387496652,-3868.359819790015,573.9479498243023
STARLINK-32108,59682,-5492.874423085738,-2653.78522904759,3130.082700341035
STARLINK-32080,59683,-850.9849754768773,5050.176351045172,-4569.755288835563
STARLINK-32091,59684,-6464.198441262134,2295.088994443552,-96.85388912603746
STARLINK-32085,59685,1435.9850173616182,-5072.426443236267,4382.371459074111
STARLINK-32100,59686,-5586.612562887936,3929.235809142606,-647.8299841298344
STARLINK-32089,59687,6749.29042874689,0.5126945618210662,-1242.3688067019684
STARLINK-32103,59688,6634.387840895601,-1339.0640378609671,-1134.4223732576297
STARLINK-32105,59689,5081.591422122169,2897.5596591251256,-3591.0055030481694
STARLINK-32106,59690,-4401.835772514396,-3209.090330192434,4161.780821022283
STARLINK-32090,59691,-3154.204224017099,4657.735561901997,-3932.4454642777646
STARLINK-32088,59693,-6649.926460066526,410.98964177902377,1631.6887373481718
STARLINK-32107,59694,-6787.1112373878495,269.0423936498133,955.3183683902678
STARLINK-32104,59695,-6732.197770585685,337.823206212861,1265.5743665657826
STARLINK-32094,59696,-6442.706885319154,2192.0654902788874,-872.2493832540198
STARLINK-32099,59697,6409.250625763591,1104.6200037441715,-2192.4189940434476
STARLINK-32096,59698,3710.861763091398,-4574.080608745988,3511.093504720366
STARLINK-32102,59699,6554.0089278724745,-1947.5038322473736,581.2974070139317
STARLINK-32092,59700,-2794.8059950047227,-4358.822752385798,4492.317110532032
STARLINK-32093,59701,-1088.5518231157187,-4893.131123153887,4675.3385369247535
STARLINK-32087,59702,5681.995069095938,-3295.4797020974675,1978.0381649094693
STARLINK-32086,59703,3113.647622431086,4215.747783721345,-4433.550794885568
STARLINK-32098,59704,-6169.920752130975,-1577.8409430867232,2542.7043188288517
STARLINK-11107 [DTC],59708,2383.344386044064,-4735.428886721807,4149.515263712991
STARLINK-11088 [DTC],59709,5918.455173299198,-3212.4521176779726,260.6608778174249
STARLINK-11092 [DTC],59710,6052.030814747404,-637.9732580474812,-2900.304938996814
STARLINK-11082 [DTC],59711,4603.1269559130815,1576.0267202269538,-4668.445369345313
STARLINK-11108 [DTC],59712,2046.5323131355751,3486.800510760536,-5396.510560311987
STARLINK-11100 [DTC],59713,-948.9922649072024,4571.262308399485,-4865.313929188717
STARLINK-11094 [DTC],59714,-3643.2796985187806,4625.83190421763,-3284.7945935215
STARLINK-11101 [DTC],59715,-6265.336065649514,1779.369916347441,1720.110245271276
STARLINK-11099 [DTC],59716,-5641.818718311154,3593.5628514586724,-827.6388481940945
STARLINK-11084 [DTC],59717,-5469.583200312847,-459.0624489458574,3899.707255063947
STARLINK-11103 [DTC],59718,-3441.9747269448453,-2578.5138227762577,5177.129797103536
STARLINK-11096 [DTC],59719,4831.702777500767,-4197.507422991053,2098.189330633239
STARLINK-11095 [DTC],59720,-590.8438430974801,-4137.675050061722,5274.898662520011
STARLINK-31834,59721,-116.12059936444075,4109.717641602358,5467.772247714519
STARLINK-31843,59722,-155.09331960298718,4108.09033936769,5463.214390849378
STARLINK-31766,59723,6831.074019582374,128.96623570623527,557.4079810120191
STARLINK-31836,59724,5499.58499792176,-2638.7959101533675,-3124.1658652237215
STARLINK-31820,59725,253.39500619107258,-4121.4313283979,-5471.025834628387
STARLINK-31642,59726,-2732.2265400501988,-3685.3726421977813,-5092.0708273972
STARLINK-31827,59727,-3536.488347318892,3620.216322073142,4603.813517070155
STARLINK-31472,59730,5290.609701277804,-2277.5219335335605,3718.611053981653
STARLINK-31817,59731,-176.68838698655458,6512.12713990587,2147.4425295576493
STARLINK-31833,59733,543.1734666088519,-6572.309896813013,-1896.0043469679774
STARLINK-31849,59734,4256.569883822497,-4693.354837341121,2621.4804462660104
STARLINK-31661,59735,4578.735874419114,2149.0317015604373,4626.438203643172
STARLINK-31707,59736,5162.996174200647,226.4375964541886,4503.305593533571
STARLINK-31821,59737,3466.0821419457693,-5854.574210493044,870.0434218429824
STARLINK-31819,59738,4962.505536262645,-3723.794327171828,2919.044197101311
STARLINK-31726,59739,-2090.1695077180325,6516.071024211306,500.9404203085197
STARLINK-31759,59740,-4490.710281236127,-2282.9283464708733,-4661.64455529758
STARLINK-31818,59741,-1457.2480573344224,-5815.309440081472,-3339.79236559766
STARLINK-31816,59742,-5342.858845922057,1859.5886544908913,-3887.5118707918527
STARLINK-31809,59743,5148.081481323255,-343.9203650541452,4512.909374070398
STARLINK-31779,59744,1763.6279888285003,5624.897876015146,3503.517534335471
STARLINK-31805,59745,-3716.7954131647784,5642.1804906313255,-1207.3394449845528
STARLINK-31681,59746,5008.719088031206,-2759.236227035671,3781.5402278287097
STARLINK-31636,59747,3048.810378983781,4479.339248673319,4200.605795799444
STARLINK-31640,59748,4351.501051145377,-4923.111713206548,1964.5689873525275
STARLINK-31677,59749,-3198.2089679582323,-4303.587008651011,-4284.751560430712
STARLINK-31783,59750,-5265.000525844543,282.08481021095275,-4395.249699173854
STARLINK-31808,59751,-4844.221803716547,4006.525834864159,-2754.9340430276648
STARLINK-31822,59752,4356.2608874470225,2550.0539350142303,4637.838611446594
STARLINK-11118 [DTC],59754,-3587.0544819614406,-4932.797751767052,-2872.07058281325
STARLINK-11132 [DTC],59755,1968.1424533716804,-3533.107198612826,-5395.804039068768
STARLINK-11131 [DTC],59756,4351.100029800539,-1543.989868170929,-4915.173255421853
STARLINK-11114 [DTC],59757,5827.250084647987,884.0447210770249,-3273.7051216505233
STARLINK-11105 [DTC],59758,5937.222560638464,3057.4550954675274,-911.5245429730451
STARLINK-11097 [DTC],59759,4673.080212687579,4547.311735897917,1693.0455004395526
STARLINK-11098 [DTC],59760,2227.6284061353153,4970.822956021875,3957.2928993946634
STARLINK-11117 [DTC],59761,-554.1228713062175,4257.3034209834395,5183.488355707279
STARLINK-11110 [DTC],59762,-3257.8802080613705,2598.9561536510496,5284.660888336494
STARLINK-11104 [DTC],59763,-5288.297300633625,288.1283700732481,4155.966311488808
STARLINK-11111 [DTC],59764,-6074.417975831116,-2669.315233030953,929.8652871574399
STARLINK-11106 [DTC],59765,-6065.573897281773,-1993.7268116383905,2145.7949918021013
STARLINK-31739,59766,3279.0642760958012,6018.626762305753,-6.829818153350045
STARLINK-31828,59767,2312.1104660931214,-3958.648757049731,5078.611076687439
STARLINK-31826,59768,4507.939610570638,28.44291648822626,5089.451222768261
STARLINK-31830,59769,1779.3354323218905,-4589.673077492305,4759.823362501411
STARLINK-31829,59770,4585.046280210119,813.7557524331369,5018.539785202957
STARLINK-31786,59771,-43.73341069723254,-5968.866390650088,3360.2886781004995
STARLINK-31835,59772,3809.80653831256,-1574.4143243225699,5459.570903028729
STARLINK-31363,59782,1660.4146315949279,5009.99625346233,4374.678963059998
STARLINK-31868,59783,2358.321927265366,4562.551959296152,4540.80688040109
STARLINK-31848,59784,-5289.4142183104195,-1122.7334294827751,-4228.449860491014
STARLINK-31890,59785,-5961.972890308012,1108.7588033767356,-3215.39474640167
STARLINK-31862,59786,5774.165344095457,-3502.8014828985683,1197.983573467159
STARLINK-31870,59787,6088.034083206307,-1505.7324859925905,2771.2901496169848
STARLINK-31888,59788,3502.8611393372203,-5648.883651131715,-1704.485932109481
STARLINK-31863,59789,4603.194670553097,-5051.069886410804,-603.3033769164879
STARLINK-31873,59790,-716.6137895763895,-5403.14487281574,-4171.881349779491
STARLINK-31865,59791,-2693.5533928396994,-4287.9271148671705,-4632.83944441912
STARLINK-31823,59794,-4601.569368712925,-2382.00178085819,-4502.2854997282575
STARLINK-31916,59795,-5759.49253814318,-223.84382183518534,-3728.0763286292026
STARLINK-31907,59797,-6075.124252288261,1123.7571247474878,-2989.8115397099073
STARLINK-31687,59798,4334.20894903853,2720.842345061372,4560.731308119614
STARLINK-31810,59799,-3199.4880963849473,5730.871910435231,1993.6600183415374
STARLINK-31812,59800,-5882.879257712149,3244.614698309634,-1398.9835191995003
STARLINK-31815,59801,-4896.887037371807,4797.14109529294,292.86172780109126
STARLINK-31814,59802,5611.314147237209,625.0899205071261,3888.7503330830764
STARLINK-31794,59803,1078.7810963958334,5230.986472503118,4298.279449081883
STARLINK-31824,59804,-1164.633165101144,5868.093344937985,3351.694734227474
STARLINK-31947,59835,5426.486241189737,3958.687745871686,1384.9558816916244
STARLINK-31929,59836,-6573.31329254568,-825.925562343082,1778.949163411363
STARLINK-31927,59837,2858.8883627996206,-4172.20930964213,-4639.980869618597
STARLINK-31855,59838,3024.221804730032,5176.624566140275,3324.746376018176
STARLINK-31887,59839,-5965.182388368133,1100.770360505662,3198.3252719221127
STARLINK-31852,59841,107.56963688290425,-5093.342908554742,-4600.44521599808
STARLINK-31906,59842,-1852.2542812535712,-5350.446237612588,-3880.5687700597286
STARLINK-31857,59843,-100.45564836878926,5183.631233754072,4484.458194564771
STARLINK-31851,59844,6423.284804602865,2386.421000574235,-337.6905837959485
STARLINK-31903,59845,5615.3403885417165,-2078.1452046241675,-3354.131217264922
STARLINK-31922,59846,2297.470796540341,5296.903943192451,3697.05141358085
STARLINK-31889,59847,-3889.747153405821,3479.4669838362506,4445.137926180216
STARLINK-31859,59848,2690.145235996668,-4332.602388743951,-4593.7856443641
STARLINK-31895,59849,6594.886729771899,951.1642439808506,-1635.074711339017
STARLINK-31899,59850,5760.799696829307,-1489.038499926758,-3420.432639038103
STARLINK-31896,59851,4117.20686340807,-3319.6158003915516,-4376.496114875081
STARLINK-31892,59853,-5655.779832959502,-3739.3429952781557,-1064.0115942463674
STARLINK-31891,59854,-6484.586109731971,-2159.305876684239,605.415597202119
STARLINK-31882,59855,4564.360285768642,-3154.0484512531193,-4040.454119418971
STARLINK-31691,59856,-2507.701263824716,4355.984618957404,4661.056297833537
STARLINK-31569,59857,512.5654776148344,-5105.513465792945,-4559.720499932848
STARLINK-31654,59858,-4139.8657141124395,3389.903771344595,4286.102427385144
STARLINK-31442,59859,-629.9321315036503,5178.347038574042,4447.375660848917
STARLINK-31651,59860,1624.9631530931317,-4772.170928445078,-4660.084914932303
STARLINK-31584,59862,6243.24621182438,-226.0206158238222,-2840.111825174793
STARLINK-31950,59863,-2993.339246153007,-5321.877958162364,-3134.6210130552627
STARLINK-31931,59864,-5409.377650681531,1787.8981376112492,3815.6314381506186
STARLINK-31938,59865,5001.106178651407,4423.245221801448,1569.278863162852
STARLINK-31941,59866,3736.226372399524,-3940.5726522360173,-4197.917316578072
STARLINK-31952,59867,-4746.990567678725,-4619.513540333593,-1796.274487219432
STARLINK-31921,59868,1084.8139216365757,4899.100026859307,4670.31042659583
STARLINK-31760,59869,-6376.866227079428,-289.60624980550267,2507.9962972320614
STARLINK-31945,59870,-6484.095094011787,-175.4300369325787,2229.3651975813023
STARLINK-31937,59871,2304.624799516965,-4477.539300052145,-4664.4773043867945
STARLINK-31940,59873,-5996.406874503971,-3202.029845720116,-939.9200332461781
STARLINK-31933,59874,4217.226749366948,-3142.719291286475,-4409.647690625731
STARLINK-31936,59875,1515.2863947330118,-4968.887585887203,-4485.807586735694
STARLINK-31935,59876,-6446.70606075456,-2114.487448242246,1022.6257461869096
STARLINK-31934,59877,5850.058468815303,3489.0070200308787,811.0921497061041
STARLINK-31943,59878,-5176.455405866956,-4073.9519896095344,-1701.9828996452345
STARLINK-31926,59879,-5915.690344867637,1642.1280231583391,3055.2641394377865
STARLINK-31919,59880,-472.8916855534798,-5366.295773885637,-4254.290267703197
STARLINK-31974,59885,-5171.0021312420795,947.9880495256369,-4412.791689392129
STARLINK-31975,59886,-4412.185723059048,2449.7813644229445,-4652.261597023895
STARLINK-31976,59887,3562.2529267200234,-3640.884908229813,4587.090673258111
STARLINK-31965,59888,793.8254321192645,6234.006238435829,-2755.4704179613623
STARLINK-31969,59889,-5553.3342999579145,55.49993185722932,-4032.621656103087
STARLINK-31951,59890,-2989.2017560716545,-6082.4240854041955,1055.5395232589433
STARLINK-31949,59891,-5707.3256992097095,-1392.2461352988719,-3547.9668983385377
STARLINK-31977,59892,720.7721445539331,-5530.925326920858,3985.0106326501677
STARLINK-31963,59893,-796.5811284942097,5732.514131659222,-3691.068030035492
STARLINK-31961,59894,-5933.956765114393,-1527.5784067549475,-3091.9975751867764
STARLINK-31964,59895,2494.8532676640416,-4629.053340542758,4397.441300748071
STARLINK-31905,59896,-1641.3432907564854,5171.6315408597275,-4204.658503891326
STARLINK-31928,59897,4634.209243419323,4991.330292428547,827.2127812529803
STARLINK-31953,59898,-3506.3723121005596,3631.2752664687396,-4651.678877118538
STARLINK-31942,59899,-4527.973997933271,-5116.043092986792,-632.1771888952356
STARLINK-31676,59900,-2805.4505415686813,4379.016505804602,-4479.801550267235
STARLINK-31908,59901,-5665.29804275229,-3491.6658311712367,-1668.3136367137445
STARLINK-31914,59902,3117.276279016785,6047.714422255958,-893.1467267357838
STARLINK-31850,59903,-252.7481672587638,-6095.733751134305,3129.0413075742576
STARLINK-31924,59904,-5476.430794770108,-3472.363764463023,-2244.116464070887
STARLINK-31898,59905,-4498.625228083961,2354.1987559763065,-4619.120784958568
STARLINK-31861,59906,-4048.82639803474,-5491.091533341759,704.2607872268663
STARLINK-31920,59907,-6756.221420561856,-74.95284632433771,-391.6414098217859
STARLINK-31872,59922,1239.7307146157673,6743.370598165918,-265.7937896148032
STARLINK-31972,59923,-5045.155829486658,-390.81105072353245,4624.451478993837
STARLINK-31958,59924,-2750.8587663103526,4753.250043927824,4102.912469620128
STARLINK-31959,59925,4803.20911169184,-1450.5629213427883,-4684.176025523036
STARLINK-31957,59926,4874.805098135042,2451.540876051615,-4163.568836062285
STARLINK-31968,59927,4505.116855300917,-2516.7098688727933,-4526.5071593977045
STARLINK-31970,59928,-4781.663456106393,-2774.392389646613,4055.552108789304
STARLINK-31932,59929,2080.602876392059,6499.655166097059,-687.3039832717359
STARLINK-31956,59930,-2926.7184970335143,-5904.767728174105,1902.3911088853738
STARLINK-31960,59931,3788.5514272020073,-4021.9268949066363,-4073.978809210849
STARLINK-31432,59932,-5031.287829358977,-52.78581490935431,4656.322513441203
STARLINK-31853,59933,-4229.817026224645,-4238.381300533794,3341.465437616272
STARLINK-31971,59934,3592.524718464887,5382.044585783807,-2284.7860272814855
STARLINK-31962,59936,-205.6090279199588,6770.06194352013,1083.8667996637848
STARLINK-31879,59937,4026.7083212592574,4584.741204752586,-3141.1061174508864
STARLINK-31876,59938,-1274.9610580257583,-6736.68537876579,251.02500963043738
STARLINK-31955,59939,5010.185805670691,1601.9756605240152,-4409.643187220114
STARLINK-31946,59940,2603.4622869826476,6139.873631406505,-1613.3527076212392
STARLINK-31948,59941,355.3126309071003,6783.026886287246,955.8192505035853
STARLINK-31900,59942,5034.030930897927,-35.16616950853453,-4666.231933641313
STARLINK-31973,59943,-3619.624784494291,4296.3867279758315,3929.226768658012
STARLINK-31966,59944,-4633.915493917926,2126.9189542059953,4581.791388550471
STARLINK-11145 [DTC],59945,3737.4575994257293,4151.516195431654,-3776.337048598205
STARLINK-11113 [DTC],59947,4193.969646758854,1291.5183606216135,-5119.934756206608
STARLINK-11123 [DTC],59948,616.2461812736406,6632.323581967757,1014.921579446997
STARLINK-11138 [DTC],59949,-4079.8739698566856,-2794.8335523876553,4566.517506819216
STARLINK-11130 [DTC],59950,-1398.193298380641,5645.388654968668,3394.17837942959
STARLINK-11124 [DTC],59952,-4042.7772882506238,257.21502270052065,5374.042637513263
STARLINK-11133 [DTC],59954,-1558.1638777876015,-6552.674884688988,189.2083916842718
STARLINK-11144 [DTC],59955,398.5461728474206,-6318.060134557338,-2315.7497441827586
STARLINK-11134 [DTC],59956,2250.170156211289,-4693.006371511954,-4286.918750168233
STARLINK-11142 [DTC],59957,3674.5457413392173,-1848.8645677448633,-5343.037852506059
STARLINK-31995,59958,2203.509594684553,-6404.681571572212,984.6110242397621
STARLINK-31989,59959,-718.963718061879,6730.220860544777,983.6186623391987
STARLINK-31856,59960,-2853.2941779551625,5877.904357678857,-2032.9026943020394
STARLINK-31993,59961,2801.1690766410693,4005.012530771008,4777.471269019047
STARLINK-31980,59962,-2101.181819547401,6450.402861487241,-894.2649148678645
STARLINK-31991,59963,3637.747980696262,-4730.433104999995,3336.4813853599217
STARLINK-31979,59964,391.84233125763564,6415.351393367491,2336.3428187649033
STARLINK-31978,60016,-4640.366539141069,2271.649398024154,-4502.824396290999
STARLINK-31987,60017,-4165.904243066081,4761.996226746155,-2630.7511379159323
STARLINK-31984,60018,3405.0956219254035,-5848.754467783496,1079.0628348627358
STARLINK-31986,60019,4591.973011080678,-1350.8588038931293,4895.876973837578
STARLINK-31883,60020,-891.1061360192164,-5505.560055300777,-3990.70232132453
STARLINK-31967,60021,3971.416554125628,1110.5211269664849,5448.682819503727
STARLINK-31982,60022,2007.209285400031,4577.440476147182,4661.206246476031
STARLINK-31992,60023,3666.8007196790522,1891.872034630385,5462.3109874796
STARLINK-31990,60024,2411.7783374922287,3983.800156761434,5019.144100637688
STARLINK-31939,60026,-3381.9138545471856,5860.5048389792155,-1100.0252752709348
STARLINK-32012,60027,-2235.2414094378773,6449.795632432273,611.5071592556981
STARLINK-32008,60028,-473.3163796053476,6284.375366264223,2684.3661623636576
STARLINK-32006,60029,3355.5521004925295,2518.7142423652986,5409.137565520996
STARLINK-32011,60030,3430.0453236339613,2409.766012948492,5396.178396789916
STARLINK-31878,60031,4817.362378841833,3734.5799410436484,3096.8918302623842
STARLINK-32017,60032,4349.310661669926,-37.055891169460665,5286.762529054745
STARLINK-32005,60034,933.4032116002134,5485.17606553197,3992.2413958209904
STARLINK-31981,60035,4182.692235530767,-4760.276009878085,2603.367603438241
STARLINK-31985,60036,4625.597196746347,-2956.8206330069866,4094.294925195603
STARLINK-31918,60037,-4191.951332076184,4712.493002523084,-2689.657190244732
STARLINK-11129 [DTC],60038,-2885.1269237903125,-4400.078673562922,4199.478965198059
STARLINK-11140 [DTC],60039,-1216.8930587234806,-6282.415115072478,2101.836811048846
STARLINK-11122 [DTC],60040,694.4750021088935,-6688.870998522769,-435.6114310175039
STARLINK-11149 [DTC],60041,2459.933005849854,-5572.123170331822,-2889.7690859636377
STARLINK-11120 [DTC],60042,3667.3493040768185,-3171.954055503668,-4685.241193765296
STARLINK-11086 [DTC],60043,4037.6232717172857,-100.65617268694261,-5399.886686616171
STARLINK-11148 [DTC],60044,3492.6652040601098,3063.368479899372,-4887.540188419349
STARLINK-11116 [DTC],60045,2141.420174098888,5511.814782182158,-3238.6157562878725
STARLINK-11155 [DTC],60046,326.66605638331214,6675.288159768342,-877.1574132766186
STARLINK-11163 [DTC],60047,-1582.9744883910537,6320.426956969797,1711.868279536784
STARLINK-11135 [DTC],60048,-3865.5115475807524,-1588.3542111819431,5275.281261726902
STARLINK-11151 [DTC],60049,-3109.4071021552218,4541.786561981492,3877.7457586367145
STARLINK-11137 [DTC],60050,-3945.4032113261446,1705.9665370395958,5179.3939458422565
STARLINK-31811,60051,-3092.1663187246368,-2925.0984335516087,-5372.50503894183
STARLINK-31775,60052,3735.0792759230844,1737.2889610785915,5467.555291983387
STARLINK-31793,60053,4757.925648147939,-2285.1655746695665,4363.962374498771
STARLINK-31735,60054,1459.8916994025453,4893.256071995093,4561.434836039944
STARLINK-31788,60055,-93.19983188546873,5986.044648737835,3326.823790140241
STARLINK-31825,60056,2683.3506799530987,3508.9909932785267,5230.294845272922
STARLINK-31437,60057,4453.653296374415,-222.2015361844341,5195.0220779155325
STARLINK-11181 [DTC],60059,-2903.9830793918422,-4323.4494396084965,-4281.927636934102
STARLINK-11176 [DTC],60060,136.57308349360136,-4143.16224777986,-5318.526972846657
STARLINK-11167 [DTC],60061,3214.0335673148343,-2985.8758269071554,-5121.058724032049
STARLINK-11166 [DTC],60062,5568.88754146036,-1066.5053097342895,-3647.877244107754
STARLINK-11165 [DTC],60063,6523.37697667363,1076.395298270703,-1308.8892383545926
STARLINK-11169 [DTC],60064,6028.721119034271,2801.6357640864767,1094.4678557899203
STARLINK-11102 [DTC],60065,4198.191156727355,4020.033017127333,3400.4186240445133
STARLINK-11141 [DTC],60066,1542.2374945218507,4346.384167890261,4902.890451539538
STARLINK-11153 [DTC],60067,-1702.975980023711,3673.8972681823107,5375.604645955616
STARLINK-11170 [DTC],60068,-4408.709146997349,2167.30619773113,4602.184837277569
STARLINK-11171 [DTC],60069,-6128.145879989773,172.54432222821984,2788.298562498968
STARLINK-11186 [DTC],60070,-6443.548699149011,-1959.6464199659592,207.233111630559
STARLINK-11184 [DTC],60071,-5104.165654105114,-3635.454200666093,-2482.5614175481032
STARLINK-32032,60077,200.30771675652616,4688.320504163761,-4984.8075424225835
STARLINK-31441,60091,-2959.958703723791,3570.656018928367,-5052.635064422566
STARLINK-32044,60092,-2044.1772201380413,-6538.333144631807,-256.95583287039193
STARLINK-31239,60093,2976.2660767600537,-3547.2641968081,5043.242690017776
STARLINK-32007,60094,-1723.1433161634109,-6618.827278051728,182.58449730952788
STARLINK-32028,60095,654.8550560644946,6654.9234480827245,-1510.056438329168
STARLINK-32016,60096,4008.317136029936,-957.5817532780504,5466.192804855461
STARLINK-32003,60097,-4011.246216072072,979.6429361640648,-5476.614797029889
STARLINK-32026,60098,-1144.7003288568571,5778.486071100241,-3509.0034685297046
STARLINK-31732,60099,1016.710030146008,-5850.248421790314,3414.7279460483596
STARLINK-31996,60100,-3863.2922256757934,-4620.3769097167715,-3279.7482475891634
STARLINK-31999,60101,3313.8940737990933,-2888.7460125994608,5247.936289922139
STARLINK-31954,60102,4340.992868077151,1068.1034644273016,5184.879839821412
STARLINK-32013,60103,4281.156083485689,2971.674952378292,4441.247113726387
STARLINK-32009,60104,2343.8922396173652,-4525.235196127834,4573.405155465411
STARLINK-32018,60105,1971.3369914016218,6560.835217970042,212.56535489574665
STARLINK-32045,60106,-2765.6829286322472,-6108.803113205143,-1337.5827933464739
STARLINK-32035,60107,-2253.3374316773948,4634.547266557162,-4525.198776375973
STARLINK-32042,60108,-4355.928605044775,-1047.1549185018096,-5193.588485596076
STARLINK-32040,60109,123.06245984323449,-6391.275084711006,2465.4160095398483
STARLINK-32001,60110,-3056.445521006554,-5868.974588006589,-1796.9437906004157
STARLINK-32015,60111,-737.0845012937044,-6654.786086910937,1459.951180672727
STARLINK-32024,60112,-4299.952950978797,-2999.7724231492502,-4421.580719203439
STARLINK-11201 [DTC],60113,-1642.2065301068365,-5612.970432440995,-3354.2607265773863
STARLINK-11198 [DTC],60114,1008.5895762741495,-4444.572824722679,-4969.4505756890285
STARLINK-11112 [DTC],60115,3311.0747927232414,-2335.786518661534,-5390.228864036842
STARLINK-11210 [DTC],60116,3168.133916168505,-2510.827727994643,-5403.972289017904
STARLINK-11203 [DTC],60117,5401.0717105683725,2984.6371780919417,-2715.508680243018
STARLINK-11177 [DTC],60118,4646.392104323319,4874.656062545411,-263.8441373866857
STARLINK-11127 [DTC],60119,2924.0431920857463,5667.909032035891,2169.6728909276976
STARLINK-11164 [DTC],60120,297.81348056175915,5150.527481689873,4324.93025377281
STARLINK-11119 [DTC],60121,-5333.453308661618,-1736.9305352502909,3724.2167792628843
STARLINK-11157 [DTC],60122,-4253.046067183174,999.7416746530616,5119.631697787486
STARLINK-11162 [DTC],60123,-5177.852956391821,-4046.8942134987283,1481.6901836630834
STARLINK-11161 [DTC],60124,-3805.75938512441,-5462.787086162991,-1048.96717756075
STARLINK-11160 [DTC],60125,-2208.207177174173,3481.049719727753,5319.88078033744
STARLINK-31846,60126,-1794.1652261887114,-6406.685751348388,1618.9141042720596
STARLINK-31840,60127,248.83457977901028,-5764.819653994782,3681.5865525381714
STARLINK-31813,60128,3684.2049009487355,5684.620619450008,1009.3027845240427
STARLINK-31845,60129,388.89565373756346,6003.609083590147,-3289.440802272727
STARLINK-31838,60130,4715.404108569373,1483.2268219152218,4730.709143963601
STARLINK-31785,60131,1822.0632111754599,6399.045447324715,-1634.742521151385
STARLINK-31792,60132,-4867.475586153737,-2272.2836188810156,-4264.047386885201
STARLINK-32043,60135,6708.125490363874,-1033.544464724471,848.9269057927299
STARLINK-32112,60136,6282.758468970101,-1847.587540958208,1970.5806251171025
STARLINK-32050,60137,4812.154429309731,2732.315892818066,-4029.7125648554775
STARLINK-32025,60138,-6529.55964866473,-927.9150584498824,1812.266433759327
STARLINK-31694,60140,3613.9266788722143,-3613.779199991345,4537.664312282957
STARLINK-32036,60141,-318.27170578297574,-4086.1304467252,5467.4484038771725
STARLINK-32031,60142,-5971.797441363743,-1737.0576092908882,2842.393272133685
STARLINK-32027,60143,-6789.737738677166,-162.77936452597532,819.3018095241282
STARLINK-32033,60144,-3968.655547109659,-3198.7173618066895,4552.506134491982
STARLINK-32029,60145,-4221.086137473329,3406.1899502525516,-4176.863947697398
STARLINK-32127,60146,-5971.707482129354,2247.247209314848,-2478.187367508457
STARLINK-32019,60147,-5249.109941632862,2849.3249112448284,-3344.796654376429
STARLINK-32021,60148,2685.978090488399,-4221.657037241828,4667.3407615517335
STARLINK-32022,60149,6245.108021589884,1430.4021168644342,-2406.6974973761244
STARLINK-32014,60150,2928.3209017141075,-3811.381218347475,4853.874965864013
STARLINK-32004,60151,4730.395170281484,-3134.7830221317768,3811.192773931389
STARLINK-32147,60152,6686.899757120984,595.1474056426902,-1325.529028871984
STARLINK-32131,60153,-6526.370049080292,1491.5037001502867,-1420.4470568595284
STARLINK-32145,60154,-6800.386010499581,685.7585812492279,-319.3650003977735
STARLINK-32137,60155,3566.0737939354904,3366.7018871950213,-4776.1608584360665
STARLINK-32048,60156,-349.2374111524839,4119.54306642658,-5457.095197898238
STARLINK-32129,60157,943.0293919536482,4033.913681422327,-5450.593565600142
STARLINK-11168 [DTC],60183,1828.2377491631053,3693.4467315700517,5320.069833498129
STARLINK-11187 [DTC],60184,-1263.2105299718976,4193.773697059406,5110.513813480735
STARLINK-11180 [DTC],60185,-4176.220879574851,3752.776793618296,3716.4036906255546
STARLINK-11197 [DTC],60186,-6076.659106761379,2480.148105718373,1517.5957846328033
STARLINK-11194 [DTC],60187,-6626.015023598771,623.8595093898368,-1062.9896076023958
STARLINK-11189 [DTC],60188,-5639.017982638993,-1448.4834918891636,-3399.5588680983733
STARLINK-11183 [DTC],60189,-3368.5345125133013,-3099.858515841848,-4950.555743601601
STARLINK-11179 [DTC],60190,-317.1860805404229,-4056.4068964365742,-5377.511016260937
STARLINK-11175 [DTC],60191,2767.3767752287167,-4093.7358335035096,-4588.222588687011
STARLINK-11173 [DTC],60192,5244.588366407645,-3213.6926314526345,-2760.3917569748437
STARLINK-11172 [DTC],60193,6545.299327285096,-1582.7000940781836,-269.386808808683
STARLINK-11152 [DTC],60194,6307.8723406344425,446.60886273034737,2319.5293610515537
STARLINK-11193 [DTC],60195,4678.554920968305,2282.7762960500677,4269.244346317978
STARLINK-31869,60196,4470.723379746915,-3145.584531506135,4116.682087170342
STARLINK-32023,60197,3742.6615618534256,3368.1781804603456,-4637.970439651403
STARLINK-32046,60198,-5979.66784750379,-1961.6449084991054,2695.2794408491723
STARLINK-32049,60199,6680.993405749515,-990.1852282350793,1080.036647606189
STARLINK-32002,60200,1722.598364169788,-3985.312594922683,5287.319527864913
STARLINK-32020,60201,-1313.4015774368602,-4017.458930878686,5379.486386138768
STARLINK-32041,60202,-4080.3505212549558,-3267.1449460523245,4416.563632260755
STARLINK-32138,60255,1411.3337752382697,6456.971549498638,1787.519702300543
STARLINK-32212,60256,2157.5867308206616,5825.496370975022,2886.2214202058826
STARLINK-32166,60257,3801.9093873305173,2613.935882955099,5058.21475729275
STARLINK-32200,60258,1413.466197582356,6429.91259550693,1896.7599577716826
STARLINK-32207,60259,587.5998050776084,6780.363967961194,800.365427084701
STARLINK-32125,60260,4120.422775988116,-8.945067880245158,5466.711887775592
STARLINK-32160,60261,2487.8909438011196,5447.5548645774315,3323.166976198426
STARLINK-32163,60262,-3914.3152054262832,-2267.9742866223723,-5149.3205836207735
STARLINK-32148,60263,3904.389963511577,2233.0688940965574,5155.307566587186
STARLINK-32121,60264,-1273.4219516256474,-6525.448468909964,-1656.9758509276994
STARLINK-32120,60265,2556.966437871756,-5406.718408574095,3344.676241345019
STARLINK-32205,60266,422.27288629248926,-6809.880027428127,600.5699391888786
STARLINK-32158,60267,140.365698452876,-6849.720816211956,228.25237492490047
STARLINK-32167,60268,4095.234114875138,-709.9243600892702,5439.797548953156
STARLINK-32144,60269,-3445.123970622833,3693.9282026109786,-4632.602384634551
STARLINK-32211,60270,3125.724409682804,4443.009532009115,4168.911278488768
STARLINK-32164,60271,3925.3437443896582,2053.2059622538204,5219.583431288044
STARLINK-32128,60272,1421.7121937795685,-6419.020401968857,1930.5333175696157
STARLINK-32206,60273,995.0454755117358,6645.451099990347,1341.5295510325063
STARLINK-32155,60274,2309.325089232479,-5645.690891170628,3106.1901754767387
STARLINK-32152,60275,2490.3715953054325,-5433.3930159104675,3346.1248102625646
STARLINK-32154,60276,3915.076766015404,-2088.809719100706,5213.632118743196
STARLINK-32135,60277,-1446.3590795061352,-6431.826235311529,-1885.8250153030606
STARLINK-32156,60278,2151.0876493333685,-5832.047818855124,2880.0609996780513
STARLINK-32010,60279,3860.3705650706984,2424.09508130959,5102.215040436571
STARLINK-32118,60280,3786.7234650361734,-2671.6153861618773,5039.96462682258
STARLINK-32038,60281,3370.2974519812155,-3917.155695603369,4492.916961633285
STARLINK-32113,60282,3100.8785717938777,-4490.389985560006,4137.946544417678
STARLINK-32037,60283,3524.02415010453,-3515.714354564174,4695.454912029122
STARLINK-32123,60284,-4224.500951353663,-235.44940986232257,-5397.973019634482
STARLINK-32122,60285,-1810.2088171877701,-6166.809493686585,-2390.810705005306
STARLINK-31656,60286,4044.0142332145897,1352.1597986751465,5355.270127754555
STARLINK-32114,60287,2241.1072489249896,-5731.359597567418,2999.234308938453
STARLINK-31997,60288,1823.833160486317,6168.131124152555,2357.7318772163385
STARLINK-32000,60289,-2368.4971735159766,5569.040647838419,-3213.0454079742244
STARLINK-32141,60290,608.0163076788128,-6776.160074373958,829.7306093733441
STARLINK-32142,60291,3495.719648070788,3665.129417461508,4607.172350991293
STARLINK-32149,60292,4082.832164759777,-853.3206380889176,5422.597545995207
STARLINK-32159,60293,2847.375063281053,4986.782233786709,3731.564701995212
STARLINK-32150,60294,3449.3057260190703,-3714.3650043574867,4596.96347233067
STARLINK-32126,60295,2956.753117825154,4801.089257487724,3878.7465947947976
STARLINK-32143,60296,-408.3853630939734,6809.662102368074,-619.681406153128
STARLINK-32034,60297,-4109.375969317934,534.3277825538742,-5459.890197395703
STARLINK-32124,60298,-2262.651013731268,5690.305860177102,-3074.0151968849746
STARLINK-32151,60299,2.5004963453247,5788.792310547129,-3676.3170717169583
STARLINK-32134,60300,-251.04455773838092,-6843.713051888337,-313.61069301917837
STARLINK-11147 [DTC],60301,819.0210128573689,-4547.944974277936,-4910.730470974216
STARLINK-11128 [DTC],60302,3729.1807865024225,-4600.854586646825,-3221.9337221877263
STARLINK-11227 [DTC],60303,5618.066280387056,-3612.310823262121,-905.2054709773998
STARLINK-11224 [DTC],60304,6278.919335498465,-1820.244362189609,1628.0250708979463
STARLINK-11115 [DTC],60305,5473.193978076392,492.12131122280437,3890.3694090939894
STARLINK-11109 [DTC],60306,3467.1727736853854,2582.6133577407622,5158.511399548222
STARLINK-11223 [DTC],60307,-2393.844038916306,4732.93976179598,4146.353751618842
STARLINK-11192 [DTC],60308,624.9837102990601,4134.0160948855355,5274.145095236886
STARLINK-11213 [DTC],60309,-4769.805507616502,4253.85813064552,2127.1193957826868
STARLINK-11200 [DTC],60310,-6132.099952274519,2751.598395813427,-488.3506707266806
STARLINK-11206 [DTC],60312,-4616.531540311322,-1591.4849732717703,-4649.530116137012
STARLINK-11205 [DTC],60313,-2126.0755909974937,-3459.7415035731465,-5383.348632222053
STARLINK-32191,60314,-4688.222626594101,-1651.2816225259119,4709.603125959414
STARLINK-32194,60315,-5102.426915232124,4112.379279788758,-2016.8660786035744
STARLINK-32192,60316,6260.550453822183,-2770.3147858356087,-334.61140902880214
STARLINK-32189,60317,-5782.560170376473,3557.7146506342488,-951.8497344764485
STARLINK-32190,60318,-5601.696812850009,-542.8325092465493,3901.9743338754765
STARLINK-32182,60319,-6122.423156533359,3075.4372290513743,-171.34930878833165
STARLINK-32199,60320,-6346.39399749307,1116.0962021695345,2328.757807932084
STARLINK-32198,60321,-4676.8768134925085,4331.295438583183,-2527.6243153043724
STARLINK-31745,60329,-1003.3181143928067,-5449.276762590822,-4033.7523709279744
STARLINK-32153,60330,1444.494402197156,-6490.244812843558,-1674.8859400021427
STARLINK-32203,60331,-3876.0541842035223,4117.327540499701,-3857.1043488929126
STARLINK-32171,60332,2965.7679197835087,-6155.820451293036,472.332995352085
STARLINK-32133,60333,3695.2068788542592,-5552.927373446616,1572.1130326306331
STARLINK-32132,60334,4650.499932731365,-2626.490117892286,4285.93774549035
STARLINK-32168,60335,4494.002569302037,-682.8221386718742,5119.712764047408
STARLINK-32079,60336,3934.522395726209,1260.160294258088,5458.433189552009
STARLINK-32078,60338,2657.4565720729074,3645.4931549244084,5149.765713853036
STARLINK-32175,60339,1924.8522404229639,4558.426406001416,4732.514375032082
STARLINK-32176,60340,386.3204621371237,5856.157484935257,3529.9013743739897
STARLINK-32185,60341,-2649.871817995025,6320.255108276317,54.719158622273135
STARLINK-32221,60342,-1369.7484218620293,6491.4851422688835,1711.7785732252944
STARLINK-32083,60343,-962.0264444170215,6425.991020511421,2171.727449640735
STARLINK-32077,60344,-3712.2859217903583,5517.45746882977,-1665.5893275086255
STARLINK-32075,60345,-4522.064303721928,3668.046285905268,-3621.778980660733
STARLINK-32082,60346,-4386.1704482666655,4207.379000068628,-3174.384335394937
STARLINK-32084,60347,4181.702336781286,-4686.75766555699,2723.564913484804
STARLINK-32081,60348,2894.749230950849,3318.2418966432137,5235.86901263358
STARLINK-32181,60349,171.85892115061534,6085.941467223045,3110.821701666597
STARLINK-32076,60350,1022.4381001480001,5445.527903721661,4016.568568066012
STARLINK-32097,60351,-780.7783682677494,6459.447230025117,2104.96880523147
STARLINK-32285,60355,4514.89867069077,2401.320559154456,-4546.048352777348
STARLINK-32278,60356,-2667.3422646407216,-3449.5738050413265,5277.583481178265
STARLINK-32287,60358,-680.7276841518543,-4050.329748199185,5476.563521763915
STARLINK-32290,60359,-2005.194706131781,-3694.8380188565848,5402.74913095816
STARLINK-32275,60360,6552.383462472877,-48.74807486268628,-2002.7055497731244
STARLINK-32227,60361,1997.2260885290411,-4267.438834417681,4967.116971220909
STARLINK-32256,60362,-1354.7842133452186,-3890.733532428534,5467.0258127184015
STARLINK-32267,60363,4833.933607801845,-3600.138747988474,3253.638954471046
STARLINK-32270,60364,-2702.6508015825652,4223.829851719251,-4672.694751616306
STARLINK-32188,60365,-3073.6689800887993,-3251.3942239453672,5175.658786414631
STARLINK-32230,60366,5733.159996703229,-3018.3350821107856,2226.098823647102
STARLINK-32243,60367,-6525.590790181288,1997.6614631475602,-599.437859648729
STARLINK-32271,60368,577.4405851267621,-4235.745512440855,5346.941833208411
STARLINK-32220,60370,6666.707736749613,-1588.7783773959527,79.76648793790929
STARLINK-32263,60371,-5690.975473078336,-1382.8336979753951,3551.3558275631244
STARLINK-32268,60372,-72.35439881814831,-4157.9732459683055,5437.844745501692
STARLINK-32223,60373,-6619.804719574497,227.41737145612663,1737.794070861204
STARLINK-32180,60374,-200.82746626870588,-4141.124773335261,5441.463253498083
STARLINK-32281,60375,-6321.422555232149,2383.886846272965,-1165.7934174869786
STARLINK-32277,60376,6053.724584438625,-2706.9615361552164,1722.940754365813
STARLINK-32269,60377,-5116.743357639084,3472.221077853008,-2954.196644423217
STARLINK-11228 [DTC],60398,-356.62755350436265,-6665.979552672957,-929.4208937405624
STARLINK-11182 [DTC],60399,3978.2779503629736,-1678.5228406877486,5163.109216316256
STARLINK-11234 [DTC],60400,3907.075968046213,1497.2880875499984,5271.90352243895
STARLINK-11232 [DTC],60401,2890.3009296426158,4483.5939614911185,4107.1649443801725
STARLINK-11139 [DTC],60402,1301.0816470699017,6264.924794946514,2104.3761148220947
STARLINK-11158 [DTC],60403,-693.1185112494687,6690.963440289821,-406.76053802272816
STARLINK-11199 [DTC],60404,-2416.6764174734185,5646.947974068084,-2777.747012728784
STARLINK-11081 [DTC],60405,-3693.269960291118,3183.1787429259766,-4657.555858365006
STARLINK-11150 [DTC],60406,-4063.1538748825888,9.591889950429525,-5381.59790368407
STARLINK-11136 [DTC],60407,-3517.7659824738776,-3051.9002122504703,-4876.474168177267
STARLINK-11196 [DTC],60408,-2159.830736378949,-5500.77210620565,-3245.2384967493995
STARLINK-11174 [DTC],60409,1672.1757888014783,-6272.517994426752,1795.4868315996725
STARLINK-11191 [DTC],60410,3139.2789892983587,-4535.639784429653,3861.2808895464723
STARLINK-32244,60411,1721.4456073525862,-6582.507459933936,-795.3848018430082
STARLINK-32186,60412,-3071.6994448458468,-3759.5546083027107,4809.981941164858
STARLINK-32178,60413,-58.360251844439205,-6700.16595581393,1372.4710784506528
STARLINK-32234,60414,4064.2092528428025,-2811.9491822961068,-4748.546014703146
STARLINK-32265,60415,-2381.8009673074025,-4908.931911364071,4116.808885663701
STARLINK-32197,60416,2955.2591189710824,-4712.509245122309,-4003.2926273153575
STARLINK-32255,60417,-334.01804618487813,6772.878198087093,-919.986803329051
STARLINK-32236,60418,495.44019774216554,6534.457129353715,-1975.0106324456951
STARLINK-32250,60425,-3846.0538203958736,1398.7881211374531,5471.868893821469
STARLINK-32226,60426,-2021.3278955869766,4859.468041508979,4361.295960018088
STARLINK-32254,60427,-4090.16585438131,478.151101945312,5453.503105968522
STARLINK-32193,60428,648.4946309202978,6632.853625061302,1541.1267210730687
STARLINK-32242,60429,1671.1614178230752,-5294.31275212671,-4025.683306618911
STARLINK-32196,60430,-4383.608162708063,-1511.140979691465,5020.007013290802
STARLINK-32232,60431,3695.2499940491666,4906.463624440205,-3027.2619044858593
STARLINK-32246,60432,-1123.713436979714,5754.803789990224,3521.5257418892543
STARLINK-32183,60433,4203.416224991845,43.95411648951365,-5419.89417672732
STARLINK-32233,60434,-3920.180680620377,1150.194766881372,5477.027126027368
STARLINK-32222,60435,-3246.406899713035,-5714.322794682425,1891.0610607639678
STARLINK-32229,60436,-947.1857898906621,-6625.493768000568,-1425.884441211028
STARLINK-32241,60437,-2067.5863188092217,4712.495367352744,4498.65811524326
STARLINK-32240,60438,-78.59146651037581,-6390.949636016805,-2447.8248110375657
STARLINK-32231,60439,-4237.944463741535,-185.963853775852,5357.056239667733
STARLINK-32195,60440,1657.0550733846374,-5158.8699362823645,-4183.216579816999
STARLINK-32177,60441,4122.746236148944,-436.30060037750314,-5448.704358584519
STARLINK-32252,60442,815.6349388855352,-5887.63501057868,-3394.706207283909
STARLINK-32237,60443,-2831.0958359956294,3626.433382994614,5053.382571108501
STARLINK-32249,60444,-3759.046807046366,-4946.720638361637,2854.4918424090793
STARLINK-32228,60445,3997.599106703422,4466.1690275742085,-3306.279160912251
STARLINK-32247,60446,-4635.021705559293,-1201.0049304006266,4893.9467777391155
STARLINK-32101,60447,4411.22130876575,2134.1944817713656,-4781.103916876595
STARLINK-31844,60583,5364.463213113584,-3492.929143967046,2427.454579117367
STARLINK-32204,60584,2952.9281423323782,-4343.405632367907,4373.762639093967
STARLINK-32130,60585,1705.1141172215887,3775.443801986567,-5466.710713443948
STARLINK-32173,60586,-3614.8461591244213,4256.472022709742,-3959.732044229154
STARLINK-31911,60587,5133.527013136749,-3665.6133361640627,2639.014271413747
STARLINK-31994,60588,-6155.442920876551,2795.3708913496375,-1061.496169989629
STARLINK-32169,60589,6593.423843569891,-368.4112460005074,-1842.2535516284509
STARLINK-32209,60590,220.19352101092113,4181.9323411004525,-5416.240684819781
STARLINK-32170,60591,5208.120102408853,1757.347142390755,-4101.270075617474
STARLINK-31497,60592,6598.959316971914,-782.9497585968855,-1634.3156312875249
STARLINK-32161,60593,6307.8927712786635,104.9325974375661,-2653.2635788806683
STARLINK-32210,60594,-3428.069096778654,-2954.3631390820615,5120.730140256596
STARLINK-32202,60595,-5284.115825156154,-1647.8862522318418,4025.2758423574583
STARLINK-31930,60596,296.76208229245174,-4267.180968307728,5329.2801333441785
STARLINK-32162,60597,6250.2101805294915,453.27624666526015,-2783.3756547865673
STARLINK-32208,60598,6681.909417590532,-812.8483270626829,-1298.7456688066434
STARLINK-32165,60599,3732.745012643951,2853.81599313474,-4995.976491829874
STARLINK-31923,60600,-2814.089140665439,4303.588700608231,-4538.59629695316
STARLINK-31988,60601,1695.1584430517883,-4400.782183867679,4945.943514493599
STARLINK-31983,60602,3967.403456452077,2617.5108794910857,-4927.095548689461
STARLINK-31874,60603,5944.653436427999,-3030.3003004852258,1501.3521923917513
STARLINK-32039,60604,-3276.4179852554257,-3173.077517816989,5105.75942914117
STARLINK-11247 [DTC],60720,-2625.985712955824,-3256.782933647985,-5288.4490016434975
STARLINK-11259 [DTC],60721,-269.03922377274193,-5301.064481687392,-4157.905323424231
STARLINK-11188 [DTC],60722,1940.668014206618,-6053.393362834936,-2245.1001830867995
STARLINK-11272 [DTC],60723,4917.263981156109,-3610.9912622797556,2853.0304834343287
STARLINK-11261 [DTC],60724,3945.1051211568683,-5445.6499431499615,432.6197659647346
STARLINK-11263 [DTC],60725,4786.012344969267,-955.220505896919,4636.56879815298
STARLINK-11235 [DTC],60726,3578.072987569059,1914.8323810922125,5369.160686700761
STARLINK-11080 [DTC],60727,1487.1397319368914,4424.724261634546,4849.52207451327
STARLINK-11249 [DTC],60728,-959.9635257434076,5869.820354884402,3157.3932409728454
STARLINK-11146 [DTC],60729,-3053.1427866812996,5943.166682001529,865.6708227151603
STARLINK-11255 [DTC],60730,-4556.1282231529085,4649.299686427392,-1749.1935460543702
STARLINK-11254 [DTC],60731,-4969.509911120059,2122.995106186779,-4031.4588086481494
STARLINK-11266 [DTC],60732,-4276.712979845918,-560.007905032813,-5183.344535640295
STARLINK-32253,60733,-5202.579165034001,2694.1728420364057,3548.2666233153172
STARLINK-32179,60734,3291.3615808658456,-5905.395079867453,1116.973863291894
STARLINK-32289,60737,4923.186647108273,-788.0976891975633,-4709.08760707956
STARLINK-32304,60738,4218.16483787799,956.0922182893484,-5323.151319982849
STARLINK-32235,60739,3113.077592920478,2686.4048244561545,-5489.796360292849
STARLINK-32315,60740,1721.7499347674386,4181.2149906415125,-5157.342435463134
STARLINK-11242 [DTC],60903,-4888.242401254773,4634.187776325349,193.50530847166775
STARLINK-11256 [DTC],60904,-5675.150916087228,2797.2591439516655,-2324.6736549166408
STARLINK-11159 [DTC],60905,-3484.4114627718063,-2253.1384593943108,-5315.083618854181
STARLINK-11264 [DTC],60906,-1004.7587853720632,-4268.417545617139,-5122.564191895323
STARLINK-11226 [DTC],60907,1514.4610341628932,-5288.143202470675,-3899.881774347773
STARLINK-11229 [DTC],60908,4039.8290037433126,-5171.865829392499,-1539.503944442571
STARLINK-11265 [DTC],60909,-5190.576495648661,289.13354563821827,-4293.579863601062
STARLINK-11250 [DTC],60910,5439.614723694857,-3840.229410264438,1028.3500405570512
STARLINK-11190 [DTC],60911,5602.702668303717,-1639.384975425616,3356.8683830278146
STARLINK-11225 [DTC],60912,4627.112673118379,729.3104567556206,4835.2500779931515
STARLINK-11273 [DTC],60913,2332.6724895529305,3330.772417829814,5362.8592651402405
STARLINK-11271 [DTC],60915,-2953.141604511159,5417.216163900709,2699.789843687696
STARLINK-32371,60916,-1428.7312027806865,5214.936329913365,-4211.809929793441
STARLINK-32369,60917,-3788.4216540379307,5248.671990076171,-2247.916854695132
STARLINK-32317,60918,-5751.283202158965,3577.2917219381716,1044.747991496976
STARLINK-32367,60919,-2339.9471277673833,5356.280965063633,-3587.3062003285913
STARLINK-32345,60920,-5570.286076984998,3963.3416468320097,488.2266170569118
STARLINK-32356,60921,-5367.498600031855,4254.306729605534,126.50839244502718
STARLINK-32274,60922,-663.8537692633006,-4426.798948009692,5179.627758266947
STARLINK-32373,60923,-5038.208652951631,-395.4273402258121,4619.987158415041
STARLINK-11239 [DTC],60924,6129.911094343448,-2390.321437548866,1446.6431834651269
STARLINK-11245 [DTC],60925,3358.22342700665,3088.161261633547,-4965.183801806868
STARLINK-11244 [DTC],60926,-2813.5061193889856,4094.7511875944133,-4558.957211155445
STARLINK-11243 [DTC],60927,324.18147715208613,4051.196762266472,-5380.7941902939465
STARLINK-11238 [DTC],60928,-5289.874043200253,3199.6795995033117,-2688.619546277071
STARLINK-11240 [DTC],60929,-6545.938787137127,1586.4635208152781,-221.34015138466836
STARLINK-11251 [DTC],60930,-6343.845810446645,-336.52720461716547,2239.4323751013635
STARLINK-11204 [DTC],60931,-4586.190446839624,-2327.5040493432207,4343.847587779821
STARLINK-11246 [DTC],60932,-1854.783245781266,-3674.9488722048814,5324.364786367837
STARLINK-11207 [DTC],60933,1342.6845540814284,-4197.4014367955515,5087.0003711645095
STARLINK-11237 [DTC],60934,4227.582675092831,-3747.399301528941,3663.2826754129073
STARLINK-11253 [DTC],60935,6624.714107062352,-540.3249212317961,-1114.9119654840981
STARLINK-11241 [DTC],60936,5639.895326827381,1418.547518587543,-3410.840711700529
STARLINK-32259,60937,-1114.1647216524661,4268.872468432009,5209.193356535761
STARLINK-32262,60938,-3770.50168433573,5342.25095735363,-1375.6069616103784
STARLINK-32258,60939,3301.6891846604276,3137.2477948519927,5095.911944636822
STARLINK-32251,60940,2865.7666199512896,-4209.541644185884,-4575.648071152863
STARLINK-32224,60941,-4752.072569380749,-2260.4997484368755,-4378.094688313616
STARLINK-32184,60942,4965.7648272331135,2061.6924765636577,4220.063929556004
STARLINK-32288,60943,5872.650267762349,1141.5256337522108,3308.9906209261376
STARLINK-32276,60944,-5458.090212613982,3232.407358406179,2553.1806519195156
STARLINK-11289 [DTC],60991,924.0240987752597,-6508.158991541273,1473.0473009038242
STARLINK-11282 [DTC],60992,-4109.347103205557,-201.166829106724,5326.284603009253
STARLINK-11283 [DTC],60993,3436.752481854502,2277.6035291904423,-5330.729750266314
STARLINK-11267 [DTC],60994,3653.8886808439734,1755.5694710222547,-5388.914981052412
STARLINK-11269 [DTC],60995,2122.8876858015096,4476.422335777227,-4574.32002027685
STARLINK-11281 [DTC],60996,118.40177552074779,6167.899106530185,-2719.3704849476426
STARLINK-11260 [DTC],60997,1416.942058148336,6468.36285709411,-1257.4529580261667
STARLINK-11287 [DTC],60998,-1908.5072158299106,6458.705041740769,-247.95625865736412
STARLINK-11270 [DTC],60999,-4294.902461088431,966.3691799603715,5081.318526435807
STARLINK-11290 [DTC],61000,-4306.150723698912,2859.0000006919854,4313.585551091311
STARLINK-11274 [DTC],61001,-2961.9026310967092,-3232.467789738658,5106.35204938889
STARLINK-11288 [DTC],61002,-1141.9912047217626,-5502.30197577053,3707.977665987786
STARLINK-32279,61003,1705.3588940894924,-6617.352875420389,333.4022467745328
STARLINK-32336,61004,-842.7352757235185,-6165.955825875862,-2850.7589973445133
STARLINK-32284,61005,2467.5740486995173,-6215.318800739729,1438.5904832889228
STARLINK-32282,61006,-4283.166854976868,1124.9266909620187,-5222.712355323026
STARLINK-32360,61007,-4030.170256396339,-1958.0908700146701,-5176.60848233635
STARLINK-32340,61008,37.155237038858445,-6597.99597554133,-1818.9495089393313
STARLINK-32347,61010,-3048.614615165745,-3580.123604524658,-4975.825966435456
STARLINK-11286 [DTC],61050,5668.296293945597,-2918.1853788426633,-2190.33733514659
STARLINK-11252 [DTC],61051,5089.024049543725,-155.50899907120512,-4419.422775517057
STARLINK-11230 [DTC],61053,976.4656329539977,4280.143197541465,-5118.42949746639
STARLINK-11294 [DTC],61054,-1738.3557439378833,5346.2034985130085,-3722.8460812521826
STARLINK-11268 [DTC],61055,-4016.6838561187633,5197.912175416601,-1512.338152975413
STARLINK-11156 [DTC],61056,-4084.9269544655363,-1467.884041670245,5147.086765923824
STARLINK-11231 [DTC],61057,-5588.2427238452865,1578.004289753937,3409.278213786641
STARLINK-11299 [DTC],61058,-4453.94727295984,-976.8815052097814,4951.326766511025
STARLINK-11154 [DTC],61059,-2209.977434008757,-3404.475641449819,5368.052392028544
STARLINK-11297 [DTC],61060,392.38997687033395,-4934.43847952629,4561.786261823872
STARLINK-11233 [DTC],61061,2965.9610253124742,-5401.714193702757,2716.2760068399707
STARLINK-11236 [DTC],61062,4880.705495581777,-4639.680149168788,234.0089749962236
STARLINK-32350,61063,-598.5538215732771,5562.811157630451,3940.8662618248427
STARLINK-32378,61064,1798.2273246739855,4054.918849314497,5208.489993888543
STARLINK-32321,61065,-4549.118800804781,5106.534921544186,-462.75749972370807
STARLINK-32381,61066,-125.23604361672109,5321.426749905746,4307.532140648874
STARLINK-32385,61068,5005.845829793756,-741.630419903673,4605.8717318533145
STARLINK-32380,61069,3788.2700320471918,1777.112401889322,5412.317921724562
STARLINK-32375,61070,-3494.957363437437,5773.188693781033,1187.639515489475
STARLINK-11209 [DTC],61200,-3072.107179507488,3483.3516786065907,4871.848722233983
STARLINK-11257 [DTC],61201,-5468.9330896149295,2159.7497389511564,3282.0069074484745
STARLINK-11309 [DTC],61202,-6677.030442137286,279.56647384778324,858.0432765414683
STARLINK-11292 [DTC],61203,-6306.553545308371,-1635.166959866127,-1727.253790308637
STARLINK-11302 [DTC],61204,-4534.728966637262,-3145.668884085392,-3872.516251626452
STARLINK-11277 [DTC],61205,1521.944892929178,-3893.9206759551225,-5290.7302973392725
STARLINK-11279 [DTC],61206,4392.759943618167,-2929.2028043431983,-4194.063933331441
STARLINK-11091 [DTC],61207,-1758.0661640362207,-3965.8715067928983,-5162.411868467082
STARLINK-11291 [DTC],61208,6254.650465176682,-1307.8084753169612,-2148.1239796692576
STARLINK-11304 [DTC],61209,6683.040325127921,695.6647252167382,503.52521094749926
STARLINK-11307 [DTC],61210,5611.363459816017,2444.5120341854354,2810.5363828558766
STARLINK-11298 [DTC],61211,3184.695021945771,3679.0049267036557,4651.579792297037
STARLINK-11310 [DTC],61212,129.1191930091934,4044.7640656590356,5377.4933645225
STARLINK-32386,61213,-6783.568699415869,663.5097170642506,-606.2685769192816
STARLINK-32392,61214,-2967.069828423247,3755.8571687698986,-4895.189670055494
STARLINK-32436,61215,4599.02647600524,-3101.6895640167363,3993.893954276559
STARLINK-32425,61216,-3053.870428511008,3686.1410681462,-4900.405802595491
STARLINK-32342,61217,-6097.490402469533,1892.9622313470963,-2481.5405952400697
STARLINK-32423,61218,-588.6815430018768,4100.338245895066,-5466.78096513769
STARLINK-32248,61219,-6848.012972985027,-67.98696552862539,149.18318209654169
STARLINK-11300 [DTC],61243,4576.203025215725,926.666431653447,4848.307748611481
STARLINK-11276 [DTC],61244,4590.9947917446725,3821.745867884941,3108.544479414445
STARLINK-11280 [DTC],61245,1771.240911840422,6271.85927853988,-1721.2503713450299
STARLINK-11308 [DTC],61246,3587.730647341279,5644.774592368293,811.2294030098761
STARLINK-11305 [DTC],61247,-496.17339808424873,5466.751543300772,-3914.628126387944
STARLINK-11317 [DTC],61248,-2403.6463800183687,3706.25446235788,-5094.736470480657
STARLINK-11293 [DTC],61249,-4167.40629776075,586.10472320245,-5268.47028827991
STARLINK-11319 [DTC],61251,-4221.373460639965,-4807.393296606125,-2123.9179783939876
STARLINK-11318 [DTC],61252,-2786.6899406268362,-6124.146277300289,372.79882731863114
STARLINK-11311 [DTC],61253,-617.3055114429005,-6045.5387369242335,2902.9255751079654
STARLINK-11306 [DTC],61254,1608.1655612485727,-4582.165101264281,4661.726591454256
STARLINK-11313 [DTC],61255,3384.3147945985693,-2255.303421408087,5362.4802538158365
STARLINK-32431,61256,-5323.066951269512,-3338.967090355376,2695.6971947639654
STARLINK-32432,61257,-4102.465193251008,-5462.205419564534,-379.55653406051727
STARLINK-32382,61258,1842.6555673403238,-3958.186136942295,-5273.627498358204
STARLINK-32435,61259,5273.860576171147,3732.817321535145,-2258.7019992470937
STARLINK-32474,61260,-2355.777136047717,3479.847313674246,5388.148871299344
STARLINK-32447,61261,-4620.033574242232,271.09427469479294,5028.512297341111
STARLINK-32446,61262,5382.806556458973,2738.785927081239,-3221.9801894657703
STARLINK-32174,61509,-889.9528458413163,4273.855990579224,5256.826687283618
STARLINK-32139,61510,6711.902613693573,-864.1502474199422,-1069.7552223653172
STARLINK-32140,61511,18.46149755797691,4103.689431108657,5473.17626813403
STARLINK-32201,61512,4280.296398782287,2575.6383360642412,4664.925071920699
STARLINK-32030,61513,6853.733172099851,-61.64230768805901,-107.26260211895871
STARLINK-31837,61514,2580.744370571933,3803.915159941139,5073.666884915995
STARLINK-32136,61515,70.42318411992768,-4111.874819443535,-5483.524172542231
STARLINK-32047,61516,5197.107918458387,2634.1402189065343,3591.156438298957
STARLINK-31756,61517,-5298.203323764542,-2633.223622442294,-3466.418115426988
STARLINK-32172,61518,2920.8924119111434,3689.175011073696,4966.978464451784
STARLINK-32338,61519,-6708.253227911451,1039.030755091543,345.2983769038309
STARLINK-32306,61520,5368.2619399013465,-2585.245674128136,-3386.499839631884
STARLINK-32297,61521,-6852.520727066041,89.57032905020777,84.01032190898673
STARLINK-32260,61522,6818.268242562085,328.94825502777593,532.5576904656563
STARLINK-32305,61523,6583.572184234765,1148.14360812666,1515.4581124439312
STARLINK-32296,61524,-2880.022119175363,3748.6014721216784,4946.174730676056
STARLINK-32298,61525,6632.474446306652,977.2559215805563,1396.6582694140825
STARLINK-32293,61526,-2565.3012470828285,-3825.744616628585,-5081.982206787878
STARLINK-32313,61527,1576.9748099654892,-3998.866853722425,-5344.605053725342
STARLINK-32319,61528,-2201.281186925354,-3905.3763447465817,-5191.2955315925055
STARLINK-32351,61529,154.9348072382721,4104.045405084063,5476.240560705638
STARLINK-32261,61530,-2938.814751559385,-3703.6520637545873,-4962.293945385027
STARLINK-32358,61531,4317.900020417535,2842.7636855459937,4404.129490090261
STARLINK-11354 [DTC],61532,-4548.895012042787,-928.1077387933498,4873.235217634514
STARLINK-11323 [DTC],61533,-3606.0233730253794,-5622.823204820846,879.4905062551634
STARLINK-11338 [DTC],61534,-4591.602438692672,-3730.9861367891035,3215.616577697351
STARLINK-11362 [DTC],61535,472.5161652829023,-5472.334843009252,-3909.881594584505
STARLINK-11295 [DTC],61536,-1767.6607745513602,-6273.3267004130375,-1719.519099333268
STARLINK-11325 [DTC],61538,4144.127492306111,-572.4240935335702,-5288.054869036243
STARLINK-11332 [DTC],61539,4731.562440384543,2369.939282832263,-4178.500656488553
STARLINK-11350 [DTC],61540,4122.644416872214,5014.54183699916,-1816.9649431263995
STARLINK-11357 [DTC],61541,2738.689788903464,6142.48148226615,418.8673094447439
STARLINK-11322 [DTC],61542,571.7067749980636,6026.340186416677,2952.0700333215837
STARLINK-11364 [DTC],61543,-1583.0903359498377,4586.522917065223,4665.806534832292
STARLINK-11349 [DTC],61544,-3453.0293851289443,2080.9192000176463,5388.782523276417
STARLINK-32406,61545,5215.779116267849,3895.586179215397,2093.402273401016
STARLINK-32445,61546,-4823.694553997564,-102.17686898451632,-4857.122595171634
STARLINK-32411,61547,3006.9993016283183,-2809.843051152405,5454.034140331543
STARLINK-32424,61548,-2520.169758170757,3349.9870581635396,-5412.633169752233
STARLINK-32389,61549,1575.3682329309725,5847.786310317564,-3216.0699928821114
STARLINK-32476,61550,532.2842500425843,5477.963684271089,-4069.6005468634576
STARLINK-32366,61551,-5351.125400002501,-3351.527342296871,-2642.2663948719537
STARLINK-11356 [DTC],61574,4261.5021047958635,552.512186780606,-5196.649131027417
STARLINK-11376 [DTC],61575,2572.430181314791,3295.648909786125,-5290.914324799024
STARLINK-11372 [DTC],61576,225.86149129061045,5330.94500961268,-4121.954283392761
STARLINK-11375 [DTC],61577,-2039.840696720056,6072.475990165868,-2099.5123538828825
STARLINK-11285 [DTC],61578,-3887.090158485321,5488.870437082366,414.11373665338374
STARLINK-11275 [DTC],61579,-4879.664074926003,3644.422267438621,2875.3234690660825
STARLINK-11342 [DTC],61580,-4731.157194241017,884.0702452620588,4705.863773318926
STARLINK-11374 [DTC],61581,-3529.1849060450604,-1951.4017537492134,5388.213903420428
STARLINK-11373 [DTC],61582,-1483.5286581073942,-4389.547971511786,4882.122720375245
STARLINK-11368 [DTC],61583,794.82428283695,-5788.943710954328,3346.8607100203653
STARLINK-11370 [DTC],61584,3105.0985640076674,-5919.903592661345,840.450590228808
STARLINK-11361 [DTC],61585,4813.207467449568,-1161.0563609024814,-4567.2154527340035
STARLINK-11360 [DTC],61586,4979.565579299202,-2317.465790911752,-3910.09070022271
STARLINK-32353,61587,-951.0947308294045,-6189.457497728085,-2757.9152193252044
STARLINK-32325,61588,-3429.1878353095735,4970.145512904038,-3221.9457457535273
STARLINK-32416,61589,1895.8813535237216,-5839.945544512719,3010.3726561552944
STARLINK-32413,61590,1150.7691419447583,6021.782376521608,3025.9198641144408
STARLINK-32409,61591,-3820.9768413865186,2204.2775304370816,-5235.55576693844
STARLINK-32422,61592,-2803.058046293475,-5319.271780367541,-3272.708187696591
STARLINK-32397,61593,-3342.2950645940364,4916.881454989124,-3391.179436076245
STARLINK-32302,61621,852.8957442861309,-6637.398129006393,1504.1106883201553
STARLINK-32364,61622,-2734.3010077853774,-6004.453196294332,-1877.5844338231404
STARLINK-32331,61623,-4740.666835043471,2122.910386136353,-4487.990961935399
STARLINK-32398,61624,-4776.227231489005,1802.3225502497144,-4587.958044153801
STARLINK-32365,61625,-342.6335149457354,-6838.3304397381935,421.5480491285192
STARLINK-32333,61626,-674.5436625824277,6765.96792926366,-929.0661971318739
STARLINK-32399,61627,5048.618812018508,2288.676757662487,4034.8745041994703
STARLINK-32421,61628,-2910.1562527407336,5314.439230055157,-3225.8106581385814
STARLINK-32403,61629,-5059.531693748614,-618.742118748018,-4597.133920849231
STARLINK-32390,61630,612.9080373639916,6832.961257569647,-124.4506056477209
STARLINK-32348,61631,-3813.6916686216928,4317.581712636396,-3732.7958113182613
STARLINK-32455,61632,2877.682666557772,5738.261565191097,2415.8123170639174
STARLINK-32396,61633,-2380.90403306075,5941.457944188733,-2477.0904054339694
STARLINK-32355,61634,3707.8935696453136,4779.957457809817,3228.631933198789
STARLINK-32370,61635,2627.319539168058,-5562.905924948983,3026.9426875409
STARLINK-32405,61636,4731.761843042008,2514.4656742211405,4276.580064451815
STARLINK-32419,61637,-1207.134181473711,6519.320008657759,-1774.3391890393204
STARLINK-32320,61638,5021.618979683475,-224.16408037217187,4660.929980149344
STARLINK-32341,61639,-4227.028307792926,3355.902178258086,-4241.2702067489345
STARLINK-32339,61640,3987.093540297042,-3792.9408418999765,4088.2200834364235
STARLINK-32327,61641,-1990.4037426018224,-6466.470248736484,-1140.6668665728141
STARLINK-32264,61642,-5153.273735149314,-440.3348151486479,-4363.248027515182
STARLINK-32337,61643,-4674.581103072873,-3061.7565870604058,-3984.7987032587075
STARLINK-32238,61661,1125.5938161565396,4573.709913527036,4968.172848942891
STARLINK-32310,61662,1449.076780524326,4351.689350531676,5076.720682715542
STARLINK-32308,61663,3932.7868036460823,1504.4919752633143,5382.255223001653
STARLINK-32301,61664,5289.175839932148,-3350.2458356711772,2769.8110626830958
STARLINK-32439,61665,5293.742353693558,-1850.7309122891904,3931.380783498474
STARLINK-32428,61666,-1423.770940734048,-4372.818416830535,-5088.123522795498
STARLINK-32414,61667,1570.1746042508503,4232.950958210481,5145.946348490242
STARLINK-32441,61668,-2618.92288207927,5933.624475974417,2206.2895048766345
STARLINK-32400,61669,-4085.0475343730714,-1260.7607953456845,-5363.101543154313
STARLINK-32449,61670,-4811.109195242172,4770.506328884666,-1043.304246941283
STARLINK-32453,61671,-3879.8670866519483,-1659.8299016471647,-5406.631863439279
STARLINK-32443,61672,-3005.2385701989942,-2840.8013228996656,-5472.0049379623815
STARLINK-32417,61673,4839.249234711883,-277.50526045259244,4828.8520366221965
STARLINK-32326,61674,3436.3110601254994,2277.7917537582216,5459.045804279315
STARLINK-32294,61675,-3141.4164479986844,5891.561710169255,1518.82468269347
STARLINK-32309,61676,4051.351071060808,-5513.077085909529,-82.92469587237665
STARLINK-32323,61677,-4356.930107522638,5251.124336091802,-509.105658383078
STARLINK-32363,61678,-5240.744615996824,2604.2361790241657,-3550.649696106967
STARLINK-32395,61679,5356.396574789133,-2453.6237400318746,3493.2049075998693
STARLINK-32412,61680,4517.43950304115,-5124.5994089318465,500.0518607543767
STARLINK-32426,61681,5039.506773957829,-771.6779106102612,4570.9689103248975
STARLINK-32429,61682,1787.3337695785638,4066.1770676056,5196.525099478918
STARLINK-11335 [DTC],61687,3572.0922509639645,4933.343172083215,-2889.182482130991
STARLINK-11344 [DTC],61688,842.9198252626976,4765.959752877975,-4694.232888007959
STARLINK-11312 [DTC],61689,-2006.352233340475,3526.4567885302963,-5386.0032766588865
STARLINK-11340 [DTC],61690,-4437.533470142072,1472.9713539370302,-4858.553334395241
STARLINK-11339 [DTC],61691,-5941.435559116687,-3057.7648503533005,-878.4420026677886
STARLINK-11315 [DTC],61692,-5859.133227285623,-929.2485401027792,-3203.061758161106
STARLINK-11366 [DTC],61693,-4689.957093428646,-4534.364568835045,1681.69275348499
STARLINK-11348 [DTC],61694,-2345.0876379312126,-4979.799333395036,3877.5020918956766
STARLINK-11327 [DTC],61695,451.9325057492639,-4312.000320057486,5148.491628274299
STARLINK-11341 [DTC],61696,3313.3262547601853,-2574.969367440722,5261.883601800039
STARLINK-11346 [DTC],61697,5425.401956619272,-85.16679351345181,3985.293377482352
STARLINK-11296 [DTC],61699,5457.540234806811,3922.5368532325547,-498.8112826065799
STARLINK-32349,61700,6732.328516794352,732.0598628043522,-1070.478083718034
STARLINK-32461,61701,-1295.1824126559318,-4236.804884402911,-5219.204127822252
STARLINK-32299,61702,4173.627288329093,-2756.4210957077103,-4673.939968434375
STARLINK-32387,61704,590.2685432351595,4197.212117249317,5359.792532012038
STARLINK-32515,61705,-2641.2943892856338,-4237.048119404863,-4701.801700950731
STARLINK-32533,61706,1965.5013629375069,4199.452411024668,5020.280827316502
STARLINK-32376,61707,5713.521697474531,-3419.965195484346,1617.8518909224385
STARLINK-32402,61708,1703.3000297557332,3878.5456829764025,5357.633669539668
STARLINK-32314,61709,405.57024396487253,-5019.2443838628105,-4656.631835127099
STARLINK-32404,61710,-4524.753208909085,-1068.2266754834195,-5027.95312897243
STARLINK-32312,61711,4702.62050261968,-4926.075002902722,-779.2369293941543
STARLINK-32343,61712,-4121.202844981655,5221.847319277194,1641.8093760529682
STARLINK-32467,61713,5532.1987793185635,-982.3092813186337,3893.7080701372543
STARLINK-32440,61714,1365.9458345849434,4107.638957682198,5287.3033066943435
STARLINK-32459,61715,-2805.434605569258,-3023.293030736506,-5479.755330756781
STARLINK-32465,61716,3599.233421414064,-5384.881478133261,-2211.722403896902
STARLINK-32457,61717,-1308.463099429532,-4154.78206153953,-5298.1095194944055
STARLINK-32591,61718,1501.06756689625,-6027.050356318521,-2877.186885422989
STARLINK-32344,61719,-1278.8020403364976,5271.460324453318,4176.818161648181
STARLINK-32322,61720,5573.713326256522,-3808.5035253475035,1106.5680726161204
STARLINK-32469,61721,2124.4667782275546,-5452.049601996492,-3576.996116664912
STARLINK-32438,61722,813.7324954766907,-5153.435778083427,-4431.439663145782
STARLINK-32540,61723,4116.8057570470255,367.31779787857243,5441.136530867862
STARLINK-32528,61724,5015.996878128833,219.71410321762846,4637.422744712142
STARLINK-32573,61725,-2046.6283381459873,5418.651386643825,3654.333859110108
STARLINK-32478,61726,-5204.900663789011,4458.622781566845,-75.47373916735289
STARLINK-32511,61727,-4659.403279759923,-871.2365406151996,-4949.2199931030655
STARLINK-32475,61728,-4335.569388266897,-1345.4658293950583,-5141.060911687777
STARLINK-32442,61729,-5249.388348183884,182.93383620188558,-4409.029830032749
STARLINK-32362,61845,2363.7459549398945,-5323.09608112639,-3629.152664255297
STARLINK-32472,61846,1918.15472183525,4639.268020049998,4667.082991182386
STARLINK-32352,61847,4976.024738422983,-4363.12738240178,-1813.8231145516788
STARLINK-32427,61848,-3811.46111751065,-3559.73427895516,-4463.087084261403
STARLINK-32346,61849,-5498.440875570974,-1870.3628719773808,-3658.118998443148
STARLINK-32330,61850,-592.4632963200537,5122.54952067463,4516.701679114875
STARLINK-32379,61851,6213.0534353505545,-2907.4188220209885,-103.11425273630942
STARLINK-32433,61852,1871.7318344576756,4684.125557240529,4641.838044321377
STARLINK-32394,61853,3388.135807722112,4041.283383591544,4379.0133075006715
STARLINK-32486,61854,5219.49259552937,2692.867534656668,3536.6700665079734
STARLINK-32391,61855,6455.671461848635,873.8589709194338,2140.0339927248297
STARLINK-32483,61856,6768.8709928145245,-985.6417613980145,514.359911971094
STARLINK-32451,61857,4709.906948238268,-4140.663224920712,-2787.425599034444
STARLINK-32556,61858,6198.953591174184,-2700.1947089856617,-1165.9115451574048
STARLINK-32466,61859,3476.593692872261,-4719.547842469069,-3568.884233691409
STARLINK-32316,61860,6030.079614051892,1479.7607293663025,2910.1485633992925
STARLINK-32415,61861,-1441.3120970362056,-4818.989158707691,-4671.016371540054
STARLINK-32393,61862,1020.5759191395731,-5128.576759910724,-4446.312057567564
STARLINK-32324,61863,-5532.197396515188,-2386.182306429508,-3288.9120061564636
STARLINK-32318,61864,-6787.124224577605,719.7428073013529,-711.4876060771936
STARLINK-32401,61865,-6366.259563341494,2393.4883537462447,898.9348060632533
STARLINK-32588,61866,-6578.120756462496,-592.3625611138779,-1866.2123147273055
STARLINK-32569,61867,-5005.2686989313415,3923.1151583962237,2565.865969200911
STARLINK-11402 [DTC],61874,1640.8889669957625,3986.304205990318,-5185.591317246293
STARLINK-11316 [DTC],61875,4490.870420013819,3142.2730950866703,-3926.0062587453035
STARLINK-11321 [DTC],61877,-4424.805678111758,2902.3564254483836,-4178.749589385223
STARLINK-11314 [DTC],61878,-6280.9762024292495,1250.6717385142747,-2104.305914077722
STARLINK-11324 [DTC],61879,-6685.222951654208,-698.5952314645656,472.7930304884652
STARLINK-11328 [DTC],61880,-5583.029867075052,-2437.401524062586,2871.288204333692
STARLINK-11329 [DTC],61881,-3208.4186027427318,-3653.5837909040765,4654.9727685317275
STARLINK-11398 [DTC],61882,46.97899392102589,-4039.3697257927624,5382.800358603909
STARLINK-11383 [DTC],61883,5501.476598531905,-2165.1697020373786,3223.908938312595
STARLINK-11359 [DTC],61884,3090.4794533493155,-3495.5369919373557,4851.194219734982
STARLINK-11301 [DTC],61885,6683.78001836492,-293.63309211282166,795.0712696371716
STARLINK-11351 [DTC],61886,6300.936340718638,1610.2987273836945,-1772.1098319367231
STARLINK-32410,61887,-2397.7876602509677,4398.393626545323,4649.107332103311
STARLINK-32377,61888,-3746.537037141126,4207.596281338559,3871.2775896545413
STARLINK-32292,61889,3872.158007104503,2693.174806848342,4945.3713397841675
STARLINK-32501,61890,6019.917374579147,-2936.88796149722,-1402.6470578106735
STARLINK-32383,61891,6586.368621619385,-663.7871045162437,1722.5720892616034
STARLINK-32239,61892,6400.65805410455,-2319.9077475290073,-690.2792206467763
STARLINK-32489,61893,-6190.938743022422,2726.914492770516,1012.3007195931884
STARLINK-32303,61912,-6203.601971247584,-70.92929770700394,2918.3778550387256
STARLINK-32434,61913,6195.451407225937,2855.7200319491794,-719.8450660081327
STARLINK-32460,61914,4858.114815637274,-2382.0922692933486,-4222.1796920844
STARLINK-32559,61915,-3062.21348754838,-5419.053643883353,-2893.199501511261
STARLINK-32541,61916,5192.996425785924,4431.075319699947,646.7326878138061
STARLINK-32544,61917,-6116.377457713939,-3071.639653440038,461.00144519101485
STARLINK-32555,61918,5804.867482896797,-656.1379477479873,-3600.652173725777
STARLINK-32547,61919,4303.71293329285,-2978.0642580455205,-4440.259666917682
STARLINK-32616,61920,-3667.6330779614586,3528.472390219923,4590.7738180753695
STARLINK-32605,61921,-4774.132166866708,-4697.329804857494,-1491.8614341055973
STARLINK-32579,61922,3231.08444589339,5498.606448440483,2515.948787654949
STARLINK-32537,61923,4935.289023399655,-2128.148437829789,-4267.27766701607
STARLINK-32564,61924,6275.418200057381,967.5013878588695,-2601.0144389436855
STARLINK-32536,61925,2966.2325784784193,-4043.468205935623,-4685.016090356258
STARLINK-32624,61926,6360.962476962127,645.3081287900106,-2492.2320591872917
STARLINK-32622,61927,3760.942118339045,-3467.3168631238877,-4575.569187874675
STARLINK-32620,61928,-5199.461799849754,1918.410245359006,4034.876622359589
STARLINK-32609,61929,-6404.979578282867,-1918.628080204855,1527.9370687668109
STARLINK-32567,61930,-1653.6103961203248,4753.645220875017,4651.662133969606
STARLINK-32420,61931,-536.9335105693358,-5455.206697299681,-4129.294293221704
STARLINK-32354,61932,6111.550145924239,2953.3264866573318,-982.9367051799084
STARLINK-32361,61933,6414.2973165685635,1651.030866246806,-1789.4081038057197
STARLINK-32500,61935,1183.1448170440112,5638.118899433511,3713.664803501056
STARLINK-11407 [DTC],61939,-6456.644752444438,-619.7609631815419,-1799.2176745735883
STARLINK-11337 [DTC],61940,-6335.586731033627,-2248.4086523303613,324.76668488040167
STARLINK-11353 [DTC],61941,-5453.698134332116,-3348.0415985790546,2080.0071653493546
STARLINK-11320 [DTC],61942,-2800.005683199647,-4327.161408197563,4319.348035522191
STARLINK-11425 [DTC],61943,123.13233293813974,-4141.778189778479,5294.524816469642
STARLINK-11422 [DTC],61944,3353.2292138210078,-2902.3215390189075,5053.639975482861
STARLINK-11421 [DTC],61945,4960.443832511474,-1714.8267260898992,4206.545108658489
STARLINK-11410 [DTC],61946,6507.854054251099,992.6096378115076,1399.8132500917911
STARLINK-11390 [DTC],61947,5781.351520728547,3081.168941402233,-1553.3005925268583
STARLINK-11414 [DTC],61948,-3733.6248669820957,2692.1638274196807,-4919.698826222556
STARLINK-11424 [DTC],61949,-2032.7518258226394,3563.558662192648,-5341.884267325458
STARLINK-11423 [DTC],61950,4162.736883125436,4035.2021607944184,-3427.18314498445
STARLINK-11395 [DTC],61951,329.4462947743666,4228.433157323849,-5231.424090084415
STARLINK-32572,61952,5807.859885940515,-2201.44095437754,-2904.9661167235827
STARLINK-32585,61953,4291.402810704471,-3449.724678799184,-3986.234102343815
STARLINK-32574,61954,4790.062279374008,-3211.361520040547,-3600.389152582888
STARLINK-32583,61955,-6635.003872018796,1274.8128427891386,713.3926481995346
STARLINK-32273,61956,3401.511223651734,-3579.147616548728,-4759.24756362298
STARLINK-32359,61957,-4076.3543119043875,-2977.5416166634177,-4555.001723938589
STARLINK-32566,61958,6514.2066500320625,610.6739227715249,1827.7683322896376
STARLINK-32499,61959,-4490.079703353714,4473.608631792353,-2630.3941851403047
STARLINK-32372,61960,-1602.915505334073,6645.678598411297,557.7837402901191
STARLINK-32452,61961,3777.6891008077705,3913.936451055422,4171.397471264578
STARLINK-32458,61962,-4952.130583892941,1651.648234764835,-4455.451052411029
STARLINK-32487,61963,2798.2193394619,-6236.510322941213,569.4951618167103
STARLINK-32513,61964,-2976.7967918909676,-5331.741527866617,-3129.4513739115446
STARLINK-32514,61965,4763.261761876004,1666.0212196780333,4638.840277290824
STARLINK-32498,61966,3152.057141217536,-5534.344320186717,2538.4975175882023
STARLINK-32518,61967,-2427.879462106001,-5523.422418642084,-3266.9355649478516
STARLINK-32471,61968,1224.5015404982735,6341.375737091445,2306.983234846258
STARLINK-32450,61969,2913.802239761287,5056.422329684119,3599.8870056301553
STARLINK-32613,61970,-4834.621929522085,-1405.7373476116047,-4663.1833317037945
STARLINK-32610,61971,-2067.642340390511,-5532.76889219904,-3493.793319712072
STARLINK-32612,61972,-3671.752301145136,-3804.4797394996763,-4375.6463279459185
STARLINK-32601,61973,-3136.937634687343,6025.541957871969,-978.1426886099712
STARLINK-32593,61974,-5172.954709523038,2484.8964802592845,-3763.88809252669
STARLINK-32586,61975,4299.833080674857,-4808.325404026169,2322.9425588491845
STARLINK-32611,61976,5058.430477793296,-2973.498341630141,3543.64673133605
STARLINK-32607,61977,-282.14350840717833,-6486.729310849945,-2215.193901397892
STARLINK-32606,61978,1698.3044333300136,5811.055478532533,3218.570870643031
STARLINK-32578,61979,2334.156987113069,5325.561600372661,3634.746002586072
STARLINK-32517,61980,-5255.482558494657,924.6360800542693,-4316.5737560693315
STARLINK-32522,61981,5185.172594755482,-251.6628833787745,4474.3132575368745
STARLINK-32560,61982,1024.5843090092799,6201.99987272651,2742.2651240774785
STARLINK-11433 [DTC],62008,1281.018372545667,5496.887638972973,-3670.3110661139976
STARLINK-11262 [DTC],62009,-5256.731456010353,-3790.5477280769155,-1830.5747144665736
STARLINK-11326 [DTC],62010,3026.364304096269,-2682.0069674436827,5371.470515496824
STARLINK-11330 [DTC],62011,-3477.040052815526,-5559.406303710294,1509.2010064757092
STARLINK-11363 [DTC],62012,5351.900081734566,3441.3914224716345,2183.643151660221
STARLINK-11377 [DTC],62013,4703.738983027427,4803.4103876539875,323.8740517212
STARLINK-11385 [DTC],62014,-560.8645136134604,-5269.590075862563,4137.180156801478
STARLINK-11396 [DTC],62015,78.77053887929829,5052.585716652804,-4453.452741342959
STARLINK-11393 [DTC],62016,-2362.821436964925,3365.2368792136876,-5334.766138776235
STARLINK-11343 [DTC],62017,1537.2407317827349,-4060.432413080356,5132.259509677392
STARLINK-11411 [DTC],62018,5122.450852562888,862.193439143808,4269.385881947672
STARLINK-11404 [DTC],62019,-5320.611980482828,-1680.6195323033742,-3771.9492118924636
STARLINK-11378 [DTC],62020,-4223.030276261115,1109.5845413695797,-5129.495539177972
STARLINK-32520,62021,6331.609616036534,2541.6838821996907,-655.9716564566394
STARLINK-32539,62022,2723.292796306738,-3424.122489413444,-5281.054781762729
STARLINK-32334,62023,4614.585405381262,-1752.4150525515565,-4760.77745819778
STARLINK-32504,62024,-4753.340778783143,-4296.717646959855,-2437.873116141141
STARLINK-32493,62025,6423.169985498222,2154.328710268541,-953.6072777175954
STARLINK-32561,62026,-6375.858310175493,-2365.672317133005,837.5336014377666
STARLINK-32512,62027,549.1750427014429,-4204.4855234061815,-5389.9583782541995
STARLINK-32637,62032,3525.6183519496262,4452.345808140167,3840.2206187662214
STARLINK-32582,62033,-4726.843489131668,-4118.801738070397,-2794.0603016698465
STARLINK-32615,62034,-6221.856482221908,-2386.0875140456733,-1642.7277335139922
STARLINK-32592,62035,1057.7329366671124,5117.472699246095,4435.114150175515
STARLINK-32225,62036,-6828.980696406656,-673.3839631994774,8.682016108022703
STARLINK-32595,62037,-5456.176815522297,2451.02553303212,3352.144952169986
STARLINK-32477,62038,6294.3260454176225,-996.4262947215545,2020.4609969113205
STARLINK-32480,62039,-6731.041589140305,597.4005446530236,1180.893180042209
STARLINK-32510,62040,6673.963837586473,1578.8186662081762,27.566843017703388
STARLINK-32456,62041,-5826.304490016985,2365.0332224728545,2741.966516604759
STARLINK-32509,62042,-3314.624792549288,-4551.3921218539,-3924.3558194127054
STARLINK-32491,62043,6192.32837346162,2709.2104761427727,1161.7012692110773
STARLINK-32577,62044,-6724.020668228148,-1364.4222816616473,128.1350306260034
STARLINK-32618,62045,-6698.657439936212,-1349.3452641777085,-634.3112925762039
STARLINK-32598,62046,-309.49312656480714,5004.380260075827,4672.868866427053
STARLINK-32630,62047,-3704.6007293372154,3866.320008778947,4282.985261162877
STARLINK-32599,62048,-1413.3577233731578,4812.670892084051,4672.1697285238215
STARLINK-32473,62049,-4797.254351912096,-3807.5397822461496,-3097.015933662635
STARLINK-32492,62050,-2991.914697698435,-4855.672105514563,-3818.4150740502155
STARLINK-32496,62051,4615.3633379795965,4193.323939873508,2847.159126498749
STARLINK-32495,62052,6447.258342032577,-947.8098340118561,-2143.539946488478
STARLINK-32494,62053,-6344.1168566018205,-2443.048965143047,-934.7884324871801
STARLINK-32408,62054,-2703.5755994722767,-4743.66402175009,-4158.4294935212765
STARLINK-32571,62055,-2721.223077893332,4498.7828846705115,4399.9289746892055
STARLINK-11465 [DTC],62057,2064.913039482331,6344.9641285600965,869.1533619151244
STARLINK-11426 [DTC],62058,-524.8286492297364,6241.421875951602,-2467.257054823442
STARLINK-11454 [DTC],62059,-1240.5845386337824,-6611.227679406611,221.09223659326045
STARLINK-11473 [DTC],62060,-3189.3644424824647,-5283.164614117356,-2684.3288112429877
STARLINK-11429 [DTC],62061,1263.0467358992803,-5755.017976104688,3241.242580369944
STARLINK-11470 [DTC],62062,3314.3044435885445,-2859.6000516963354,5099.275071884581
STARLINK-11427 [DTC],62063,-3268.4642024575473,-5169.949675042174,-2817.7282590085015
STARLINK-11456 [DTC],62064,3585.2651930552265,4606.710642684336,3340.9843350324177
STARLINK-11474 [DTC],62065,-2000.9088939376472,5009.112657126483,-4031.4078313040836
STARLINK-11463 [DTC],62066,3720.844420264868,-1754.6595566045673,5317.293053811547
STARLINK-11472 [DTC],62067,-3538.320493359019,2338.811252845567,-5230.934196866079
STARLINK-11467 [DTC],62068,4159.931799943326,2347.3733789826447,4729.968399068673
STARLINK-11460 [DTC],62069,-4167.317069026566,-541.0790725000212,-5262.365664643253
STARLINK-32604,62070,-4879.277883066908,-4675.379649378629,1049.7404998412442
STARLINK-32553,62071,-5316.8554810670985,-1976.9790909865276,3811.425656688832
STARLINK-32603,62072,-842.9584858845914,4712.710913638908,4875.80802524169
STARLINK-32444,62073,-1829.4311841657438,-5825.708748344234,-3090.0163175170237
STARLINK-32619,62074,-2556.3019500659116,-5881.00479843998,-2387.707750257041
STARLINK-32580,62075,4600.295183762107,-1066.9979438757698,-4973.3268409616185
STARLINK-32617,62076,-1976.859392329301,3634.42994581181,5452.472466240049
STARLINK-11384 [DTC],62088,-4341.17143592263,4624.113727697719,2225.372187024185
STARLINK-11379 [DTC],62089,-4991.041952806707,3021.3721206737778,3338.471706342253
STARLINK-11387 [DTC],62090,-4876.362424831502,-841.1913734069548,4543.8014659594055
STARLINK-11389 [DTC],62091,-3404.5836994323595,-3900.3098759264885,4284.962943570631
STARLINK-11388 [DTC],62092,-4807.883785809009,-1108.5083347715974,4574.39657777514
STARLINK-11345 [DTC],62093,1651.1595586084713,-6480.228039955499,713.2229254377426
STARLINK-11381 [DTC],62094,5014.23123453408,-2865.8390067831656,-3443.5003809638138
STARLINK-11369 [DTC],62095,5000.778100310905,-2942.932617747341,-3406.5599847878034
STARLINK-11303 [DTC],62096,4844.179260079364,974.0447331160269,-4566.066919426128
STARLINK-11367 [DTC],62097,2578.802808326269,4867.505762163755,-3858.783966662222
STARLINK-11386 [DTC],62098,1097.7939560283692,5962.361179410607,-2915.2138832793985
STARLINK-11380 [DTC],62099,-671.5578764588237,6514.760022641163,-1538.3694266146006
STARLINK-33566,62100,4946.604290230642,1279.3109355264946,4569.458096935822
STARLINK-33545,62101,-5489.523294085773,3981.685740240028,-1048.8677400975255
STARLINK-33562,62102,-336.0524154721045,5836.314676274165,3583.0936808808087
STARLINK-33554,62103,-5994.236075201392,1990.604557488925,-2682.8668200544885
STARLINK-33555,62104,5977.86147653054,-2351.183858061272,2396.3012608179715
STARLINK-33559,62107,5689.415889549118,110.03102256096214,3820.8470173897767
STARLINK-33553,62108,2894.2720423144724,4149.4451759810445,4622.007279391255
STARLINK-33556,62109,-3625.9681062433037,5678.691079966565,1297.0442770881405
STARLINK-33551,62110,4515.809044723321,2413.408732709589,4555.414888306502
STARLINK-32311,62114,5605.278976654131,82.1489815818156,3945.992344342655
STARLINK-32470,62115,4179.671640648965,-2844.0955795481414,4628.035086988145
STARLINK-32502,62116,-5060.333162335452,-3658.27826584062,-2844.424920211156
STARLINK-32521,62117,309.4012044270576,-6166.025838094774,2981.028516149849
STARLINK-32549,62118,4126.227011276225,5304.9312717965195,1368.0654863986879
STARLINK-32535,62119,-4866.565155595347,1447.4560933858538,-4615.576228851836
STARLINK-32548,62120,-3171.878490057876,4280.22552445357,-4326.035386129939
STARLINK-32525,62121,5393.973526445968,1884.3736612619332,3788.1270438559004
STARLINK-32628,62122,-493.37561577487,-6501.937822481637,2121.339923032538
STARLINK-32626,62123,-5120.634230676664,559.8951433677198,-4533.711222911561
STARLINK-32608,62124,2570.322536529063,-4878.70763027102,4071.089296824066
STARLINK-32488,62125,-1195.5423443331495,5908.24112973644,-3280.8009830888345
STARLINK-32490,62126,4935.573152968929,4013.11944890615,2560.6615873976893
STARLINK-32557,62127,-352.31834439474244,-6136.016642419096,3037.7418411515046
STARLINK-32568,62128,-5394.715261509184,-1438.1376506088002,-3989.944884515169
STARLINK-32462,62129,-5413.768104836311,-2677.2394785794477,-3255.912979145155
STARLINK-32463,62130,5186.279629770045,-290.285788475173,4471.877250600027
STARLINK-32550,62131,-4385.8015594159215,2484.2665556508437,-4658.242342878894
STARLINK-32507,62132,2794.8062389770303,6267.102264302692,-133.96288771888902
STARLINK-32245,62133,-3834.3949686037913,-5588.846011870201,-1055.337780976464
STARLINK-32546,62134,-5361.966545679661,-254.59929009143428,-4275.9661723712325
STARLINK-32545,62135,629.2781278497262,6541.0847507346925,-1979.0660234093873
STARLINK-32554,62136,461.13202787813174,-6232.428651918055,2822.0536063090085
STARLINK-32570,62137,-2189.9277525036478,-6463.493636125078,675.3474125961044
STARLINK-32529,62139,-3673.974651107102,-4833.976976096214,-3199.98313907441
STARLINK-32464,62140,-5036.600906799084,-232.31890749973078,-4655.557271685319
STARLINK-32482,62141,4180.466737187047,4005.7900845235145,3671.4726481932344
STARLINK-32454,62142,1895.672697621788,6204.404232276043,2222.7886092423187
STARLINK-32485,62143,1219.948235360905,6647.628404796601,1165.7755685045024
STARLINK-32388,62144,-166.73579819692605,6847.269688260295,360.53372186492686
STARLINK-32374,62145,472.2585043708395,-6801.609209443343,741.4990184591867
STARLINK-32384,62146,-1391.687464011728,-6645.098566774319,-997.5124612604685
STARLINK-32295,62147,-4231.9717792848205,-3882.4009268247123,-3754.073326413495
STARLINK-32479,62148,4117.644344663539,-3757.473110761449,3988.0827560831713
STARLINK-32468,62149,4440.48630444999,-3026.830821011256,4253.525694651529
STARLINK-32629,62150,-2474.3175965712703,5850.131887150804,-2597.9921904574007
STARLINK-32644,62151,-4168.7874136815835,-4012.3847546297,-3690.5694418221283
STARLINK-32623,62152,4750.300850404364,2211.506425713404,4420.458869438235
STARLINK-32639,62153,-3237.0512778632983,-5380.665131120635,-2765.5424989259236
STARLINK-32625,62154,-5034.886186990653,63.924526514727205,-4666.107409615566
STARLINK-32635,62155,3184.454235660661,5075.966230578125,3330.975828348431
STARLINK-32532,62156,4939.94132905253,1525.1909520565446,4500.534433739515
STARLINK-32503,62157,-1982.0992184789823,6428.021557184612,-1355.000126906824
STARLINK-32508,62158,3260.148242212921,-5077.250881410367,3252.875922880902
STARLINK-32524,62159,3783.831743937788,-4548.777127242216,3462.830789688054
STARLINK-32484,62160,-4842.471908200576,-2072.312305275418,-4398.515127569181
STARLINK-32497,62161,5019.214620890269,-410.9353672027201,4649.878636746493
STARLINK-32526,62162,4681.6346157974,-2534.8710228739515,4316.426898334855
STARLINK-32523,62165,3118.045188894044,4819.76205081851,3914.4655722971384
STARLINK-32551,62166,-2577.686007511827,-236.30852734228685,-6454.905613472568
STARLINK-32506,62167,511.778414635168,-4553.625726173244,5221.706130604985
STARLINK-32562,62168,770.6319062372437,6089.192781396847,-3268.989499487022
STARLINK-32558,62169,2685.817718556185,6209.675384198077,1592.3837227599781
STARLINK-32538,62170,2582.608353065288,278.5319575819136,6440.587798728066
STARLINK-32257,62171,-2716.890747467869,-6191.394975801263,-1625.8579832484186
STARLINK-32407,62172,-1644.085320449158,2391.65080138761,-6319.86750361545
STARLINK-32575,62173,-2381.5989913133503,-6111.286650652125,2302.503853809581
STARLINK-32552,62174,-3138.892605264651,-4801.7201251438555,-3932.0035075160836
STARLINK-32534,62175,1662.305549189483,-2355.403180553568,6318.752283950119
STARLINK-32516,62176,3051.553828585547,2563.0512749451227,5689.090682257745
STARLINK-32542,62177,1853.336057700357,6635.3080917103125,-934.9342426106764
STARLINK-32600,62178,3139.819322917405,1107.9938436059433,6095.286826624082
STARLINK-32584,62179,-485.4072794273656,4569.446962015336,-5219.925667065014
STARLINK-32587,62180,-3084.3531689092397,-2673.5393894100416,-5630.922526462717
STARLINK-32602,62181,2395.8484777043645,6133.436597060577,-2233.9719642666214
STARLINK-32565,62182,-932.6185835391168,-6199.237121401268,3001.4725848224
STARLINK-32589,62183,-739.7247530450448,-6080.571842424842,3283.6391078556812
STARLINK-32581,62184,-3152.3125635134425,-1110.2346323547767,-6099.002468636551
STARLINK-32686,62192,-6723.786828586546,-591.5949415198867,1229.8105822619925
STARLINK-32688,62193,391.5868262740903,5205.521393834174,4441.180900947873
STARLINK-32684,62194,-4677.006525096097,-4408.915920884567,-2407.717663890167
STARLINK-32672,62195,-5659.876044886862,1840.2466320900776,3405.707337318079
STARLINK-32682,62196,-6564.820298404882,-611.1336115677301,-1903.8229473633792
STARLINK-32663,62197,5418.56350125918,-2138.757222654922,-3625.5925150269427
STARLINK-32640,62198,-6575.400109044376,-1924.0578889851056,379.5659941226557
STARLINK-32653,62199,2457.601738337252,4983.973739956493,4012.7749382453853
STARLINK-32647,62200,2292.560269284411,5201.565037086884,3830.4820790465487
STARLINK-32667,62201,-158.9575703533069,-5176.279305844711,-4503.4116626825535
STARLINK-32655,62202,6604.096510634981,1760.0169701056993,-582.272349329983
STARLINK-32665,62203,-1745.0261672974405,4696.928751306357,4677.179516422774
STARLINK-32664,62204,5112.014396410412,3302.171956814922,2928.0595291772133
STARLINK-32660,62205,-4051.480683602175,-4244.044378928556,-3560.141703467702
STARLINK-32448,62206,-2630.144403649156,-5145.874092929834,-3702.4989555853817
STARLINK-32430,62207,5332.888697937282,3821.29820301232,1992.6423829956975
STARLINK-32675,62208,-4179.976579393403,3356.458481909078,4272.009569861981
STARLINK-32671,62209,2350.738037227331,-4454.79500899456,-4661.612375467829
STARLINK-32670,62210,-6617.242985850271,-361.4148146373863,1770.9496898304099
STARLINK-32642,62211,-6052.667232957,-3122.0432530627654,-841.0267886544694
STARLINK-32668,62212,6407.606609099683,2406.6406750856063,435.0135104364946
STARLINK-32669,62213,6470.571995419373,-214.97906706882415,-2275.0313801507136
STARLINK-32666,62214,4599.400098787607,-2999.1611178774738,-4114.57741278587
STARLINK-32662,62215,5877.755282888938,3368.660746757517,1066.69387829268
STARLINK-11394 [DTC],62218,1792.0326184184596,-6476.0546511556,-375.8672677086672
STARLINK-11490 [DTC],62219,-257.729869272545,-6107.921113493007,-2821.2694797532977
STARLINK-11466 [DTC],62220,-3911.146415414875,-1076.4333761037865,-5376.584297345365
STARLINK-11468 [DTC],62221,-4369.40234556562,2417.155834419629,-4511.75857938456
STARLINK-11488 [DTC],62222,-2474.1648960558937,-4046.6042091502677,-4781.185103507547
STARLINK-11483 [DTC],62223,1513.1291753841476,5191.063886558473,3996.8282178316394
STARLINK-11492 [DTC],62224,-4385.011007563501,1998.5503285082357,-4704.513589882914
STARLINK-11471 [DTC],62225,2557.623422295141,3929.7203338305035,4814.400711922633
STARLINK-11475 [DTC],62226,4215.918005390656,-243.75791025667772,5230.198030396414
STARLINK-11469 [DTC],62227,3910.2793767381377,-4494.041299249501,3117.231568440898
STARLINK-11476 [DTC],62228,-633.7364478880265,6456.489981546917,1779.8683987079423
STARLINK-11485 [DTC],62229,4214.968927311374,-3482.350833123271,3914.968753703005
STARLINK-11481 [DTC],62230,-2177.903717140631,6367.660896731542,-100.95584006977597
STARLINK-32650,62231,4202.362723484057,2738.6639177348184,-4669.4276265388635
STARLINK-32636,62232,-2154.928491135058,4872.947966743306,4299.325937308139
STARLINK-32643,62233,1714.355137194487,-4594.640672675969,-4786.541648109521
STARLINK-32652,62234,4223.4503839033605,452.959158623027,-5384.294490810748
STARLINK-32631,62235,4002.03480191439,5318.219389526588,-1623.367583390126
STARLINK-32641,62236,3459.9700484285972,-2241.390304933178,-5480.382407389449
STARLINK-32632,62262,3456.9028401687947,5112.990501939795,-2975.972345773216
STARLINK-11496 [DTC],62267,-3311.4569736933986,5829.248130226699,-557.7735468404161
STARLINK-11501 [DTC],62268,-4160.115318931367,-2625.1885550936713,4600.244056277649
STARLINK-11491 [DTC],62269,5381.451122240478,-3165.2413193284206,-2504.7174038534945
STARLINK-11479 [DTC],62270,-2131.6951835444183,-4805.994653992622,4187.348619729235
STARLINK-11489 [DTC],62271,2177.7697538561697,4763.778395049949,-4219.672840822617
STARLINK-11494 [DTC],62272,-5537.405777128158,2238.0544052931286,3077.863770812427
STARLINK-11333 [DTC],62273,-792.0259044275242,6129.060724928511,-2662.0548607668497
STARLINK-11504 [DTC],62274,-4985.974857522241,-1018.1244370830643,4384.7976894731655
STARLINK-11495 [DTC],62275,4107.041414329399,2692.458809119049,-4594.374600579424
STARLINK-11498 [DTC],62276,4260.7018551954225,-5163.794317921659,-577.9243204605275
STARLINK-11484 [DTC],62277,-3248.95782274303,-3776.3360635161666,4506.7122442252685
STARLINK-11487 [DTC],62278,1793.503736178224,5046.319876107827,-4074.8694599964715
STARLINK-11499 [DTC],62279,-3894.5308857578448,5453.629299266924,87.0907949219632
STARLINK-33548,62280,851.4585865521697,-5945.259349174625,-3317.6862995684755
STARLINK-33544,62281,6262.705706238805,-2397.6893274765966,1430.4616164307404
STARLINK-33560,62282,-147.91762442997077,5478.409937225181,4119.8039184015715
STARLINK-33547,62283,2830.9467866602854,-5923.389702694246,-1992.3694699428847
STARLINK-33563,62284,3636.8206195850985,3529.3123829980864,4615.330311397509
STARLINK-33550,62285,-2302.5292290738175,5656.975558764838,3117.881083842046
STARLINK-33564,62286,5309.4089542564725,1616.6574592990216,4022.5069194946313
STARLINK-33546,62287,1662.4946272267664,4826.961507737368,4572.615824596756
STARLINK-33565,62288,-1085.2919116912226,5991.388313162025,3155.935281605664
STARLINK-33549,62289,6145.199681541074,-242.19405722207202,3030.0200414976202
STARLINK-32648,62301,4086.124155968038,-1732.572469248813,-5211.411825451362
STARLINK-32594,62302,-5329.916253338,-3818.343839507709,1940.676630595845
STARLINK-32621,62303,-3061.0261555293887,-5331.616794664931,-3034.9727678137288
STARLINK-32597,62304,-1303.6715460673722,4074.1729604969696,5343.5198412503
STARLINK-32649,62305,3403.8923170646985,-2298.7894677550476,-5475.966363354365
STARLINK-32633,62306,94.09602162556557,5266.5887791803025,4353.964211990028
STARLINK-32646,62307,439.5726388350297,-4536.338023958625,-5121.742140465855
STARLINK-32706,62308,4725.9559024757955,4882.872345423136,-802.676281064131
STARLINK-32678,62309,444.68329036403696,4874.890555947941,4767.4028624891735
STARLINK-32696,62310,5351.167007922853,2128.2714180838225,-3699.5640059593147
STARLINK-32700,62311,-3930.6169791887496,-5175.307368686471,-2143.3955491774473
STARLINK-32698,62312,389.8361521028429,-4997.465222617381,-4659.976869008497
STARLINK-32634,62313,-2332.8243660799,-5324.659851092806,-3635.8506866198363
STARLINK-32651,62314,1911.3042915875164,5855.789395038283,2959.0830599894366
STARLINK-32627,62315,2492.2192586875794,5900.012433137058,2396.1352866448638
STARLINK-32596,62316,4849.51431365431,208.57922435073763,-4825.611268888537
STARLINK-32519,62317,3986.2921814255747,5145.841264610597,2118.4863986644746
STARLINK-32527,62319,5440.1782673136,4157.203749379219,-131.11097385171658
STARLINK-32481,62320,1330.67473952551,-4060.106529928082,-5364.158501162956
STARLINK-32645,62321,-195.3433982909303,-4811.1385814828645,-4880.626596089169
STARLINK-32654,62322,5158.849905152277,1133.1301378183564,-4353.26466133922
STARLINK-11444 [DTC],62409,-5524.110868234247,-2457.4746833584295,-2947.7777689837935
STARLINK-11493 [DTC],62410,-4535.667809227286,2028.36014458254,-4538.75479697238
STARLINK-11453 [DTC],62411,4597.488893856231,-1906.142113960057,4514.861928932055
STARLINK-11441 [DTC],62413,3281.4343964255518,5842.043198731474,-602.7420969867693
STARLINK-11445 [DTC],62414,5258.89366708359,-313.09875771764126,4176.823037572
STARLINK-11355 [DTC],62415,5121.762537366513,3970.0458346384407,1798.1422026609491
STARLINK-11446 [DTC],62416,-1562.1038885054725,5211.919373255215,-3962.1218590239973
STARLINK-11428 [DTC],62417,-4936.314292645512,-4316.482901412565,-1519.7078290906643
STARLINK-11447 [DTC],62418,-356.3908310599324,5814.660396057974,-3364.590610639614
STARLINK-11434 [DTC],62420,-5485.614629095053,-2749.8297806613496,-2763.7407505646747
STARLINK-11461 [DTC],62421,-531.7323689081707,-6090.088188661722,2795.6297987434314
STARLINK-32692,62422,-4982.295157001132,767.7793899851761,4645.172704349737
STARLINK-32680,62423,-5154.0173041163225,439.3246565220053,4497.795610000232
STARLINK-32638,62424,-111.7780592732717,6633.789785613786,1731.3890692704238
STARLINK-32283,62425,-275.2611783656517,-6282.2054242530885,-2749.260377027857
STARLINK-32676,62426,4821.03851331731,4328.81127162062,-2250.3798798121243
STARLINK-32659,62427,-1460.454525175167,5656.546679927751,3586.615972085972
STARLINK-32614,62428,-5220.599222544939,-1623.0910861829152,4134.263169429338
STARLINK-32418,62429,-1577.10573824976,-6521.820300400153,-1442.0509132213629
STARLINK-32702,62432,-3057.3586175071528,3376.615664166744,-5126.859168719494
STARLINK-32712,62433,4525.127382689856,3746.2649973305547,-3535.1388793974147
STARLINK-32674,62434,-1690.0956336409452,-4270.76813661226,5075.970619056857
STARLINK-32711,62435,3139.6429323674015,4148.161318514605,-4467.762510899912
STARLINK-32697,62436,-4523.714224637149,2468.4443803924996,-4524.851129988291
STARLINK-32693,62437,6786.797592556468,744.5251823568917,585.6985278831157
STARLINK-32721,62438,-6713.187916170302,-493.3401716861508,-1296.7920731678837
STARLINK-32709,62439,-4391.61087915423,-3765.7551157268763,3641.7433467481264
STARLINK-32689,62440,430.24309363377455,-4102.921836908494,5462.80224945655
STARLINK-32724,62441,4197.499067939809,-2681.7504950962602,4679.167028879639
STARLINK-32291,62442,-2963.727886415215,3339.758890395992,-5205.250053148364
STARLINK-32736,62443,1817.6632862113672,4285.279596254535,-5035.808340383939
STARLINK-32737,62444,-6629.598930144501,-1641.460628393867,564.569360624933
STARLINK-32683,62445,4552.306908511302,-2446.082105586762,4471.285959113614
STARLINK-32726,62446,-6599.287478352901,-38.54434339256013,-1857.0380155487112
STARLINK-32719,62448,785.27515835568,4252.496244593962,-5302.94580781496
STARLINK-32723,62449,6740.467814721985,987.6388248287946,604.8914665379219
STARLINK-32722,62450,-6721.751834907895,-1321.5163249404702,-218.48733233412966
STARLINK-32720,62451,776.3380623506156,-4027.901208330136,5463.614408163258
STARLINK-32656,62452,-1047.3079560921285,-4256.69191771639,5241.581965193103
STARLINK-32690,62453,-6307.327613113051,-2363.2976690072146,1260.5653207997314
STARLINK-11518 [DTC],62462,-3443.609533719434,-3883.8921408641577,-4282.878291318151
STARLINK-11455 [DTC],62463,-2603.0608834385025,-4836.3868646283845,-3875.8413327805415
STARLINK-11178 [DTC],62465,1855.8046759120548,-6441.900024256563,-547.644306580933
STARLINK-11506 [DTC],62466,-5184.239198190747,1113.047518507839,-4141.548844006499
STARLINK-11486 [DTC],62467,-743.4587158760106,-6119.635222442026,-2694.6571108828416
STARLINK-11511 [DTC],62468,4517.155436528283,1975.8031668649055,4566.0531764328425
STARLINK-11505 [DTC],62469,-510.8705335756613,6489.125459730822,1684.903628642264
STARLINK-11497 [DTC],62470,5185.1256699671,-1051.9129460210384,4141.806354961638
STARLINK-11477 [DTC],62471,-2949.298305680926,6015.836931552878,-593.4328903397166
STARLINK-11500 [DTC],62472,1027.0716418338686,6007.248758050284,2863.671829386242
STARLINK-11464 [DTC],62473,4640.021236359481,-4067.263553763418,2663.874637354602
STARLINK-11502 [DTC],62474,1972.3956063950668,5397.296351351712,3485.2343734096635
STARLINK-32657,62475,5803.487348182243,-1826.3907228166556,-3176.0704386950083
STARLINK-32734,62476,-4025.610138655185,-2973.8596664856173,4683.231308290188
STARLINK-32733,62477,373.14901246737384,5915.770173587952,-3457.0451584606967
STARLINK-32707,62478,1326.025261776126,-6289.114361829773,2390.9389089770584
STARLINK-32705,62479,-5319.515520645623,205.29685456833522,4317.1877535008425
STARLINK-32743,62480,-3430.3250866748604,5917.648841981186,-530.8861260582171
STARLINK-32753,62481,4298.1080191577,2587.996975752819,-4683.954144169485
STARLINK-32699,62482,4839.737160825353,1728.6066191665975,-4549.612511957344
STARLINK-32713,62487,-1719.6780514268396,4833.888473050481,4544.729849491526
STARLINK-32732,62488,2024.0174219250266,-4665.893614676964,-4608.367413732411
STARLINK-32328,62489,5654.870523674315,3855.4672457818087,-458.8185469387071
STARLINK-32332,62490,649.9522231133745,5674.901265177521,3789.5279732486138
STARLINK-32717,62491,-6157.737542923361,-2489.930481893355,1710.2547825780512
STARLINK-32757,62492,3956.8980327796985,5356.263241307937,1632.8173754328043
STARLINK-32731,62493,5736.103857769419,-532.8435579479844,-3729.4204963228713
STARLINK-32694,62494,-2386.874626943136,-5755.2309647917145,-2877.514786015397
STARLINK-32708,62495,2305.741419952355,5770.602258479968,2897.76048353698
STARLINK-32718,62496,-591.7075266562531,-5658.8435666235,-3838.9650030501202
STARLINK-32729,62497,-4195.262240075498,-5233.799756584033,-1450.6939727784154
STARLINK-32739,62498,-4690.109756466493,2333.4597978324023,4424.579103670302
STARLINK-32714,62499,5965.42028720494,116.36032077818952,-3386.746493077436
STARLINK-32685,62500,5573.738446167381,3982.122942943774,-319.1447136844255
STARLINK-32691,62501,-5223.5368307885865,1555.3425002855395,4157.904097496063
STARLINK-32788,62502,-6113.59377057438,-666.090712860725,3032.9265223869024
STARLINK-32768,62503,-799.7195889765444,-5694.507019685041,-3745.9609665243524
STARLINK-32792,62504,4113.164786027971,-3022.969594558658,-4586.935356105904
STARLINK-32725,62505,3646.677493153978,-3478.3194846717947,-4658.443393280616
STARLINK-32681,62506,-1023.4700026486399,4926.904008534857,4653.193206850876
STARLINK-32679,62507,5011.895977425939,-1879.903793315572,-4293.120376257649
STARLINK-32749,62508,-5640.582693211409,-3887.6517602474605,378.3970734847277
STARLINK-32744,62509,6180.464290865377,2251.9155803854005,-1945.820713650254
STARLINK-32701,62510,-3527.249647041546,3573.9099646822906,4664.966884923316
STARLINK-11452 [DTC],62511,-1504.2511594261046,5778.62769710027,-3118.2308153423305
STARLINK-11443 [DTC],62512,5951.849162372849,-2470.0222237698017,-1925.0832418197642
STARLINK-11440 [DTC],62513,2052.0770399748067,4579.492138504243,-4481.414735258977
STARLINK-11514 [DTC],62514,-5915.523027701209,867.2446595603614,3071.4037399991366
STARLINK-11508 [DTC],62515,-5316.6483378364865,-983.0041045380458,3994.0481764842602
STARLINK-11510 [DTC],62516,4625.573688884929,2170.390313623811,-4378.674021954898
STARLINK-11512 [DTC],62517,3604.56033163725,-5463.0938500007915,1544.8941159186124
STARLINK-11450 [DTC],62518,-3437.5788631341893,5517.444722664538,-1733.0487955490798
STARLINK-11507 [DTC],62519,-1217.6120672309492,5750.114633034527,-3275.5452354007953
STARLINK-11482 [DTC],62520,-1378.5616251021302,-4965.347469102869,4319.581958362261
STARLINK-11528 [DTC],62521,5806.391378964259,-272.2149927027233,-3387.3453303920405
STARLINK-11516 [DTC],62522,-4339.59798704232,-2520.900485376699,4460.590517391965
STARLINK-11527 [DTC],62523,1513.626243269237,-5775.972317104989,3074.616801125323
STARLINK-32748,62524,4309.877502730996,2964.0725970613466,4428.511159444611
STARLINK-32777,62525,-6348.088518172,575.4583921857694,-2542.9748326943327
STARLINK-32741,62526,-2718.159523457987,-4229.486490839779,-4671.990498794
STARLINK-32754,62527,5275.521393534828,-4287.724136906185,-900.0436216943423
STARLINK-32786,62528,-5373.336026986179,4200.839687528113,734.8104763761712
STARLINK-32789,62529,1687.2202106169377,-5566.107727410495,-3639.559097195627
STARLINK-32791,62530,6402.627415131051,-1092.9741753628596,2196.1894713851916
STARLINK-32785,62531,-2751.3940111184697,-4209.309462193149,-4669.466272484703
STARLINK-11538 [DTC],62554,-3183.914222731241,3833.8624400614467,-4523.115568961645
STARLINK-11534 [DTC],62555,754.4793291473115,5311.638261868019,-4065.2016490433107
STARLINK-11515 [DTC],62556,-6193.010038487881,-2563.8698057257434,-592.4126969145707
STARLINK-11478 [DTC],62557,5626.309388434984,-1256.0823297586385,3458.4629351367917
STARLINK-11358 [DTC],62558,6322.650596763701,2045.078816986961,1028.3393959016037
STARLINK-11517 [DTC],62559,2177.2537654592215,-4416.954871482392,4576.517916645503
STARLINK-11519 [DTC],62560,-6224.99451819088,-2445.6016314907315,-703.8495399348709
STARLINK-11451 [DTC],62561,2914.471235642105,5230.142107928844,-3072.056410222379
STARLINK-11530 [DTC],62562,-5460.689498483045,-3840.420648062158,779.2863432810591
STARLINK-11536 [DTC],62563,5594.3648671108085,3681.551538154669,-638.9983898850991
STARLINK-11540 [DTC],62564,1021.3939125560595,-4904.505141683105,4477.075864172235
STARLINK-11523 [DTC],62565,-3230.238906393731,-5164.520097108831,2844.338405962222
STARLINK-11525 [DTC],62566,1637.9174515263003,5395.148305530663,-3698.4010015217705
STARLINK-32752,62567,-4705.031271503134,2204.9316851855497,4470.369861031128
STARLINK-32760,62568,-2147.1861034164626,4636.272306016701,4568.547041522526
STARLINK-32715,62569,2853.7359224687316,5813.1377364532445,2252.369547472156
STARLINK-32764,62570,5793.419591986524,3464.711565675721,-1229.7133821409552
STARLINK-32773,62571,-3062.637828539978,-5760.390817698648,-2128.1812656063316
STARLINK-32750,62572,5640.381263204691,-552.3204980976717,-3870.9440572582616
STARLINK-32771,62573,1046.0051984136264,-5234.230957581593,-4314.81682048384
STARLINK-32766,62574,-6092.240904210596,-2186.6019962351447,2264.167682794114
STARLINK-11547 [DTC],62587,4746.109519433254,-2948.1661493409897,3733.3066271514103
STARLINK-11185 [DTC],62588,-4333.953986803025,3310.5942321766747,-3943.0553117717855
STARLINK-11513 [DTC],62589,6630.4503167033145,956.4835342183017,620.1328516906311
STARLINK-11397 [DTC],62590,-5082.998857015189,-3749.7412727736573,2300.6264347397955
STARLINK-11420 [DTC],62591,5892.623086667724,-1626.6020917799544,2797.6146937003123
STARLINK-11415 [DTC],62592,-2174.710360294485,-4960.330293372125,3979.059019252862
STARLINK-11413 [DTC],62593,-915.1741644611169,-5047.332277404546,4346.062439178307
STARLINK-11416 [DTC],62594,-1575.3364402952013,4680.668513686484,-4477.756397661416
STARLINK-11535 [DTC],62595,-6592.612538746367,-93.06692066118096,-1347.4765156331166
STARLINK-11521 [DTC],62597,-2184.911509586355,4473.758377130003,-4526.132530234103
STARLINK-11258 [DTC],62598,666.1659953838769,5038.468603507331,-4408.95228669895
STARLINK-11529 [DTC],62599,1624.9650667318163,5014.956107285033,-4174.672666570264
STARLINK-32747,62600,-125.9833907279034,5248.647134005855,4405.354658051265
STARLINK-32767,62601,1679.7154523367747,-4746.093493941563,-4663.452624418234
STARLINK-32769,62602,-483.1768521205943,-5361.062120222881,-4257.021421433293
STARLINK-32778,62603,5916.123347236159,3456.566456713144,301.86713247488933
STARLINK-32710,62604,6492.353291544068,1896.7059082068065,-1150.0771726290982
STARLINK-32742,62605,6306.048663504258,-55.195228334695884,-2704.5983542197146
STARLINK-32783,62606,-2936.002258300333,-5325.979828933649,-3182.1513762887116
STARLINK-32784,62607,3030.2594175086356,4821.696467327165,3709.1485256204824
STARLINK-32806,62735,-3881.3462466110113,4013.6721122618737,-3991.0492033825144
STARLINK-32329,62736,-2545.4348676691457,-6144.817453742262,-1684.9414068147541
STARLINK-32774,62737,3616.959348192923,-4580.032574423684,3595.4763579702426
STARLINK-32802,62738,5055.689931405583,331.4765817319026,4615.648346286771
STARLINK-32796,62739,4908.810845019727,2148.922427238844,4274.8631570954585
STARLINK-32805,62740,2779.2696855266313,5953.871853507047,1965.0375357633923
STARLINK-32770,62741,2793.1995734114457,-5401.453706143814,3163.965612891629
STARLINK-32775,62742,-2614.7491677255475,-6095.502422306168,-1754.0012113129196
STARLINK-32800,62743,3379.645236480945,5035.658264822244,3196.367853562411
STARLINK-32758,62744,-2001.2896178767423,-6383.278010516173,-1524.8836175941246
STARLINK-32746,62745,4159.777454373238,4307.575574556909,3339.180964646986
STARLINK-32780,62746,2233.275493192014,6326.284313986017,1421.3427356685029
STARLINK-32765,62747,-5056.8020382884015,-729.0949750961715,-4581.579346321785
STARLINK-32762,62748,2765.764542347777,-5583.0226666130175,2859.3877078020446
STARLINK-32761,62749,1609.0902267840095,-6409.254103251158,1829.5186711305264
STARLINK-32763,62750,3646.6788255039196,-4354.486190988688,3836.925365080345
STARLINK-32759,62751,-1772.4470273717104,6340.588515207187,-1933.7170974496569
STARLINK-32756,62752,3093.7048684106353,5677.768651671479,2283.640823372972
STARLINK-32751,62753,436.85854659050716,6841.698286764891,-289.89546535615904
STARLINK-32740,62754,4702.754686135012,2992.106981126626,3990.21880260504
STARLINK-32745,62755,-4300.5092465725575,3189.035919920893,-4293.351773919441
STARLINK-33596,62758,5956.414818083129,1993.236776614406,-2737.53065398791
STARLINK-33589,62759,6825.854107187726,297.67110013256774,-479.67064831588914
STARLINK-33575,62760,-6251.940103205569,-1542.7906513348664,2298.1322131833467
STARLINK-33584,62761,-6707.55095471617,920.7371775399057,-984.5906248641521
STARLINK-33577,62762,4967.979096460652,-2886.4096531986797,3717.371027359177
STARLINK-33597,62763,6318.023641735496,-1614.2423400060734,2084.037208760226
STARLINK-33579,62764,1820.8642003005245,-3977.7857727660476,5259.314863632528
STARLINK-33592,62765,4261.824477870182,-3292.1065267720937,4207.318187611767
STARLINK-33595,62766,2783.956543403889,-3799.8309965854505,4949.712577489332
STARLINK-33572,62767,6599.48240848222,988.6367101872764,-1511.7248713243976
STARLINK-33601,62768,-5868.326775147893,-1995.634664101122,2885.6136771338397
STARLINK-33569,62769,6827.638124433328,153.59002410758347,-400.7834355600791
STARLINK-33594,62770,-1052.812694476726,-4042.508654311575,5416.8447403596065
STARLINK-33598,62771,1974.1994945799686,3901.7854464441502,-5266.636761628586
STARLINK-33600,62772,4669.102586380512,-3022.905848157294,3985.667882931924
STARLINK-33567,62773,-843.4758892154002,4088.9769159954385,-5424.853386947582
STARLINK-33574,62774,-1367.9462137031255,-3989.450411165677,5374.993998149017
STARLINK-33576,62775,256.5089578438261,-4100.895042005336,5457.818986374233
STARLINK-33570,62776,-4766.815589050427,-2848.6937672623753,3984.6826586455973
STARLINK-33591,62777,-6761.6044476010975,-492.1994994749627,907.8687877923073
STARLINK-33573,62778,5934.458679328849,-2112.9307750532325,2655.8534304569484
STARLINK-33568,62779,6398.647093438654,-1530.1022090385848,1864.4813961828622
STARLINK-33593,62780,-2046.3613832657481,3952.1597159176767,-5201.567587815859
STARLINK-33588,62781,-3653.5138120094207,3623.7547211354704,-4513.782670018191
STARLINK-33585,62782,6564.440650342902,-1253.272823941268,1488.3498733606907
STARLINK-33582,62783,6722.2635560569315,-965.0700336180373,648.32537473096
STARLINK-33581,62784,3738.1760792391674,3418.790816308101,-4615.206768523023
STARLINK-32883,62806,-3914.815153345078,4001.2577135623715,-3939.589174298232
STARLINK-32886,62807,-203.8269092049116,4208.839880649205,-5395.113901796617
STARLINK-32848,62808,2607.1351523359867,3458.122908641234,-5312.114457765401
STARLINK-32787,62809,4976.621619305219,-3534.9943395583373,3042.5775806532147
STARLINK-32851,62810,-3356.9789036197026,4117.09770733377,-4337.8026402053465
STARLINK-32847,62811,-4858.008863958172,-2167.123840287939,4310.935640614725
STARLINK-32837,62812,-6616.051102512995,1770.1837538165696,-284.8467157411235
STARLINK-32855,62813,1236.930148975525,3918.2447201055666,-5475.906762865715
STARLINK-32843,62814,6641.478179214479,-1669.1661915777454,86.70098663110471
STARLINK-32845,62815,-6133.51971804493,-813.5567921664727,2938.7217269961234
STARLINK-32854,62816,1305.0444280034678,3910.4885688130776,-5480.431652954852
STARLINK-32824,62817,-6558.096767668949,20.08622403513223,1982.23020471078
STARLINK-32853,62818,3801.349316694308,2863.2927348507033,-4917.346905645129
STARLINK-32856,62819,6629.207002616591,-328.9663028965005,-1654.8363906595673
STARLINK-32844,62820,4992.171627426571,2042.986018015723,-4226.695887706319
STARLINK-32782,62821,-6251.664338453458,2482.3748425825574,-1321.8889427216589
STARLINK-32842,62822,-2518.4096234493786,4263.533590192172,-4727.193630563787
STARLINK-32852,62824,4373.946882055635,2547.097699317417,-4625.780737119974
STARLINK-32825,62825,5293.563303117645,-3493.4124625106647,2586.6163925092646
STARLINK-32704,62826,-6101.016376589556,-555.9224636255251,2975.104135631872
STARLINK-32727,62828,-4145.398264267468,-2480.979747624723,4833.172015455888
STARLINK-11548 [DTC],62829,-5256.107817091333,-3619.5385662469366,-2123.785606720573
STARLINK-11480 [DTC],62830,-1185.397836918604,4766.521673039785,4582.578847798634
STARLINK-11559 [DTC],62831,-130.27982784798695,-5006.807209586733,-4494.003159530531
STARLINK-11549 [DTC],62832,3438.040247772873,-3881.4122566353676,-4302.870189660263
STARLINK-11554 [DTC],62833,5361.12493926663,-2325.469015591901,-3336.178850323581
STARLINK-11520 [DTC],62834,-4590.017957404317,3093.4934942963046,3827.2920787816906
STARLINK-11546 [DTC],62835,-1999.7935300286586,-4990.480798621208,-4042.594182175918
STARLINK-11533 [DTC],62836,6258.082342572089,-964.6599530490283,-2308.231869647204
STARLINK-11557 [DTC],62837,-5895.689436362348,1629.9122912726625,2789.3760560843984
STARLINK-11556 [DTC],62838,-6594.703713323232,-169.02060787260498,1309.7582310542682
STARLINK-11524 [DTC],62839,2645.9479926293816,-4273.813190928185,-4475.013931081194
STARLINK-11551 [DTC],62840,-4022.9208697948857,3509.997277164485,4078.9441703442353
STARLINK-11531 [DTC],62841,5611.162173143849,3289.2102224390283,1700.3097443322852
STARLINK-32755,62842,5048.054048639784,-2950.597319160671,3580.7439682434665
STARLINK-32797,62843,3230.0541913114002,-4039.914903308542,4498.2916023246025
STARLINK-32794,62844,-6209.42758471339,1047.2512026122606,-2726.1025176245116
STARLINK-32807,62845,-3357.062048883938,4122.65484643102,-4341.146250448224
STARLINK-32804,62846,-1511.3458294482946,-5214.996721826632,4183.674014865131
STARLINK-32799,62847,6474.037383913915,-436.52593885937875,2218.8264411333744
STARLINK-32781,62848,-454.1888765329529,-5183.757429586406,4460.357485519761
STARLINK-32809,62849,5210.595881730593,3965.0907890692397,-2053.2438240986544
STARLINK-32868,62854,6667.991847938222,-771.1123226900805,1307.7521199738096
STARLINK-32867,62855,-5036.363351862664,3513.803235989005,3030.0672031466297
STARLINK-32860,62856,5500.409296383241,-3232.8784122853126,-2475.4631112403586
STARLINK-32873,62857,2390.7191816905693,-4267.076407307941,-4788.568214783071
STARLINK-32866,62858,4681.292999634138,-3780.626813334432,-3261.608762544698
STARLINK-32869,62859,-6512.994945148545,-82.50513847314187,-2099.069935527817
STARLINK-32831,62860,6218.206290600136,633.4197866862255,2771.024365169386
STARLINK-32859,62861,-5001.402228119039,3521.3985435744553,3052.8186028997625
STARLINK-32864,62862,4739.842128451439,-3679.5762584139557,-3291.5973154977755
STARLINK-32808,62863,-6704.303679605106,655.2990886265903,-1195.1739109834298
STARLINK-32862,62864,-1078.4282849043593,-3966.5478225338097,-5472.504951573974
STARLINK-32841,62865,-408.3303012382324,-4113.25402550298,-5456.380046579761
STARLINK-32695,62866,6308.327583994761,-2455.932051586099,-990.8613015443426
STARLINK-32846,62867,-3107.09067993785,-3246.1574417049096,-5163.78979894633
STARLINK-32822,62868,6131.717092214683,-2638.2750034066516,-1505.2379233657477
STARLINK-32813,62869,-5218.558571823476,-1864.8109240111746,-4016.8315979532913
STARLINK-32861,62870,5612.8515017877835,-3223.4681896919706,-2221.560584535691
STARLINK-32814,62871,6449.298665179033,185.69532918115632,2261.5277492111336
STARLINK-32849,62872,6718.1048199455545,-1030.5342393206345,766.1175164200376
STARLINK-32833,62873,923.708114623018,-4280.729642220836,-5261.358820454581
STARLINK-32793,62874,-3731.5498497314716,4014.1083570036267,4080.2455217118613
STARLINK-32834,62875,6598.067277307963,-1788.586420431845,-255.19134315227595
STARLINK-11371 [DTC],62879,3335.8248661218104,5748.0781219814035,1034.684559278125
STARLINK-11352 [DTC],62880,1071.3525714822915,-5959.459005612583,2911.5660843653095
STARLINK-11382 [DTC],62881,-5189.061236767831,-1428.330858501702,-4028.957215798472
STARLINK-11432 [DTC],62882,2241.016870654304,6345.1932905550375,-114.61334602205736
STARLINK-11419 [DTC],62883,-3871.4033614136492,-5248.558471018689,-1618.7423902602748
STARLINK-11437 [DTC],62884,-1918.564643581714,5452.736640530882,-3445.9788858297893
STARLINK-11442 [DTC],62885,4035.4385091296995,-2964.83774579512,4482.284318351555
STARLINK-11365 [DTC],62886,1262.48411793775,-5860.162735059244,3045.195812031582
STARLINK-11436 [DTC],62887,-5171.0618173428475,-1966.5859132240396,-3834.6128179265343
STARLINK-11438 [DTC],62888,2978.9158263978197,-4445.642228337546,4061.743122078014
STARLINK-11391 [DTC],62889,-2855.317930394822,-6069.42144797744,-459.4660392622399
STARLINK-11431 [DTC],62890,5175.165888791927,1523.4595248996181,4008.2803135531717
STARLINK-11435 [DTC],62891,4318.363686886043,4633.854308648696,2253.0577059873676
STARLINK-32878,62892,553.5801542282408,-6503.429658626011,-2118.8178464392754
STARLINK-32892,62893,-1485.9805775491204,-6693.73338479304,-317.3094614220656
STARLINK-32909,62894,-4012.1510292726493,-5025.742424166782,2383.9320799114194
STARLINK-32901,62895,5032.939821540247,2579.414418422761,-3886.1543838113084
STARLINK-32890,62896,-5159.147671176594,-734.767481632629,4452.864976521064
STARLINK-32893,62897,-2006.9820391870248,5683.1402002697305,3265.0997055911553
STARLINK-32902,62898,-3352.770938812632,4322.727421497244,4130.78650792837
STARLINK-32661,62899,5107.038332187821,97.36216544884394,-4582.5264859644585
STARLINK-11552 [DTC],62907,-4426.2577614036,2167.686387889112,4564.604845908534
STARLINK-11561 [DTC],62908,1348.735952022395,-5331.843295327127,-3877.3988988380515
STARLINK-11567 [DTC],62909,2625.3598953316036,6077.684554731669,1157.1275101400788
STARLINK-11569 [DTC],62910,-4195.444152288168,-5238.2429879058955,456.39227380826554
STARLINK-11537 [DTC],62911,-5545.223943396386,-1529.7051332747335,3471.6134241360496
STARLINK-11565 [DTC],62912,5426.061851524016,392.0948536139069,-3958.026795427618
STARLINK-11564 [DTC],62913,-4056.0381850312274,2752.592974951339,4587.461879866965
STARLINK-11566 [DTC],62914,2440.8381485184273,6124.851529699238,1326.1131873706115
STARLINK-11555 [DTC],62915,2527.384839557063,6105.640801771072,1248.8889713986334
STARLINK-11430 [DTC],62916,5383.791317297575,3141.8116021003484,-2531.3931816677164
STARLINK-11560 [DTC],62917,-5517.883507145829,-2450.520953759197,2961.301136257812
STARLINK-11562 [DTC],62918,-4720.116727452086,1648.2607892443878,4517.4133019112805
STARLINK-11457 [DTC],62919,5232.780383295966,-350.74693208105106,-4207.365585398419
STARLINK-32921,62920,3155.5747263647104,6068.662807658961,-534.3067976199252
STARLINK-32917,62921,5222.485919201056,-599.6291672853764,4398.513408973504
STARLINK-32916,62922,3874.3457276451472,5655.131911417982,236.84272363886103
STARLINK-32905,62923,128.29517509761354,-6112.2302760789335,3102.6969237034073
STARLINK-32871,62924,5589.363362303354,1275.0815048919446,3760.1499262712937
STARLINK-32920,62925,5330.698689035667,3568.6253867921055,2421.422372362624
STARLINK-32922,62926,2212.169211584355,-4961.007236914896,4180.286280996281
STARLINK-32891,62927,-944.0640681624716,-6361.152349655306,2378.400336910539
STARLINK-32728,62948,869.6270884500553,6752.756105360202,-672.69046031446
STARLINK-32857,62949,3981.227229572542,2134.0575117961853,-5143.306648937229
STARLINK-32850,62950,52.53308618474823,-6846.32029809286,-175.52181671773332
STARLINK-32875,62951,3570.638890797493,3783.2936667310223,-4447.952690349868
STARLINK-32865,62952,1369.830698282803,-6426.300161081744,-1941.1470739540898
STARLINK-32884,62953,3026.0270477426557,-4272.73236264403,-4408.549474782844
STARLINK-32874,62954,4085.2774569794938,1168.5507627956906,-5366.407601038185
STARLINK-32880,62955,3994.686081059393,-1424.3720768260807,-5383.477971632558
STARLINK-32815,62956,-3470.6046579837853,-3987.782228944653,4330.522494375803
STARLINK-32879,62957,-4024.054356178823,1158.3237354081275,5408.380903095945
STARLINK-32885,62958,922.4366978559485,-6543.60759425843,-1774.7101244196213
STARLINK-32896,62959,-4075.0394909313536,642.8643106568205,5461.154596775815
STARLINK-32877,62960,-3678.8010802527374,-2977.7405289313065,4945.565097343847
STARLINK-32889,62961,-3991.0104302645973,-1479.1153573338563,5359.460943037875
STARLINK-32858,62962,-3701.3900655614343,2870.264249291911,4992.20726321595
STARLINK-32882,62963,4094.5226047098836,-58.993857807474846,-5484.531423077981
STARLINK-32887,62964,-3338.8990416389997,3610.0804685109983,4744.923163676768
STARLINK-32836,62965,1872.4752462289462,6253.001528295993,-2055.6245630630647
STARLINK-32888,62966,-3027.405389638811,-4593.204358331283,4076.7904171366163
STARLINK-32897,62967,1940.5842591938576,6122.674261204096,-2361.8988359811433
STARLINK-32863,62968,-1712.5008791078772,-6249.340056582574,2207.574375421159
STARLINK-32894,62969,959.1958157569837,6673.345817514924,-1242.2932894913868
STARLINK-32826,62970,-1615.874631900472,6277.298440960373,2218.583707674597
STARLINK-11543 [DTC],62981,5023.474973010885,-233.42340761530517,-4469.750043662156
STARLINK-11458 [DTC],62982,-1772.0606831200425,-6462.656675979636,-594.7815667064339
STARLINK-11417 [DTC],62983,3987.584071005196,5089.817165164386,-1853.7334072162462
STARLINK-11544 [DTC],62984,1099.1718689855602,-5948.9349812319,-2944.661064273491
STARLINK-11582 [DTC],62985,-4926.135319249437,-3207.979848725698,3257.5928083496624
STARLINK-11571 [DTC],62986,4271.650842114503,4731.793774560251,-2133.880543456962
STARLINK-11539 [DTC],62987,-2891.5902351061704,-6046.9685831212,527.4800592959054
STARLINK-11542 [DTC],62988,3327.54755128855,-4015.793532718299,-4252.968560409347
STARLINK-11573 [DTC],62989,-3970.5783385123505,3045.7580978470987,4481.3652416237765
STARLINK-11572 [DTC],62990,4355.406860228319,-2292.927038802762,-4576.177182264246
STARLINK-11583 [DTC],62991,-727.3392921926633,6138.247985331666,2641.6317383513406
STARLINK-11570 [DTC],62992,852.3958099875921,6525.387633747946,1377.4035157326284
STARLINK-11576 [DTC],62993,-5151.3959283103295,-1756.1524045339604,3936.262542825223
STARLINK-32899,62994,4146.050265538056,-3063.2983295940353,4516.150922514311
STARLINK-32819,62995,-4324.947762752973,2713.608930772392,-4586.192311815355
STARLINK-32703,62996,5133.674228341409,8.383800731275517,4542.521690979375
STARLINK-32881,62997,-4815.512329996714,-3693.0432809720805,-3198.7313397098146
STARLINK-32898,62998,4739.652846404787,3843.288951521974,3126.1227204764677
STARLINK-32658,62999,-5230.641902871937,-1225.9774833552867,-4269.6597277242845
STARLINK-32673,63000,801.2834285835467,6713.659494995661,-1171.230550066146
STARLINK-32437,63001,2729.8692541757637,-5013.315003125069,3794.6528104189506
STARLINK-11448 [DTC],63005,-2473.983946859556,-6051.626158243781,-1571.0738164149216
STARLINK-11553 [DTC],63006,3527.621084036363,-4352.246296348671,3706.3369458895963
STARLINK-11526 [DTC],63007,1876.9575145956258,-5973.462776541122,2434.147853588947
STARLINK-11405 [DTC],63008,4799.593428394274,2127.637873897048,4190.875303943865
STARLINK-11586 [DTC],63009,3672.665870632441,4866.823595368371,2851.829073835444
STARLINK-11574 [DTC],63010,4782.558502321718,2231.363405607199,4163.412945575502
STARLINK-11580 [DTC],63011,-4900.828818016127,586.4721698707481,-4575.746037848512
STARLINK-11449 [DTC],63012,-1921.5147569437129,5972.955931879293,-2434.712649398157
STARLINK-11577 [DTC],63013,2635.973851324269,5925.72467085665,1778.3357873504592
STARLINK-11578 [DTC],63014,3526.955548444552,-4359.48449704437,3707.2305871535864
STARLINK-11541 [DTC],63015,-4058.6423305815138,-4276.665344118015,-3237.9259715494277
STARLINK-11545 [DTC],63016,-3732.951786333819,4031.696340649915,-3889.186146459926
STARLINK-11400 [DTC],63017,3449.2092345644464,-4478.8954528897675,3648.648232148135
STARLINK-32870,63018,-694.837421340037,6718.973099923658,1176.076038126942
STARLINK-32872,63019,4694.62212688495,-2111.8232066253427,-4539.3328419807995
STARLINK-32677,63020,971.1085769897937,6778.647461673962,-379.24190904059435
STARLINK-32929,63021,2730.7212649566604,5936.828247611139,-2091.3014799624275
STARLINK-32944,63022,3661.657451965531,-4437.281811594142,-3743.207160840471
STARLINK-32943,63023,-4713.675932793168,-2712.340109910832,4174.845019454931
STARLINK-32803,63024,-3914.6117930486407,-4581.805932245455,3270.5824969156274
STARLINK-32926,63025,-1485.9019033292016,-6646.498423310341,822.8552295156593
STARLINK-32798,63029,522.6082814433914,4988.585542227051,-4677.689804259064
STARLINK-32779,63030,4377.241444523739,732.0418827547214,-5211.912059818301
STARLINK-32716,63031,21.504034311645714,-5998.099215452907,3278.1378730071438
STARLINK-32776,63032,-3568.283491511987,5716.698568414307,1170.2022223724393
STARLINK-32772,63033,3729.1657791411694,1706.2418497717943,-5495.895311875839
STARLINK-32830,63034,2352.6843928509757,-6386.723563548801,748.093963078448
STARLINK-32801,63035,-3625.355674806331,-1893.0134941830208,5473.209523041352
STARLINK-32818,63036,3581.853562066721,-5758.6890821488305,-994.574333777906
STARLINK-32810,63037,3602.3440337213788,1955.180648458481,-5482.089053902941
STARLINK-32812,63038,1751.5909567537042,-6425.224483586937,1610.8447965593327
STARLINK-32811,63039,3963.942904307536,-5259.701573240708,-1855.3066827204768
STARLINK-32832,63040,3572.164626190182,-5739.709503012902,-1105.8168021504734
STARLINK-32820,63041,3826.623201001154,-5501.775914581759,-1441.4483416534317
STARLINK-32795,63042,-2724.7371023217356,-3447.377745813465,5231.83554723381
STARLINK-32827,63043,5181.619602477248,-3593.0584318423844,-2659.9244971854437
STARLINK-32735,63044,-516.037732871062,5588.07623168266,-3918.982609078909
STARLINK-32828,63045,5038.052976875756,-4327.769786952279,-1697.7120977112036
STARLINK-32738,63046,2875.2822600221466,3225.4872826978576,-5307.909072538827
STARLINK-32590,63047,3130.07486416104,-6092.292470651775,-253.58657348950294
STARLINK-32790,63048,4643.7079560215725,-3302.6477604862675,-3790.6627352290325
STARLINK-32829,63049,5247.382284739052,-2494.0117654816668,-3617.403022844171
STARLINK-32816,63050,5028.713101350033,-1092.9650322990528,-4512.211401252035
STARLINK-32835,63051,577.2468497655427,5007.715994715301,-4631.014689566681
STARLINK-11550 [DTC],63052,-2575.3093601958944,-5974.161266357095,1712.67612651208
STARLINK-11563 [DTC],63053,-2795.368451146011,-5798.672433574783,1938.6436741752648
STARLINK-11347 [DTC],63054,4288.646541474487,3737.658382447901,-3596.291976949695
STARLINK-11558 [DTC],63055,4852.266095262401,-757.2030287898275,-4597.90885490911
STARLINK-11392 [DTC],63056,-1158.200948421724,6383.319769840993,1771.4470038791799
STARLINK-11406 [DTC],63057,-4580.618305537129,-2961.8203608407525,3925.9531776437257
STARLINK-11418 [DTC],63058,4841.034532837546,1789.7027779020646,-4317.627284914222
STARLINK-11509 [DTC],63059,1719.5786578472398,6439.581903316049,-909.2856846689534
STARLINK-11403 [DTC],63060,-2792.5307022587554,5229.340709965088,3170.312572777806
STARLINK-11409 [DTC],63061,-2863.4553557633526,5148.439257014459,3226.910539251538
STARLINK-11412 [DTC],63062,-4626.422097503146,1854.8974205759448,4508.350599882307
STARLINK-11399 [DTC],63063,1122.0487527640623,-6391.161214109585,-1783.44458434976
STARLINK-11408 [DTC],63064,-772.959094856761,-6690.452730945214,-51.234976013969245
STARLINK-33635,63065,2739.343424758804,-5140.059188778038,3613.8121766913155
STARLINK-33622,63066,3979.9524019506016,5025.833575633318,2435.952986630254
STARLINK-33628,63067,-4777.0534530168115,-3411.437739596017,-3553.321949517806
STARLINK-33627,63068,-2214.140315706271,-6466.1768671528835,-564.7710162929046
STARLINK-33620,63069,-455.09448598089665,-6755.323630186621,1090.7443643274912
STARLINK-33604,63070,-3129.8380691945003,4741.797578166587,-3849.343804928374
STARLINK-33624,63071,-3939.68402716248,-5225.800265916577,-2053.6079470040186
STARLINK-33623,63072,-4840.994651626174,1384.515028000205,-4664.176659822361
STARLINK-33586,63073,5123.068225079073,-321.41703538998087,4542.157926118046
STARLINK-33605,63074,5125.658642670045,1672.950643015238,4232.525834672929
STARLINK-32839,63077,-453.2468361346199,5912.659899217825,3622.994221059158
STARLINK-32821,63078,-249.9713681121221,6178.017434303773,3174.032851421988
STARLINK-32817,63079,-656.5218458906307,-6845.3832310441785,-1021.2318275822349
STARLINK-32906,63080,2527.4547023929963,3116.8265401251588,-5680.743467366377
STARLINK-32895,63081,2283.457448909431,5005.604712547765,-4255.754895763519
STARLINK-32933,63082,-2450.2194815334474,-580.6497103375417,6471.818362248306
STARLINK-32932,63083,-2025.747784119345,1968.8096748903731,6344.493760357269
STARLINK-32908,63084,-2535.423903617562,-3084.612647034223,5683.432157557296
STARLINK-32505,63085,2262.972424950399,5090.32169589403,-4164.58241486109
STARLINK-32914,63086,-2460.603465062278,-684.78456274493,6457.7399441943
STARLINK-32918,63087,662.7128163792244,6856.814870205831,940.8871748892
STARLINK-32912,63088,2004.3397868398133,-2050.838743511845,-6335.9081856280745
STARLINK-32910,63089,-2007.0288050595227,2047.323500749424,6325.546547271667
STARLINK-32903,63090,2467.071910158994,682.4142992630018,-6466.587376254901
STARLINK-32925,63091,2055.6901392821537,-1831.7639858501393,-6385.821484771363
STARLINK-32924,63092,306.712718991693,-6085.611562316485,-3350.278920383393
STARLINK-32900,63093,-2207.8913707360034,-5338.920134670869,3859.429502642592
STARLINK-32927,63094,1545.0694747900907,6591.086923322313,-1591.5201585158393
STARLINK-32907,63095,-1266.2868673604669,4382.34432433304,5239.556306012594
STARLINK-32911,63096,2521.2820406332025,3236.765221343569,-5616.605038795066
STARLINK-32923,63097,1285.6139508012902,-4311.771281028565,-5302.672408600165
STARLINK-32913,63098,-1547.158670809361,-6602.609465357413,1523.2828390375294
STARLINK-11629 [DTC],63104,2980.9001697380495,-5967.379459854486,-858.3378722316985
STARLINK-11624 [DTC],63105,-685.7040217730942,6097.785186075718,2727.5564689069943
STARLINK-11584 [DTC],63106,2933.859679383458,4118.670342384274,4425.145090479475
STARLINK-11627 [DTC],63107,-1341.9838566978253,-5351.304024825655,-3846.374308326176
STARLINK-11632 [DTC],63108,-5100.1448636562,4022.363926250881,-1747.3783880577369
STARLINK-11625 [DTC],63109,-2997.438122904467,5956.368746104582,887.9196924293133
STARLINK-11601 [DTC],63110,-4627.31096342468,4799.897337116467,-973.4268102268417
STARLINK-11630 [DTC],63111,-182.1234554686626,5986.449961539463,3051.0207058217493
STARLINK-11590 [DTC],63112,5578.780461925264,-1353.12430157322,3502.238128392617
STARLINK-11598 [DTC],63113,-5427.299064596665,331.600166814762,-3960.225891197224
STARLINK-11600 [DTC],63114,7.6474822803067735,-5954.933959687868,-3130.8502893068967
STARLINK-11597 [DTC],63115,383.5180223160651,-6067.48658547275,-2901.6810634425997
STARLINK-11591 [DTC],63116,5535.257553906602,-2330.312417595551,3017.6872091448904
STARLINK-32955,63117,-3644.541597464558,-4069.9375466568463,3897.5093786040293
STARLINK-32945,63118,-3330.4009528527063,5990.240537538145,-280.7652984342059
STARLINK-32941,63119,-454.8903024230105,6615.318000791962,-1759.633155355818
STARLINK-32942,63120,-108.44040455675305,6191.7998865482405,-2956.156411033695
STARLINK-32947,63121,14.012659059362225,-6173.07330639523,2984.2132857449055
STARLINK-32961,63122,4905.4904094315925,1398.7765129710806,-4592.127136298061
STARLINK-32948,63123,1498.6645701214932,5457.702657402856,-3878.8785945652294
STARLINK-32957,63124,5578.662012142584,-2152.634801063242,-3368.0154594188903
STARLINK-11609 [DTC],63132,2888.2679957195683,3999.8998129179536,4561.026402495814
STARLINK-11604 [DTC],63133,1886.4051100308063,-5769.327911918547,-2901.2659675144255
STARLINK-11605 [DTC],63134,5990.326650658575,-1221.0936058264263,2803.215420923746
STARLINK-11610 [DTC],63135,5985.317572833585,-1222.9717832802341,2798.377543530404
STARLINK-11613 [DTC],63136,4561.776543140271,-4898.254799131654,-653.0479653762957
STARLINK-11616 [DTC],63137,-4732.678681309029,-2033.7844615765737,-4331.6114459061955
STARLINK-11611 [DTC],63138,-4133.635163061954,5196.47733658938,1078.3152021365452
STARLINK-11628 [DTC],63139,1102.4893806981963,5105.77340202252,4237.7932646045165
STARLINK-11607 [DTC],63140,-5730.753495221424,6.096383497039641,-3528.132075533801
STARLINK-11522 [DTC],63141,-6001.7489985317125,1914.345850182949,-2365.2368086182873
STARLINK-11503 [DTC],63142,-3692.490456967466,-3296.5833924619146,-4566.431173864426
STARLINK-11579 [DTC],63143,-2116.4785162923326,-4560.05036304395,-4468.45623709158
STARLINK-11581 [DTC],63144,1178.151746769832,5066.3541831584125,4256.957557762732
STARLINK-32949,63145,-4837.910011277462,4730.756926096421,1118.7344300810125
STARLINK-32952,63146,4169.667734036492,-5425.656484061077,494.46373352187516
STARLINK-32936,63147,3275.3149480458906,-5861.610445840304,1395.2796629974227
STARLINK-32937,63148,2062.286254435873,-6287.245396206383,1807.2430335049398
STARLINK-32939,63149,5559.927822902904,-3049.9690516223445,-2625.9896814088443
STARLINK-32919,63150,-247.58366502267148,-5949.909548446143,3396.2934614758656
STARLINK-32876,63151,-269.77082102738814,6134.501703315789,-3063.6713466377505
STARLINK-32915,63152,2684.893164527787,-6017.191621212518,1900.2382971807338
STARLINK-11602 [DTC],63183,3852.213705435081,4951.40178353248,2390.5639300581843
STARLINK-11617 [DTC],63184,5549.917575273952,3738.5991296380384,640.3422183792306
STARLINK-11618 [DTC],63185,-4590.17538931253,-4572.671918818287,-1798.30321857973
STARLINK-11646 [DTC],63186,2109.6136160140436,-4439.438055084645,-4588.115475033278
STARLINK-11622 [DTC],63187,5291.626801501884,-1739.8678699711484,-3771.245016607334
STARLINK-11642 [DTC],63188,1483.9130402336998,5361.025234022987,3772.850551984145
STARLINK-11639 [DTC],63189,-4072.7690189380774,3113.919444362933,4348.447101649032
STARLINK-11637 [DTC],63190,325.0496094059459,-5126.510627146419,-4357.955761408042
STARLINK-11647 [DTC],63191,-6286.905889092099,-474.063990022593,2341.9256125025436
STARLINK-11643 [DTC],63192,-1051.9122080526668,4886.4897922456175,4493.837982263736
STARLINK-11635 [DTC],63193,-5606.085302833681,-3673.707659330786,-611.8218601244636
STARLINK-11636 [DTC],63194,3159.248439295286,5181.549273241055,2887.634996378987
STARLINK-11631 [DTC],63195,2247.721088695787,-4374.095200212315,-4592.869749160343
STARLINK-32946,63196,-2109.7374156281176,4577.328776937185,-4658.814851749761
STARLINK-32960,63197,-2717.1549436859823,-4973.021861823314,3855.8430224726576
STARLINK-32904,63198,-760.8883110854437,4975.216956116137,-4665.873726565109
STARLINK-32931,63199,5298.533298234372,-2561.3470525560588,3520.4230289083034
STARLINK-32934,63200,3255.153510843106,4829.454656591756,-3631.5407241361218
STARLINK-32938,63201,3670.7578447026167,-3853.6561868042013,4319.556057895588
STARLINK-32935,63202,-6758.593367344745,-867.6601339544607,-797.0221382309091
STARLINK-32930,63203,-6232.207780710527,-2691.372541992584,975.3158040764379
STARLINK-11654 [DTC],63265,-4778.277686083141,-3453.509709069787,3228.1430084668727
STARLINK-11659 [DTC],63266,787.6551733162444,-4882.302921788709,4546.184677579261
STARLINK-11653 [DTC],63267,-1902.2221882491199,4719.643527981753,-4403.262761915842
STARLINK-11641 [DTC],63268,6562.051066933731,-1107.0053528940396,985.2736599482718
STARLINK-11638 [DTC],63269,5042.575037417677,-3268.5770940504294,3016.435747487076
STARLINK-11614 [DTC],63270,-5285.079338608328,3041.546613174376,-2841.6201120818982
STARLINK-11620 [DTC],63271,4498.0720047535015,3673.7337905141853,-3400.3114787108248
STARLINK-11619 [DTC],63272,-6496.900964119239,-1266.9660363335342,1185.7150720737018
STARLINK-11621 [DTC],63273,6305.152653343298,1690.5588591408273,-1628.0384218450924
STARLINK-11615 [DTC],63274,-6545.781338818726,1135.1756451099307,-1059.6783463457275
STARLINK-11608 [DTC],63275,3762.769495134978,-4082.577103952831,3784.915914321128
STARLINK-11623 [DTC],63276,1818.7994368573484,4743.8677696316445,-4413.33498439011
STARLINK-33660,63278,3846.395129074699,3892.5432405657666,4127.793480878408
STARLINK-33611,63279,-3698.6311552564084,-3884.3110701754526,-4281.697526163635
STARLINK-33646,63280,-1662.5402123748984,-4777.3020612857135,-4638.380381725382
STARLINK-33665,63281,6597.0376582442,758.7380615352705,1713.8991661915738
STARLINK-33603,63282,5455.394415495121,2641.8667034412006,3202.396823347017
STARLINK-33669,63283,5986.530140449963,-2870.949895270782,-1725.5870468016992
STARLINK-33673,63284,-5931.75479889666,3205.884331617327,1259.4253642522467
STARLINK-33662,63285,-5619.300545947057,-2451.682435889768,-3084.797513941857
STARLINK-33613,63286,-381.68587101002504,5063.545828345983,4604.742309129884
STARLINK-33680,63287,3013.2558183741257,-4759.3845110039,-3918.0890158184875
STARLINK-11568 [DTC],63307,1978.0162232136954,4513.7605861654465,4568.788471309557
STARLINK-11575 [DTC],63308,1817.9668657772927,-5358.088346905395,-3641.1739758887657
STARLINK-11585 [DTC],63309,6298.29080585756,-510.4947581957929,2297.2115319940726
STARLINK-11587 [DTC],63310,-6241.0016952570095,2426.8587509017325,-641.0215662953104
STARLINK-11589 [DTC],63311,-5365.846716290425,3933.5167620975526,982.0867074377827
STARLINK-11650 [DTC],63312,-5342.225672675606,-1735.5416413596085,-3709.2743110823653
STARLINK-11648 [DTC],63313,-3599.794819921539,-3532.684472798193,-4452.957120100369
STARLINK-11640 [DTC],63314,-5677.837621068282,3595.2580176888387,569.2359976683529
STARLINK-11652 [DTC],63315,4583.0411152379165,-4578.960027671904,-1805.7895360485131
STARLINK-11645 [DTC],63316,-6162.483728095479,-97.5546969860068,-2701.6127578968603
STARLINK-11633 [DTC],63317,-1663.5405279517709,5368.786370784206,3687.24126540495
STARLINK-11593 [DTC],63318,4503.60653992803,2716.1391783065433,4183.617897057073
STARLINK-11588 [DTC],63319,5783.891431473232,946.197971030413,3277.0328529053513
STARLINK-33671,63320,-5551.332094609568,12.99195113513758,4019.8103318180647
STARLINK-33650,63321,-5971.313294702286,388.562944774552,3345.2771801834015
STARLINK-33689,63322,-3521.801383280959,-3568.815365449139,4674.284104395948
STARLINK-33607,63323,-2697.5297806847634,5788.741965412671,-2502.0911510909214
STARLINK-33619,63324,1682.2290232175708,-5861.988139654346,3133.1373778967586
STARLINK-33612,63325,5924.494239643982,-3238.637588735159,-1235.555768310308
STARLINK-33672,63326,-5737.6478709159155,-353.8772285987372,3734.2465796472147
STARLINK-33625,63327,5625.930907482218,51.50866150327289,-3931.438297138459
STARLINK-33699,63328,454.53147616613074,5656.355443862625,-3858.1254978725055
STARLINK-33674,63329,1950.6016096179433,4739.102324762232,-4562.879996838238
STARLINK-32840,63363,741.63779070333,-6618.495069292976,1554.343702767263
STARLINK-32543,63364,-4130.555747243619,-173.50998886974426,-5455.589842284644
STARLINK-33741,63365,3953.176499891612,2328.8183402961126,5062.30194409342
STARLINK-33742,63366,2134.860788436175,-5844.660104952213,2863.160328058686
STARLINK-33734,63367,-3230.753144989244,-3404.782138378615,-5000.035942159093
STARLINK-33578,63368,3738.86874714943,3246.5606803591177,4708.972179932003
STARLINK-33626,63369,-2610.379911801756,5014.8862280750955,-3857.9312903512828
STARLINK-33657,63370,2750.4024508975517,5356.5231404712795,3235.14846355908
STARLINK-33648,63371,-1014.9298431395614,-6643.810240738354,-1326.0975849603992
STARLINK-33614,63372,4073.8496831708017,-656.9247549914976,5444.968204949983
STARLINK-33617,63373,2912.369651487314,-4550.501935381385,4185.926772370227
STARLINK-33618,63374,-1511.1160557657938,-6514.909556160821,-1444.057509795995
STARLINK-33621,63375,-3527.0967682843193,-3947.133076323543,-4339.561089348863
STARLINK-33539,63376,-4233.61710836684,1034.968527353514,-5294.171216033325
STARLINK-33634,63377,3025.768348626084,-4625.496862483243,4042.6553432586484
STARLINK-33640,63378,1335.730183485362,-6473.397517231279,1803.1604799593902
STARLINK-33636,63379,198.4550768717664,-6795.735904538743,624.9035936269737
STARLINK-33653,63380,-2558.346677418111,-5387.676750674736,-3383.114171997617
STARLINK-33643,63381,-696.9644267073485,-6759.895406810385,-901.31021822582
STARLINK-33748,63383,-2334.715760287239,-4864.695025111703,-4232.11184961077
STARLINK-33658,63384,3211.9557160148715,4597.801114740352,3905.557766215909
STARLINK-33616,63385,-1599.6470024580533,-5691.857187729077,-3473.626536588787
STARLINK-33571,63386,-2480.611108927672,6039.788798256462,-2045.8545375378699
STARLINK-33533,63387,2091.481608652266,6088.167068543529,2302.9285302495055
STARLINK-33629,63388,-359.1644012126138,6757.8513320340135,-1005.4373759506465
STARLINK-33656,63389,-4124.468198072098,-246.53268502567607,-5467.35571614821
STARLINK-33531,63399,1641.3439263029538,-4857.133542549026,4548.61923789992
STARLINK-33652,63400,2688.2652508703945,5653.354004547965,-2818.0943122753656
STARLINK-33707,63401,3727.3176799839043,-3432.952937539326,4615.479090129687
STARLINK-33668,63402,-5586.209329290382,-3980.723951980795,-71.03515383300238
STARLINK-33676,63403,4168.371468051821,-3008.375942866571,4533.843133076115
STARLINK-33711,63404,1752.0317214547613,5716.1778577023615,-3373.3890131559074
STARLINK-33708,63405,2273.948922241089,-4510.553681639291,4632.746261435216
STARLINK-33690,63406,-553.1584451636406,5238.703234601651,-4399.601589033753
STARLINK-33694,63407,5771.285460357021,-668.1009438840671,3639.8674439154333
STARLINK-33692,63408,-1154.137265812364,5164.621937688761,-4370.474006340588
STARLINK-33693,63409,-3646.0031651570275,-5421.845679770597,2080.959843625783
STARLINK-33677,63410,897.2624256512236,-5186.0766069027995,4391.142987494283
STARLINK-33647,63411,5654.954837598025,3718.4109715652435,1109.9943506938669
STARLINK-33645,63412,5153.369778222419,-1646.3267011713394,4210.239877751594
STARLINK-33670,63413,2979.2758096376256,-4041.927908954425,4665.136525235195
STARLINK-33644,63414,4518.630001184855,5010.635287509581,-1250.6313868483164
STARLINK-33664,63415,-1511.6951206135946,-5713.731862082797,3473.2618684476683
STARLINK-33649,63416,5292.479921761341,-1576.0182051051816,4062.1983581130808
STARLINK-33535,63417,-814.7335210947336,-5644.254523138939,3803.9225196142993
STARLINK-33703,63418,-5493.367819949818,1220.2539796305778,-3928.4702749757466
STARLINK-33709,63419,-4104.256517936877,3075.4084728078406,-4559.518036352258
STARLINK-33698,63420,6230.495684437252,2422.8913385712467,1544.0468015666522
STARLINK-33606,63421,-62.394915610822515,-5492.7346542819505,4100.295005012182
STARLINK-33686,63422,-5011.983103064149,-4625.172459950602,736.9338685704329
STARLINK-33675,63423,5466.51597091489,4144.841342024197,-173.66546485280622
STARLINK-33655,63424,259.76384831804637,5558.483033823425,-4017.6606827722194
STARLINK-33608,63425,-4073.939086923214,-5241.7975174740795,1717.4779090196032
STARLINK-33615,63426,-2139.0109344955404,4600.751771267519,-4621.934782675682
STARLINK-33682,63433,3650.8208093819358,-3692.873549933851,-4390.382382622441
STARLINK-33710,63434,-2591.8514626012907,3958.6582277556076,4865.774441996723
STARLINK-33733,63435,4708.232143401859,-3202.6271551729233,-3758.3057756771273
STARLINK-33638,63436,-1434.3640016722115,4096.15174490064,5217.850952169032
STARLINK-33726,63437,-6741.49627736563,120.21575205114875,-848.9127313655894
STARLINK-33681,63438,-6765.128968293347,553.0473080597653,-277.3441895654944
STARLINK-33730,63439,6656.185492115475,-1200.5355653749555,-655.5265355428936
STARLINK-33743,63440,-5673.226992861219,-1872.2028053372874,-3245.3542799617726
STARLINK-33715,63441,-6359.759422613977,-943.49332217088,-2206.52192282858
STARLINK-33762,63442,-6501.946678845797,-673.119807458144,-1867.7222488041557
STARLINK-33753,63443,6729.72283132739,-1060.8987327595848,-572.8132463190991
STARLINK-33747,63444,-6473.325256267115,1626.7814209176565,1493.946907738876
STARLINK-33659,63445,902.1678078111463,3987.9312655154627,5414.827776663381
STARLINK-33746,63446,2894.774655267109,-3897.889478545859,-4822.554737036128
STARLINK-33799,63447,6801.846668615211,525.9882030267543,651.554830635863
STARLINK-33797,63448,5914.609162050181,-2323.199405560199,-2551.0500135960006
STARLINK-33798,63449,4967.738136320549,-2981.814867960975,-3563.207551639522
STARLINK-33736,63450,-2750.5932146598598,-3623.381612746649,-5109.104435100355
STARLINK-33740,63451,-6639.5288456716235,1263.1226693345684,683.9127014749942
STARLINK-33763,63452,-3458.609263295105,-3352.0232379184863,-4863.479740414947
STARLINK-33784,63453,6538.869885363972,1248.1951713716098,1620.0792166387164
STARLINK-33768,63454,-3653.999712225103,-3267.1953978096403,-4774.097080910737
STARLINK-33761,63455,6404.206936706286,-1800.9034228015028,-1596.0770217704544
STARLINK-33737,63456,5956.904931487366,-2349.56999765085,-2278.174423856168
STARLINK-33795,63457,-540.8342044155452,-4044.8315994161558,-5437.1018555337205
STARLINK-33756,63458,4554.510508157117,2838.8110788857953,4174.692266066718
STARLINK-33780,63459,1372.3084372352253,3969.7636470805814,5419.956582954023
STARLINK-33679,63460,-6665.692553564897,557.0148902536191,1520.3470820790055
STARLINK-33706,63461,-5322.566352536576,2748.839456526514,3336.5883676407348
STARLINK-33691,63462,2105.5916883329073,4939.499059481886,4258.940208198969
STARLINK-33696,63463,2367.793277096352,-4561.041667376258,-4546.763393652659
STARLINK-33701,63464,-3940.0772732539454,3816.0631046295034,4110.834675917194
STARLINK-33685,63465,-4815.52199342272,-3932.621602467158,-2906.1096285544877
STARLINK-33654,63466,1281.9434681731423,-4864.9639042640765,-4667.6612016533445
STARLINK-33697,63467,-111.08719248274717,-5055.118216811454,-4640.749109760042
STARLINK-33720,63468,-1171.8849246821733,-5059.74221661972,-4486.560378257234
STARLINK-33587,63469,6576.77771303424,-874.3006521555234,-1750.8302435752469
STARLINK-33637,63470,-1560.9558317518588,4790.770703994962,4645.697028466273
STARLINK-33744,63471,-6702.053160528364,-1431.2823680109966,-314.66560037562186
STARLINK-33766,63472,-5092.528559270773,2967.4100428751744,3503.1366508420774
STARLINK-33765,63473,-3670.5269988757004,-4526.504908185627,-3624.986212768536
STARLINK-33735,63474,6281.514667100054,-1518.072852862506,-2305.0242412639354
STARLINK-33731,63475,-3066.0593606228535,4271.914684493418,4397.604004354213
STARLINK-33718,63476,4613.208461806901,4036.372962805607,3069.7159627426627
STARLINK-33630,63477,5629.925255360064,-2614.9251669072096,-2920.85919468683
STARLINK-33695,63478,5505.495803805089,3217.599548777422,2517.9203990589763
STARLINK-33713,63479,6576.355477421247,1673.3617860090392,987.6595124583367
STARLINK-33721,63480,6845.821086695469,308.3746242534399,-305.7650841552123
STARLINK-33639,63481,-1631.0437659591312,-4959.491460705213,-4455.830904694295
STARLINK-33688,63483,-5434.78719813746,-3452.870301823414,-2373.2729919354183
STARLINK-33700,63484,5312.433078713838,-2786.502204078615,-3330.7933950667743
STARLINK-33687,63485,6102.8109552206615,2680.2047552137733,1609.196371173922
STARLINK-33716,63486,6820.9733438856765,353.48163156911494,-650.9376980720518
STARLINK-33754,63487,-2937.695804159592,-4772.524935207509,-3962.1748374069125
STARLINK-33828,63493,5856.424736710754,1794.365428836053,3030.2131076071187
STARLINK-33819,63494,-6466.345467991422,1663.7089165043892,1455.586508011288
STARLINK-33845,63495,3098.577160995395,3569.8992102437455,4948.779978365961
STARLINK-33829,63496,5140.23543888309,2559.2087317789346,3725.1391701643306
STARLINK-33815,63497,1631.964060013353,3938.5026664682823,5348.759694355352
STARLINK-33833,63498,6038.11919834163,1753.7240226360725,2704.2845786697367
STARLINK-33534,63499,-1657.6340628414566,-3936.379089481222,-5359.192692619745
STARLINK-33838,63500,5808.107923261805,2004.6728780765131,3025.3209080691745
STARLINK-33837,63501,6843.358509040006,-153.31346314694636,204.00031171191887
STARLINK-33818,63502,4553.189846423814,2933.0590610163504,4188.736608672202
STARLINK-33583,63503,-1623.8533463955475,4083.96137632449,5171.181308733913
STARLINK-33811,63504,-6532.4537198532225,1392.5245322714438,1525.001417637117
STARLINK-33825,63505,-1238.405742971667,4079.9749405410184,5354.432184061502
STARLINK-33792,63506,1777.949091125316,3914.3910235227972,5325.960749939255
STARLINK-33843,63507,6024.10640455191,-2132.4558211587123,-2483.9662156406334
STARLINK-33809,63508,5394.115181481138,2368.8429515419252,3490.9523589105434
STARLINK-33678,63509,1565.235055110193,-4062.1173549979726,-5292.926776897906
STARLINK-33764,63510,-5857.9433845007115,2269.7002704310776,2726.941644233057
STARLINK-33804,63511,-1328.296373047507,4070.2495421086837,5334.222479250125
STARLINK-33751,63512,-6011.1478508939,2155.09353371487,2464.9832231257506
STARLINK-33750,63513,-6339.60812831955,-1338.8869422024222,-2224.939849271546
STARLINK-33786,63514,-6834.165155561475,-111.82464180038832,-508.22092476546294
STARLINK-33796,63515,3016.706072309803,3596.778650249797,4982.41789589597
STARLINK-33785,63516,-3957.6926434292072,3475.953204117498,4366.618522066604
STARLINK-33803,63517,6407.416140411901,1259.6269623722012,2073.230574165473
STARLINK-33807,63518,5012.118105550024,-3029.5154941115557,-3558.9673344652706
STARLINK-33787,63519,-486.3893642326911,-4102.22205767402,-5473.987927324687
STARLINK-11669 [DTC],63548,4502.284028928348,4945.352717364546,-717.558460499894
STARLINK-11665 [DTC],63549,-3082.2036970892714,-5622.8773642189635,2018.4752515565615
STARLINK-11667 [DTC],63550,-1885.8014364832488,4707.366688209362,-4426.209032095286
STARLINK-11695 [DTC],63551,5541.131529052638,3735.2150877404943,767.9426063487216
STARLINK-11685 [DTC],63552,4875.583524768063,-1819.4601554211633,4255.5598300707425
STARLINK-11697 [DTC],63553,2285.450000464723,-4439.90556902728,4498.158882468075
STARLINK-11680 [DTC],63554,-4602.655685257076,2218.534442763835,-4381.353454668613
STARLINK-11626 [DTC],63556,2213.903708896273,5784.57944091423,-2627.4361144805735
STARLINK-11668 [DTC],63557,-124.93612383370478,5496.317772834402,-3881.1808632855
STARLINK-11657 [DTC],63558,-5776.514762546961,-162.83478313949334,-3450.7920465914685
STARLINK-11606 [DTC],63559,5952.466570298346,2483.063547927195,1899.5483504376944
STARLINK-11592 [DTC],63560,-813.098665782301,-5699.111341296995,3471.34484437302
STARLINK-32953,63561,-1793.5991333784475,-5253.712370528222,-4035.8191130036016
STARLINK-32951,63562,852.5149530774717,-4981.1664461162745,-4643.046059819628
STARLINK-32958,63563,5985.929305870605,-1341.34836742642,-3072.5544840915095
STARLINK-32928,63564,3063.442618246932,5049.196320878766,3480.563226904627
STARLINK-32687,63565,1515.863412184796,-4783.863612842638,-4681.510394673225
STARLINK-32950,63566,-457.875416375212,5061.780530564246,4597.408880507485
STARLINK-32954,63567,6231.152536131182,2815.0348238540173,515.4670727014164
STARLINK-32940,63568,6653.040224271852,618.523990663535,-1554.4355896441348
STARLINK-32959,63569,2743.0019639236034,-5069.274648263857,-3726.10356252486
STARLINK-32956,63570,-770.782010641079,-6739.42886509139,-1044.808476272069
STARLINK-33722,63571,-5220.113357612471,-749.377890743539,4379.509207881283
STARLINK-33739,63572,5058.417053741064,-439.47592391950053,-4616.042395039033
STARLINK-33683,63573,5170.981952292933,259.28340452959213,-4504.276632907105
STARLINK-33732,63575,2497.5975707115263,6383.309827602418,-260.18756902641877
STARLINK-33800,63576,-4807.546036153825,-3814.852230998518,3059.780398430552
STARLINK-33632,63577,5201.0837611534835,2008.0835884771795,-3999.2142607478972
STARLINK-33719,63578,-4745.164410459444,1588.4903277239323,4683.932741529286
STARLINK-33755,63579,-4445.03379522072,2355.56593259623,4655.626181488814
STARLINK-33752,63580,1034.7644563134577,6683.703357092421,1131.250586665383
STARLINK-33714,63581,-5222.746944711691,-1850.8744436688191,4040.3260768471832
STARLINK-33814,63582,-3127.8052640309515,-6038.438258582824,877.211129725929
STARLINK-33817,63583,-21.348228461835138,-6554.494902579682,-2035.2036082000286
STARLINK-33820,63584,2178.6121905876284,-5410.45389345917,-3622.7092191382794
STARLINK-33813,63585,3010.4874263851007,-4603.637148983534,-4104.15709753364
STARLINK-33834,63586,-1930.3802307007513,5611.203383588381,3432.6862146240196
STARLINK-33830,63587,-3089.867693621737,4519.7170775349605,4124.289319804046
STARLINK-33651,63588,-2774.892295434329,4863.917570948122,3951.7744643645437
STARLINK-33788,63589,4447.032622681592,4561.161515798081,-2547.3696391711323
STARLINK-33805,63590,4530.181827320117,-2177.779901749224,-4673.498239558691
STARLINK-33702,63591,-3602.372961128127,-5663.746846162511,1414.2904222705815
STARLINK-33666,63592,2964.013535694842,6144.871591403809,-748.2888157765589
STARLINK-33723,63593,-5159.580788376861,-2439.5415106049804,3799.585208637041
STARLINK-33791,63594,3704.2834935386472,5551.288806205313,-1585.8581234058408
STARLINK-33831,63595,-5159.565104754554,-155.64343303747847,4509.610386305417
STARLINK-33879,63634,47.16517834315041,-6404.480435339273,2450.483160422524
STARLINK-33854,63635,-4391.872447176222,4915.511245980903,1886.3511909951867
STARLINK-33864,63636,-1956.6095973302067,-5385.528736978286,3764.0907252789384
STARLINK-33832,63637,-5329.568421329889,942.9442056704171,4205.701656985308
STARLINK-33856,63638,-3458.44612703689,5877.943577910113,718.1863815839276
STARLINK-33876,63639,3782.83956041523,3463.602624661053,-4559.9507012481945
STARLINK-33859,63640,-1092.9659229063498,-5939.585341155589,3243.6076431650745
STARLINK-33826,63641,-2353.6800608841586,6427.6279404986635,-440.74274816106913
STARLINK-33836,63642,3131.273445534157,-6095.549495291789,-305.233067728823
STARLINK-33558,63643,-5192.092829400974,3034.450898675451,3290.7351940887174
STARLINK-33852,63644,3725.314602802844,-5677.715066369007,-976.4006792967675
STARLINK-33835,63645,4914.546136017424,1170.5943154989636,-4645.276396978685
STARLINK-33661,63646,-1072.9023825190702,6583.939505179632,-1597.8914870570413
STARLINK-33729,63647,648.6707354339026,-6531.925556963619,1984.8740635358174
STARLINK-33717,63648,-4581.28334014266,4621.397524689886,2161.963783207086
STARLINK-33684,63649,-5232.096629873117,143.41874088940241,4425.5225461232485
STARLINK-33704,63650,1691.5184922257083,5598.17787062308,-3591.557743757309
STARLINK-33705,63651,-347.08970455146635,6495.410598689554,-2185.3513809092738
STARLINK-33663,63652,-4003.4729130211367,5395.22301213042,1371.4952496757994
STARLINK-33866,63653,4489.745857235352,-4801.02550209751,-1971.1690885010162
STARLINK-33849,63654,5078.607647265516,-3538.5686278638864,-2964.6078634439095
STARLINK-33873,63655,4781.2231307997745,-4286.721129349954,-2419.9450626319613
STARLINK-33772,63656,2205.535192506627,5210.310193024319,-3881.994040621975
STARLINK-33789,63657,-1876.7235525260003,6538.170792918154,-890.4339783438642
STARLINK-33822,63658,5116.835102757445,-3414.3582316242846,-3045.6933568561435
STARLINK-33771,63659,-2327.23646128998,6397.431215305718,-841.9461937447368
STARLINK-33810,63660,-4947.891934329788,3852.928353306554,2770.3689219767703
STARLINK-33823,63661,5311.670074633795,-586.1584187709099,-4307.016686420166
STARLINK-11651 [DTC],63664,-1309.9307848257142,-4748.040975525172,-4582.549578330687
STARLINK-11672 [DTC],63665,1479.7718626460605,-5033.997231281609,-4211.185392732461
STARLINK-11666 [DTC],63667,5761.033495359612,-3090.696203257684,-1570.956338554845
STARLINK-11663 [DTC],63668,6622.710321285874,-1058.4791811348339,461.2008839610839
STARLINK-11595 [DTC],63669,6123.773918311184,1264.3873699739622,2463.956489903135
STARLINK-11599 [DTC],63670,4853.680107108118,2875.556689729039,3652.4817195686132
STARLINK-11603 [DTC],63671,1369.6566244215612,4726.244045964263,4574.758364269736
STARLINK-11644 [DTC],63672,-3643.406401567101,4561.601928446657,3326.413111444251
STARLINK-11634 [DTC],63673,-4444.916819246183,4189.521096053739,2812.172814355132
STARLINK-11656 [DTC],63674,-6594.714994264189,184.55533978421965,-1296.0111682514828
STARLINK-11655 [DTC],63675,-6383.017253884949,-663.2412257023515,-2018.0343845850232
STARLINK-11661 [DTC],63676,-4298.800174123466,-3325.364024715444,-3965.5476635727914
STARLINK-33816,63677,-3934.8568087119866,5412.8446385440575,-1511.5722528815193
STARLINK-33861,63678,-1261.1491610339606,5818.713441739377,-3414.5269138853305
STARLINK-33850,63679,-5474.482270765577,-983.8966093239947,4006.2126697143444
STARLINK-33887,63680,5877.250998915062,-43.99324633319039,-3545.2022536082077
STARLINK-33886,63681,4816.32443859374,2093.571696613508,-4418.905519037704
STARLINK-33840,63682,-3332.997288119889,5639.629887443823,-2037.733022560176
STARLINK-33853,63684,5187.861438033993,-4489.269637096516,43.560445568245555
STARLINK-33847,63685,-6154.094144505114,1602.5537852894042,2563.491571569175
STARLINK-33880,63686,-2322.659123570936,5826.777189227142,-2780.8300473990744
STARLINK-33894,63697,4179.191079543004,-25.760307385847447,-5421.364920322043
STARLINK-33922,63698,-3998.8099133989144,869.481633994864,5486.1760902189935
STARLINK-33919,63699,-3706.246769801601,-4560.048946226942,3516.084758263381
STARLINK-33908,63700,1660.0300143537359,6647.8655105364,-158.80315976937067
STARLINK-33950,63701,-3276.1881544156518,3009.1797097809854,5196.537784792231
STARLINK-33939,63702,1640.7569920204112,-5435.019898695038,-3836.909756294993
STARLINK-33868,63703,3145.9302570239124,5587.063083404581,-2427.4107402416607
STARLINK-33937,63704,-4272.354658760178,-1151.6321197470838,5222.137975315175
STARLINK-33848,63705,-1697.282793137051,5396.104100573635,3858.9879208851703
STARLINK-33995,63706,-2164.80814982323,-6432.325722619274,941.0511771438438
STARLINK-33982,63707,961.850278618472,6739.4198982599755,784.6431482130131
STARLINK-33915,63708,4151.8122763775145,3090.305012331135,-4498.930310572364
STARLINK-33862,63709,2886.229934839839,5890.184972398283,-1995.3490765967667
STARLINK-33920,63710,-4170.320096108016,-2997.8029980157953,4519.491624419871
STARLINK-33580,63711,-4184.374011453545,-177.38598220532924,5407.301854380181
STARLINK-33783,63712,-2008.9997128390628,-6519.106399689207,597.9691221393144
STARLINK-33773,63713,156.51637618075233,6576.683740610551,1897.1056504222684
STARLINK-33745,63714,-3408.5414414158945,2711.1850184386553,5278.976650381456
STARLINK-33728,63715,-713.3083013345757,6203.110528280105,2816.5081457011306
STARLINK-33749,63716,-3301.967413566902,-5379.690144789815,2644.923911208402
STARLINK-33725,63717,257.5228547047202,6637.499083769402,1676.6800851996113
STARLINK-33641,63718,3216.170657764614,-3135.6451463553667,-5176.1402775394
STARLINK-33727,63719,4322.697369976762,1293.6091358855795,-5147.99598298663
STARLINK-33757,63720,3819.0850341963246,4342.039974044414,-3684.9154650112523
STARLINK-33774,63721,-210.44040909236244,-6610.7192971624745,-1783.3781355854003
STARLINK-33767,63722,-414.1838657179963,6373.134368887627,2476.1750735519863
STARLINK-33806,63723,2172.207205486686,6439.768442513636,-892.6509414082374
STARLINK-11677 [DTC],63751,-4011.7765411159207,3928.3869893624756,3695.992717931476
STARLINK-11702 [DTC],63752,1031.0403055046645,-4861.820610248743,-4533.597153463203
STARLINK-11706 [DTC],63753,6201.472798620174,1888.3611470636267,1768.366205208285
STARLINK-11662 [DTC],63754,-2806.0830656361336,-4476.381922858453,-4160.587049129507
STARLINK-11681 [DTC],63755,-6667.446675478713,-642.9507914005235,-555.8386918731776
STARLINK-11688 [DTC],63756,-961.5551080721818,-4871.963386597693,-4536.768708826221
STARLINK-11676 [DTC],63757,3075.9153905894614,4366.310534328584,4078.3182422153873
STARLINK-11705 [DTC],63758,-6135.646393651037,-2031.8411822962266,-1858.1374003663595
STARLINK-11703 [DTC],63759,3370.4382961244546,-4257.615921373012,-3973.370183007873
STARLINK-11701 [DTC],63760,5780.208875479598,2504.347384387113,2344.5220338718386
STARLINK-11660 [DTC],63761,6606.952976541818,-910.4568169696254,-847.3026738170705
STARLINK-11699 [DTC],63762,-850.1280614603114,4872.211534624304,4548.288619247713
STARLINK-11693 [DTC],63763,2947.4869707039134,-4423.765202145987,-4126.604814585281
STARLINK-33760,63764,2359.2079916749376,4428.475129359712,-4682.708218843414
STARLINK-33941,63765,3867.0684723228173,3468.7233662063845,-4485.670252209618
STARLINK-33824,63766,5133.81639806247,-4278.972444017787,1545.3396276100902
STARLINK-33808,63767,-3134.678788863068,5241.377466817254,-3128.554817484903
STARLINK-33844,63768,-4738.993719325286,-2658.437161816009,4177.647341291234
STARLINK-33907,63769,125.23438965947895,5226.6149248971,-4446.301923266053
STARLINK-33884,63770,-5344.037968846532,-1944.6444545551883,3826.512050002683
STARLINK-33841,63771,-6497.9599837307405,1934.5049493804684,1035.75076616834
STARLINK-33769,63773,-4088.9512821395533,-3270.283258774066,4423.649684365088
STARLINK-33914,63774,2768.208580006319,-5438.724756046265,3125.6398689694806
STARLINK-33932,63775,6659.684273560265,-1504.1938251752356,-664.9791784714336
STARLINK-33930,63776,-6417.669115709443,2408.3135206346033,-258.1250467793261
STARLINK-33911,63777,6513.263950215462,-714.3517219586781,-2039.5092462240234
STARLINK-33938,63778,-1111.708585369363,-4897.76660695926,4664.560740456873
STARLINK-33881,63779,-4052.411399276184,4675.449258286394,-2966.747558425115
STARLINK-33846,63780,-6628.407862672053,231.42735047335748,1740.6593030693753
STARLINK-33883,63781,-6094.791206224903,-1235.5391394465757,2887.0108834702814
STARLINK-33842,63782,1473.4661047286793,-5224.9859857866795,4185.694245619595
STARLINK-33892,63783,2537.674710897669,-5125.784958199871,3780.34574745838
STARLINK-33933,63784,1037.5954747357698,-5380.928574516964,4119.330463180916
STARLINK-33923,63786,-1678.5254880428124,-4720.61991963093,4676.366343510665
STARLINK-33947,63787,-4670.874502975584,4359.948539243558,-2504.569764862951
STARLINK-33882,63788,3190.455542057311,-4985.685042263937,3460.418997281569
STARLINK-33875,63789,6694.655546334997,-1031.911782090178,-1095.5499787232952
STARLINK-33869,63790,5309.750337427903,2338.0502429627736,-3665.8903228143536
STARLINK-33935,63791,-6546.333068991557,2037.4511316670344,109.39063338195797
STARLINK-33916,63792,-6696.98781322642,1103.784635574766,984.7753229025706
STARLINK-33925,63793,6434.251296760662,460.22454565018325,-2340.490854831109
STARLINK-33870,63794,4350.941538971882,3258.064363658141,-4191.38265862919
STARLINK-33867,63795,-5133.899793049597,-2541.8631008541965,3764.461063801716
STARLINK-33918,63796,-5340.256038094584,-2311.6949338979384,3621.730023919808
STARLINK-33712,63797,-2816.4749658256183,-4288.708453634345,4544.457813866198
STARLINK-33827,63798,906.0356367816457,-5219.069606325623,4349.705846316923
STARLINK-33899,63799,5038.692868510049,-4127.603883246332,2146.80712130579
STARLINK-33900,63800,6236.039820001082,-2793.299416606409,605.0450929858973
STARLINK-33975,63802,3689.9544272334674,3738.919692968934,-4417.643322916578
STARLINK-33951,63803,5853.710502712654,1621.5089515059965,-3194.972736982717
STARLINK-33909,63804,4128.181054976214,-4681.241949681082,2836.6840993578426
STARLINK-34029,63805,5063.6537696506775,-1842.9991158281885,4236.491683834772
STARLINK-34102,63806,5116.246741668471,-694.8592407130973,4507.048691206589
STARLINK-34109,63807,-3146.5581635686062,-4813.023328376203,-3741.9722163705064
STARLINK-34091,63808,-197.70530242513203,6768.348665504985,1097.3619443571692
STARLINK-34095,63809,4502.757264309444,-3964.590910356084,3316.683594747243
STARLINK-34127,63810,-5008.470521091339,-574.3345414442583,-4656.604293690265
STARLINK-34101,63812,2613.9278119259557,-6216.624418804528,1254.3980831476547
STARLINK-34065,63813,714.5266711628449,-6816.922341270693,-196.84013048223508
STARLINK-34057,63814,-524.0004974956782,-6629.038108243581,-1683.0007457424847
STARLINK-34060,63815,-1400.6920782148563,-6265.164927298844,-2417.6768695026904
STARLINK-34048,63816,5071.427726663811,46.98860400487358,4609.71710892928
STARLINK-33959,63817,3658.6841638404526,-5290.4673998255785,2374.603916092622
STARLINK-34058,63818,903.5949323352911,-6787.645838741034,-409.569057381699
STARLINK-34055,63819,2166.9911763897117,5762.283887574025,2983.980105102661
STARLINK-33794,63820,2423.154421481812,5531.175631154896,3248.6722938212665
STARLINK-34047,63821,448.40932538360215,6639.640755352289,1660.7741872905256
STARLINK-34094,63822,4773.785881078874,1710.7235864458837,4610.6044082806675
STARLINK-34043,63823,5043.451387901113,41.35984951554853,4640.294027983373
STARLINK-34025,63824,1770.6727778666636,-6612.903689917133,413.50978000909635
STARLINK-33874,63825,-2015.2019714951691,6531.005821128936,-603.1933355252105
STARLINK-33781,63826,4956.310736571798,842.940932052453,4657.910521459868
STARLINK-33891,63827,4754.729880914925,-3295.8347656531596,3676.524537385555
STARLINK-33903,63828,-4079.0310899865594,4744.463613104674,-2819.3127845474805
STARLINK-33889,63829,-4027.821639069897,-3510.5696953369666,-4305.450174797041
STARLINK-33984,63830,-5114.285803335236,1098.2407492443474,-4442.951565649743
STARLINK-33940,63831,-2453.0937222134407,6323.295552065844,-1041.0336636574682
STARLINK-33978,63832,-4787.506187024303,-1610.0042018084112,-4646.960806031539
STARLINK-34018,63836,-1478.987734390071,-4996.09409833021,4452.7184293213695
STARLINK-34053,63837,10.523898578578114,-5031.932060632967,4653.515715301721
STARLINK-34042,63838,-1379.8196937879034,4888.820404121585,-4615.0142851753635
STARLINK-34040,63839,6428.788136270982,-1364.9536144630608,1962.9378266765755
STARLINK-33990,63840,5749.098959520652,-2408.467581210218,2856.94044225394
STARLINK-34056,63841,-4839.873624122517,-3826.3034285576987,2987.713931792528
STARLINK-34026,63842,-5685.018937679641,-3116.3602353379297,2233.0130166189174
STARLINK-33777,63843,3646.282653925352,4455.855521916235,-3736.6762706073414
STARLINK-34041,63844,-6812.990300153478,-793.5540243321154,-50.43832422936395
STARLINK-34011,63845,-5457.659233499992,2720.142003245479,-3150.6950169305806
STARLINK-34044,63846,4298.340586582873,4147.92794291031,-3381.467838160343
STARLINK-34037,63847,6834.425097107152,190.57494646167274,563.3689347201146
STARLINK-34010,63848,5240.494827184821,-2944.815081986613,3298.201021886781
STARLINK-34009,63849,-6022.240335900991,-2569.2372857281107,2040.6362469583414
STARLINK-33958,63850,-6792.988688432431,171.07766265973504,-941.9105989586026
STARLINK-33776,63851,5853.982929399889,2919.7825971388365,-2075.085538066243
STARLINK-34032,63853,6494.192917338695,1931.888506755636,-1091.6520612192846
STARLINK-34015,63854,-6606.976617806637,916.271921610475,-1608.3683645668957
STARLINK-33969,63855,6111.845590175977,-1924.1548911811688,2444.977124725465
STARLINK-34002,63856,1532.7459233316645,-4819.820114303973,4626.6175057661285
STARLINK-33999,63857,6816.647623447648,778.6386568354775,11.16452726873136
STARLINK-33976,63858,4849.34164007485,-3282.1554017784088,3565.722625327892
STARLINK-33821,63859,-4063.101026740006,-4274.653784392778,3495.4947455689917
STARLINK-33888,63860,788.2650880569088,-4955.079700677607,4669.277573284305
STARLINK-33896,63861,-2651.278222986725,-4787.151370762127,4128.1460104070375
STARLINK-33878,63862,-3238.5171534967544,-4612.526164680792,3901.8892514633258
STARLINK-33954,63863,-6511.464314966447,-1900.5168339322377,1013.528860891198
STARLINK-33863,63864,4013.6692100744235,-4668.1594698079925,-3235.6164616562332
STARLINK-33897,63865,-2156.6924816960204,4119.569177417261,5160.526212848789
STARLINK-34022,63866,4029.774601541472,-558.9494408752773,5629.85050619014
STARLINK-33979,63867,-88.54267431097084,2995.350880983415,6265.069680315439
STARLINK-34007,63868,5108.005623516503,-4571.435499691112,-1170.1745158055164
STARLINK-34006,63869,-5226.267435008882,2300.8828077571297,-3969.1826814141727
STARLINK-33986,63870,-5206.0571318391885,4528.162062709708,842.460479098759
STARLINK-34013,63871,-3961.5332599689855,489.1738208641066,-5694.8318521131205
STARLINK-34059,63872,5654.372856205704,-3645.3320037380286,1749.5485317887837
STARLINK-33987,63873,-5642.797190869061,3663.7734095999,-1755.223932771317
STARLINK-34052,63874,5198.458799577108,-2220.920476792281,4040.6669476722714
STARLINK-34023,63875,-5209.091140738129,2268.0007271788013,-4010.090735092663
STARLINK-33778,63877,45.65688166875111,2908.358450046824,6306.297824896667
STARLINK-33901,63878,5653.964049707862,-3684.303670724983,1668.282375384029
STARLINK-33812,63879,-4030.202576273112,4683.499258470285,3179.3221596342423
STARLINK-33779,63880,3815.9250505898817,-312.6312041006596,5795.183268365442
STARLINK-33905,63881,19.353551481392874,-2961.847429051785,-6293.09070004585
STARLINK-34003,63882,2344.659138184709,-52.76334782527511,6369.201615941822
STARLINK-33968,63883,5156.079768954098,-4548.953404899568,-1037.6556152390017
STARLINK-33943,63884,2160.3653873303756,-4139.156602657153,-5154.909376193024
STARLINK-33858,63885,-5240.816418525127,4506.57848404587,737.2915814711688
STARLINK-33885,63886,-2106.906242106037,-1357.4367695038454,-6487.468586404396
STARLINK-33904,63887,-25.089854016518448,-2932.990529760933,-6306.185516899982
STARLINK-33981,63888,2195.2671553460837,1279.5232332738858,6462.795127160324
STARLINK-33738,63889,-3969.6741115103737,4677.50354844395,3262.89446014364
STARLINK-34116,63890,-5097.697370283667,-149.70557462254268,-4592.799481732218
STARLINK-34123,63891,-1887.7356278560758,6596.673988318424,-32.337866738103614
STARLINK-33972,63893,-3262.402503673276,-4500.439235093891,-4023.380342844593
STARLINK-33973,63894,1607.5168239978918,6014.818211645153,2873.4297894761207
STARLINK-34119,63895,-4702.138135678447,3791.0758223473304,-3257.638075407238
STARLINK-34143,63896,2252.1681890386662,-6462.44787825554,442.10726858824466
STARLINK-33957,63897,-3806.318179744391,5319.074347017709,-2073.0821686009203
STARLINK-34120,63898,-237.18202276990726,6714.500133518218,1381.3279979508648
STARLINK-34134,63899,-4481.628900686945,-2419.5209639432537,-4602.3127189639645
STARLINK-34118,63900,-5174.784856110303,1494.5161560709928,-4253.429017743288
STARLINK-34125,63901,-1448.4912656144497,-6097.933452927537,-2789.263924625734
STARLINK-33955,63902,2835.216261494442,5002.0117808247805,3733.942737024167
STARLINK-34097,63903,3251.7966429162666,-5851.607751045286,1489.1761444160222
STARLINK-34092,63904,-4419.293327659468,4409.136147881002,-2849.9764028220684
STARLINK-34114,63905,-1419.9790783536273,6696.768985579209,413.0169201025102
STARLINK-33770,63906,5153.884426407346,-527.9038446891723,4487.566270582028
STARLINK-34106,63907,4595.290843470238,2116.2103724029735,4623.952070840923
STARLINK-34083,63908,-3345.049636414902,5788.262540334649,-1542.3676744694196
STARLINK-34066,63909,-4735.70145812201,-1723.7707471173178,-4658.474301746138
STARLINK-34071,63910,-5130.461147268872,2031.0826124838534,-4080.1649736159866
STARLINK-34038,63911,-1897.2968960892197,-5809.810273370539,-3119.165723404016
STARLINK-34031,63912,-3594.25556311682,-4055.200686432128,-4210.427357953506
STARLINK-34070,63913,-280.44379777554167,-6596.481372723194,-1863.7881364877276
STARLINK-34068,63914,4216.532592115622,-4722.404074819615,2630.2852529613997
STARLINK-34076,63915,1571.6861269793062,-6673.910603184181,-219.19930130452036
STARLINK-33910,63916,3378.344177202664,4362.298742515126,4068.8511101671
STARLINK-34075,63917,4957.818858569881,-2907.077417739309,3736.3725383718734
STARLINK-34012,63926,6759.176344890925,731.0936073943473,1451.0358259472434
STARLINK-33956,63927,-1055.3173126926074,-2376.0036536064727,-6450.474996671358
STARLINK-33997,63928,4058.0172399676226,-1821.6859284182156,-5346.787742321244
STARLINK-33989,63929,1214.4901687197405,2371.102856623232,6413.582301514169
STARLINK-33980,63930,5864.975753243376,-1118.7068227459567,-3566.7176728708228
STARLINK-33994,63931,-1568.7976533949593,2276.6066320053455,6370.556784666818
STARLINK-33971,63932,6845.035945216546,-230.4115195451927,-1203.3594667126592
STARLINK-33877,63933,-3584.403291914546,-2119.5210903737875,-5569.9617683378065
STARLINK-33895,63934,-6784.053699936837,-675.9952033282398,-1364.885128511674
STARLINK-34005,63935,5856.845513605814,-1123.9868864205444,-3578.3117329098573
STARLINK-34027,63936,1533.9532268609228,-2288.424570184475,-6385.892295669306
STARLINK-34035,63937,-4128.0594732614,1810.9310332980926,5284.51137970369
STARLINK-33988,63938,3622.3815638758556,2121.417136857837,5534.860461394758
STARLINK-34020,63939,-5608.581478086003,-1534.4256365374374,-3813.789713390176
STARLINK-34021,63940,3978.844651311735,-1843.137124286285,-5398.874018736021
STARLINK-34004,63941,-6841.249867959413,255.74787187600484,1203.113422510877
STARLINK-34014,63942,-6010.65356076892,1048.0499884601863,3324.9660769160437
STARLINK-33985,63943,-3686.5779684489635,-2100.609970374845,-5510.296054686059
STARLINK-33996,63944,3772.815929477582,2092.870759048654,5444.433477804601
STARLINK-34036,63945,6772.5630534242655,711.5508633185202,1397.2228221314058
STARLINK-34039,63946,5791.6506025479275,1464.404030980487,3551.1165900106653
STARLINK-34034,63947,5619.362117746591,1544.1473743224167,3784.578100580166
STARLINK-33983,63948,-5890.984501297385,1118.7438915404807,3510.7085547006163
STARLINK-33993,63949,-1167.0689925100482,-2372.1347775991085,-6432.720411848448
STARLINK-33962,63950,-5554.376602130506,-1558.0606118965638,-3883.31183650531
STARLINK-33998,63951,-6746.141395680081,-729.9869061637453,-1516.829556123184
STARLINK-34159,63952,354.20189654596686,6564.968224151968,1953.2310969455982
STARLINK-34137,63953,-5176.7676854284755,768.7333967109096,-4440.336750720653
STARLINK-33974,63954,3874.2865435771705,3596.4409380439456,4362.576412598852
STARLINK-34170,63955,2288.215352185793,5486.904817452097,3415.577621485127
STARLINK-34187,63956,-728.6296546614627,6742.46206804805,1028.5658394857987
STARLINK-34142,63957,-2706.0100981581354,6243.042201483483,-868.8873241860155
STARLINK-34144,63958,-4061.5353935618336,4984.439703496987,-2397.941422052286
STARLINK-34099,63959,957.2122183296862,6338.452455873253,2436.4665946526056
STARLINK-34107,63960,-4993.042803677937,2821.789041363304,-3768.445436200194
STARLINK-34121,63961,-4895.74493697636,-1166.8496574794408,-4664.926402970171
STARLINK-34103,63962,-4115.461941259463,-3199.9014531696826,-4461.834760066389
STARLINK-33801,63963,-859.1273872800128,-6395.747677709516,-2322.2317637965666
STARLINK-34135,63964,-2675.7859570237706,-5157.872255755258,-3650.084060687372
STARLINK-34147,63965,965.1642101308713,-6747.968793939192,-768.595565109173
STARLINK-33960,63966,2731.046976190691,-6219.479876124112,945.862832632361
STARLINK-34153,63967,4785.651226074961,-3491.6586224958073,3449.212795460134
STARLINK-33963,63968,3839.8362538746287,-5246.361806585759,2176.788809417584
STARLINK-34112,63969,5167.505874326463,-1122.1605206523413,4361.049372645598
STARLINK-34084,63970,4866.197856183544,1261.4142111191084,4659.4217271527605
STARLINK-34138,63971,-4258.94953870586,-3038.4288394968644,-4441.923043055405
STARLINK-34115,63972,-356.8769064638416,-6670.031110093432,-1574.9224945678238
STARLINK-34028,63973,-1458.3151196609206,6704.008483545192,-24.483323174321196
STARLINK-33942,63974,-3104.0890270497825,5884.798071549231,-1680.4372880705164
STARLINK-34139,63975,-4263.1731168947035,4456.193733883353,-3010.8024569721933
STARLINK-34090,63976,-5057.271862912521,1927.1658796114789,-4220.138250122147
STARLINK-34105,63977,-5113.300085677435,429.24278568931794,-4557.797271828545
STARLINK-33642,63978,-3618.021490629999,-4173.200249310487,-4072.7729753948456
STARLINK-34045,63979,-2021.525813039968,-5862.332561258896,-2938.313676442104
STARLINK-33871,63994,-4267.302229564501,-2777.756939746351,4589.089491973657
STARLINK-34154,63995,5142.155196318463,-253.2388046147284,-4539.148548272725
STARLINK-34158,63996,3165.1442279377143,4531.231347061965,-4068.9040700828427
STARLINK-34165,63997,-2226.5567542140093,6482.509160818632,257.3048297052317
STARLINK-34150,63998,-946.8671435772724,-6280.983218838903,2584.867661580741
STARLINK-34169,63999,2606.6916313907045,5137.967990123676,-3728.950187309913
STARLINK-34152,64000,4748.5979108556385,1597.6995932404704,-4690.784517582092
STARLINK-33927,64001,-4857.5728505958305,3472.7527856485904,3366.89395109644
STARLINK-33898,64002,-4616.774951310933,-1958.1540161177275,4670.792910740659
STARLINK-33928,64003,-4119.657902388469,4939.249168298032,2376.743154475403
STARLINK-33758,64004,2948.6025313198675,-6121.804622485274,-957.3901746234939
STARLINK-33936,64005,4171.2542804372215,2996.697145505929,-4552.594523867216
STARLINK-33931,64006,-3807.8363608975815,5344.680494717309,1987.1196933483902
STARLINK-33759,64007,805.6886588238624,6363.277310095022,-2439.8545354193507
STARLINK-34163,64008,699.9578516684528,-6712.200835382146,1225.8379518361182
STARLINK-34077,64009,298.0562429171574,6546.599028755974,-2032.8519460112514
STARLINK-34113,64010,-2985.5173719209583,-4716.393204199705,3979.8955752692214
STARLINK-34193,64011,-2112.569682597718,-5549.937226008936,3427.9967260851236
STARLINK-34078,64012,-1169.7561651485428,6717.513032893911,-756.58562267094
STARLINK-34182,64013,-3800.848847355803,-3752.931101872499,4295.705146069283
STARLINK-34192,64014,-5065.248513188461,-287.3149014169281,4607.795836723798
STARLINK-34093,64015,1923.110789520413,5718.726621567795,-3270.938457818142
STARLINK-34016,64016,-128.0013820983914,6651.893933949758,-1676.0421977167675
STARLINK-34161,64017,3739.557587704848,3746.616148345359,-4369.41572153456
STARLINK-34162,64018,4613.0914672034705,-4092.4531966291256,-3011.5672637206903
STARLINK-34155,64019,2023.0700497349821,-6555.301226372421,-6.737188061647645
STARLINK-34141,64020,3461.212784413974,-5724.77252547048,-1527.928644155791
STARLINK-34062,64021,1394.5985145477093,6068.034482113326,-2888.8542598228796
STARLINK-34051,64022,3291.386922484243,-1068.82184649716,6022.152474867018
STARLINK-34087,64023,-5591.041226649146,-3224.548884888969,2579.9940923122194
STARLINK-34184,64024,5611.18308322311,3203.6880989872166,-2569.1461170548055
STARLINK-34088,64025,-6316.716721864972,-1532.536076476626,-2471.7799463533725
STARLINK-33992,64026,-3355.6944098007434,1026.31792485409,-6004.358528630054
STARLINK-33967,64027,3359.952107154092,-1029.8437946320632,5990.929535852625
STARLINK-33953,64028,-980.8380954863602,2178.0256338763616,-6530.990315787018
STARLINK-33790,64029,-3981.688589532375,-3373.8172264943905,4587.4535082942775
STARLINK-34030,64030,-6329.396194791216,-1556.6266975228532,-2425.0619256022596
STARLINK-34024,64031,-1602.461864734297,-3008.4796930994466,6052.115871497189
STARLINK-34019,64032,3893.172990335519,3357.7300526378917,-4682.324939459485
STARLINK-33860,64033,6355.853651423766,1581.5219665682434,2324.123048091783
STARLINK-33946,64034,5115.464044714391,166.4709299974245,4697.820486383609
STARLINK-34046,64035,-5026.536251708222,-96.28453562568622,-4806.807307308744
STARLINK-34085,64036,-5653.628917098957,-3204.1812934624936,2467.0507529899714
STARLINK-34008,64037,832.7388784643504,-2233.055359948818,6523.600877153012
STARLINK-34079,64038,1565.4625304879826,2994.0704981072545,-6077.946702492377
STARLINK-34089,64039,-3274.876904958709,1072.907586120557,-6040.648086113102
STARLINK-34117,64040,-6472.543977889429,-2539.69293672461,-57.45749652261719
STARLINK-34111,64041,-1720.9341648862048,-3036.5448694311845,6005.327254144355
STARLINK-34049,64042,-5253.454045482954,-298.0510131513837,-4547.505871343167
STARLINK-34096,64043,-3887.4517472164057,-3369.41732201422,4670.485362163938
STARLINK-34081,64044,-6456.949683770864,-2578.866865626481,56.524708106246834
STARLINK-34033,64045,5278.947844992303,305.2872912649403,4505.965038736742
STARLINK-33952,64046,6455.115542466882,2577.394573780894,-122.69451815076884
STARLINK-33961,64047,936.4643524301355,-2192.0770245726853,6523.27511369378
STARLINK-11741 [DTC],64064,2432.81054054267,-4896.236677385282,3909.295726481332
STARLINK-11709 [DTC],64065,3882.5822614764634,3614.46955210059,-4141.208852334544
STARLINK-11737 [DTC],64066,-5201.175841902685,3683.4102967761464,-2154.4475234911633
STARLINK-11726 [DTC],64067,-6149.380817213685,-1160.0681837814664,2458.3895790245674
STARLINK-11700 [DTC],64068,6119.041673861897,-2605.9401197049924,1014.511095153972
STARLINK-11649 [DTC],64069,-1881.6260663484334,-4570.178557870892,4555.37341498342
STARLINK-11713 [DTC],64070,3971.9567413442555,3559.734495228635,-4111.788579028294
STARLINK-11719 [DTC],64071,6634.736436884275,-578.7944265690005,-943.2619610068193
STARLINK-11733 [DTC],64072,-6622.6937656415885,560.3350665203608,1005.5640885339076
STARLINK-11729 [DTC],64073,3703.072675357336,-4539.082353340088,3305.4420914527823
STARLINK-11730 [DTC],64074,5013.107743494301,2710.6991860101402,-3572.8039903888052
STARLINK-11723 [DTC],64075,-3070.5231290804454,4767.090121058662,-3621.9758290578798
STARLINK-11715 [DTC],64076,-2543.2277606052194,-4308.850691426538,4482.392797241888
STARLINK-34201,64077,-587.6618072668745,-5649.646257080886,-3851.1770255702304
STARLINK-34190,64078,4110.322991303983,2906.142631068023,4651.340440175027
STARLINK-34168,64079,-4870.096400413577,4798.795302130004,-554.5220040029277
STARLINK-34098,64080,-1541.9591162303361,6148.10953275789,2617.5586117898783
STARLINK-34180,64081,5573.587381142557,-3598.91029031382,1733.5325265287172
STARLINK-34171,64082,-5700.193227430355,3175.6217263411468,-2124.432015467442
STARLINK-34126,64083,1663.6274586627817,-6139.57399857382,-2568.2283767819704
STARLINK-34157,64084,-2723.9153726255668,6055.928565876205,1722.639600178466
STARLINK-34140,64085,5860.799372104367,-1428.7419431173978,3256.1751177458204
STARLINK-34132,64086,3580.7188529200116,-5766.392193176163,-990.0766650406453
STARLINK-34178,64096,-4676.694020651017,-3503.0320759138867,-3587.5281267487117
STARLINK-34174,64097,4179.998648498311,-702.5883747012092,5358.397539770765
STARLINK-34146,64098,-2054.9472514118747,4198.26957309568,-4999.656958777825
STARLINK-34074,64099,-4422.361272668935,-96.7490626193712,-5240.8799293822285
STARLINK-34082,64100,-4684.518429469928,-1393.7326180997393,-4810.800397418598
STARLINK-34072,64101,-4783.351171307535,-2544.531754963891,-4195.54223486214
STARLINK-34104,64102,-1748.4982867130095,-6364.429014736027,1789.8904813874206
STARLINK-34179,64103,-3734.3560272772124,1755.7086559176867,-5477.581266142762
STARLINK-34176,64104,-4754.455030433663,-2305.607861134581,-4369.987799928098
STARLINK-33949,64105,-4108.350509720378,888.7648781387405,-5413.247383661614
STARLINK-33970,64106,-4012.536313462136,-5330.0456739436095,-1521.7234116785496
STARLINK-33912,64107,-4457.91944635677,-4464.08916768306,-2673.108477622693
STARLINK-34156,64108,-3166.448964829688,-6070.576741714173,-181.82524623928194
STARLINK-34124,64109,-1201.4111925243087,-6329.199839761687,2315.4173402627243
STARLINK-34145,64110,1462.4522838382848,6327.268772071319,-2158.4723985781566
STARLINK-34148,64111,2746.3578702550794,-3386.3795591896796,5270.911607500672
STARLINK-34136,64112,702.6634369360296,-5457.691641335773,4067.7652340628324
STARLINK-33839,64113,-3258.3453984947373,-6016.1737985538275,-322.78460328656735
STARLINK-34064,64114,-2681.246921922033,3501.836715312243,-5245.81735592025
STARLINK-34067,64115,-3678.0250459263143,-5700.389339341228,-900.9668602742769
STARLINK-34080,64116,4790.325539194502,2369.0844670483016,4271.948734390924
STARLINK-34122,64117,4267.7536218320865,-440.19463735476785,5327.237412381602
STARLINK-33964,64118,-4760.5160983382175,-1892.6778641709516,-4551.698815463197
STARLINK-34160,64119,2872.3862995533827,6139.562629323344,-938.9118618853614
STARLINK-34151,64120,-4550.69836095067,-628.9005153712175,-5089.089738699404
STARLINK-34189,64121,-4279.161239781429,384.68637057926094,-5345.080711919874
STARLINK-33991,64122,4427.360809382779,4569.988815816053,2523.6255425952704
STARLINK-11727 [DTC],64123,2815.322152296613,-4050.842823310105,-4575.612279208848
STARLINK-11724 [DTC],64124,-1740.47563907749,4762.77425923776,4408.185290708054
STARLINK-11725 [DTC],64125,5470.213818773408,3836.825180388742,-743.2361711304046
STARLINK-11717 [DTC],64126,5953.71680339685,2291.104360097108,-2125.426004817711
STARLINK-11721 [DTC],64127,-5521.2877354112325,-3761.3120115185743,779.2668305637743
STARLINK-11722 [DTC],64128,-3098.5216881843603,3801.9151936350395,4581.709745214161
STARLINK-11679 [DTC],64129,-5976.666237580204,-1328.3767068279174,2772.092419563558
STARLINK-11735 [DTC],64130,2498.773517315787,5738.08698135145,2445.2024110020884
STARLINK-11720 [DTC],64131,-4026.2968794540343,2903.006689537931,4529.215432030674
STARLINK-11718 [DTC],64132,1203.2633505526162,-5063.109793324709,-4265.98095646533
STARLINK-11716 [DTC],64133,4845.094235101224,-1821.3784305479953,-4297.301653285789
STARLINK-11714 [DTC],64134,-2287.4174565279,-5752.311385934436,-2627.30750578469
STARLINK-11712 [DTC],64135,1307.6356007158895,-5008.01263180789,-4293.047934351705
STARLINK-34254,64136,-3624.5136324718937,4081.3886919828356,-4156.745561184325
STARLINK-34230,64137,-74.21001536693794,-5274.379735579365,4065.6593984782885
STARLINK-34129,64138,-774.6203633768843,-5043.182871626829,4575.411781466856
STARLINK-34212,64139,2837.1184041065676,4735.44847650469,-4077.8970663194623
STARLINK-34149,64140,6728.6197881565395,1266.4529346853346,-438.0403426762074
STARLINK-34054,64141,6338.591847431634,2237.2972894931245,-1381.8330090894212
STARLINK-34195,64142,191.1980595800493,5046.251787564279,-4648.340675747741
STARLINK-34133,64143,-1982.0765517809682,4717.112143055589,-4573.84271834021
STARLINK-34181,64144,6767.1856553788175,-350.08187775584156,1064.6601890587187
STARLINK-34186,64145,3130.270900291416,-4298.785108785059,4325.28407920128
STARLINK-34314,64146,-3730.304059372611,-3003.767080633307,4998.785848593918
STARLINK-33926,64147,4743.43053257347,5047.2499740656285,235.4208035383387
STARLINK-34213,64148,-4775.590171975472,-5021.5447055419045,14.720932379593753
STARLINK-33924,64149,-2917.223003034642,-3968.505953896329,-4881.872313035557
STARLINK-34209,64150,3821.327886763089,3133.784817319402,-4864.985002759693
STARLINK-34338,64151,674.7567421086402,-560.4757207681139,-6880.734919592598
STARLINK-34348,64152,-658.4500211409554,574.5125200731802,6863.374410174435
STARLINK-34345,64153,2913.9432522512307,3971.5099272061725,4864.954885037225
STARLINK-33945,64154,3943.2187106009233,5692.689193926987,266.139596212093
STARLINK-34346,64155,4458.14592671649,4076.1730209148986,-3405.125022934514
STARLINK-34277,64156,-4544.033817222842,-4211.908801001107,3096.81578896315
STARLINK-34166,64158,-1809.9353784584262,-3007.2624744999925,-5981.258009409151
STARLINK-34344,64159,-4442.483572220847,-5007.2683619521895,-1803.6392811721457
STARLINK-34339,64160,-1882.017602173947,-760.2933326005885,6615.1725142251325
STARLINK-34341,64161,4453.951457986701,5018.2826610958155,1725.972503487913
STARLINK-34317,64162,1868.4728384646523,745.4224119078126,-6637.542780374574
STARLINK-34340,64163,-4769.639923953871,-4685.688751849805,1814.1748194934114
STARLINK-34263,64164,-2954.1974420504034,-2016.8619777045567,5924.695963391056
STARLINK-33793,64165,582.8786640468303,1842.5750455149757,6643.999382389468
STARLINK-34313,64166,3759.5182993223616,4619.583866572413,3533.862538603305
STARLINK-34309,64167,4774.23957302576,4718.722773864428,-1734.075613293896
STARLINK-34303,64168,2962.0707582135065,2030.6119988380246,-5933.453592814124
STARLINK-34175,64169,-3814.7448033113014,-4649.616423188196,-3450.167638522192
STARLINK-34177,64170,-4817.464493681701,4720.764917399591,-1198.065997823998
STARLINK-34228,64171,-3337.926853135649,-2421.420102122417,-5474.244654743344
STARLINK-34233,64172,4890.900209329185,-4608.155585434475,1313.7921118409242
STARLINK-34172,64173,-1121.6735853582682,-4623.659291162523,-4932.68154803722
STARLINK-34202,64174,-4492.074505617021,5162.106479343919,-383.0160949142103
STARLINK-34231,64175,5324.966067737254,-2897.871294214728,3178.262557143106
STARLINK-34191,64176,1963.1251596657253,-5981.159831748216,-2685.079696168868
STARLINK-34164,64177,4927.3732944183885,-436.9241290593976,4732.157578442485
STARLINK-34227,64178,-3603.2844240274503,5737.335148115378,1020.6934309258149
STARLINK-34194,64179,517.9437315431427,5062.4304258122365,4560.578139126734
STARLINK-34000,64180,-4474.643517254481,-612.8883518473133,-5159.076661568669
STARLINK-33917,64181,2105.7130078621876,3766.188018507361,5313.290499081619
STARLINK-34131,64182,-4194.762771926781,5417.17063700159,137.65613798091047
STARLINK-34188,64183,4911.081579333783,-473.47136188050354,4741.025374908211
STARLINK-34197,64184,4266.850470285537,1010.2359317788801,5256.309577818229
STARLINK-34063,64185,1146.006163877386,4582.159206449307,4948.949711175707
STARLINK-34200,64186,-4753.633135697147,66.17334030545777,-4935.77139212789
STARLINK-33934,64187,-119.27598769750416,5325.172972113106,4301.511386374439
STARLINK-33929,64188,-1106.031844018172,5718.054293581587,3601.667466611621
STARLINK-33872,64189,-3324.964894715807,5873.088286658313,1091.1657288667861
STARLINK-34214,64190,4528.128714885174,508.47729139738567,5108.456132179212
STARLINK-34222,64191,5234.020137282197,-1525.0802365871416,4141.0779898075425
STARLINK-34265,64192,1652.8811075300127,4164.2529318457255,5175.020075407731
STARLINK-34245,64193,5250.169849113982,-2560.209844068765,3550.5620581207486
STARLINK-34237,64194,-3373.5628392642757,5830.464642872538,1226.6160149900368
STARLINK-33857,64195,-4200.358697041265,-1130.0233917041683,-5301.440375657343
STARLINK-34173,64196,4037.986302985124,1378.0990790960507,5349.243222988964
STARLINK-33966,64203,-1455.3603659324665,5665.817812096029,-3577.1482868562357
STARLINK-34331,64204,2505.827902971635,6232.922530570366,1281.296658227317
STARLINK-34251,64205,53.983016674013065,6547.060623392677,-1988.9881559489565
STARLINK-34311,64206,3984.3605907597553,-1015.8285150322964,5455.496621391605
STARLINK-34324,64207,-2546.7973336285804,4392.067265584188,-4609.945378346862
STARLINK-34327,64208,-3853.7528471622013,-4330.540388445299,-3663.5829003105537
STARLINK-33944,64209,-3978.2316983980386,1108.4575499386426,-5475.025112235109
STARLINK-34310,64210,-4189.4760200297915,-3061.6913456551674,-4484.504819110987
STARLINK-34258,64211,-1975.7966773361768,5072.11219230986,-4148.0934438442
STARLINK-34284,64212,-3080.7325846883064,-5699.846755509754,-2244.027540078456
STARLINK-34332,64213,853.2311602514087,6712.9184295303085,-1007.6765057519054
STARLINK-34283,64214,2109.455056530437,6489.106885219158,462.7705446860719
STARLINK-34349,64215,2486.582092109943,6249.342760818438,1250.0759753180885
STARLINK-34296,64216,-3173.554271528672,3312.593835541164,-5097.594073391458
STARLINK-34320,64217,3129.6230845171535,5637.094823666782,2275.5456501423173
STARLINK-34300,64218,-4244.196884040113,-2686.1540560643625,-4669.353750508463
STARLINK-34323,64219,-4140.020626971189,351.82736623369357,-5455.546632474052
STARLINK-34328,64220,2940.8653723861107,-3700.5157218668974,4936.842154685776
STARLINK-34326,64221,4298.684786203449,1197.9433869345037,5174.062202868958
STARLINK-34318,64222,-840.91338888522,6091.845224281283,-3003.0911940425453
STARLINK-34337,64223,4042.1641312850193,3736.8197855052676,4050.5481002582474
STARLINK-34304,64224,-2195.727518864709,4870.235246248293,-4298.949436789133
STARLINK-34289,64225,3687.389008034884,4729.896454727928,3280.0456485663776
STARLINK-34347,64226,2870.2888698626566,-3821.4441017779573,4883.264296711359
STARLINK-34330,64227,-615.7856808804725,6282.33206529735,-2674.655066515656
STARLINK-34167,64228,-207.28671201605215,6375.849612341786,-2475.000750273415
STARLINK-34241,64229,-2696.594422455971,4103.458804653063,-4768.016160912287
STARLINK-11686 [DTC],64233,3987.2530835989564,3549.3690239029247,4081.2443419406
STARLINK-11682 [DTC],64234,2607.0040993344282,-5965.233431767815,1678.2489130283216
STARLINK-11675 [DTC],64235,-4611.266676502613,2932.009181488725,-3915.5773142420544
STARLINK-11691 [DTC],64236,-172.01391694826987,-6656.53059340212,-874.0299695650975
STARLINK-11670 [DTC],64237,3929.319435264014,3658.9847621663025,4040.5348978430648
STARLINK-11708 [DTC],64238,4769.442379606867,1324.374123269154,4541.25560101427
STARLINK-11683 [DTC],64239,418.96626554207234,-6703.485441228597,-331.1640307403157
STARLINK-11684 [DTC],64240,-2877.597301646484,5736.834772327057,-1998.9657786352327
STARLINK-11689 [DTC],64241,-4961.512656729841,437.830493651538,-4517.8930867625795
STARLINK-11690 [DTC],64242,-4504.975894021173,-2350.328387947723,-4405.056876440457
STARLINK-11694 [DTC],64243,3612.702545726336,4205.24432571483,3810.6963486144846
STARLINK-11710 [DTC],64244,2247.9664757154214,5717.9014504134675,2728.0770226274253
STARLINK-11704 [DTC],64245,-1859.1629708725138,-6017.6560579582,-2361.5050151194914
STARLINK-34203,64246,-1562.571633284615,5341.0220455419485,4001.752704403433
STARLINK-33865,64247,-5526.504895260532,-3048.6913222504477,2683.043427209411
STARLINK-34234,64248,3596.011018389729,5837.139964291844,239.5386594194567
STARLINK-34256,64249,-4992.818824654903,1248.9449995234722,4527.4883297234555
STARLINK-34229,64250,3690.60061840363,-3436.4270789941297,-4655.573741983226
STARLINK-34224,64251,-5629.927308333777,-1261.2919320629858,3704.3692514226686
STARLINK-34215,64252,1784.866421244994,6337.58250533571,1912.6273217234905
STARLINK-33893,64253,5523.367087360099,508.6234217218613,-4040.282218258687
STARLINK-34183,64254,1991.4242221919217,-5071.869255885568,-4173.214899050926
STARLINK-34211,64255,-97.26707839227186,-6130.092197072344,-3084.33279361217
STARLINK-34329,64256,3528.0188871041205,2563.062611862743,5259.355646345881
STARLINK-34352,64257,-6383.182032600164,2325.332162519017,-900.0464443595789
STARLINK-34308,64258,5960.11683197409,-450.20451773811504,3317.661704455082
STARLINK-34306,64259,-1237.4327723947038,4767.026980369446,4736.357680087227
STARLINK-34281,64260,6264.242187894269,-1488.685194880764,2302.1971101790487
STARLINK-34297,64261,6276.712450916842,-2436.9549721839326,1202.331521332475
STARLINK-34325,64262,3136.0226514664414,2939.117843137725,5326.889717624677
STARLINK-34276,64263,4844.164414977178,1472.3367246928974,4601.690935204176
STARLINK-34333,64264,-2461.546368646347,4892.887990572166,4087.1732341649113
STARLINK-34240,64265,6435.6209183813335,-1739.7242081371426,1581.1412014505888
STARLINK-34315,64266,79.74327691029458,4357.950150836764,5277.02509542632
STARLINK-34321,64267,1548.378777485994,3823.9378739566328,5445.933181017674
STARLINK-34319,64268,6108.304079936437,-3056.1208994807625,370.9857047227087
STARLINK-34298,64269,2703.609092989755,3159.7353497591857,5420.788600312135
STARLINK-34219,64270,4708.262728291736,1656.624855354266,4685.353604630636
STARLINK-34342,64271,-5253.579494344299,4016.808893419841,1788.319168380473
STARLINK-34001,64272,6070.540769055535,-256.4387443094541,3160.273546964172
STARLINK-34334,64273,6117.530151759611,-3088.366735970353,-114.11881284791548
STARLINK-34272,64274,4019.032032902476,2286.3508113066196,5048.235831228434
STARLINK-34293,64275,5178.1628223270845,1139.5408971150264,4331.671566748599
STARLINK-34350,64276,4724.943818671724,1437.9224142322378,4722.616537706933
STARLINK-34264,64277,-3244.553031011739,4702.844046858316,3774.296401091251
STARLINK-34353,64278,1717.3224852911108,3735.9200064315555,5470.787164762096
STARLINK-34377,64279,5355.056793412698,638.7135433336134,4198.052343261574
STARLINK-34359,64280,-578.5900160448738,4527.183496814929,5101.033985410484
STARLINK-34366,64281,-6427.899814117985,1852.94154150239,-1494.9553916572079
STARLINK-34381,64282,-4519.1300305034065,4398.723200738148,2671.9103155722337
STARLINK-34448,64291,143.2091459711048,-6256.871402254099,-3032.9184140316124
STARLINK-34362,64292,-2438.6381257087355,-10.105874550491041,-6512.812363236546
STARLINK-34428,64293,2432.259076672717,17.90782359558296,6504.594974967666
STARLINK-34388,64294,-2594.531836150008,4860.77236587979,-4242.290831781132
STARLINK-34424,64295,-1269.6088670924137,6823.213714581118,388.6332760998092
STARLINK-34443,64296,1217.8485276436109,-6829.902067808814,-466.8170586554047
STARLINK-34369,64297,-1798.9988083220003,-2568.3818868399467,-6207.5383230546795
STARLINK-34391,64298,-178.58710691843064,6309.7022380664375,2906.12532963368
STARLINK-34378,64299,1175.0776279983045,-6828.682845454339,-581.5580548858566
STARLINK-34376,64300,-2622.28501291256,4697.213920349694,-4405.844558658654
STARLINK-34372,64301,-855.521037412883,-4834.385613867957,-4926.238933652243
STARLINK-34379,64302,-4522.000471300779,-4280.345269032544,-2705.2134894036726
STARLINK-34356,64303,864.4871914044128,4838.849049557903,4908.675092104045
STARLINK-34360,64304,-2728.3467060245357,2653.8093937919593,-5820.112913482765
STARLINK-34383,64305,-151.58032026027755,6238.817948411582,3056.844526591119
STARLINK-34355,64306,-1251.3222450688481,6823.627675806017,439.4757372724291
STARLINK-34380,64307,-2061.714848134946,6331.3819895966735,-2001.4889815554384
STARLINK-34374,64308,-2464.290100367661,134.57607444064848,-6501.911486151494
STARLINK-34370,64309,-912.4741713434613,-4727.65089668346,-5018.738913573279
STARLINK-34357,64310,-2085.674481921933,6297.007270724437,-2083.3516294706815
STARLINK-34368,64311,-2727.2484517060925,2615.331163638039,-5839.069880256909
STARLINK-34384,64312,-1828.4227749383685,-2476.996893464641,-6236.559774768059
STARLINK-34358,64313,190.1094085704054,-6303.972089597652,-2931.3343018861888
STARLINK-34354,64314,2078.5124767848224,-6278.487353424677,2139.264409166851
STARLINK-34387,64315,2714.0373720357647,-2594.371984238708,5843.764715411388
STARLINK-33590,64316,2049.4066359317817,-6321.154069638138,2039.6714277491003
STARLINK-11736 [DTC],64317,-4875.397937942689,-539.8716281228437,4593.164218337015
STARLINK-11673 [DTC],64318,4050.8330257543444,-4251.19098235177,-3281.2393518627723
STARLINK-11671 [DTC],64319,4890.169469657385,470.7788145851493,-4600.196118000338
STARLINK-11594 [DTC],64320,-4632.789105304344,2831.1061121419,3961.473547500753
STARLINK-11596 [DTC],64321,-3880.601261728515,-3711.341795728763,4044.9721008791053
STARLINK-11747 [DTC],64322,858.0871893018963,-6671.783012507068,-25.13945624116737
STARLINK-11728 [DTC],64323,-1471.165093933757,6526.27971636137,662.3452427764327
STARLINK-11696 [DTC],64324,2377.256787324925,5619.2704180465735,-2829.653879090902
STARLINK-11698 [DTC],64325,4871.025102771017,623.6561178793487,-4599.709484373516
STARLINK-11678 [DTC],64326,3322.1039910915856,4610.353219227421,-3479.2591659555355
STARLINK-11674 [DTC],64327,719.5704125623405,6541.917497265688,-1383.5143151205577
STARLINK-11707 [DTC],64328,4787.911111084067,-2156.2593163313495,-4207.8355000312295
STARLINK-11734 [DTC],64329,-3345.42430384861,5243.617210758871,2551.232354840566
STARLINK-34252,64330,-5088.44334909697,-4482.817063920978,-1035.0473629183718
STARLINK-34050,64331,-376.63549622217016,-6015.564061343467,3266.425508608229
STARLINK-33782,64332,5069.865947363619,-1328.3987495053939,4417.302329038574
STARLINK-34207,64333,-3429.0674144281534,-5858.1431648685475,972.6545594323616
STARLINK-34260,64334,-5745.532237967036,-2795.478872626197,-2501.9646098416774
STARLINK-33855,64335,5764.521365309132,891.0108951905723,3602.3295465488454
STARLINK-34223,64336,3940.8683519027613,5551.321052471407,-853.0330665484453
STARLINK-34216,64337,2147.344323201767,6162.984136448365,-2119.937465635106
STARLINK-34218,64338,5736.615563393324,240.15072383310948,3745.7650853819314
STARLINK-34017,64339,1855.7318257931347,-5016.806546123735,4285.53669374603
STARLINK-33977,64344,2832.265293653469,-6022.086579486799,2003.9822833692033
STARLINK-34426,64345,3811.041097765788,-5775.394994357059,-671.0179017440332
STARLINK-34437,64346,-4160.3407082101385,4605.197118302145,3129.1019714235044
STARLINK-34407,64347,-3816.095481217534,5779.945956939516,610.092369991516
STARLINK-34274,64348,16.9900642268466,3925.533806506983,-5740.836995329529
STARLINK-34301,64349,2927.371729664962,-6039.960290522849,1803.1669225440512
STARLINK-34425,64350,-3845.706458888782,2738.8294364929616,5096.87235671138
STARLINK-34389,64351,-72.00277387340712,-3874.805781834493,5764.038463897146
STARLINK-34385,64352,-2826.2597078246667,6010.043971223709,-2064.420147006002
STARLINK-34431,64353,3800.972411487445,-5786.872612085038,-629.6695672573597
STARLINK-34473,64354,-43.099867416099706,-3906.9229655567688,5742.964567250164
STARLINK-34270,64355,-1632.536610091343,-1833.048513556391,6496.691555505624
STARLINK-34397,64356,-1572.9937226781494,5384.45003694155,-4111.398795869292
STARLINK-34454,64357,87.22732472204828,3847.97200420157,-5792.577587089403
STARLINK-34436,64358,3868.56833715664,-2857.714531793879,-5022.398953273168
STARLINK-34291,64359,1495.379670999402,-5342.911940957865,4181.344645039978
STARLINK-34458,64360,-1654.2602502768557,-1800.0861746362257,6500.166056425571
STARLINK-34243,64361,-2967.3977478657666,506.8476617364086,6259.599972649964
STARLINK-34335,64362,4145.754565089171,-4620.946463318107,-3131.557672279687
STARLINK-34408,64363,2962.6364031234175,-504.38773880089093,-6271.263049670157
STARLINK-34476,64364,1546.8932130136102,-5380.311878311312,4114.714018449039
STARLINK-34479,64365,1646.805207517567,1813.711092488851,-6508.864202629584
STARLINK-34484,64366,3837.4781068962407,-2748.3375853321513,-5106.400419336346
STARLINK-34483,64367,4142.749920746607,-4728.85898509148,-2970.313984597505
STARLINK-34457,64368,-3819.2184483352507,5776.4973124295475,623.0932583332568
STARLINK-34444,64369,-2859.2976590360336,6017.364537591871,-1994.4682184692047
STARLINK-11732 [DTC],64370,-2744.9648200919332,-4092.006740679035,4575.855362005815
STARLINK-11731 [DTC],64371,-6183.082761405699,43.729255839756966,2631.9478492246585
STARLINK-11746 [DTC],64372,5636.034101454329,1204.7567949190152,-3464.588549615994
STARLINK-11748 [DTC],64373,-2725.6947289625864,5257.688425373962,-3194.5174534465204
STARLINK-11739 [DTC],64374,473.1402037521389,5077.926199884963,-4390.936184725156
STARLINK-11738 [DTC],64375,-3065.5485740441054,5189.739342456543,-2991.327679860866
STARLINK-11745 [DTC],64376,3591.049308203517,-5050.561608590006,2608.702696373357
STARLINK-11742 [DTC],64377,-3830.1280016241317,-3320.3062769053904,4406.299758586076
STARLINK-11711 [DTC],64378,5282.088052676521,1768.6969827090459,-3776.4257386760614
STARLINK-11743 [DTC],64379,-5244.958836919135,4063.386192544307,-1115.051498014984
STARLINK-11744 [DTC],64380,-2941.791677093448,-3966.531174768541,4556.84326534087
STARLINK-11692 [DTC],64381,5962.204705688896,-3113.5952137739573,-34.01033736462131
STARLINK-11740 [DTC],64382,3400.5778485619103,3658.6218391271755,-4510.395271431762
STARLINK-34299,64383,968.9702502434483,6206.832089890831,2747.042284851235
STARLINK-34271,64384,-4125.621744299605,5076.340372614402,-2074.110319216946
STARLINK-34100,64385,-2626.1589565559575,6326.410208568801,-374.6018921604761
STARLINK-34269,64386,5040.35151406373,592.4781768896945,4605.69490494079
STARLINK-34351,64387,4935.755974440925,1028.330526629254,4642.931053973049
STARLINK-34198,64388,4629.185136154454,1975.6625695477883,4651.985926408401
STARLINK-34279,64389,3833.715975696624,3541.290065582684,4441.90896528303
STARLINK-34292,64390,-5007.267294431196,3220.644970279482,-3414.1926638916425
STARLINK-34278,64391,5240.030181785963,-1194.7550264568392,4252.833929572789
STARLINK-33802,64392,-821.1829382804107,6680.07103039508,1318.8038884123182
STARLINK-34419,64412,5987.022310988683,-2807.6733157910157,2138.037978774061
STARLINK-34275,64413,462.38863366023895,2346.5498671289483,-6529.820757732651
STARLINK-34225,64414,2083.681423796828,-2958.8153034589973,5928.637358300615
STARLINK-34422,64415,4980.449761115651,195.67325740263863,-4848.325288931177
STARLINK-34514,64416,-2850.4253977416,-1405.130711885232,6176.228730055705
STARLINK-34487,64417,-4637.555122808114,-411.6087033791147,5156.054179105243
STARLINK-34461,64418,4275.586661486479,-3135.859981293096,4489.748944162173
STARLINK-34512,64419,6269.890468237361,-1004.0228112054945,-2833.2178884180007
STARLINK-34503,64420,6621.0030473618535,-2103.141619168637,-258.66871262997074
STARLINK-34498,64421,2851.71227678887,1415.2607691790781,-6182.068171324872
STARLINK-34434,64422,4437.020338772855,-3130.0485011011597,4334.360061871944
STARLINK-34467,64423,-4507.879719114561,3144.872695912678,-4260.857971293792
STARLINK-34468,64424,1980.1269122951433,-2941.2919650950635,5972.878920293465
STARLINK-34452,64425,-6295.839783829664,1069.6422997135398,2743.836540907138
STARLINK-34432,64426,-2230.2677873495995,2994.9896064418003,-5866.849187688807
STARLINK-34480,64427,-6255.725583979996,1014.1180630975938,2854.8175803674926
STARLINK-34495,64428,-5987.959735793398,2826.211351625793,-2126.004152202169
STARLINK-34501,64429,6634.684215879693,-2012.4540057400195,-507.14219295217464
STARLINK-34441,64430,385.0875490244576,2370.956739619533,-6525.9936913378315
STARLINK-34524,64431,-6632.178314097751,1980.154991457735,656.3252982743279
STARLINK-34506,64432,-414.33250406978124,-2359.742173985941,6518.94552554778
STARLINK-34451,64433,5920.261282876454,-2838.5952101104153,2278.4451846945353
STARLINK-34472,64434,3006.788341537637,1341.387780000942,-6124.916632835996
STARLINK-34478,64435,-5933.688470478102,2852.231054604717,-2240.430413648151
STARLINK-34396,64436,6290.677476252427,-1033.4579713539042,-2776.3174289398526
STARLINK-34507,64437,-5059.7821737227905,-117.68563953198476,4760.7975632131265
STARLINK-34465,64438,-1895.0126892481917,-4074.497251804876,-5162.606273324763
STARLINK-34456,64439,-4623.547194455841,4835.618023866099,-1433.8071380834963
STARLINK-34410,64440,-5216.704909886866,2984.4293758458143,-3299.8637841623213
STARLINK-34453,64441,4991.526877039747,-1262.750016048796,4493.970199028847
STARLINK-34404,64442,3677.245178548492,-5758.542536498183,-358.1451206909501
STARLINK-34403,64443,-5086.757174728895,3883.0332474315146,-2459.16583532341
STARLINK-34399,64444,-5024.818410722325,3823.9391619809107,-2637.031808266203
STARLINK-34398,64445,1178.6121821071554,-5865.500687210494,-3350.1865772838314
STARLINK-34402,64446,-4461.206195384871,-485.75898419142294,-5185.75863162008
STARLINK-34450,64447,2441.4287819985434,-6040.478736016458,-2131.815549305434
STARLINK-34433,64448,-1493.782907933871,-4389.184805621434,-5053.12873918854
STARLINK-34459,64449,133.2314211850843,-5517.6077595732495,-4047.639019520845
STARLINK-34361,64450,1559.7519285154744,4380.569289094353,5006.772389114963
STARLINK-34392,64451,-917.6151217991629,-4829.546877965139,-4782.428141809625
STARLINK-34367,64452,-3797.8066184654003,5694.278148339307,345.64083835947184
STARLINK-34221,64453,-5141.226035986207,2938.6064702063263,-3430.5721050076177
STARLINK-34282,64454,-5321.079310962616,2718.893109069318,-3353.648801302522
STARLINK-34295,64455,-3242.07070443901,5951.413763940686,923.2122314101248
STARLINK-34430,64456,-5211.501304701847,2372.8239131494743,-3771.6872509898253
STARLINK-34445,64457,-4141.3757730498155,5424.549340223466,-460.31588654034636
STARLINK-34439,64458,-4892.466318784716,4447.648725436868,-1809.7451383228747
STARLINK-34421,64459,-4793.012463995764,532.4898815978281,-4857.059456448489
STARLINK-34423,64460,-5088.602838740828,1440.6258606709584,-4365.16826289441
STARLINK-34418,64461,3227.8292833714518,-5927.295759914313,-1196.8913428853687
STARLINK-34336,64462,-1535.7930013215303,5859.075903964344,3185.2599815377794
STARLINK-34400,64463,3614.9039315024274,-5737.134503763014,-967.0097956815775
STARLINK-34429,64464,-5050.405951942616,1613.8969988431475,-4327.552494660415
STARLINK-34449,64465,4787.1618962359225,-4548.678908432767,1777.737067116321
STARLINK-34493,64472,-5561.269058879099,3766.7905536792982,1350.9148070756223
STARLINK-34492,64473,-6278.836544119669,2729.677877711515,-310.8791079434266
STARLINK-34474,64474,-6416.282036611551,1456.2106090763134,-1924.6031800932478
STARLINK-34523,64475,-3309.8612272233463,4842.990945720418,3509.456080837991
STARLINK-34496,64476,-5324.815977874909,4082.5895082732004,1320.2557031723318
STARLINK-34375,64477,-6295.287537855504,1749.203974206254,-2030.8956702620258
STARLINK-34490,64478,6275.270825589908,-2730.015264230231,365.34176045262177
STARLINK-34528,64479,-6134.718317460502,925.2488978442447,-2888.092228626756
STARLINK-34518,64480,6320.926735391079,-1037.647139535487,2425.3856002023904
STARLINK-34526,64481,5781.3861802078445,252.45871386136852,3660.6858390110297
STARLINK-34527,64482,1627.9241851998586,3779.211042018852,5469.47155848348
STARLINK-34420,64483,-2173.6931861748894,4757.96569784289,4417.448931530311
STARLINK-34509,64484,-3823.0029540524424,4594.074635625359,3343.5606446378647
STARLINK-34409,64485,-4853.689125623862,4238.002097720185,2323.941952674951
STARLINK-34520,64486,-6055.5990395033605,3185.7922768163235,366.8395041311714
STARLINK-34477,64487,-6395.795765018767,2290.6469150362555,-908.0690583263795
STARLINK-34217,64488,-6321.428011960451,954.2641483180155,-2475.7521399748266
STARLINK-34307,64489,-5646.221804694401,-513.7996923360862,-3856.2784153237603
STARLINK-34505,64490,-4567.757771084059,-1802.3144365765345,-4787.115961672716
STARLINK-34530,64491,-4822.312404324981,4404.856425087289,2020.761744080213
STARLINK-34522,64492,-5919.451513632866,3422.7738669839073,164.5967659856798
STARLINK-34462,64493,-6238.852600347781,2637.7880909564547,-958.6100036692595
STARLINK-34226,64494,-730.3069210911477,4569.200262001626,5036.521160924077
STARLINK-34364,64495,-144.02788232844514,4514.053011210726,5126.232000928163
STARLINK-34363,64497,-5708.368212870064,-71.27626877048402,-3774.7028628260437
STARLINK-34427,64498,6395.351351538803,-2232.2227809241635,1034.849341448999
STARLINK-34280,64594,1732.0403229868518,4211.531318285579,-5018.024032359846
STARLINK-34517,64595,-6729.6883939791305,-1178.297147777249,-358.1259893417058
STARLINK-34510,64596,3179.809706243856,4119.393605899869,-4447.830330529901
STARLINK-34486,64597,-5013.799304826285,2074.2508247260325,-4193.273483724705
STARLINK-34463,64598,-6651.987262358929,-217.33396249646532,-1591.0189316791966
STARLINK-34294,64599,-3208.184958202957,3227.4024989994755,-5112.703413254014
STARLINK-34504,64600,-5911.126672099816,1162.1201025472371,-3274.6997031711276
STARLINK-34508,64601,5260.460003387782,3351.6030348919594,-2846.6939519912335
STARLINK-34435,64602,-1972.1190756181472,-4085.9650508102263,4816.960379998335
STARLINK-34475,64603,-5522.747876875397,1641.6281440971657,-3699.865180747431
STARLINK-34488,64604,3647.489445566415,4022.725529157143,-4187.336732364148
STARLINK-34516,64605,-789.7538586312616,4037.9161706240025,-5481.649401237783
STARLINK-34073,64606,1228.8132939832396,4278.850953852472,-5216.734343698409
STARLINK-34532,64607,-5947.439061584538,309.38771440087703,-3372.505587488796
STARLINK-34519,64608,6725.45390028595,1287.1365665211001,271.0224341341297
STARLINK-34513,64609,6024.614841982367,2724.365892298488,-1808.1187135322868
STARLINK-34569,64610,-1496.1269159111043,3860.672462818123,-5451.02409885049
STARLINK-34494,64611,-4937.224750135024,2167.1947537510764,-4219.76371535351
STARLINK-34521,64612,6011.078231164873,2739.9885028334033,-1831.9717290602532
STARLINK-34500,64613,-5522.252848434981,1640.0994125209872,-3697.6607219819775
STARLINK-34440,64614,3883.546784831354,-2863.1814828064344,4855.240081288398
STARLINK-34469,64615,-1571.8193544932224,3847.5595052241433,-5455.2354194210075
STARLINK-34413,64616,-4841.464168099354,2240.6386951654813,-4288.608445148276
STARLINK-34417,64617,614.9187793346124,4080.775955237814,-5461.555243655764
STARLINK-34415,64618,6689.871921875123,392.36787703945595,1427.0218240106083
STARLINK-34416,64619,6642.117170002926,1670.2061838292439,-254.05976589500057
STARLINK-34414,64620,-1477.9138507129992,-4282.172050006899,5130.2234972730475
STARLINK-34464,64664,-2696.6756194680165,-3353.9795604494566,-5323.080681735775
STARLINK-34555,64665,-1302.2903004312786,-3899.7379661637424,-5473.018296357989
STARLINK-34390,64666,480.7042851194556,4121.313246923857,5427.077668401335
STARLINK-34382,64667,-3470.8716087903686,4183.862407556143,4144.067899532083
STARLINK-34395,64668,-5689.879523629065,-1115.7365471808307,-3636.1181655681517
STARLINK-34394,64669,1356.6885535848241,-4399.467761531411,-5065.469338518039
STARLINK-34287,64670,4977.184548943816,-3757.611229767827,-2818.0882658308847
STARLINK-34365,64671,-6591.72105231848,667.2971504235574,-1709.8038358442116
STARLINK-34442,64672,5860.570843972948,853.9630021506154,3412.9091619491087
STARLINK-34288,64673,6550.014873248701,-1973.0444338184127,81.16558032968946
STARLINK-34539,64674,4152.695896083669,2492.3773125362113,4820.483451958764
STARLINK-34590,64675,-5827.4187079961985,-1050.2092916817728,-3432.272478162919
STARLINK-34573,64676,-930.5920201090535,4365.86594174385,5172.185562636865
STARLINK-34605,64677,5460.499716856859,743.8641389747202,4063.3378771087946
STARLINK-34525,64678,-6675.3505852553235,1345.7514554093661,-651.8741642478112
STARLINK-34489,64679,-6197.12100102105,-366.6283372926217,-2877.69319586205
STARLINK-34502,64680,2013.5592299809389,3635.7088752552704,5422.462049923749
STARLINK-34553,64681,-2180.2548232622657,4416.930186137854,4735.525653768009
STARLINK-34551,64682,6253.326646368769,-793.4991461340308,2680.2021866873683
STARLINK-34550,64683,5717.410614299422,-3254.5312860279287,-1882.801146936492
STARLINK-34485,64684,-3498.572434963243,-2932.505674021478,-5099.668134388521
STARLINK-34253,64685,-6624.862582855312,1635.960235356305,-486.20221844630834
STARLINK-34565,64686,175.53679068821626,-4261.282342285823,-5353.602155228524
STARLINK-34554,64687,5171.878784358526,1649.0707250098117,4152.298407739822
STARLINK-34262,64688,2492.1942601899314,-4398.194573839988,-4615.417037056082
STARLINK-34538,64689,4012.487546894313,-4140.7208604877915,-3687.2628454128253
STARLINK-34250,64690,-4840.293758598278,-1983.7317386402488,-4413.730761034342
STARLINK-34497,64696,-2465.425269701714,925.8531706282362,6425.756051417969
STARLINK-34584,64697,-4823.324453632567,-4853.158322758611,-1234.4281037650687
STARLINK-34535,64698,4162.6301386751475,1052.8853309501576,-5471.511194191177
STARLINK-34600,64699,4814.928166103681,2066.112085916082,-4576.178461854965
STARLINK-34560,64700,214.92205455319777,-2879.6785704831996,-6327.282069409219
STARLINK-34576,64701,-5427.127080425352,-4105.665847462576,1414.7487262036368
STARLINK-34322,64702,-5157.290487727251,-2734.4372474519473,3768.3833859581655
STARLINK-34470,64703,-3559.0232704436207,-4831.807704775275,-3513.3133677684973
STARLINK-34405,64704,-4106.783239614968,-965.3554995429564,5517.706938796817
STARLINK-34406,64705,5400.951318153663,4194.721932192968,-1258.850575649821
STARLINK-34559,64706,-4153.96169519734,-1029.4121657648336,5470.768137089698
STARLINK-34316,64707,-2531.392423392546,859.4990532607147,6409.181102454103
STARLINK-34563,64708,-1560.497999889764,-4038.0963751164913,-5442.695676375307
STARLINK-34499,64709,-5182.696520367449,-2796.670875079291,3687.087909376529
STARLINK-34447,64710,3549.760718990176,4842.4794800142145,3498.7479442850768
STARLINK-34312,64711,-414.160279363577,2719.659665520317,6376.688608847385
STARLINK-34515,64712,-4855.007300439454,-4840.482939318337,-1158.0566587109347
STARLINK-34583,64713,2238.7247628982345,-1151.0212217243245,-6483.627455917231
STARLINK-34574,64714,4833.531128882268,4859.503887759611,1163.6215189178902
STARLINK-34533,64715,-480.61447078261864,2669.1463025496796,6393.471190543824
STARLINK-34548,64716,-5416.879840350066,-4158.0940920330995,1296.7716979132233
STARLINK-34568,64717,3466.3707109294237,4824.7975651200095,3605.015624266888
STARLINK-34546,64718,-3497.9462363648777,-4819.054448541417,-3591.581998667626
STARLINK-34577,64719,4771.812410745235,4878.383295211564,1326.283470183817
STARLINK-34572,64720,1641.6726866151607,4065.813250620851,5387.9118372317225
STARLINK-34558,64721,1648.2648776001156,4069.0088818592108,5383.317046495739
STARLINK-34393,64724,-5387.496896337248,-4235.567540391767,23.60272041315309
STARLINK-34562,64725,5617.24879142978,826.3486328107298,-3844.6801870058803
STARLINK-34557,64726,-328.41503977743093,4585.163062711691,5073.082126879328
STARLINK-34242,64727,2906.8475904930397,-2919.189929519086,-5482.72480110485
STARLINK-34239,64728,-4395.502375828647,1348.6391700218219,5071.03155970411
STARLINK-34588,64729,5661.2548579446,3782.1645919755906,-785.374567476824
STARLINK-34606,64730,-3631.8889978391435,2227.5198064582173,5357.545397188113
STARLINK-34552,64731,-5941.711414100193,-2386.4606660521076,2431.9609858533686
STARLINK-34596,64732,-2706.903151328395,3070.5410708518075,5470.6817990696
STARLINK-34556,64733,5096.1206277172405,4439.490306803396,1048.4234209739195
STARLINK-34591,64734,-5347.881738830387,-166.86185329609395,4271.928155717372
STARLINK-34587,64735,5873.838299933689,1791.9500409329692,-3049.472354356786
STARLINK-34130,64736,415.87996356198465,4891.173404542224,4772.041245783909
STARLINK-34619,64737,580.496639025174,-4482.841328531443,-5157.179976878074
STARLINK-34597,64738,-4349.890519357078,-5026.233432120976,-1673.5065536798043
STARLINK-34471,64739,5839.266635964368,3281.4704068433775,-1458.9208737199071
STARLINK-34208,64740,6097.636578521399,2405.6547268321115,-1962.5650807411553
STARLINK-34205,64741,2843.877600989587,5339.839911496678,3210.2693818258094
STARLINK-34607,64742,4789.0931756227665,-795.983454365418,-4845.993451163772
STARLINK-34236,64743,2449.282903490454,5331.688000258179,3532.4576645473867
STARLINK-34185,64744,-5737.676637863231,-3619.1238661259304,963.7117385049346
STARLINK-34581,64745,1674.2559724579717,-3853.063216783381,-5420.850234915441
STARLINK-34592,64746,3790.9326511026056,-2447.6728314989437,-5165.155388680091
STARLINK-34589,64747,-97.83554262288807,-4415.724141616142,-5246.104577769032
STARLINK-34536,64748,4858.291644707334,4747.313260964436,901.2829707978992
STARLINK-34595,64749,5290.8191329260335,4354.745494865339,127.36154483688854
STARLINK-34531,64750,-2757.021996616219,3038.4883026370553,5478.807934864903
STARLINK-33965,64755,3456.2435045452844,-4622.050381978438,-3676.9664418817624
STARLINK-34371,64756,4051.4660855052184,615.6502227088561,-5493.655308398111
STARLINK-34401,64757,-3928.889507380333,-1217.6449612088702,5454.2474768728825
STARLINK-34593,64758,3939.3015147112505,1221.735110730772,-5463.597151496243
STARLINK-34598,64759,2162.769335367217,5163.558919985506,-3940.501567561612
STARLINK-34235,64760,2394.733217839287,4857.955618752878,-4185.316453841001
STARLINK-34635,64761,-1841.4827530538769,6493.190219024058,1103.726802258483
STARLINK-34638,64762,2744.6008300339004,-5744.759872795261,-2508.5187917799367
STARLINK-34534,64763,-4146.24088559996,1754.5921633219057,5138.984051838557
STARLINK-34261,64764,4023.8642795463184,-2763.2484472617643,-4798.532927576996
STARLINK-34566,64765,-1108.5560882860723,-6180.382370124835,2702.9491947913075
STARLINK-34645,64766,3802.617390230271,-4047.410324569924,-4021.5819008497465
STARLINK-34639,64767,-3321.014050822602,-3194.1119090641605,5045.3818072493095
STARLINK-34609,64768,-3216.1366204653746,4260.711028499065,4288.105762457254
STARLINK-34246,64769,1268.3657475656626,-6712.596634784358,-352.63859294849686
STARLINK-34618,64770,3517.6355486336183,2735.5232334681505,-5196.09510323196
STARLINK-34541,64771,2025.966626620117,-6377.5430845350775,-1427.3061180722311
STARLINK-34652,64772,490.8288356533712,-6785.380255071093,695.5643047315891
STARLINK-34612,64773,3610.795952479764,-4263.713063185153,-3953.9411882495565
STARLINK-34621,64774,4174.843339697802,-298.3390510394538,-5432.349786558033
STARLINK-34657,64775,-3617.4123774792724,-2393.7189594762904,5277.946569862474
STARLINK-34637,64776,-3004.4421098745033,5429.455797937044,2869.815212250084
STARLINK-34547,64777,4159.6348983957505,-1484.7106788471056,-5229.413492336136
STARLINK-34537,64778,3659.68143509766,4688.2264818671465,-3411.922472309573
STARLINK-34585,64779,-3502.3766391731947,4546.391559003496,3713.050700600206
STARLINK-34491,64780,4117.549592923466,25.175281714863043,-5468.188890405389
STARLINK-34582,64781,2740.9983190487205,4387.286066192202,-4480.854056501209
STARLINK-34482,64782,-4167.089717988059,951.0138306441962,5330.646749694939
STARLINK-34629,64790,-4308.945412391368,-4932.261286114548,2328.841899261113
STARLINK-34697,64791,-5231.566544234076,-4579.581640202245,-65.60645479800127
STARLINK-34632,64792,2694.085333033084,4572.040341567297,-4493.79810419342
STARLINK-34693,64793,3360.598947468632,11.762426827034764,6078.275832691479
STARLINK-34666,64794,3434.4855556901693,98.52910690229037,6036.059965754377
STARLINK-34567,64795,-674.984911638227,-3500.051701965791,5961.905464014189
STARLINK-34646,64796,4260.144559729528,4947.967900450646,-2390.473497919411
STARLINK-34641,64797,-4796.731407298365,-1972.331234109739,-4633.512322032501
STARLINK-34649,64798,4216.837910148239,4947.83298721786,-2466.545401664318
STARLINK-34662,64799,-669.5821019880598,-3496.678125472058,5964.324336634992
STARLINK-34660,64800,-5419.782899570926,-3543.146689795602,-2537.0861582460243
STARLINK-34604,64801,-1530.7546507130257,1838.2067694047669,-6530.340541617485
STARLINK-34658,64802,5057.143932521688,2514.107050183919,4045.1480685276956
STARLINK-34620,64803,4751.713539835163,1929.0836807041842,4686.492912195204
STARLINK-34633,64804,-3357.1088188088283,9.108399190604356,-6090.739690485383
STARLINK-34624,64805,5187.558872347198,4627.332910781467,-45.36884574605418
STARLINK-34664,64806,1512.9422828493473,-1848.842105372465,6521.048455360863
STARLINK-34663,64807,576.9653143375695,3450.0799399529533,-6010.115968646551
STARLINK-34696,64808,2567.2385485562518,4529.642363704677,-4609.224515304502
STARLINK-34675,64809,-3440.0350091421105,-87.37661203793232,-6043.4814352758995
STARLINK-34608,64810,-4251.026019465777,-4931.608839007801,2433.689709215948
STARLINK-34669,64811,-2619.9599676806997,-4532.920012070728,4568.113491086946
STARLINK-34644,64812,5241.20385875423,4563.640893228351,166.46178029377432
STARLINK-34685,64813,1448.5232911053536,-1906.25740059671,6519.099948624506
STARLINK-34668,64814,-5257.344900430096,-4546.748320111929,-177.63757876170922
STARLINK-34667,64815,-1437.1499031888532,1919.8332037529533,-6528.091086462516
STARLINK-34723,64842,88.21554580536294,1087.4953676595296,-6849.940132897455
STARLINK-34725,64843,5991.228189082021,3424.1071908672498,622.3494512796325
STARLINK-34709,64844,5828.271351075371,3586.8191289063907,-1096.0065405170403
STARLINK-34706,64845,1722.3840171041145,1980.5306875988745,-6419.853185123001
STARLINK-34736,64846,-3081.2680487045313,-2659.665191671074,5598.927082006214
STARLINK-34746,64847,121.48276205234527,-965.9878723914693,6850.897025567773
STARLINK-34748,64848,-5839.554116078306,-3591.4644375113526,1012.2872900731335
STARLINK-34756,64849,1433.5507271884164,-180.54158416372982,6766.121605906574
STARLINK-34757,64850,5126.833216205329,2409.0273896868425,3981.056201361693
STARLINK-34722,64851,5244.386797028857,3511.2189247656192,-2868.855255092243
STARLINK-34564,64852,2869.9606803583483,740.7184942428578,6253.019210618232
STARLINK-34676,64853,4346.115202987729,3207.22957923716,-4347.966067846675
STARLINK-34682,64854,-5112.049823904623,-2403.729327488314,-4024.096817169457
STARLINK-34631,64855,4093.6356328053294,1596.2974560732716,5347.408315849942
STARLINK-34578,64856,-2849.507534755831,-729.2169640064715,-6282.223254258071
STARLINK-34683,64857,-1694.9819268434685,-1967.9126605394813,6414.392523474568
STARLINK-34654,64858,-4133.964905908367,-1629.4333254678068,-5326.112801686126
STARLINK-34575,64859,-1362.694848099001,225.74043032744635,-6796.813539046608
STARLINK-34570,64860,3131.390799079792,2680.53369881877,-5577.101403369418
STARLINK-34651,64861,5755.503445692045,3021.0691956658884,2391.5438005774663
STARLINK-34684,64862,-5239.557833091325,-3517.6069242764097,2856.5005874886624
STARLINK-34690,64863,-5739.591217241891,-3008.322415693339,-2468.2568503775733
STARLINK-34628,64864,-4328.12204355777,-3205.7301086127186,4351.789724379963
STARLINK-34544,64865,-5987.810385574079,-3416.0071971417347,-728.728307771165
STARLINK-34647,64904,2402.1425075791713,-3408.3569851975008,5412.24277660974
STARLINK-34273,64905,6310.836227614992,484.5066659594256,2582.5183346832337
STARLINK-34713,64906,-2268.575405954637,3482.5936350521415,-5441.852402726329
STARLINK-34712,64907,4856.315467372444,-1748.56151815772,4478.7681529507145
STARLINK-34702,64908,475.53907181992315,-4183.732555625785,5390.627814783086
STARLINK-34687,64909,-3345.5286781105424,2867.423685467311,-5238.729148073902
STARLINK-34642,64910,4856.056750614822,4078.4780254743887,-2593.8035900804566
STARLINK-34718,64911,-1639.7557357739108,3771.1357840068467,-5473.158019135543
STARLINK-34711,64912,4256.38681707217,-2206.173105243429,4867.84300687653
STARLINK-34659,64913,3402.2741430489,-2836.1321030697723,5212.4758190040475
STARLINK-34571,64914,-6506.707266624392,-1443.0055677944722,-1550.208291192805
STARLINK-34636,64915,4706.615229710153,-1813.445286278795,4610.476998953569
STARLINK-34695,64916,-2409.3194019862963,3519.411139395065,-5354.696382301806
STARLINK-34653,64917,-460.01466499860015,4201.537531277534,-5394.757901708224
STARLINK-34611,64918,6509.828159266033,1836.92298846787,1010.9201872978209
STARLINK-34599,64919,6198.59801122261,256.3245579694744,2902.0964868432734
STARLINK-34069,64920,-5526.210793383435,-3659.4896583619334,1685.1174620972538
STARLINK-34699,64921,6277.278829510734,2712.3101766052378,-188.9054422914401
STARLINK-34700,64922,6108.102823875671,60.637869982319195,3096.6400772011525
STARLINK-34643,64923,-1340.847717454064,-4549.718062649173,4918.93351251838
STARLINK-34199,64924,6277.858410768953,2729.7744024165772,-210.59879835788036
STARLINK-34579,64925,-2389.7130474109495,-4602.967472599492,4450.187079090725
STARLINK-34543,64926,-3253.46735971198,2932.241499752227,-5271.478334607726
STARLINK-34661,64927,79.82488140926118,-4287.753931734495,5318.54946502576
STARLINK-34248,64928,1772.824084265441,4607.255344648757,-4741.241369127302
STARLINK-34290,64929,5027.0884223324765,4009.1203718895317,-2318.7595137621784
STARLINK-34220,64930,5441.549101197814,-1033.631008005219,4017.56960446246
STARLINK-34715,64931,-6011.215753827365,-3158.31104190444,819.4694268207087
STARLINK-34705,64932,-1725.0878558184127,-266.3620666910602,-6713.058483380905
STARLINK-34737,64933,3601.3361683110697,3695.441017151186,-4632.453859910436
STARLINK-34775,64934,4553.9320625433265,4210.353172669019,-3098.231921598421
STARLINK-34726,64935,332.55044382255613,-884.1956396874125,6853.707297308028
STARLINK-34529,64936,1082.7989055456546,1979.880822095131,-6558.143771840396
STARLINK-34743,64937,5146.7299009246135,4412.874437833503,-1441.657875254616
STARLINK-34730,64938,-5305.241986846524,-3965.930456508967,-2049.6288437396292
STARLINK-34714,64939,-5399.710020031226,-4336.017839727018,-310.6239236094099
STARLINK-34755,64940,-1177.9341357496214,190.58095602834084,-6835.2320437457265
STARLINK-34740,64941,-1069.1814592353019,-1970.372926074754,6546.245812702371
STARLINK-34742,64942,-3626.6037821575956,-3715.867659885271,4580.242381342665
STARLINK-34719,64943,1693.1036917882234,244.7238175780318,6703.804570069208
STARLINK-34373,64944,-266.4224621439473,939.8116132441805,-6866.669483462969
STARLINK-34758,64945,4805.79123488377,3262.6921317453543,3767.6874339559495
STARLINK-34753,64946,2989.244526397974,1400.581352235473,6081.264079949503
STARLINK-34747,64947,5404.6342630413355,4322.868628658785,343.7937652733882
STARLINK-34630,64948,-5111.29098670368,-4414.6166217906675,1550.419352253443
STARLINK-34689,64949,-2954.434416799215,-1359.6530346881939,-6126.407852655686
STARLINK-34586,64950,2432.89511054036,2944.1096814310895,-5788.562713353712
STARLINK-34738,64951,-2431.258169606213,-2946.335358978858,5771.535939140993
STARLINK-34744,64952,-4834.527230888603,-3279.577083332416,-3737.7159415188776
STARLINK-34701,64953,-4526.052572964152,-4204.5324912449805,3133.0333329423547
STARLINK-34761,64954,-4068.187463744533,-2439.658191842331,-5059.914336527084
STARLINK-34732,64955,4035.423848686729,2418.3181710327685,5076.505395790251
STARLINK-34617,65015,-4919.969798605682,4423.404020589487,-1191.129590914032
STARLINK-34627,65016,-667.5063821653953,4625.657285337548,-5019.20464635919
STARLINK-34549,65017,3589.1770018290763,-4799.648484243585,3314.585782125857
STARLINK-34623,65018,5734.512756021664,-3680.0279014715506,725.3746530514305
STARLINK-34232,65019,4052.438183016139,2149.19195016174,-5097.832980146428
STARLINK-34772,65020,5850.12571437474,-282.5469324886184,-3540.0433252755747
STARLINK-34778,65021,6339.921768013136,-2170.8563899096416,-1442.9088731193997
STARLINK-34789,65022,5887.243899294975,-180.07885631555362,-3510.247210042626
STARLINK-34858,65023,1904.59400923721,3639.152499961418,-5492.252001443114
STARLINK-34773,65024,5525.044364156608,320.30090742960994,-4027.5079265441773
STARLINK-34727,65025,-2132.387362994597,4904.395807592107,-4272.855404581185
STARLINK-34804,65026,-1279.8807809425853,4751.290876407349,-4777.21953702366
STARLINK-34655,65027,4559.559344402287,-4496.131496492132,2432.5912675
STARLINK-34807,65028,5697.008239269944,-3738.237042370097,592.3944052397451
STARLINK-34731,65029,96.46014676933959,4435.482060334592,-5212.938787023163
STARLINK-34614,65030,5726.968421321424,-3690.1244622618465,741.7253445504527
STARLINK-34677,65031,6327.353444541459,-1632.3215191195104,-2072.305544780413
STARLINK-34656,65032,6144.005961633962,-805.1057712763966,-2934.5399124018822
STARLINK-34610,65034,-96.87914367692007,4470.747821910062,-5199.782054097286
STARLINK-34286,65035,3730.553776287226,2371.3860581086747,-5226.443848871094
STARLINK-34770,65036,5345.300917333835,722.7663216592971,-4234.057649902093
STARLINK-34776,65037,3571.4629607641446,2552.84096456325,-5269.2799696155125
STARLINK-34827,65038,6229.4514687875035,-1447.711814256522,-2434.0243566192594
STARLINK-34721,65039,3124.027163573666,-4855.840377187592,3681.114160945893
STARLINK-34819,65040,4122.297439425449,-4646.623837522482,2886.157854901224
STARLINK-34820,65041,-1080.7442751799124,4756.894361849052,-4802.182615797466
STARLINK-34824,65042,6283.678995320652,-2044.9690379519404,-1772.5373460830856
STARLINK-34788,65056,1935.3802601294565,6538.078278133086,1235.8075959114442
STARLINK-34745,65057,-1625.6720480821746,-2463.51536421802,6258.492474456587
STARLINK-34779,65058,2187.230923446052,6545.611531300385,-645.9214476374552
STARLINK-34803,65059,2212.779731251658,5272.733673451433,-3922.69412893439
STARLINK-34717,65060,623.6342628603194,-896.3289687979619,-6848.8300622121
STARLINK-34750,65061,-1982.4819106021457,-6579.330388721422,-909.7710971558964
STARLINK-34708,65062,1556.3133872813075,6068.414648254552,2955.399730866604
STARLINK-34798,65063,-560.832670526995,-4074.6744561143755,-5583.037553575019
STARLINK-34793,65064,1176.0557720508216,855.8922223837731,-6781.778878644287
STARLINK-34806,65065,-2204.756137082759,-5173.3898967463665,4041.172721224279
STARLINK-34739,65066,-1108.27325757275,-5277.626440680372,-4359.740528105649
STARLINK-34802,65067,1083.4410687690793,5206.939424423372,4433.269799286989
STARLINK-34810,65068,-634.7566971396991,854.0655316442732,6836.251605516789
STARLINK-34809,65069,514.9570899806346,3946.464386803968,5661.998400610025
STARLINK-34794,65070,-2016.1057424369285,-4116.611946711187,5187.290973017822
STARLINK-34805,65071,-1173.8326988785038,-851.4049299722299,6765.01610777312
STARLINK-34735,65072,1963.687194800668,3886.069246743214,-5398.22890776322
STARLINK-34781,65073,-2182.7068132151717,-6539.497968537013,703.7293144483662
STARLINK-34780,65074,-45.1222120690689,2525.2396118758434,6442.453572578837
STARLINK-34771,65078,1998.7963160563652,6338.782809761591,-1677.6389616366585
STARLINK-34634,65079,4899.63697431111,3175.8309545265715,3553.7151370757992
STARLINK-34267,65080,4912.601472580197,2224.1949802983054,4197.638370172167
STARLINK-34561,65081,-2220.604097148288,3984.8630960995065,-5118.740182549915
STARLINK-34626,65082,4555.547889975175,125.27649283851039,5092.649630149922
STARLINK-34247,65083,4190.331990530147,5168.755504463591,1630.886642241144
STARLINK-34601,65084,-4579.127709659884,-261.123056277782,-5081.504591196077
STARLINK-34822,65086,4296.770664011073,4751.343054964042,2421.8334920177713
STARLINK-34686,65087,3735.4752355497317,5603.809350521002,1256.4360441461367
STARLINK-34594,65088,2843.6945031427113,6233.1025345736925,-176.21637364018073
STARLINK-34665,65089,1401.5570209527234,6403.296059475005,-2005.8388800347345
STARLINK-34673,65090,278.4890173062703,6076.208690681972,-3164.5423859572347
STARLINK-34648,65091,-4393.496556168102,-4962.229139783539,-1507.1789039982004
STARLINK-34640,65092,-2068.9239044126407,4278.884380716728,-4942.000560627633
STARLINK-34266,65093,-4123.19507066481,946.2627892585872,-5323.152282784794
STARLINK-34769,65094,-4282.090988192903,-5124.268022186013,-1267.5306832942315
STARLINK-34768,65095,-4889.577204118266,-1554.969730838984,-4552.709077442304
STARLINK-34759,65096,-4728.239056451789,-4189.122090760583,-2616.7821961285395
STARLINK-34741,65097,2412.9539157335475,6252.643449848811,-1358.7405606488348
STARLINK-34764,65098,4778.901837904705,3365.5103938451457,3542.4363469155423
STARLINK-34815,65099,3791.422998157118,5605.60460180204,990.5751164650476
STARLINK-34814,65100,2037.2360832996574,-4209.754216348988,4982.05825199037
STARLINK-34285,65101,-4817.659122470491,-2771.6194244716307,-3993.670191448372
STARLINK-34857,65102,253.59767397473996,-5495.738020648093,4055.2497718073714
STARLINK-34887,65103,-4119.735139760637,876.9724506194738,-5395.219432838563
STARLINK-34481,65104,4926.393266052039,3546.866984373783,3146.7642766431195
STARLINK-34545,65105,4992.768723625931,2535.0811155298197,3921.587171947847
STARLINK-34956,65174,4668.157992090978,5120.300393594718,-110.71739892011723
STARLINK-34949,65175,4692.102319303602,4787.170760575749,1745.2416007411855
STARLINK-34707,65176,4388.1831832099115,4133.920611188734,3405.793910645209
STARLINK-34967,65177,3786.326115832453,3200.5969621984273,4830.357779577702
STARLINK-34929,65178,2925.0149466513185,2046.5437716690265,5928.253809752193
STARLINK-34932,65179,712.3456496584217,-552.9755161608434,6859.600934561167
STARLINK-34862,65180,-531.5912308029943,-1871.287325802978,6640.4001599611765
STARLINK-34942,65181,1893.4127812084657,787.0797811234247,6608.141538201572
STARLINK-34944,65182,-1703.5347983155589,-3027.2215677376025,5986.25319139897
STARLINK-34939,65183,-2806.7938025337485,-4021.6674400124607,4887.486093050684
STARLINK-34947,65184,-3557.1036095606273,-4620.97040912726,3737.317091728866
STARLINK-34945,65185,-4337.604091797865,-5097.8673375233275,1791.0797353462635
STARLINK-34965,65186,-4690.602776419124,-4799.545457082173,-1744.6873899890802
STARLINK-34915,65187,-4673.198715719543,-5119.349110841598,4.989472343650406
STARLINK-34972,65188,-4390.446337423259,-4150.347595849457,-3403.936115629237
STARLINK-34866,65189,-3813.548565247814,-3246.5902644025155,-4798.635153792955
STARLINK-34917,65190,-1968.7533847930094,-877.2345723089768,-6589.886006111055
STARLINK-34948,65191,-1894.1679512737114,-787.9870296264309,-6626.15276282812
STARLINK-34955,65192,-667.4017460143956,606.0914917857007,-6877.271209163885
STARLINK-34950,65193,674.6901398058758,2023.868343325452,-6598.811525755227
STARLINK-34926,65194,4345.240181299132,5110.660494256841,-1744.909956556988
STARLINK-34928,65195,3679.4448414458398,4720.084495552097,-3499.6014450516454
STARLINK-34927,65196,1740.473356856205,3071.729972406529,-5969.372942908987
STARLINK-34952,65197,2821.998213327361,4046.055286204159,-4873.456724868553
STARLINK-34981,65198,6632.832718819427,230.508705590136,-1715.167613479531
STARLINK-34821,65199,-5141.756865656527,-3187.112996365401,-3199.870443518209
STARLINK-34865,65200,3726.6818805096136,-3083.4667320963995,-4843.164241056628
STARLINK-34843,65201,-5104.349833910112,2228.9298143021533,3960.7014000647455
STARLINK-34905,65202,-4225.57384268881,2821.4651255249237,4569.334293657636
STARLINK-34914,65203,-6068.181985967041,1267.5032189706913,2880.6252093128846
STARLINK-34787,65204,-4074.716785577392,-3690.320633875083,-4076.6715601404912
STARLINK-34796,65205,6047.752157722468,2469.9111990683186,2019.0098566608933
STARLINK-34763,65206,4490.871231412278,3535.0973037095027,3748.2943281534494
STARLINK-34901,65207,5814.330843232627,-1555.5420190920493,-3256.9911491696507
STARLINK-34841,65208,-6475.4047164559415,620.12249057419,2104.9008816291275
STARLINK-34976,65209,3505.5867856640375,3877.1522623995243,4402.473043863133
STARLINK-34941,65210,6264.91601578845,-970.6838433876828,-2577.1506358440633
STARLINK-34847,65211,6737.041791299923,287.2206058017222,-1232.0522681854006
STARLINK-34897,65212,-582.9326235193247,4054.3889577562236,5467.310169720841
STARLINK-34907,65213,4696.605573997144,-2517.2344713586376,-4296.470888781832
STARLINK-34511,65214,6702.346313889926,6.5878746444423735,-1375.0751378050536
STARLINK-33913,65215,4687.644098912915,3557.1800897872554,3478.3940679499588
STARLINK-34302,65216,2287.8395904265467,4108.770444212973,4957.120401191631
STARLINK-34871,65217,-6380.842607600245,-2022.3416827218464,-1413.4310392432967
STARLINK-34833,65218,6480.636565828731,1862.5680482844632,1127.6831360123938
STARLINK-34960,65219,-1650.9447984668354,-4180.401631940535,-5162.428222621822
STARLINK-34603,65220,-6583.228248781889,384.4185147834535,1814.148601930947
STARLINK-34974,65221,-3262.3860327992857,3302.5938700696033,5012.639392070158
STARLINK-34999,65222,-298.2408489468635,-4163.361136709744,-5425.305006510446
STARLINK-34996,65223,1074.2069058928953,-3976.5139887317655,-5467.21771225709
STARLINK-34975,65224,5393.775684065583,3035.0103480702833,2901.906913336216
STARLINK-34257,65225,6578.237018983729,1667.810999091556,850.1728282221861
STARLINK-34842,65235,1627.0075261534241,180.8460922220554,-6740.442350157104
STARLINK-34938,65236,-2942.4362192754206,-1302.7594910567884,6126.713082661396
STARLINK-34958,65237,-4605.069095290074,-4096.87744363704,-3175.1843427861286
STARLINK-34818,65238,5234.348503360389,4314.952664505947,1412.656656669933
STARLINK-34964,65239,-1255.9699490926748,-2029.0100400429137,-6512.473629235306
STARLINK-34953,65240,-4861.769295924439,-3177.6360182873204,3770.888986321459
STARLINK-34969,65241,1248.7571714815288,2024.9615218822344,6498.286021399112
STARLINK-34963,65242,4871.945551875138,3197.70535632279,-3759.0963203486685
STARLINK-34982,65243,-5488.588402824014,-4215.450292492403,358.4195373192343
STARLINK-34990,65244,3758.943411968976,3663.401162885284,4514.681585556031
STARLINK-34977,65245,-4062.1466075975604,-2342.004129047663,5091.575795529633
STARLINK-34959,65246,440.26304973007524,-768.506579201832,-6879.463669314754
STARLINK-34923,65247,-2508.4405332829283,-2885.996274791813,-5786.050525509641
STARLINK-34962,65248,-192.64478987489093,957.3760326924271,6849.776731191248
STARLINK-34925,65249,5365.357430527101,3847.5381526228553,-2117.3245877717463
STARLINK-34973,65250,3005.378292031223,1361.384786926229,-6100.927747177267
STARLINK-34989,65251,4049.692073495139,2335.533749419819,-5122.0111633147235
STARLINK-34961,65252,2521.8300508290176,2898.6673217844723,5756.852708797326
STARLINK-34933,65253,-5232.430781857101,-4307.806404469236,-1452.7844170859607
STARLINK-34979,65254,-3611.469842329592,-3573.4504315807208,-4720.529790297951
STARLINK-34987,65255,-5364.718721873164,-3835.3433885385907,2119.8226885343074
STARLINK-34971,65256,4657.051306070404,4126.047439757797,3040.713764041031
STARLINK-34966,65257,5479.4300745698,4235.61332233952,-266.6377252591021
STARLINK-34980,65258,-1639.92485874473,-192.09529897083422,6719.161355672847
STARLINK-34922,65273,1289.1835468086088,128.47640312810407,-6813.609357678459
STARLINK-34904,65274,1180.9201284084695,2491.0330328189757,6347.423781942334
STARLINK-34954,65275,-4719.763607591785,-4976.225357279306,985.2005543665398
STARLINK-34968,65276,4715.178473015619,5005.85162018547,-875.4869481236387
STARLINK-34935,65277,-2321.8278408548513,-3583.30053950563,-5464.372719005936
STARLINK-35000,65278,-2568.823620853646,-1640.1396396629855,6213.615500928078
STARLINK-35023,65279,3275.698954779915,4389.63085895595,4236.8923323316685
STARLINK-35001,65280,3339.5785897356877,2630.0418423231295,-5480.543197103232
STARLINK-35010,65281,46.12527033495782,-1238.2761403694894,-6823.790451221857
STARLINK-35021,65282,-3711.513989635126,-4732.82794153601,-3451.4921102199482
STARLINK-35015,65283,-4199.298324541627,-3853.2226587390264,3934.3227288902913
STARLINK-35006,65284,4434.744758388453,4259.791650820744,-3202.558077999219
STARLINK-34995,65285,2331.8984185726968,3582.3043270916087,5444.643073980075
STARLINK-35048,65286,4615.5895957996645,5147.923598027535,459.1025995193369
STARLINK-35007,65287,-1295.7732921133334,-137.2803995740542,6795.206613708459
STARLINK-35018,65288,2429.2434029721226,1471.3094990308762,-6328.011576192214
STARLINK-34845,65289,-1233.9059692965775,-2551.0800413010634,-6329.872992193823
STARLINK-34984,65290,4110.06462606426,3723.2596593602466,-4164.085678498402
STARLINK-35002,65291,-4567.004697216752,-4502.788017041491,2616.872772185185
STARLINK-35017,65292,-3289.8414797315604,-4412.250437851061,-4217.49482896768
STARLINK-34951,65293,4056.3292062125083,4947.660480634578,2655.2167656245188
STARLINK-34613,65294,-42.31578530384005,1237.8110670705748,6806.86478070383
STARLINK-34834,65295,-4572.658532610129,-5148.834546810286,-787.6242350336051
STARLINK-34872,65296,-3320.9096956655494,-2599.553177667682,5489.157387354624
STARLINK-34899,65323,-98.73607314812612,-5933.013120569052,-3425.627863254278
STARLINK-34196,65324,3550.2968882801397,-2057.8794238782975,-5489.291907390548
STARLINK-34911,65325,-4317.168692625198,151.93869674804034,5309.482651956536
STARLINK-34902,65326,-3578.402207280986,-5759.463547021866,982.1592936242221
STARLINK-34880,65327,-4169.024158433264,-4994.766392826755,2143.8836124128647
STARLINK-34885,65328,-3749.845861146486,-5608.065185874132,1167.6419573158776
STARLINK-34908,65329,555.7556192563999,-5592.702763703764,-3928.512496384367
STARLINK-34864,65330,387.9683281240286,6081.139636857485,3117.3500605028976
STARLINK-34918,65331,1884.8626910545995,-4407.887761500253,-4897.037338152748
STARLINK-33890,65332,-267.4586240768922,-6014.664717560812,-3270.275654040829
STARLINK-34602,65333,-3933.0482374791186,-5395.6368385422875,1514.0654202800672
STARLINK-34878,65334,2714.4849793658886,6274.797077399182,421.4570955696243
STARLINK-34874,65335,-2499.5707883087616,3724.4034827150927,5170.753371526363
STARLINK-34835,65336,-996.108796865847,5281.128735604597,4243.667912764078
STARLINK-34854,65337,-1647.9467305090661,4657.6839192008965,4733.0454356500995
STARLINK-34751,65338,-752.2609653867111,-6198.292877412548,-2796.0961280708284
STARLINK-34777,65339,-4473.305643840879,-361.78821503295427,5163.120296624408
STARLINK-35020,65340,4714.3953615355495,3473.512643848375,-3558.772516776948
STARLINK-35016,65341,-2571.605732060811,-6327.531475419261,-569.4070862003642
STARLINK-35092,65342,4564.253999738149,668.1878344647406,-5069.329771502478
STARLINK-34838,65343,-776.5749488871663,5448.108081008654,4074.2576556565614
STARLINK-35088,65344,-3590.9671792806066,1972.7118685984624,5482.277287799198
STARLINK-34831,65345,-3663.3238981517484,1819.4891755391254,5481.7794459458155
STARLINK-34873,65346,1218.0484508573359,6346.657024732845,2272.3417144045984
STARLINK-34881,65347,925.2690338877181,-5268.318955640228,-4256.03336186001
STARLINK-34859,65348,-4651.486253819188,-3524.11099695306,3582.3098607475613
STARLINK-34895,65349,-2349.451926390901,-6360.733676962855,-969.4512864291962
STARLINK-34892,65350,3679.7562661182924,-1804.3055987818448,-5492.515982560916
STARLINK-34244,65351,-5861.048920542615,224.55880680598634,3509.462717879398
STARLINK-34716,65352,-6404.45516296681,-1498.1088967499193,1915.9733412315177
STARLINK-34828,65353,5018.640764482196,-1324.225317939475,-4481.949486854868
STARLINK-34785,65354,4805.297017595905,-1581.843311161881,-4610.825517418869
STARLINK-34823,65355,-3363.797988391964,-4685.941611349891,-3703.920871911981
STARLINK-34680,65356,6070.248694517607,3172.3171466707568,245.85578521122747
STARLINK-34860,65357,-4483.085369742828,-4367.405537703446,-2766.362907072165
STARLINK-34782,65358,6421.38110849691,1490.4034681854307,-1881.2540590862222
STARLINK-34760,65359,1958.024513293896,-3615.1542730382803,-5488.74630855793
STARLINK-34826,65360,-201.34714673874848,4281.424084589762,5319.404823801882
STARLINK-34800,65361,6420.274507247679,1472.852256140015,-1900.9380251664406
STARLINK-34817,65362,-5248.456500568013,1100.0600482298714,4236.147739276785
STARLINK-34797,65363,-1014.806638280964,-4580.204701329382,-4984.028750017704
STARLINK-34729,65364,-5580.659522798459,-3761.8680615905914,-1299.5562557334067
STARLINK-34710,65365,6161.202310294579,3000.9413536326138,-14.775220660460011
STARLINK-34943,65366,-2347.167481264632,-4703.88736344972,-4382.913644123557
STARLINK-34946,65367,2553.0972600117097,-3294.897349170155,-5430.3159280038535
STARLINK-34259,65368,5456.007646906454,-822.2130554267972,-4050.528773159169
STARLINK-34913,65369,-6341.411228298671,-2503.099245901691,552.6909024921044
STARLINK-34870,65370,-5796.787620549268,-3542.332248962243,-908.6392778100162
STARLINK-34869,65371,-6245.637014994912,-2810.0011773185506,236.44166394989426
STARLINK-34903,65372,-796.1835930811336,-4569.475679728712,-5051.11012378523
STARLINK-34891,65373,1562.274042444168,4635.336808240349,4771.066954608904
STARLINK-34900,65374,-3209.9331916677406,-4705.997679845725,-3818.2013875763528
STARLINK-34305,65375,-1652.1336729748818,-4699.731467538651,-4713.608952160062
STARLINK-34249,65376,-3657.3559027198116,2580.006762805081,5161.248352314631
STARLINK-34879,65377,3688.9833176847237,-2543.472972875092,-5191.253266257635
STARLINK-34912,65378,6050.72564005864,208.91890933443494,-3218.539192922562
STARLINK-34985,65379,4310.49352850063,3796.0781272995305,3863.2250397370085
STARLINK-35051,65380,-4185.440416990604,-3614.703993829628,-4184.938108637986
STARLINK-35028,65381,2269.298877769987,3455.7660218379156,-5567.955938894618
STARLINK-35032,65382,-1152.5285591380757,-2425.7398786609383,6377.503066610672
STARLINK-35054,65383,4159.901672227916,4871.750526491696,-2649.850502968296
STARLINK-35012,65384,2443.090488414625,1365.6317736682718,6327.790696938415
STARLINK-35073,65385,-4141.397800405093,-4868.759427604343,2670.5225036469496
STARLINK-35066,65386,-1331.5287744757209,-108.02696100711985,-6805.971177160624
STARLINK-34703,65387,-4816.298140542777,-4925.33338544924,-779.7363413351134
STARLINK-34957,65388,1178.8356471448951,2458.813640895318,-6376.860852117807
STARLINK-34993,65389,3458.030689656756,2609.124590777532,5397.481749348772
STARLINK-35083,65390,4641.705221823192,5057.174591475041,-955.9889107387679
STARLINK-34786,65391,-2492.711977899194,-1426.1495478220384,-6313.811056096049
STARLINK-35082,65392,3344.6203947750655,4340.768755722965,-4248.655966779282
STARLINK-35097,65393,-2329.0929814802607,-3497.5385697795064,5500.5810241956415
STARLINK-35058,65394,91.28086375607175,-1199.5117493784426,6813.3282529635635
STARLINK-35094,65395,1311.2443235886542,87.43200316515238,6792.301094397779
STARLINK-34811,65396,4820.643547286623,4896.0961694545285,885.8705288181274
STARLINK-34940,65397,-4638.418720027641,-5063.445017742419,935.7375056313743
STARLINK-34931,65398,4174.868156280281,3590.5542431775566,4195.798388873031
STARLINK-34836,65399,-3343.234538697807,-4327.439758753019,4248.405064980946
STARLINK-34876,65400,-43.52751304179607,1252.9269556893785,-6821.571711583802
STARLINK-34909,65401,-4674.46018750682,-4439.358593490697,-2553.718858832247
STARLINK-34848,65402,-3433.3973545893605,-2582.6891966848953,-5445.090416662043
STARLINK-35031,65404,994.1198270932545,6261.147667491656,-2578.7862205170345
STARLINK-34830,65405,-3303.0955985217734,3956.9430101753533,4498.719663414234
STARLINK-35036,65406,-4070.660379444789,-699.7537399945754,5456.9787196733905
STARLINK-35035,65407,-3746.6656844382014,-2769.6540277336685,5014.210205284817
STARLINK-35008,65408,-3236.8135868625723,-4209.233035637833,4322.177007664269
STARLINK-35022,65409,-1879.1964219012975,-6135.388358298962,2383.7969542812916
STARLINK-35024,65410,-3231.5754354814217,-4284.651126833498,4243.1843203274175
STARLINK-34983,65411,2024.086392507346,-5887.338910074114,-2860.133853840983
STARLINK-34992,65412,232.52181474681737,-6828.364965292782,-473.1783328371923
STARLINK-35003,65413,2514.306496774456,5405.923466537319,-3388.036517204941
STARLINK-34238,65415,496.0616191975286,6803.113334168749,-676.6956314466477
STARLINK-34855,65416,3878.243040999167,2200.826745417229,-5210.692116910576
STARLINK-34255,65417,-1907.2106413482275,6062.816990620955,2556.7265292624406
STARLINK-34997,65418,-3478.880881281687,-3624.8395584782124,4650.301956577576
STARLINK-35085,65419,1759.779997408125,6256.61625477441,-2168.499276645246
STARLINK-35138,65420,-3971.6605844117066,-1736.0062804241102,5290.966781171556
STARLINK-35146,65421,-3958.7521529767887,1620.1581273559877,5338.234179974911
STARLINK-35074,65422,-3961.3114196011593,-1732.6937265526633,5306.237460628782
STARLINK-34837,65423,-1673.1785777738032,6210.394992470773,2344.9552960964065
STARLINK-34670,65424,-3171.699713727529,-4410.7887898292,4159.3664920860365
STARLINK-35095,65425,4013.212794072217,-1321.6502391123513,-5395.542573636662
STARLINK-34883,65426,3718.884509153755,2943.216200513593,-4950.6390910096925
STARLINK-34916,65427,3426.0881919615344,-3721.1311705547087,-4630.316961816498
STARLINK-35004,65428,-761.5667232706234,6733.516990377916,1017.0186842848678
STARLINK-35014,65429,1312.4483078223373,6490.838984894808,-1773.566414729412
STARLINK-35025,65430,3564.983121183904,3500.9857601700396,-4678.081704985709
STARLINK-35034,65431,-2693.069254836477,5155.321359659737,3614.7527534055544
STARLINK-35142,65434,2461.4727992150592,2285.3178955160697,-6067.853571532713
STARLINK-34978,65435,-5983.029288531739,-3133.843855524042,-1566.4634925051048
STARLINK-35043,65436,-735.6602598683525,624.333630291273,-6871.623296910806
STARLINK-35080,65437,-5615.925758356239,-3474.604065396058,2095.284288754926
STARLINK-35068,65438,-634.5293728292494,671.783226563046,-6874.883169098459
STARLINK-35045,65439,-2445.6220969140827,-2281.4900924560284,6059.49341352021
STARLINK-35050,65440,-4691.733322007973,-1935.4762214204632,-4727.3824155865295
STARLINK-35065,65441,4846.284320468982,3274.4023270793923,-3724.10385877201
STARLINK-34679,65442,-6029.03481583149,-3415.6666292449454,150.12628083412784
STARLINK-34678,65443,6024.496272527314,3416.2399339653452,-239.70840981509798
STARLINK-35049,65444,2166.0329145768255,234.6495071381916,6567.130897402408
STARLINK-35029,65445,-968.6728376714134,-1543.0448380215864,6675.379825760041
STARLINK-34991,65446,-4922.881874486401,-3304.6935773580813,3579.044020898636
STARLINK-34920,65447,-5487.029611994019,-2588.177098931536,-3358.71005356712
STARLINK-35030,65448,4689.209311322644,1928.1566696580726,4712.939788825454
STARLINK-35009,65449,-2196.9554265422926,-254.12994473443646,-6574.34927969296
STARLINK-34970,65450,975.5755818974476,1546.463116255207,-6690.6545204099575
STARLINK-35039,65451,539.9301602366651,-722.7789644671618,6859.545769327502
STARLINK-35084,65452,5993.273680981451,3141.7995920809653,1483.2485048523815
STARLINK-34988,65453,122.0337021068679,1125.3483298193644,-6845.426706561047
STARLINK-35059,65454,-2004.942500209969,-146.34085260336377,-6641.419807916626
STARLINK-34728,65455,3807.7930437956493,2886.167347336368,-5025.9709123375205
STARLINK-35005,65456,-3545.2651658367345,-1121.447297586237,-5855.558103087845
STARLINK-35076,65457,5646.753538019166,3470.9274921659376,-2029.411418593097
STARLINK-34784,65458,585.5956962343288,-6222.928791252497,2787.5480412419624
STARLINK-34867,65459,-1199.790956049618,6405.56737965261,-2087.7825653437917
STARLINK-34850,65460,-3001.6089270984266,6141.199118523724,265.61759446436724
STARLINK-35159,65461,4502.261250059045,-670.5568324152803,-5111.83710833451
STARLINK-35180,65462,-284.1846564734075,6120.212693893719,-3050.2186343709436
STARLINK-35111,65463,-4636.584143207349,3418.3269248524275,3694.868338566272
STARLINK-35107,65464,4535.442721156463,-811.0083234983374,-5073.654253717503
STARLINK-35169,65465,2586.3004825427683,-6319.5508713118015,398.98264902836604
STARLINK-35027,65466,4117.110237486614,721.1889582247401,-5420.319232664558
STARLINK-34816,65467,1288.9539245216313,5018.457381585023,-4492.6919070807535
STARLINK-35033,65468,4622.086296798353,-3445.73962105543,-3703.591608150433
STARLINK-34924,65469,-2012.9391476038522,6444.4112940612595,-1113.614254851917
STARLINK-34829,65470,-1592.2604214557432,-4778.47895688883,4629.158937546693
STARLINK-34888,65471,3408.0750210029432,-5869.376216205874,-858.4695142048055
STARLINK-34799,65472,-4510.978169318419,3876.0927735584037,3370.156140739045
STARLINK-34762,65473,-4645.890798750279,1842.7692016179185,4660.94372217002
STARLINK-34998,65474,1643.6919798049623,-6425.308590776494,1716.88799047495
STARLINK-34832,65475,-4002.50482147783,-1005.0664404363548,5444.940263042343
STARLINK-35098,65476,3502.379650992787,2168.2429088340705,-5477.322915834029
STARLINK-35071,65477,4400.546139628737,-4347.270061955088,-2926.6705278098834
STARLINK-35093,65478,-3472.5786742240366,-2203.568136924326,5465.2547435225015
STARLINK-35096,65479,-4528.278987224663,761.9002072574217,5071.440102064506
STARLINK-35040,65480,-4077.083845931028,5028.116976763174,2205.0813225354423
STARLINK-35042,65481,467.69721741476405,5711.948155371793,-3741.7254752312874
STARLINK-35038,65482,-4652.444088633576,2862.842410307203,4107.833896042063
STARLINK-35037,65483,4665.115920748321,-1842.1283728726364,-4657.0345848269635
STARLINK-35089,65484,-4387.799886047479,239.03248787299475,5231.948597571136
STARLINK-35143,65485,-3725.603232184788,5583.408818246103,1356.1699372787489
STARLINK-35226,65492,3274.79998372558,2458.1248760823783,-5484.894760452201
STARLINK-35242,65493,-2446.6356786051256,6025.04100404004,-2132.490355160154
STARLINK-35223,65494,2003.5670672877075,-5984.512766797053,2629.517653833113
STARLINK-34446,65495,4223.872412541935,1049.4380936113928,-5300.429281610513
STARLINK-35212,65496,1882.962115412189,3958.8396288915947,-5274.3239217168075
STARLINK-34455,65497,4410.54998494955,-5194.991606290991,-599.9405580253197
STARLINK-35203,65498,-2144.458774920974,5925.052991347211,-2679.2775552767685
STARLINK-35166,65499,-4437.617316138164,5196.163680090412,344.8176187010492
STARLINK-35207,65500,-5303.409189891872,3117.9723307810154,2989.17444728435
STARLINK-35140,65501,1661.1941917049219,4210.489778917471,-5135.557805948008
STARLINK-35114,65502,-3823.9987109200115,-1640.4794849558107,5418.806443990236
STARLINK-35126,65503,1413.46127721633,4351.496858904096,-5109.061452582387
STARLINK-35182,65504,-4916.005955769328,722.9663414474708,4691.589572077405
STARLINK-35072,65505,4754.974298874771,-259.8781360437253,-4916.714986105639
STARLINK-35184,65506,2923.4670537296697,-5965.391092713211,1621.076385355713
STARLINK-35163,65507,5347.502424572356,-2782.371723830359,-3269.236294492491
STARLINK-35119,65508,-5073.371076444898,4021.8773698433024,2201.9058611001765
STARLINK-35168,65509,-866.5492244436606,-4806.531565581224,4778.683042986247
STARLINK-35122,65510,4076.968274605449,1216.7362437266083,-5362.232939266752
STARLINK-35124,65511,-1538.666497282378,5934.46886097154,-3042.7063056303696
STARLINK-35149,65512,25.45597731407472,-5349.3536423869045,4252.733209989989
STARLINK-35019,65513,-2931.858753497795,-2881.838335478234,5456.505366737597
STARLINK-35026,65514,-5314.282962369573,2695.0082776450254,3353.0863587720946
STARLINK-35241,65515,3174.631207224883,2599.10114815553,-5495.167159662027
STARLINK-35216,65516,5109.047728678711,-1083.6689977074911,-4443.7128924381905
STARLINK-35228,65517,2606.1582386104224,3278.226487030235,-5415.063759112071
STARLINK-35232,65518,-4725.368604049493,4795.646370889558,1205.21929542469
STARLINK-35164,65519,-5115.270762357047,1511.0282692482303,4272.187774929801
STARLINK-35112,65520,-2131.801069912911,-2735.3196169746184,5989.183158254717
STARLINK-35187,65521,1480.0024702222045,1157.3831121509875,-6676.253204228728
STARLINK-35188,65522,-2667.6473141904844,-6176.404931902243,-1668.6494801250988
STARLINK-35078,65523,2179.606344318253,5630.944321773465,3392.3669687744687
STARLINK-35055,65524,3057.856259208462,5935.517601014389,-1866.8388986178595
STARLINK-35057,65525,-3063.7224345813006,-5932.279377648453,1848.6250869202095
STARLINK-34674,65526,-853.0035330333267,-3567.969764327703,-5885.424116196884
STARLINK-35067,65527,-709.6382152183496,534.223990050316,6861.483208472259
STARLINK-35063,65528,-2941.411275624524,-6275.074206923695,-37.81375440313815
STARLINK-35077,65529,784.3590580423721,3434.421402037478,5958.418462841661
STARLINK-35152,65530,2607.926180381318,4056.569999521294,-4982.768339796714
STARLINK-35064,65531,2672.9679349581806,6168.747452027809,1675.0816407082893
STARLINK-35170,65532,-1559.382284559443,-4751.497955607174,-4803.9607742822445
STARLINK-35172,65533,-1457.2922150189913,-1105.0897976047927,6673.211443974406
STARLINK-35125,65534,-2944.414042284165,-5186.900260211668,3518.9698149977767
STARLINK-35133,65535,-826.2381768865703,-3520.9978299151257,-5914.551623252509
STARLINK-35044,65536,3009.5053511417736,6216.54960679622,-574.6068202696035
STARLINK-35136,65537,-86.83253032251508,1801.8394488241906,6680.76665637162
STARLINK-35144,65538,1567.5700997653994,4746.842014776014,4790.376933729279
STARLINK-35110,65539,-2182.728634425634,-5651.150215810072,-3374.13838344259
STARLINK-35052,65540,2142.260670781727,2769.2031788736494,-5987.495064529977
STARLINK-35087,65541,2954.160222784093,5251.397094935793,-3432.809979579204
STARLINK-35100,65542,-2631.026630895061,-4113.693974657492,4907.555401745708
STARLINK-35105,65543,898.5074420640814,-138.49685196751403,-6875.910350965514
STARLINK-35267,65592,-1852.343409936755,-1907.7026149111327,6388.40216002425
STARLINK-35269,65593,1870.9634158745653,1953.3921159427687,-6386.739559456539
STARLINK-35191,65594,2549.2342035436372,5885.174137926986,2616.7004877322825
STARLINK-35261,65595,-2592.9685408925275,-5945.460587570244,-2448.71279330881
STARLINK-35253,65596,483.15137829844036,2776.6433272081917,6320.774214811514
STARLINK-35263,65597,3105.117229509831,5392.967633141363,-3056.244387001443
STARLINK-35248,65598,-603.4746542307116,-2998.6609410453684,-6224.527585243927
STARLINK-35245,65599,-3125.726785531019,-5548.400496753963,2723.5986433586136
STARLINK-35229,65600,-1117.8833334025412,-306.4128019225244,6821.227304933598
STARLINK-35234,65601,1305.9682068459756,4163.77934758263,5373.857956941661
STARLINK-35255,65602,2841.0563666631174,4450.551172053815,-4494.942906109418
STARLINK-35250,65603,-1275.3146167551665,-4130.355984329586,-5423.342022066812
STARLINK-35251,65604,3163.913891373486,6072.069481727767,-1083.058685704243
STARLINK-35171,65605,1134.6818198446229,338.6791876605802,-6834.257553413948
STARLINK-35195,65606,-2942.679374564939,-4808.456114438683,4020.843394706255
STARLINK-35156,65607,-3149.598969928596,-6091.092419738848,991.2929491773577
STARLINK-35185,65608,2471.1368226652967,3415.9778902275098,-5507.109392214417
STARLINK-35053,65609,-1900.631364925672,-5079.411927971021,-4322.272142203331
STARLINK-35178,65610,2992.1420153959725,6216.887048923043,640.4650938651449
STARLINK-35186,65611,-2461.271937844213,-3381.248654581597,5515.471579023693
STARLINK-35154,65612,-2951.6381574026514,-6213.853524819738,-845.2551621513134
STARLINK-35162,65613,390.2449152278388,-1162.5145445117137,-6826.914670048472
STARLINK-35206,65614,2045.5796779168727,5265.400149868317,4004.756180126009
STARLINK-35174,65615,-307.27091103795385,1315.7043285243901,6786.298648228359
STARLINK-35247,65622,-3862.524305625424,4102.943826877774,-3907.619020599069
STARLINK-35239,65623,-6566.579414145509,1905.0749370618562,237.37878300976712
STARLINK-35151,65624,-6571.27371301154,1004.8985801707838,1607.7880008397642
STARLINK-35153,65625,-5929.771523401753,-717.3257130111189,3326.155759874921
STARLINK-35225,65626,1001.6379852110108,3982.6138922380114,-5477.179359595261
STARLINK-35217,65627,4458.00441519397,2378.921587264756,-4636.105331239166
STARLINK-35128,65628,5582.3740636146385,1209.5529319270086,-3771.407638255319
STARLINK-35135,65629,-246.57079057810952,-4163.348745564826,5411.58673953066
STARLINK-34877,65630,6552.625125573874,-1960.9043666702196,-104.37593911606099
STARLINK-35104,65631,-4985.320875356134,3770.66243408637,-2787.4305001790567
STARLINK-35117,65632,5764.164836194937,1163.7647981246746,-3526.7822978840795
STARLINK-35103,65633,-1688.8267758052862,4418.2100987177755,-4948.656066057058
STARLINK-35123,65634,-4860.27598839041,-2033.3628819320877,4366.470727489057
STARLINK-35150,65635,3410.538428331205,3036.3265051097537,-5115.503719671383
STARLINK-35209,65636,-1617.2441806314189,-3777.2021352827164,5458.488753732834
STARLINK-35147,65637,4192.212311283297,2462.9944809656727,-4816.974323867165
STARLINK-35213,65638,1936.1301548247616,3665.164386142628,-5447.296889920403
STARLINK-35127,65639,-2873.2042629528933,4373.586537169233,-4412.761401916576
STARLINK-35091,65640,5137.291936075572,-3660.06940721031,2634.276702971849
STARLINK-35134,65641,-5870.155761771866,3128.2234242943014,-1607.1641135329226
STARLINK-35109,65642,-6631.949081345045,1183.5486997597866,1186.3304016244867
STARLINK-35062,65643,-6401.47335363921,159.94195427629032,2399.3536355625547
STARLINK-35141,65644,-3192.180935492778,4245.6941411941725,-4330.535315303173
STARLINK-35237,65645,6388.6681048135715,185.55201394602085,-2482.6386443035394
STARLINK-35183,65646,2122.186069488917,3625.947121314813,-5420.770375587207
STARLINK-35202,65647,-6206.74128032852,-113.6499160762053,2865.0221532630867
STARLINK-34868,65648,6643.014316702399,-1367.744812848609,-899.9915223487375
STARLINK-35079,65649,-2589.1725097339163,4325.9737944807675,-4649.101691700307
STARLINK-35328,65652,482.5055961403095,1495.9395809359978,6737.581729831624
STARLINK-34210,65653,3147.0888355592183,3394.195445652165,5147.377784525101
STARLINK-35227,65654,4879.247842304229,4335.106716512289,2323.441713800953
STARLINK-35240,65655,1859.2041641468734,2518.3404131326565,6171.467464608953
STARLINK-35344,65656,4149.821024687334,3992.9959124027378,3846.250549110161
STARLINK-34540,65657,5327.975089378903,4401.407252116662,505.28238475240636
STARLINK-35282,65658,5078.372703861923,3620.531502213489,-3029.3333270618627
STARLINK-35120,65659,5392.688267839741,4160.6135730866645,-1287.720094966311
STARLINK-35246,65660,4516.530576131413,2947.758830398759,-4359.519554360633
STARLINK-35220,65661,3502.980247258308,1910.7214749138227,-5672.812531397655
STARLINK-35176,65662,2315.91549653586,814.1536920986953,-6487.39108015181
STARLINK-35190,65663,944.8822900057448,-359.7123448507441,-6861.896715784231
STARLINK-35201,65664,-454.6918735659861,-1479.2771955672763,-6761.190635450393
STARLINK-35115,65665,-1816.1485801554632,-2494.761597479273,-6210.982675061048
STARLINK-35181,65666,-3072.113100003566,-3354.741640675858,-5234.547958646875
STARLINK-35361,65667,-4092.1518294299517,-3972.2634268557536,-3944.878196212582
STARLINK-35351,65668,-4847.410220193627,-4333.863746965083,-2405.3298801515443
STARLINK-35353,65669,-5314.422388782474,-4412.521978746994,-567.0758007990628
STARLINK-35359,65670,-5382.176133334029,-4159.366425636729,1315.5701817918596
STARLINK-35194,65671,-4468.362228599431,-2908.2480930490833,4418.100596228008
STARLINK-35198,65672,-5091.955341435967,-3656.7599900632536,2944.0469301899157
STARLINK-35177,65673,-2306.1506629629976,-812.6093908524374,6473.3679735370215
STARLINK-35254,65674,-946.9908164955143,354.24010020090844,6844.948328340001
STARLINK-34749,65675,-3489.54300077555,-1908.1617563801683,5663.886495683472
STARLINK-35189,65676,2540.2726988541513,4629.61422127457,-4372.760797352726
STARLINK-35222,65677,5903.476071067333,-318.02748548323433,3454.9246270074555
STARLINK-35233,65678,-6018.042311025631,91.71873547296013,-3282.439278449282
STARLINK-35205,65679,-4742.043265594373,-4135.9555950137965,2674.6941140779613
STARLINK-35070,65680,-319.2927645510089,4245.274568352476,-5376.63569851048
STARLINK-35230,65681,1496.6482144872843,-3821.1376273068363,5462.033753309177
STARLINK-35235,65682,5651.73342342444,-859.7816327146223,3746.4434145923415
STARLINK-34886,65683,-6209.544257186302,-2865.7559642659844,357.7812754820696
STARLINK-34795,65684,2848.137845230306,4608.185467279535,-4186.827511266569
STARLINK-35145,65685,5499.427935819898,-951.3173331762122,3945.469545230014
STARLINK-35137,65686,6526.522948569597,-148.49690316848782,2034.4373906016417
STARLINK-34856,65687,-4887.117324069217,-4074.3883794525295,2525.152592842421
STARLINK-34930,65688,2420.5596098326514,4629.661222960418,-4434.947435911756
STARLINK-34875,65689,-5177.435958293118,1323.388402460818,-4277.432506561971
STARLINK-34790,65690,4059.590794521281,4401.143757904743,-3305.2628358029233
STARLINK-34691,65691,-3968.4160098563193,2823.880419057647,-4828.179073707366
STARLINK-34825,65692,-6369.10616184262,-691.7467064261609,-2404.806598487379
STARLINK-35060,65693,2533.8891792808627,4237.214030140471,-4759.483476815616
STARLINK-35204,65694,-3641.9608448283398,-4479.220173876917,3660.1045786509053
STARLINK-35221,65695,6481.600876425196,2063.954264962559,825.6529762223639
STARLINK-34734,65696,6463.736571669851,999.9757228924889,2020.2506046675542
STARLINK-35113,65697,6233.95568313123,116.02272667900404,2804.1404553753728
STARLINK-35090,65698,6463.458015258604,1035.7206332713079,1976.1330605976677
STARLINK-35086,65699,-31.561962771184827,-4334.991553491023,5291.504716704338
STARLINK-35101,65700,3864.256830822189,-2561.1045697387794,5019.530626961684
STARLINK-35046,65701,-6430.63241009357,-2287.618403495899,-467.7211047808497
STARLINK-35075,65702,6369.84511758426,2518.699873205125,208.09412015117982
STARLINK-34839,65703,-2421.45093740556,-4607.671699511797,4440.663656457913
STARLINK-34086,65734,5636.496710433501,-1667.0757916321322,3513.8983716016987
STARLINK-35099,65735,2499.4215634398597,4142.018022905223,-4859.315366435052
STARLINK-35167,65736,5192.31983695273,-2078.5718735590153,3950.4607812292993
STARLINK-35121,65737,-6777.171708942503,-938.0499915210687,-409.76251568422646
STARLINK-35108,65738,-3126.208897307239,-4044.864607885041,4554.78484883846
STARLINK-35106,65739,-2430.330969939353,-4155.595993522367,4867.6204647364975
STARLINK-35130,65740,6748.503412328604,339.6190948959244,1134.7118326293066
STARLINK-35284,65741,-5851.357296897771,-2777.2816781673605,2231.4467633625986
STARLINK-35316,65742,1884.5668811331273,-3771.031512542644,5392.244408557486
STARLINK-35319,65743,-1675.842983841389,3842.5108233065284,-5428.068826445752
STARLINK-35173,65744,5967.750357835392,2649.995545723426,-2088.883562024203
STARLINK-34808,65745,-5145.73181931852,2148.6905869835355,-3991.4636367918124
STARLINK-34704,65746,-5423.632811748937,-3120.3038258181127,2786.618118809623
STARLINK-35214,65747,2324.176783362745,-3633.1574533942767,5315.350551679528
STARLINK-35265,65748,-907.0673793730999,-4217.910261060201,5314.2238569073015
STARLINK-35288,65749,3652.9103039456386,-3079.792178493773,4902.426059659435
STARLINK-35165,65750,6555.0626303535355,1811.7336923616697,-848.7546679470524
STARLINK-35260,65751,4689.809623024339,3529.290097536718,-3545.1213206941247
STARLINK-34893,65752,-4629.004903687992,-3569.2830427420836,3568.4129161529813
STARLINK-34894,65753,6244.893086260475,-911.3931506549937,2662.2754683332096
STARLINK-35287,65754,-3493.1439879909385,3179.9345065940415,-4972.346903073299
STARLINK-35294,65755,867.2046781735751,4218.250167066378,-5337.225207708014
STARLINK-35275,65756,-4075.4631533070465,-3788.613361832831,3990.6705830116475
STARLINK-35211,65757,-4119.837406333083,-3774.575963443326,3961.7216997840715
STARLINK-35313,65758,4214.507499954608,-2771.2457863462214,4629.087514401152
STARLINK-34692,65759,-6756.811906307963,-429.07374140208157,-1072.944193969823
STARLINK-34890,65760,-6228.7300632362785,977.1241673632479,-2695.5240961136033
STARLINK-34889,65761,-6415.819019943761,-2089.5598015697105,1192.4557656792101
STARLINK-35330,65791,5406.515510176279,4295.304507605021,-588.8908788467298
STARLINK-35373,65792,-5392.815844804596,-4305.603834622744,644.4615140623896
STARLINK-35383,65793,-1109.631978694247,268.90934521701837,-6841.1089101330535
STARLINK-35378,65794,4520.440728621203,2776.0855026802737,4447.959875724881
STARLINK-35406,65795,1007.5922087949479,-348.4620984956445,6835.70632691887
STARLINK-35390,65796,-4549.009512424713,-2813.2833678962406,-4414.814160268637
STARLINK-35412,65797,3085.70097603131,3281.9622884690434,-5272.0028246533175
STARLINK-35414,65798,-3086.2065798718263,-3272.533582068992,5261.695444136006
STARLINK-35357,65799,-417.5815992507919,-1443.2128389987379,6753.741280448235
STARLINK-35300,65800,5485.74460369158,4067.242137699702,1166.8053028879608
STARLINK-35296,65801,415.2387694812754,1446.7773091656943,-6770.665138388585
STARLINK-34919,65802,-5484.49894870868,-4078.0448648501456,-1164.3613272502776
STARLINK-35286,65803,5183.8384161323875,3543.707947676132,2919.6711911464045
STARLINK-35266,65804,3581.5016662687585,1852.1310911206963,5624.578116934063
STARLINK-35273,65805,2264.0412116443804,683.419420003501,6501.865872892063
STARLINK-35047,65806,-4075.223411625532,-3845.322742273597,4069.817235320616
STARLINK-35285,65807,-1831.2815313931678,-2452.5464369729348,6206.727175166444
STARLINK-34580,65808,-4884.043931908734,-4218.915034074515,2519.272694295627
STARLINK-35289,65809,-5194.479635829271,-3566.2669874118396,-2896.212021590377
STARLINK-35268,65810,-2411.3479797542723,-810.0823811491503,-6452.7259474870025
STARLINK-35224,65811,-3603.1529178092533,-1876.6495650317074,-5621.939147315808
STARLINK-35271,65812,1699.8238775315758,2369.6877446801523,-6292.293101651629
STARLINK-35215,65813,3905.262062030898,3765.9055263401706,-4318.713674185623
STARLINK-35157,65814,4964.184193406747,4256.712346421156,-2299.7594358497577
STARLINK-35392,65823,-2079.025722713574,-3871.826719086657,-5264.916370840533
STARLINK-35281,65824,-3465.8127731750055,-2245.5933704051126,-5475.321339518953
STARLINK-35397,65825,4019.728686195055,1292.2202654678224,5371.2127662852745
STARLINK-35381,65826,4440.399713875564,-5104.864028659019,1000.7112565556055
STARLINK-35393,65827,-739.2235978592284,5801.247112436569,3537.7204852878795
STARLINK-35396,65828,1145.0908133393457,-5924.000529372913,-3230.1204797840687
STARLINK-35244,65829,-1602.7655636953505,-4229.016402524344,-5155.261283664566
STARLINK-35368,65830,-4960.124715607632,820.1051009017532,-4663.907976691494
STARLINK-35337,65831,-2634.845753938501,6085.954204366403,1666.6140405999793
STARLINK-35277,65832,-4297.829968466384,-773.3635990323495,-5270.421986599825
STARLINK-35345,65833,-3486.1034395525403,-2196.0430165090206,-5465.5709389360345
STARLINK-35320,65834,-12.877903028619443,-5391.440653113849,-4238.076818025884
STARLINK-35349,65835,-3029.869852873915,-2826.939565417437,-5464.494897145576
STARLINK-35356,65836,-4452.082352527456,5147.1226321719205,-814.4027366284787
STARLINK-35314,65837,3139.075296068913,-5980.917228645246,-1088.786826953235
STARLINK-35324,65838,-4155.539015212164,-1129.9064284278465,-5337.278308929657
STARLINK-35102,65839,-2693.1867092719253,-3241.6056986674535,-5393.406844501047
STARLINK-35364,65840,-1691.5155931932145,6056.280127920313,2682.4054037854257
STARLINK-35298,65842,5107.535604317078,-3374.458243400714,3041.8097668301566
STARLINK-35301,65843,3404.475826358791,2303.4080434079856,5458.106998071856
STARLINK-35148,65844,2633.8686882091806,3306.3403968225275,5367.446947161268
STARLINK-35302,65845,533.4748799776296,5156.995697012972,4452.195883501632
STARLINK-35290,65846,-1056.1627448287727,-4787.576169927254,-4776.9679810902435
STARLINK-35262,65847,-5174.24169012639,1790.6991176870786,-4128.004572862423
STARLINK-35308,65848,5143.544832873924,-2482.7881458555416,3755.2908702772324
STARLINK-35231,65849,-5189.118887480068,3507.2553105788884,-2788.897772189426
STARLINK-35252,65850,-4751.937331009102,185.12681259809997,-4941.0863220019255
STARLINK-35208,65854,-113.44835634089802,-4421.016673430791,5209.316365298682
STARLINK-35200,65855,4975.7546410290215,-4309.1168882686425,1899.5470853067168
STARLINK-35459,65856,2940.3321215000146,-4906.597814972257,3741.183893241795
STARLINK-35489,65857,-5832.5193340216365,3563.2950814494016,-303.7069915387393
STARLINK-35199,65858,4317.839880168388,1889.0168589258665,-4981.240419514839
STARLINK-35408,65859,-3481.0862559555035,4845.6001028488745,-3353.801306085378
STARLINK-35303,65860,-5243.61183784737,4167.90000905835,-1398.2887604965163
STARLINK-35258,65861,-689.5752037188624,-4204.647908005625,5340.5864599993065
STARLINK-35386,65862,5839.255749934766,-3548.718782898218,338.6033844843401
STARLINK-35469,65863,-5038.472782385608,-1009.8777342122095,4505.474963232021
STARLINK-35471,65864,471.1238125830311,4286.931914357274,-5332.201034223154
STARLINK-35475,65865,-3423.8096926061585,-2613.7408441391276,5304.127953785451
STARLINK-35312,65866,-6277.427438260533,1882.362748426373,1953.1828119538372
STARLINK-35456,65867,4718.916639808897,1474.8253634824862,-4751.252308798421
STARLINK-35450,65868,-4199.542834115623,-1937.1040394372062,5030.198502926271
STARLINK-35441,65869,-4338.088767148304,4640.073090212146,-2547.8692046291258
STARLINK-35433,65870,2662.2674867494206,3193.045340012684,-5453.683612709202
STARLINK-35465,65871,6286.83641867493,-2521.2521390370675,-1046.9175335012376
STARLINK-34108,65872,2294.4065937037303,3419.3029470582183,-5483.615541080217
STARLINK-35423,65873,3862.643361541979,-4786.2069639170595,2984.9654913186623
STARLINK-35425,65874,1493.3360144832143,3846.4067131466236,-5462.409604980362
STARLINK-34688,65875,-5545.472661168225,-275.1937128295113,3985.3287818219655
STARLINK-34438,65876,4825.88361144967,-4408.815372735428,2008.081805566688
STARLINK-35462,65877,-2515.682837750412,4881.514136969852,-4107.3860768509285
STARLINK-35453,65878,-1885.720482735239,-3633.1975712395156,5470.10559741449
STARLINK-35418,65879,-6176.781138443084,2834.805651189377,775.7161790022571
STARLINK-35445,65880,-6157.113429766133,1132.367703815748,2749.488229112234
STARLINK-35464,65881,1567.2030079211202,-4833.164152260111,4569.767878669074
STARLINK-35270,65882,-5424.579701750359,-3720.2102506095744,-1886.9207449744097
STARLINK-35367,65883,-556.9199700797636,-5297.139623534062,4281.609615292389
STARLINK-35384,65884,3049.2380878537583,-2766.2974025992753,5468.705220733974
STARLINK-35415,65885,2707.6205945478428,-3106.068170391674,5448.7434400552775
STARLINK-35413,65886,4305.295295139445,-1123.313742625757,5184.718831937679
STARLINK-35332,65887,5481.877122122019,3523.3235876519566,2069.4228061655695
STARLINK-35362,65888,-629.4474918146093,-5435.883376382594,4116.640882540643
STARLINK-35193,65889,-4716.416467858259,-4957.372862106682,-407.7100121551151
STARLINK-34542,65890,-3601.914157947176,-5673.932337383263,1337.3828304890385
STARLINK-34791,65891,-5456.8919931498785,-2398.284910662374,-3389.658462393848
STARLINK-34853,65892,-3981.448809135832,-5452.397371400375,1094.8924557819573
STARLINK-34921,65893,-1685.0051641523269,-5743.250334982816,3327.110545594583
STARLINK-34672,65894,1850.6141108311488,-3931.5320873015185,5288.541970291718
STARLINK-34898,65895,-4974.74034121651,-4659.057516421679,-592.43299545585
STARLINK-34906,65896,1152.9299071224743,-4439.469528300286,5076.118236827945
STARLINK-34934,65897,553.5386200159595,-4760.003071710213,4870.541102248321
STARLINK-34936,65898,-2830.849278509158,-5717.857217951362,2457.7269536416225
STARLINK-35272,65899,4923.8668967251815,18.936630396065933,4737.809449869575
STARLINK-35264,65900,5560.6483304277435,2427.230972916172,3148.7709810488827
STARLINK-35249,65901,1623.6424568930427,-4114.560191417265,5221.404340412048
STARLINK-35278,65902,-4310.806430557404,-5318.299368000741,317.44624361791637
STARLINK-35210,65903,-5293.336320589094,-1339.9608221505873,-4148.453262472793
STARLINK-35348,65904,3398.4426177605305,-2360.2448824993126,5436.667471259707
STARLINK-35380,65905,4654.480738267131,-403.62990107189376,5003.182515238707
STARLINK-35385,65906,-1874.0984239452162,-5663.3939811834825,3337.8979276071495
STARLINK-35347,65907,1619.3611127456832,-4051.3965079615136,5257.292826993581
STARLINK-35329,65908,-4343.759479999128,-5253.442008907373,563.9638324122493
STARLINK-35387,65909,-5398.661894057747,-3501.7948109377744,-2366.189091374862
STARLINK-35523,65910,-5079.0248926960785,-3974.157958681792,-2285.6936609695717
STARLINK-35160,65911,259.590909293288,-4240.626165102845,-5367.348312261777
STARLINK-35508,65912,4776.998642695859,-1736.7428705900018,-4584.989065870318
STARLINK-35472,65913,-5599.859415806763,764.3061124898577,3841.8168495359046
STARLINK-35524,65914,-771.3574535994488,4088.4702850577078,5435.044235458876
STARLINK-35539,65915,744.3389220068786,-4109.9182008209555,-5439.260525852309
STARLINK-35521,65916,5081.291166594202,3985.1244309897543,2247.3021395225537
STARLINK-35478,65917,-3563.9594103412596,2693.404533957495,5166.835911666241
STARLINK-35516,65918,6293.273743195689,510.97135833767487,-2673.695173882641
STARLINK-35519,65919,-2689.725094855393,3244.6926788720266,5392.910569274629
STARLINK-33902,65920,-3244.7266339111784,-4552.270296099839,-3948.139060261898
STARLINK-35530,65921,-4869.724034403942,1614.260470068278,4512.92733963163
STARLINK-35544,65922,6483.397099887888,2045.0438763667926,-770.4125634162078
STARLINK-35484,65923,6194.381972332508,205.00200819581016,-2902.974686023309
STARLINK-34994,65924,5778.703335824523,-549.6316166040665,-3626.010598693163
STARLINK-35458,65925,-4866.269661344539,-4087.0142889140975,-2536.8151176345104
STARLINK-35492,65926,2767.8129616061724,-3207.877472693916,-5376.524038648012
STARLINK-35494,65927,6438.867315663998,938.4445120834463,-2119.8603962238626
STARLINK-35493,65928,-6501.841684434382,-1725.1780857577178,1231.6544958189527
STARLINK-35175,65929,2635.3627886888703,-3279.1341305252636,-5416.355341190778
STARLINK-35513,65930,1590.5039324324366,-3780.0215011004934,-5480.794624755771
STARLINK-35526,65931,4261.228532192365,-2175.038819118844,-4913.4342015672655
STARLINK-35436,65932,5977.45215334593,-175.6696347828501,-3353.5567655757377
STARLINK-35192,65933,4185.369801743314,-2255.4192993775177,-4924.269440519691
STARLINK-33921,65934,6476.291006655227,2087.9726915076862,-824.3459549876953
STARLINK-35155,65935,-1924.9095515430615,-4599.896241770604,-4688.042692553365
STARLINK-35161,65936,-5747.038061648706,-3469.299456223374,-1316.5174168517067
STARLINK-35473,65937,-1466.8907230687066,3822.03263471521,5468.687699288743
STARLINK-34849,66005,5784.8319029349705,-3322.979475167214,1504.5653226406819
STARLINK-35336,66006,-4463.70218819,-1239.3496244293679,-5038.555710773368
STARLINK-35196,66007,-3123.8332249206746,-2750.440192845541,-5450.278211162142
STARLINK-35236,66008,-4972.588356117767,-472.3047803589552,-4678.822732571652
STARLINK-35276,66009,-5807.807294679146,3412.350881538283,-1267.9660883627569
STARLINK-35297,66010,3148.0024291990044,-5371.920814390431,-2840.5824622872797
STARLINK-35256,66011,282.1384841275522,-4873.984254010235,-4815.472766503211
STARLINK-35293,66012,3595.597889975962,-5287.2839045079845,-2474.282023318245
STARLINK-35307,66013,-4400.86468872653,5022.838083898411,1472.405869450295
STARLINK-35395,66014,-5330.236871673597,110.1465616714193,-4311.43573657713
STARLINK-34622,66015,-5635.589716759382,959.9737650240554,-3763.0436147721493
STARLINK-35243,66016,4685.392466422372,932.2055918630729,4884.998402860251
STARLINK-35398,66017,-2646.695409897565,-3151.4425210866248,-5469.766439507638
STARLINK-35376,66018,705.4212438370195,4426.2260715326465,5156.168129297561
STARLINK-35382,66019,3040.960896925222,2801.0620920214014,5438.6505449545375
STARLINK-35430,66020,-5899.083787214382,1873.8890385269547,-2947.932309021942
STARLINK-35432,66021,-5340.765920774474,4293.079703545387,37.76770076779343
STARLINK-35340,66022,-4529.782967510819,-1198.4394114112586,-5007.138551453119
STARLINK-35394,66023,-1411.5932499740977,-4037.8776088381837,-5360.335702397398
STARLINK-35410,66024,4873.305212599477,-4746.0055769066585,-730.3437202747231
STARLINK-35280,66025,1973.1730081449941,-5314.06560749315,-3858.7629092037296
STARLINK-34812,66026,-5878.155423311138,2057.0165975691766,-2836.04301856613
STARLINK-35341,66027,-2608.9770657088575,5365.5775617453555,3336.018186610167
STARLINK-35339,66028,-102.96944156223012,4800.240967954777,4862.022954216139
STARLINK-35399,66029,5861.619645432553,-3079.1555827007346,1715.5825303753675
STARLINK-35431,66030,-5638.7710539496275,3776.6301070623845,-861.3104867179289
STARLINK-35326,66031,5431.759439284114,-4141.772195367133,366.18461343372115
STARLINK-35311,66032,4183.337568455325,-5135.68936142386,-1715.7129262385845
STARLINK-35552,66058,-2312.095115141361,6162.849591717592,1854.9124712838911
STARLINK-35560,66059,-3403.903951721628,5172.58650550051,2927.964606564265
STARLINK-35558,66060,4266.6957800894725,-2097.534602358933,-4942.294328624955
STARLINK-35566,66061,-1647.6917734395881,-5489.040542276741,3747.7527441955813
STARLINK-35421,66062,2791.7250084962684,-5934.76030630321,-1951.7543651060087
STARLINK-35562,66063,2738.3044837783996,-6037.297167242371,-1745.203760835899
STARLINK-35542,66064,2401.13320205805,4578.232349313021,-4506.337938992216
STARLINK-35375,66065,3260.128811193436,-5437.221019708735,-2610.2630523762386
STARLINK-35179,66066,3629.0897112977987,2178.809414357974,-5395.871041062983
STARLINK-35401,66067,4252.656394598202,-1716.7630344508193,-5082.279514629717
STARLINK-35422,66068,-4255.47100824804,1935.720632299238,5000.341444836516
STARLINK-35279,66069,-3622.91756094238,-2188.48106356852,5379.258352995723
STARLINK-35295,66070,4155.744841985924,-3083.8006164363815,-4499.07742910313
STARLINK-35323,66071,698.9605924447311,-6738.256361925233,1028.005623581867
STARLINK-35299,66072,-437.52419339603557,-6381.963276795697,2419.6216580024843
STARLINK-35274,66073,4019.983236971443,-3715.7131335620606,-4129.31968816397
STARLINK-35321,66074,4148.011865188899,131.5637407638638,-5459.880418986065
STARLINK-35131,66075,-1149.3643543799064,-5924.40350050488,3221.0502307742586
STARLINK-34801,66076,2260.017213277619,4768.308458607674,-4377.6533528583905
STARLINK-35129,66077,-3802.85063155312,4304.911967941321,3707.630510851153
STARLINK-35116,66078,-4060.3005604256964,-570.7051696920462,5480.031909462992
STARLINK-35402,66079,-2874.3188506126185,-3844.9708346385887,4880.118564389695
STARLINK-35325,66080,4255.9706791585995,-1549.7972795344738,-5134.630127406688
STARLINK-35403,66081,74.3384757777869,-6629.040223308838,1709.1622013589456
STARLINK-35011,66082,-4073.6479006066443,-467.85925416597115,5474.543957051613
STARLINK-35291,66083,3556.4307801386485,-4943.787913336386,-3149.957260544063
STARLINK-35379,66084,3368.4532382129455,2842.6349218116093,-5253.430734490834
STARLINK-35370,66085,4276.5124086738,-1227.0298768946998,-5218.666815969066
STARLINK-35596,66086,4414.717079575089,-4999.906565972245,-1584.0141242358118
STARLINK-35563,66087,2019.3229169597669,3623.318220591278,5428.457917780857
STARLINK-35461,66088,-4172.457496887592,-1651.0586316470785,-5185.9834660372135
STARLINK-35571,66089,-5918.981765061069,2838.4826029355513,-1974.716861909782
STARLINK-35570,66090,-1004.5828942906683,-4277.794516334496,-5265.374874938653
STARLINK-35532,66091,2525.131688046053,-5367.2868954212645,-3440.0198218164246
STARLINK-35527,66092,2280.222714260448,-5376.003613145796,-3568.8337829031752
STARLINK-35500,66093,-5325.343091613679,4313.415562088914,55.5080805831477
STARLINK-35528,66094,-5678.614417776494,972.6589851564498,-3716.2373759940247
STARLINK-35559,66095,-5092.279747724579,-329.5181698097832,-4580.486951161665
STARLINK-34386,66096,-2069.824025354235,-3602.0717626213705,-5455.1524919001595
STARLINK-35613,66097,-5777.717151892312,1302.2878120311352,-3455.6146638170067
STARLINK-34206,66098,-996.0444428747388,-4290.585292364832,-5238.521648442385
STARLINK-34460,66099,963.183494831124,-5104.770116525063,-4476.317779713956
STARLINK-35609,66100,-5057.998883992838,4583.181099387769,447.0753726207308
STARLINK-35595,66101,3998.7946254816834,1820.0881849691398,5232.533609007906
STARLINK-35599,66102,-360.45740093018605,-4620.328583586758,-5037.839361634739
STARLINK-35622,66103,-3624.4265506197257,5284.973152948359,2382.408976613133
STARLINK-35452,66104,-3502.1138421753153,-2363.3520149737565,-5385.360898285002
STARLINK-35561,66105,5777.528527803834,-1438.8517699845565,3358.1245939279934
STARLINK-35584,66106,1107.1094074722516,-5166.248707910925,-4350.750400078963
STARLINK-35593,66107,-5856.5964419785705,3023.9474803406097,-1836.4814578949058
STARLINK-35590,66108,5279.216862237942,-86.83648295345174,4338.205811622203
STARLINK-35545,66109,-1587.3037307809493,5254.422870292634,4071.301696866206
STARLINK-35427,66110,3287.173358956635,-5306.57545594791,-2835.6770673278447
STARLINK-35574,66111,3959.6729646833883,-5172.135380097446,-2139.3197367044663
STARLINK-35531,66112,-5735.222995622315,3611.813417987689,-1017.4572760136374
STARLINK-35491,66113,4802.947556090433,-4780.898097313324,-1032.75966475923
STARLINK-35496,66114,-1297.5782492307408,-6703.042977832979,428.9870016073112
STARLINK-35428,66115,2038.0806631549883,-5026.65859685756,4137.472843917834
STARLINK-35573,66116,-4085.340321622972,-3593.902687996704,-4151.774806775198
STARLINK-35572,66117,-4008.2728928683377,-3801.812005021418,-4063.0179115012793
STARLINK-35468,66118,-2870.5933012872556,3901.1681271893317,-4855.137217337906
STARLINK-35547,66119,1749.9040659293348,-5371.773933387579,3870.14438085035
STARLINK-35553,66120,2075.027702168238,-4946.216547625977,4235.383951198408
STARLINK-35631,66121,-3519.665685423195,2553.3656944018326,-5302.891816397813
STARLINK-35653,66122,-3698.4521601641363,-4664.858698334543,-3404.553406844536
STARLINK-35628,66123,-2513.9057754002138,4405.985964580723,-4601.638533206991
STARLINK-35645,66124,-4302.23722879297,-2050.436845707507,-4913.706308829039
STARLINK-35649,66125,-4310.493383301926,-1221.2165314678987,-5182.151160347509
STARLINK-35658,66126,480.27433167557626,-6304.008986507105,2603.383308906797
STARLINK-35629,66127,-924.646712294407,6107.439218954608,-2974.39390897412
STARLINK-35612,66128,-3780.036703343519,1819.6574518741245,-5425.223280791379
STARLINK-35632,66129,-4265.513134828725,-2358.1286328920696,-4823.635305427913
STARLINK-35637,66130,-3349.126877975115,-5308.415074136117,-2760.2847811667157
STARLINK-35630,66131,1394.4072980789772,-5653.322579783158,3579.6554277594896
STARLINK-34412,66132,-3136.0855865073477,3351.235156453127,-5081.134115189545
STARLINK-35520,66133,-357.90670444047976,-6633.7332882496,1622.848621066221
STARLINK-35525,66134,-4308.684198494003,-1282.765724615042,-5160.99657933939
STARLINK-34852,66135,-4299.6960006663485,-1260.4480554711486,-5192.280466728378
STARLINK-35592,66136,-2346.423914931544,-6341.155540776893,-1040.9251847706096
STARLINK-35576,66137,-2009.9567328074634,-6516.5739711501765,-550.3864551147403
STARLINK-35623,66138,-1832.3514824828667,5317.630234186025,-3922.1399666495267
STARLINK-35549,66139,4303.217455015576,1654.7036616720088,5059.159340256943
STARLINK-35625,66140,-3384.1098636625347,-5294.647243966072,-2711.3868717925743
STARLINK-35603,66141,-3242.8331102765565,3129.845091572362,-5151.074443090041
STARLINK-35318,66146,2091.140546845825,-6343.128067432246,1470.8383893740356
STARLINK-33948,66147,-2555.0154106292734,6080.169718721197,-1870.184218747036
STARLINK-35081,66148,3554.880415896782,-4449.858933052789,3778.2367973389973
STARLINK-35601,66149,-2010.4258724278784,-5291.064551370861,-3871.405324084006
STARLINK-35605,66150,-3548.314664907684,-2618.6389310648583,-5252.28139023827
STARLINK-35540,66151,3842.2308059204597,1722.1674344948185,5379.729580277023
STARLINK-35455,66152,4188.180725747219,-1330.3217023857255,5231.4858425341445
STARLINK-34752,66153,-3741.3664388042557,-2098.891372289658,-5334.328653809424
STARLINK-34625,66154,-4027.3883398775874,3290.5457798732755,-4469.5005838988845
STARLINK-35580,66155,-1737.2418796866968,6537.423413653414,-1022.007596769828
STARLINK-35621,66156,262.96036137796966,6566.164015901309,1935.40348271545
STARLINK-35594,66157,-1121.8398589663302,-6178.467812434695,-2720.844205570002
STARLINK-35587,66158,-4235.60132669946,1635.6957173262963,-5138.460706722509
STARLINK-35586,66159,-3222.4163639428243,5146.942428984175,-3152.795970699469
STARLINK-35636,66160,578.3603951539279,6421.304502570169,2313.323662197846
STARLINK-35635,66161,-4142.69753640924,2666.453360381871,-4770.012196688389
STARLINK-35633,66162,-713.0119314895201,-6373.394200278763,-2424.4952705392293
STARLINK-35607,66163,4131.362480499919,95.940049641831,5439.492256435233
STARLINK-35614,66164,512.4950168748405,-6786.841210985271,-693.448496456055
STARLINK-35575,66165,2878.4223223312365,-5603.122190474984,2658.239199268861
STARLINK-35624,66166,2142.177400695458,5238.8022099329955,3831.0665856802516
STARLINK-35641,66167,1356.2596042301539,-6690.109146361822,437.24467729361146
STARLINK-35578,66168,-2722.050701417274,-4325.004393270403,-4573.387864254339
STARLINK-35638,66169,-3483.4846429143417,4837.965203663594,-3386.753098651132
STARLINK-35585,66170,-314.56245045704463,-6608.861452484515,-1745.073611834011
STARLINK-35606,66171,3010.655680292028,3921.4908931120644,4717.127146071358
STARLINK-35627,66172,-4008.55911661169,-1007.9812247860074,-5472.186105635501
STARLINK-35634,66173,3812.8017876949893,-3746.360935374863,4258.589349466068
STARLINK-35363,66178,-2220.9376977230727,-4812.451960206317,4319.292510753747
STARLINK-35346,66179,765.9747897276106,6210.414179381236,-2772.0281352114685
STARLINK-35335,66180,-2686.7554924782717,6070.809453742233,1698.8664767445198
STARLINK-35342,66181,-2376.894812472233,6309.9455199001095,1221.247741008628
STARLINK-35333,66182,3925.7419711771713,-3920.090857121915,-4005.3396798789267
STARLINK-35310,66183,1368.1009314437074,5759.680525576483,-3434.0082379428345
STARLINK-35317,66184,3013.089315099323,3604.6891825356533,-4978.714516007531
STARLINK-35377,66185,3591.1042200649076,2288.459902260409,-5360.096086595542
STARLINK-35365,66186,-2807.8683522937386,5956.503517672248,1890.9961711745366
STARLINK-35350,66187,-179.7652022435883,6624.28913098497,-1754.840610618225
STARLINK-35041,66188,-4244.7335925848865,831.4569846801037,5304.639485459182
STARLINK-34694,66189,-3376.130883219352,-2816.6616803455286,5246.049282335927
STARLINK-34863,66190,-3484.2803564071473,5047.123688458315,3050.7583379656444
STARLINK-35061,66191,-3716.9306189518707,-1887.3602402870192,5418.985144083973
STARLINK-34937,66192,4165.903247558515,-2824.5714091902187,-4638.58707298517
STARLINK-35197,66193,1181.3004908558696,-6737.105190989651,418.0310065751494
STARLINK-35374,66194,-1631.395255703025,-5537.070159608811,3674.6834597428183
STARLINK-34813,66195,3988.8435018201117,928.6231376169785,-5491.063414951307
STARLINK-35409,66196,-2577.668324972572,-4321.421253337159,4642.392094488818
STARLINK-35259,66197,-3939.67726093569,-1120.744419857773,5483.4112931178615
STARLINK-35518,66198,3125.9194086888383,3356.568438317663,-5098.672697275371
STARLINK-35509,66199,1619.4034721922287,-6656.738087123125,-181.0989610472336
STARLINK-35551,66200,396.23234578602757,-6687.836454492211,1433.5595508805188
STARLINK-35543,66201,-3451.7612955503164,5026.443166729923,3109.086679096058
STARLINK-35534,66202,-2092.6264381205997,-4984.829920609806,4201.297004234673
STARLINK-35548,66203,-3072.884411731094,-3466.3821885433695,5039.655057306648
STARLINK-35490,66204,-4223.652288761283,562.3136260186271,5357.168713417342
STARLINK-35748,66206,-1678.1606034661254,-6411.076234351754,1686.218845540542
STARLINK-35747,66207,2624.6929302254207,5522.201569262519,-3075.573699400295
STARLINK-35751,66208,369.9843444438689,6830.9443106414965,49.557922995135975
STARLINK-35750,66209,-3954.7011244634127,1348.3111624604644,5405.658822734473
STARLINK-35740,66210,-2176.303464575716,-6025.201532078983,2388.270827614386
STARLINK-35723,66211,-2610.555083056065,4968.574493829804,3901.5249660652435
STARLINK-35710,66212,13.610965491595282,-6841.418376236349,-395.9453259004388
STARLINK-34204,66213,-3320.2042202235048,-4319.1877105334315,4147.255361941611
STARLINK-35714,66214,-2981.5918094801805,-4903.458035810755,3735.230411727519
STARLINK-35712,66215,-382.61651604541083,-6831.589168750801,23.12602840467123
STARLINK-35709,66216,3445.565784859246,-3458.7852397892702,-4815.848511000258
STARLINK-35700,66217,4103.815688134242,590.9346413315633,-5462.68573087358
STARLINK-35722,66218,-4027.1920162205115,-1720.6657905439886,5243.7083273677545
STARLINK-35737,66219,-2009.841304927458,5721.463753473274,3156.4149957481936
STARLINK-35677,66220,-3829.8245188435635,-2861.6778642769054,4881.637786522505
STARLINK-35704,66221,4027.356427037047,1664.9946500544963,-5295.623672620871
STARLINK-35666,66222,4069.451228042731,-605.6106327451671,-5487.706780248686
STARLINK-35664,66223,3128.523343162885,-4193.683599254865,-4432.91898283478
STARLINK-35733,66224,-1671.252822485522,-6367.63708784243,1894.112861901271
STARLINK-35734,66225,3803.48618579886,-2284.7380461275707,-5229.108486928506
STARLINK-34466,66226,-4096.368883511448,-241.85736016120663,5462.222252216519
STARLINK-34882,66227,-1266.4910357296076,6345.598242782943,2209.5868948932116
STARLINK-35731,66228,-2996.8882011452797,-4992.646553452649,3579.7074223092104
STARLINK-35758,66229,-3676.1955055002154,2604.734591995515,5136.968686363724
STARLINK-35736,66230,3912.957426787214,2394.5283384631134,-5097.801993716906
STARLINK-35735,66231,3216.1452322897185,-3921.6897024894174,-4597.822782386658
STARLINK-35753,66232,-2392.5742030428405,-5725.416746195208,2898.740800881813
STARLINK-35626,66233,-1122.3757221506442,-6661.143264015759,1140.0143799674365
STARLINK-35537,66234,3272.0815904424244,2574.1635225076548,-5444.735724902197
STARLINK-35541,66235,-1497.9822815971859,5225.786950977718,-4180.458869885389
STARLINK-35454,66236,398.6964826822275,-4884.403329913031,4779.909494597657
STARLINK-35557,66237,-4107.744663327485,5219.556012642888,-1648.1650103869863
STARLINK-35556,66238,-3376.0914774917474,5409.432264550067,-2486.133874386586
STARLINK-35554,66239,596.5445851679312,4471.659649558168,-5159.489893258247
STARLINK-35546,66240,-2119.8935474505543,5327.390969231255,-3761.560296505037
STARLINK-35497,66241,-4136.07285065104,5140.257330835842,-1863.8395260993836
STARLINK-35480,66242,-5356.633652793583,185.20897360914373,4260.747171105779
STARLINK-35495,66243,-5267.065600138843,4383.831342951202,-118.54415635577672
STARLINK-35517,66244,-5847.604748549487,1773.2828694800903,3093.4045463259986
STARLINK-35503,66245,-4223.07014760047,-1564.6052873666483,5154.725087846924
STARLINK-35434,66246,-3110.149204785474,-2720.204577664526,5451.779722274659
STARLINK-35481,66247,-4822.344185603424,-700.882454044186,4802.030376212696
STARLINK-35416,66248,4291.261132472412,-5083.104254869859,1619.3029815175069
STARLINK-35304,66249,1395.089040112213,4030.394025455857,-5370.880632227722
STARLINK-35338,66250,5648.4563337955515,-3767.9053204728116,-901.8594467442437
STARLINK-35485,66251,5851.743897210232,-1893.511099586419,-3019.7982614551984
STARLINK-35483,66252,-4560.897963194702,4948.9875353450925,-1304.5234545572555
STARLINK-35486,66253,-448.78071252687414,-4546.150926369282,5091.811589411415
STARLINK-35488,66254,-5591.519995391343,3898.9868012218003,661.6327387735305
STARLINK-35616,66255,1647.2568423285904,-5231.498630890868,4098.850293176791
STARLINK-35619,66256,-5908.402641494297,2324.4906456690414,2571.4675286733122
STARLINK-35615,66257,-4671.916437625981,4885.6643796716535,-1144.218636332726
STARLINK-34650,66258,-3596.7957157192354,5287.984158143476,-2472.5975621539123
STARLINK-35529,66259,-4166.023573924538,5125.258781353798,-1822.6554416976849
STARLINK-35420,66260,2226.5505807968443,-5344.889475357634,3647.447564267532
STARLINK-35536,66261,4956.994401466886,472.6214348434282,-4708.447123868022
STARLINK-35487,66262,-5879.267860699671,2014.7352124245774,2870.0799493770246
STARLINK-35801,66265,-3860.746502719475,1736.842983679146,5362.71195290013
STARLINK-35056,66266,-5430.520360241207,-2206.8618363399696,3539.9944697548026
STARLINK-35550,66267,-3323.9499605076912,2414.4116671310317,5458.161296700902
STARLINK-35069,66268,2302.1225011605916,5781.750886879397,2831.504570458258
STARLINK-34910,66269,5208.197545149759,4270.334406641467,-1208.212995716289
STARLINK-35757,66270,1075.375380881703,5474.302854647654,3948.4208308727275
STARLINK-35745,66271,5078.444317645035,4436.272133265365,-1158.2642276211247
STARLINK-35741,66272,-5536.335664547966,-3050.1466264379787,2603.7927113970927
STARLINK-35730,66273,-1147.5268729446757,4374.094708434102,5122.003116880744
STARLINK-35760,66274,-349.8354864738008,4920.32470426066,4727.813540342544
STARLINK-35752,66275,4792.977478012432,-81.23295237749102,-4887.006678162277
STARLINK-35742,66276,-4486.273639157615,675.9456615492344,5126.753308538604
STARLINK-35708,66277,4042.262620416125,5427.593419395631,990.8461673423944
STARLINK-35713,66278,-5265.177023130953,-4159.436924375338,1316.6190372151823
STARLINK-35724,66279,-1157.857748353985,4412.7013761536,5086.081381521791
STARLINK-35726,66280,-5219.910997303728,-835.0871345074925,4330.832163221847
STARLINK-35727,66281,4402.712742536343,5229.219035980986,228.26315867655947
STARLINK-35776,66282,3245.635242732026,5731.61667046813,1839.0751528833514
STARLINK-35774,66283,5439.509012354444,3273.567536953465,-2555.8559388370913
STARLINK-35830,66284,2781.5422985357977,-3026.0845058909495,-5473.670313619607
STARLINK-35819,66285,-5125.197710690765,-814.4658488566077,4458.949032175881
STARLINK-35783,66286,-4985.321280882275,-410.0800756010207,4673.908804301916
STARLINK-34884,66287,4635.022074357085,5030.588912814838,45.28271287748196
STARLINK-34896,66288,3060.966567452368,5702.088104095804,2207.3746707044197
STARLINK-35802,66289,14.103307760546603,5050.984509692407,4603.147574898768
STARLINK-35799,66290,-2662.9339653758134,3122.8154514452663,5460.602124681198
STARLINK-35800,66291,-5535.570503712107,-2333.856926119544,3260.7982600094147
STARLINK-35798,66292,-4803.741396643281,179.9245635027367,4855.743802153859
STARLINK-35442,66319,4548.223105124319,2534.966666241431,4456.667969085874
STARLINK-34616,66320,5841.864068087091,-3488.1777970772705,865.6485212291542
STARLINK-34615,66321,-5871.7241810397445,-219.10454621005695,-3545.9560965543824
STARLINK-35292,66322,-1008.7391624550098,-5200.25578072688,-4361.622117871488
STARLINK-35309,66323,5044.923104481997,1864.7907445868645,4248.823715197751
STARLINK-35506,66324,4840.098568091286,-4811.705832391406,-680.3080836912658
STARLINK-35504,66325,5762.948985384039,519.9470078104343,3672.818546143993
STARLINK-35479,66326,-5633.2381835328615,3899.8106398574782,-395.9416129627181
STARLINK-35507,66327,627.9183038119929,-5696.815165937969,-3772.5863227704917
STARLINK-35460,66328,2793.6121123006697,4180.0971867763565,4657.968699904737
STARLINK-35505,66329,-6213.242357826141,1986.0303803361912,-2131.1030085419407
STARLINK-35512,66330,-809.647168565399,5709.436667250307,3709.213189671326
STARLINK-35257,66331,2886.753567558746,-5711.886757710524,-2472.0713235505013
STARLINK-35322,66332,-3131.5242727094924,-3934.524215456775,-4670.073347576182
STARLINK-35400,66333,6175.143300720445,-2403.091403884906,1759.7127222399379
STARLINK-35407,66334,1499.0349601618846,-5800.381537317193,-3344.550408776587
STARLINK-35417,66335,-5966.981147095148,3208.1312762039865,-1094.8487413463822
STARLINK-35404,66336,-5279.645857757292,-1483.1322064401452,-4126.438755091953
STARLINK-34783,66337,6228.727686555274,-1628.7256379656394,2359.4677764267826
STARLINK-35477,66338,-4904.553795225845,-2066.173428887402,-4334.058838860514
STARLINK-35443,66339,-6196.918497560738,1208.4402141692954,-2690.090005971718
STARLINK-35218,66340,3473.820325460479,3641.938448762864,4653.191190898565
STARLINK-35522,66341,-2348.342977926704,5770.2872059616175,2866.4861992770157
STARLINK-35535,66342,-4744.828211896123,4882.815608415628,835.850334422924
STARLINK-35467,66343,1244.7448554805824,5080.452445383117,4428.748431195785
STARLINK-35511,66344,5421.274609713837,-4203.725621973752,99.2877387898411
STARLINK-35440,66345,-4237.212916736526,5217.730710309941,1373.4305587486435
STARLINK-35482,66346,-1735.7460639856436,-4853.385347419295,-4530.791380129358
STARLINK-35438,66347,3381.8565818994202,-5590.0117757669595,-2093.453660050559
STARLINK-35849,66348,-3080.21261987132,4526.236205764083,4112.041830464583
STARLINK-35848,66349,3339.5552916908746,4004.793622126895,-4447.37681361234
STARLINK-35829,66350,-1627.9334090831624,6255.5938440582,2254.3522710956827
STARLINK-35828,66351,-99.9908205332934,-6848.0232814154915,7.636866537055781
STARLINK-35850,66352,2195.5771088564006,5816.948656469041,-2892.1802454594695
STARLINK-35869,66353,-264.04583030555466,6834.969476899017,426.7681954503098
STARLINK-35895,66354,-2375.6669726175796,5594.044040143286,3158.4580837465423
STARLINK-35861,66355,-3834.262408899824,2407.6637550988753,5134.328341467434
STARLINK-35851,66356,-4082.270417193856,479.429673552752,5473.273517671616
STARLINK-35817,66357,-2496.8523415921836,-5427.219856199823,3346.811035686319
STARLINK-35807,66358,-3077.474331078704,4456.212194109359,4182.77717755741
STARLINK-35805,66359,3318.2724166474954,-3924.7183046829937,-4532.321447549142
STARLINK-35823,66360,1772.6769067565672,6204.183212523328,-2319.612045165741
STARLINK-35813,66361,1622.496688843003,-6246.527910254115,-2298.9535615087843
STARLINK-35822,66362,-3515.9612621708216,3520.74031935271,4702.381841094739
STARLINK-35806,66363,-935.2451751453699,6678.2352714359995,1217.3885409398413
STARLINK-35797,66364,-3923.602344132027,1959.5590431999785,5255.984033578424
STARLINK-35827,66365,214.2371638770821,6842.771008433797,-217.1919742405335
STARLINK-35845,66366,1995.5901765374365,6007.93040938764,-2621.9933836980244
STARLINK-35846,66367,154.5499548405153,6851.01177002756,-135.89751185405214
STARLINK-34861,66368,3548.108841657901,-3182.1839866306686,-4931.41440118364
STARLINK-35795,66369,2122.329403270632,-5705.141680809431,-3154.1893393859395
STARLINK-35824,66370,2879.08749563795,-4669.349326605748,-4114.570884849863
STARLINK-35804,66371,4013.0131238169647,-1149.8650683141661,-5441.828738085469
STARLINK-35821,66372,4081.6367324455814,1067.1577541679903,-5407.286324570102
STARLINK-35809,66373,3776.2988652874797,2984.677743500346,-4885.7369432557225
STARLINK-35831,66374,368.77016208550924,-6745.218083390874,-1077.3150750730636
STARLINK-35826,66375,444.79172657645535,-6754.561689875483,-1068.683791128764
STARLINK-35139,66380,1013.3834418298023,6624.874449744419,1364.6636998098415
STARLINK-35158,66381,-4171.149867352217,-3502.264059231131,4130.241369986278
STARLINK-35639,66382,4344.850574200418,1702.6413358068346,-5025.940756034234
STARLINK-35690,66383,-1625.468758722308,5170.910575783013,4163.475125228924
STARLINK-35662,66384,897.232758790554,-5934.998358214157,-3312.955190743773
STARLINK-35659,66385,-13.47542400927741,6337.025349166587,2566.672152859534
STARLINK-35651,66386,2039.9072903862939,-4849.201443978899,-4396.603056909237
STARLINK-35661,66387,-3734.337838124133,1702.4088293173947,5461.795937745374
STARLINK-35647,66388,3027.5357244757756,-3382.4439125816275,-5139.044784181431
STARLINK-35694,66389,1130.9095379718578,-5755.468441954326,-3550.3217755716933
STARLINK-35665,66390,-3250.8437646323778,-5626.681918017699,2167.1520705988737
STARLINK-35656,66391,-4211.044886147044,-447.08628518644014,5377.45106912219
STARLINK-35671,66392,3618.5955294362084,-2099.1063179817743,-5434.471987872495
STARLINK-35652,66393,4214.852986342203,126.28970247546692,-5410.752575515233
STARLINK-35672,66394,4048.8061429868408,-722.3678540021713,-5471.324257187714
STARLINK-35681,66395,-2993.408187361032,-5915.151635678263,1731.3026697016862
STARLINK-35669,66396,-808.041590768208,5875.482992009165,3399.878703697676
STARLINK-35510,66397,3395.055314758965,-2638.165987269233,-5342.554442329834
STARLINK-35642,66398,-3898.966842928401,-4620.346818751977,3189.4689386708633
STARLINK-35657,66399,-2004.1302975487124,-6539.853725825978,-3.151817790162864
STARLINK-35667,66400,3236.947173053073,-2891.4046354543893,-5292.27140016758
STARLINK-35668,66401,3561.9718489699057,-2175.852744096748,-5425.097655855644
STARLINK-35602,66403,4403.85040867031,1779.9730400028047,-4928.400995673116
STARLINK-35691,66404,4169.068869835305,3897.59991532966,-3778.808834644442
STARLINK-35683,66405,-1093.8768775025176,-6643.342102778853,-1214.4967708854533
STARLINK-34840,66406,2563.1586526468413,6299.047100127759,-752.3837010446465
STARLINK-35686,66407,1660.7002777826578,6614.3399147121445,531.4523528416374
STARLINK-35679,66408,3158.2339051179865,5825.005918855487,-1707.1537619516348
STARLINK-35617,66422,5853.5675327881845,3486.8897018300154,778.8299364391931
STARLINK-35618,66423,3834.8724285552876,4949.153042175211,2793.6868405461287
STARLINK-35588,66424,2457.587819436622,5288.9664787759,3602.279775322448
STARLINK-35555,66425,-276.16822678657275,5152.209982214714,4511.169733401938
STARLINK-35589,66426,-1701.4496824323319,4717.414935999916,4671.685279004358
STARLINK-35611,66427,-3919.333056399893,3464.5976995478104,4428.058509190582
STARLINK-35610,66428,-5651.7894417019625,1649.9782003898952,3513.242969261994
STARLINK-35533,66429,-6452.453787951315,-80.14451232947783,2326.7077158297725
STARLINK-35470,66430,-6522.305021378769,-2014.8738007152322,687.7320601947941
STARLINK-35439,66431,-6075.5060162495765,-3158.703459709519,-462.29786261013373
STARLINK-35446,66432,-5658.878708395167,-3722.7406795380784,-1102.179545988387
STARLINK-35457,66433,-4682.642600177977,-4529.76807237717,-2158.5748961287995
STARLINK-35389,66434,-3969.0015379262877,-4887.359574249592,-2730.438931583745
STARLINK-35502,66435,-441.9118440276635,-5276.002050528096,-4367.008033464456
STARLINK-35501,66436,-3547.924651217937,-5041.922473041868,-3019.245941028994
STARLINK-35474,66437,4408.514235550563,4692.420241294223,2358.1190720114973
STARLINK-34681,66438,640.4278805712017,5301.528549010039,4296.279100736563
STARLINK-35327,66439,391.53807008589473,-5126.2341049496,-4545.960173153367
STARLINK-35405,66440,-2550.382617885653,4331.989110550626,4658.679606685262
STARLINK-35426,66441,-6060.788610292679,949.6588251511085,3062.2722890496902
STARLINK-34724,66442,2121.782462974954,-4544.026907363015,-4683.538348847397
STARLINK-35219,66443,4364.924142805731,-3095.7297759290727,-4295.831652199457
STARLINK-35360,66444,-2017.8561303817903,-5326.265112060744,-3829.5975995092776
STARLINK-34698,66445,5721.85750691197,-1522.7993126790202,-3463.726132668653
STARLINK-34986,66446,6558.589870581276,1760.999307027755,-965.5319581479889
STARLINK-34851,66447,3064.4448923944133,-4047.9370438775045,-4617.044275557044
STARLINK-35355,66448,5304.575647177262,-2108.552453742824,-3807.038658515317
STARLINK-34720,66449,6546.997067732424,608.499604764731,-1949.1840435205363
STARLINK-35334,66450,6288.462311078974,2736.022858594415,-27.541630406016893
STARLINK-35643,66456,-5983.341896006554,-1821.071357449331,2811.7870229415603
STARLINK-35466,66457,-3919.07235197643,-5541.747837216104,-1013.4632009746964
STARLINK-35684,66458,-4772.112878791542,-4928.475663684209,-38.9887902021259
STARLINK-35449,66459,-423.6017629364998,-5853.318080524262,-3558.5290785245184
STARLINK-35424,66460,5882.523167261153,2924.551294877434,-1976.8737395301878
STARLINK-35132,66461,5514.863290641417,3939.241640002078,-1061.072313907509
STARLINK-35499,66462,1411.5320757027032,5988.616501330037,3023.1729780438604
STARLINK-35463,66463,896.9313383881737,-5398.832746209139,-4142.568293117259
STARLINK-35435,66464,-3365.164224094929,3709.221246005395,4678.7604085429
STARLINK-35448,66465,-4250.502202326564,-5346.010540753213,-664.1201634693533
STARLINK-35388,66466,4125.579752333117,5412.6159102721285,838.6390743008905
STARLINK-35682,66467,-4036.902642391479,2996.5365616736553,4658.661237725555
STARLINK-35331,66468,-5948.81367574522,-1229.5361261788587,3177.4308346466696
STARLINK-35451,66469,-745.3141097407823,5446.4307834190195,4094.253385049884
STARLINK-35655,66470,124.78324370319332,-5698.121217283353,-3823.3878499015814
STARLINK-35569,66471,5982.703603335111,1387.7484370544155,-3059.238642179432
STARLINK-35567,66472,2062.2174093427657,5999.495748036149,2598.7967863612257
STARLINK-35568,66473,-5479.962702701898,622.8346051604798,4072.7873383077595
STARLINK-35620,66474,5730.367450397823,3445.539351260375,-1530.3463148638787
STARLINK-35538,66475,-5795.545225187118,-3211.436381490678,1772.3457311391091
STARLINK-35372,66476,1609.6180150233267,-5034.164859847474,-4378.2978888180105
STARLINK-35354,66477,5126.111207693679,4537.971099035992,-404.97931641550366
STARLINK-35283,66478,-5142.809983520983,-4517.871626913769,475.60080308253856
STARLINK-35581,66479,-2691.9035965764465,4289.647000332503,4618.189643094669
STARLINK-35670,66480,-1284.578488139864,-5998.262636327718,-3078.8247064423945
STARLINK-35698,66481,-1410.4696993734487,5127.211562484653,4324.461992063585
STARLINK-35648,66482,5981.519980955022,2286.9553779169237,-2463.2077719215863
STARLINK-35654,66483,2840.574016811183,5904.515341003972,2019.559235191478
STARLINK-35371,66484,-4310.9395270261575,2655.290070694278,4620.429242864248
STARLINK-34774,66485,-3460.221983445541,-4466.979346599048,3884.044742321676
STARLINK-34844,66486,-3030.0280874512227,-5010.365317121065,3569.0629559960685
STARLINK-34733,66487,-1544.3398647975544,-6243.229910010784,2378.347711195068
STARLINK-35515,66488,-5050.443853274063,259.94218850544115,4626.426654853031
STARLINK-35696,66489,-2040.6811169024504,6492.117578729142,857.9583815805803
STARLINK-35693,66490,-4593.958270972718,-2207.205128805183,4585.039164761289
STARLINK-35663,66491,1969.886975088199,5961.409241724143,-2769.510985010746
STARLINK-35673,66492,-3182.983820870479,5722.67967498419,2037.5903046583435
STARLINK-35597,66493,5045.037679062741,-1475.3086644590246,-4413.706705128961
STARLINK-35689,66494,3431.2207319466534,-5496.781613970843,-2261.0699330868324
STARLINK-35832,66495,-4308.931356053071,4168.510302907097,3326.2962195337536
STARLINK-35909,66496,4666.796387755936,1980.326427614533,-4626.320660149204
STARLINK-35899,66497,-4559.063748734149,-2308.0389628567364,4568.611528961696
STARLINK-35907,66498,4344.067716610877,2868.117203757761,-4471.38885082892
STARLINK-35816,66499,4716.947815751815,-3190.762166871118,-3829.6938620926185
STARLINK-35894,66500,-3199.330729043625,5830.73222292834,1675.766127764477
STARLINK-35897,66501,-227.94902946390974,6801.345452037203,-869.826937236237
STARLINK-35922,66502,4942.451139932166,-2262.5855162714515,-4190.624386037344
STARLINK-35917,66503,3252.2055248836023,4731.193017915863,-3761.017595983768
STARLINK-35916,66504,4112.869527795301,3227.171214025971,-4448.461133877447
STARLINK-34766,66505,-52.58231416944763,-6777.479040208581,1081.112371825917
STARLINK-34765,66506,-1419.6653972867268,6706.903382024992,248.825856723029
STARLINK-34767,66507,4974.974161679821,605.1934321588295,-4687.7732884623765
STARLINK-35608,66508,1354.37389563459,6336.288309149477,-2261.1461261847335
STARLINK-35598,66509,2911.9515202314783,-5974.944606544732,-1703.0376834318636
STARLINK-35600,66510,4228.923202953797,-4367.628990119711,-3185.3235858955145
STARLINK-35444,66511,-4915.4161099823705,2311.1267741277175,4180.05195506479
STARLINK-35366,66512,403.1020212434453,6697.400115638846,-1437.0047192787795
STARLINK-35692,66513,3944.4565621910224,3691.869267741371,-4233.210026944785
STARLINK-35924,66516,3464.190399626385,-3748.0299375835257,-4585.946676576107
STARLINK-35937,66517,6189.146633136321,2945.2979254825077,-233.02992110438504
STARLINK-35962,66518,2402.0147800429404,5412.594260063918,3454.606093844697
STARLINK-35931,66519,-5807.163956519814,1170.8934812048258,3453.8318350686573
STARLINK-35952,66520,-2271.1534765618435,4464.096469268981,4677.586826143913
STARLINK-35915,66521,-6319.701652712162,-37.75515792590688,2666.6314620812645
STARLINK-35946,66522,947.3667810449118,5419.442007742685,4088.275110432173
STARLINK-35969,66523,-5269.185761672404,-4209.802405825961,-1262.0118365715323
STARLINK-35687,66524,5562.669743699469,3919.5695495442437,847.3660895715136
STARLINK-35975,66525,-5798.997913531266,-3626.5633460292242,-548.96693247745
STARLINK-35932,66526,-4819.516714062301,-4564.289617359401,-1748.8831982660474
STARLINK-35935,66527,-3139.3557180094863,3958.057596104831,4631.450227458889
STARLINK-35928,66528,-1552.2158677776217,-5446.628817636389,-3877.1660717882205
STARLINK-35933,66529,3909.5153412829623,5047.295366351559,2499.536131093688
STARLINK-35961,66530,-4656.1086727128995,2706.709921255705,4240.680555051164
STARLINK-35960,66531,5602.574969737096,-1546.1353497666735,-3648.7544781485203
STARLINK-35914,66532,-3987.88843096158,3328.4643209648398,4471.590135115387
STARLINK-35707,66533,-6436.2804474937675,-2193.0145999795577,919.5368700936056
STARLINK-35976,66534,5106.446197356259,4354.862487415262,1406.8711490400276
STARLINK-35514,66535,3160.395146606534,5281.6669269886215,3018.70806079517
STARLINK-35640,66536,-4893.830650737692,2449.2946277071937,4128.106239536846
STARLINK-35582,66537,-6513.438205713448,-1538.3811044932627,1497.6450530345905
STARLINK-35577,66538,-6189.666732042512,-2954.860205122402,177.414836823721
STARLINK-35697,66539,-3729.8957318720586,-5105.881082191188,-2666.4632411325797
STARLINK-35818,66540,6379.654230044477,2400.705657636613,-767.843537001644
STARLINK-35796,66541,-5261.155041657711,2004.7130176395829,3914.3127432355363
STARLINK-35833,66542,6490.511675840368,974.9927148084556,-2002.044705867501
STARLINK-35315,66543,-804.6908431101294,5063.785514674397,4547.479925903304
STARLINK-35728,66544,1094.1987088763499,-4971.252059096296,-4603.496451921785
STARLINK-35699,66557,3808.951250892583,-4837.4201414799345,-3030.1984598111057
STARLINK-35695,66558,4715.788006277861,-2857.6334040742054,-4087.2348470660427
STARLINK-35419,66559,-1013.7548324049333,6778.961478655568,260.63404703986663
STARLINK-35411,66560,-2095.157202308492,6397.537396792816,1309.5025841236338
STARLINK-35305,66561,-4638.411743024053,3051.0339570065257,4019.6393200846724
STARLINK-35579,66562,-3529.741550972763,5184.130226234496,2771.7305406552396
STARLINK-35437,66563,-5026.50292974987,439.322014868768,4638.185686877756
STARLINK-35358,66564,-4772.711843145254,-1714.8920169084843,4611.362495883554
STARLINK-35893,66565,-3730.211005558777,-4241.277387125525,3884.1163031450114
STARLINK-35871,66566,-2886.769932090656,-5332.088921684744,3199.299368385424
STARLINK-35825,66567,-1360.424038270183,-6452.443188872411,1878.0937906578226
STARLINK-35803,66568,1144.8491839435403,-6751.221197406705,-434.466263681264
STARLINK-35835,66569,2290.3193076716607,-6280.739326201401,-1549.737198929344
STARLINK-35834,66570,3359.5163545008722,-5414.192830044528,-2548.777381862863
STARLINK-35836,66571,4533.160030287161,-3417.4218750172004,-3857.3478568750947
STARLINK-35870,66572,4980.0676310546305,533.1343725882541,-4692.077434355392
STARLINK-35650,66573,4258.538993759239,3235.1955904418915,-4299.956853893704
STARLINK-35812,66574,3264.2569117870785,4888.0489680176515,-3541.9515341199167
STARLINK-35810,66575,1521.5657925642436,6364.126320541533,-2066.8150418743608
STARLINK-35814,66576,802.3495883820613,6665.071651011853,-1424.5451960777712
STARLINK-35815,66577,-3116.4014094930544,5642.354352738609,2339.9656712949036
STARLINK-35743,66578,-4344.6979993924,3828.815494085405,3668.491321300788
STARLINK-35868,66579,-4948.802418898796,1637.3262627471513,4450.715976153843
STARLINK-35872,66580,-4864.198882741543,-1280.445885066322,4655.501411693798
STARLINK-35744,66581,-4173.454202734805,-3428.815873244582,4219.735088917628
STARLINK-35746,66582,-1799.2878762719736,-6217.968611602046,2265.208525012323
STARLINK-35941,66583,-78.30035921918618,-6822.173403191869,714.6863766554037
STARLINK-35939,66584,1800.2924550950745,-6534.300647412265,-1068.7738819983997
STARLINK-35963,66585,4907.4297092903935,-2012.432593329526,-4356.111732623972
STARLINK-36076,66588,-6747.245019920932,737.8477793854582,985.2374601401641
STARLINK-35447,66589,2322.6537048301557,4508.900548364723,-4623.869337514867
STARLINK-35429,66590,-1175.0501804724756,-4871.877536496989,4675.45285306784
STARLINK-36058,66591,5001.320347738786,2831.4810035906635,-3750.824718360134
STARLINK-36066,66592,5938.741897969203,-3125.1990625683484,1416.9426803178862
STARLINK-36031,66593,-5644.92823069469,3479.651279847956,-1761.5837279712562
STARLINK-36032,66594,6607.625203194577,-1831.435296936284,86.09963118460145
STARLINK-35711,66595,-4010.790662095133,4584.671772584051,-3158.4275180111895
STARLINK-35811,66596,2344.2632774718154,-5045.758668892122,4005.074035545516
STARLINK-35820,66597,6052.299848491036,1548.8130154087014,-2842.2536782382253
STARLINK-35981,66598,-5845.24850492831,-1827.4973685544649,3081.4897757320136
STARLINK-35930,66599,595.1448581154028,5005.939940610584,-4657.137700995391
STARLINK-35980,66600,3886.4017658852663,-4619.375205527095,3252.2933308497722
STARLINK-35978,66601,-249.1937717705888,5124.503958904365,-4559.855805842163
STARLINK-36050,66602,4908.319039541222,-4071.03836981533,2515.44926651901
STARLINK-36048,66603,-6663.751750937515,1610.7048503571561,176.98538889344925
STARLINK-35977,66604,-4148.450350632632,-3507.2491866477044,4179.807511786501
STARLINK-36052,66605,6751.204549214992,-570.3473881328557,-1092.5668655984532
STARLINK-36063,66606,-5156.13850412408,3914.738277801447,-2273.683363499285
STARLINK-35993,66607,6326.57399787679,1040.576200173658,-2448.597676290868
STARLINK-36036,66608,-6427.166086901955,2339.476375066802,-539.041519867803
STARLINK-36034,66609,-127.09376145801934,-5072.961458569057,4608.018673440394
STARLINK-35680,66610,3204.146000838267,4104.92365011519,-4471.4205035195655
STARLINK-35583,66611,-1745.775388550223,5135.192054301057,-4206.30604819593
STARLINK-36039,66612,6722.845591828694,-1304.7527783743126,-419.8765645562659
STARLINK-36037,66613,4390.8546839740175,3350.833053703603,-4074.2598088170366
STARLINK-36040,66614,1453.7020723200824,-5137.297768200884,4298.597342651802
STARLINK-35988,66615,-2455.539799427582,5042.634461912315,-3955.105240654044
STARLINK-35391,66616,5645.734201693538,-3461.6461688955983,1788.0356585458185
STARLINK-35940,66617,-5932.405244328328,2208.1948431521796,2615.9904935861728
STARLINK-35970,66618,6839.761656345481,-1.597433235352757,442.15058763991783
STARLINK-35951,66619,-4044.286897990493,3419.7123838028174,4338.621418387649
STARLINK-35936,66620,2431.8388054020834,3780.4554789841613,5162.42011712724
STARLINK-35847,66621,-3354.543571639636,3668.031136712797,4706.43086172206
STARLINK-35950,66622,-5072.512902080829,2892.3127839481485,3577.6178908674847
STARLINK-35920,66623,3018.4488889796257,3515.52920416137,5021.551752041554
STARLINK-35927,66624,6843.620196270815,-73.59937069122559,345.9827824275944
STARLINK-35929,66625,-5697.703540903053,2590.3181424002382,2750.25288060885
STARLINK-35902,66626,891.0009112891474,4051.0539125024206,5444.284399912446
STARLINK-35904,66627,-6836.328733397366,429.9033285730213,187.89460462289736
STARLINK-35862,66628,6495.488469133382,895.3994470460415,1935.6673321618393
STARLINK-35949,66630,-2647.812577549904,3939.669127947728,4914.552942526275
STARLINK-35965,66631,-6816.570489683602,506.3997682823304,-162.19194176557022
STARLINK-35973,66632,5024.168074285663,2499.572525439688,3902.2630640104703
STARLINK-35948,66633,5963.194374091365,1665.4710509591284,2900.1099087819357
STARLINK-35967,66634,-931.3371869326317,4124.942624727972,5366.49953829367
STARLINK-35955,66635,-6461.772414068072,1531.0382988785143,1680.415704037512
STARLINK-35968,66636,-4212.832795686639,3347.4591036796337,4232.00536886987
STARLINK-35953,66637,4614.054844148521,2765.910330543848,4209.69329628834
STARLINK-35972,66638,320.5572753486484,4095.747148857732,5474.338154820586
STARLINK-35908,66639,-6849.298855162968,192.08901263087972,-131.6210356805843
STARLINK-35921,66640,6847.4721158165075,-109.80918469145733,298.5451290931807
STARLINK-35923,66641,5039.788756823615,2659.2204804299317,3797.1103910996358
STARLINK-35926,66642,-1953.6082103281628,3987.414241214434,5208.900821275276
STARLINK-35918,66643,38.89168663513315,4107.620160431906,5458.492378113308
STARLINK-35938,66644,3269.0608821959586,3529.189386152602,4869.904974605192
STARLINK-35867,66791,3047.3455705537494,5828.776961671017,-1956.765373103986
STARLINK-35990,66792,4901.676516127324,-1902.969740253336,4399.891077752893
STARLINK-36051,66793,-6063.28043017727,-1682.033371034134,-2735.3007200581137
STARLINK-36062,66794,-4908.054805941731,1886.0839569793466,-4412.491705014613
STARLINK-36047,66795,-6055.346203606239,-2116.1858442419652,-2438.512071581899
STARLINK-35964,66796,-5780.464765203547,1165.3678441351863,-3507.9699175330284
STARLINK-36099,66797,-4214.052911029956,-5332.714576741767,918.6569490985991
STARLINK-36041,66798,-3813.6745862403336,3295.823194708719,-4658.14351145228
STARLINK-36044,66799,5722.526544107019,-212.28129174387766,3771.018358927449
STARLINK-35996,66800,6029.598202621642,2474.1743053521523,2134.0881104321843
STARLINK-36080,66801,2465.3230472461787,5935.892506322707,-2403.952058460591
STARLINK-35604,66802,-5486.761471194238,799.3629431369045,-4045.036565713654
STARLINK-35565,66803,-3041.705980149916,4024.286984914774,-4654.574099544284
STARLINK-36038,66804,3285.066195708831,-3801.7245329942307,4662.036243508036
STARLINK-36049,66805,-1230.0879770449724,5213.01645927114,-4292.811325383344
STARLINK-36069,66806,561.0670353286389,5838.611793081435,-3563.6729156303695
STARLINK-36000,66807,1451.1462444065114,-5081.750747047346,4364.292317233924
STARLINK-36071,66808,4483.208668129489,5150.766027838415,-671.9254805696193
STARLINK-35979,66809,1072.966302415362,5924.537350308513,-3292.9041333627843
STARLINK-36046,66810,-5797.277661098402,-47.403547604659146,-3672.307698301364
STARLINK-36045,66811,-5497.031551855882,-4028.069517840501,-783.5710736767908
STARLINK-36054,66812,-4632.797969744266,-5037.957652915753,452.0342623555218
STARLINK-36042,66813,6074.955228986267,1791.2461301511796,2629.5327941405444
STARLINK-35984,66814,5911.904400292295,445.5906989057312,3441.81016631466
STARLINK-35985,66815,-2916.483465135279,-5844.537239479911,2095.4287949241098
STARLINK-36098,66816,4738.279547535016,4948.622672295113,-372.942248575531
STARLINK-35995,66817,-981.5894413439744,-5892.962416564045,3363.363114819589
STARLINK-35994,66818,-2482.3110488417346,-5915.131594263583,2420.3613283428904
STARLINK-35989,66819,-5798.526816647316,-3385.015363180509,-1412.1114088177235
STARLINK-35966,66821,-1327.1658614647756,2403.6809852334545,6378.944359306917
STARLINK-35958,66822,1341.3098341872767,-2379.349883048942,-6395.693254433015
STARLINK-35957,66823,3666.3582330684017,5767.6349257611155,-1282.7545955664793
STARLINK-35896,66824,-3664.276924567146,-5743.717395945931,1376.0459495158584
STARLINK-35476,66825,-3508.6752041298273,-2291.563560028835,5539.103962495762
STARLINK-35898,66826,1714.8048944338107,5769.548619972523,3473.9450289032625
STARLINK-35959,66827,-1688.1972467827595,-5774.269427873218,-3487.584684569073
STARLINK-35982,66828,-3893.2337978769933,-4362.64252101404,3752.9718033123836
STARLINK-36084,66829,3535.680752933719,2330.4489891890935,-5517.350321664139
STARLINK-35881,66830,-2589.523315336747,103.72325464011372,6442.871174701121
STARLINK-35788,66831,2948.825787601494,6207.752910183795,1049.2073615623106
STARLINK-35768,66832,-2976.2675298141667,-6215.028600888942,-925.3767440444235
STARLINK-35858,66833,2644.8043061047765,-2.7346070899204906,-6432.224873556693
STARLINK-35840,66834,246.66321126755983,4464.819742146832,5315.69750625801
STARLINK-35890,66835,-142.08281325166536,-4370.4607746360825,-5407.447306568613
STARLINK-35838,66836,3912.981629578933,4368.1401335835335,-3738.834859197409
STARLINK-35729,66837,-1272.4865347696564,2488.786187499091,6357.251845782044
STARLINK-35886,66838,3710.5812450866088,5687.8737909213105,-1495.3392263823687
STARLINK-35717,66839,1213.6449812081587,-2576.1592031496807,-6344.728502164384
STARLINK-35837,66840,-3683.5284509789403,-5708.0018128335705,1469.8850677935868
STARLINK-35715,66841,-3481.6949102832687,-2200.49155534864,5592.769580205902
STARLINK-35769,66842,1765.6299590338897,5801.76467738182,3393.491950815268
STARLINK-35997,66843,3504.2400689505002,2224.40520845426,-5580.498144397388
STARLINK-36073,66844,-1554.5872730386025,-5682.885960950377,-3692.929779108048
STARLINK-36068,66845,2977.2188867642008,6205.698498235957,978.6699205612897
STARLINK-36055,66846,-3886.718200065177,-4249.833541186474,3886.8325156145083
STARLINK-36061,66847,-2554.091751237978,179.2930016813109,6455.240718416295
STARLINK-36091,66848,-4698.649402758062,-2162.027102404565,4497.024531680853
STARLINK-36102,66849,-1545.9565915087567,-6453.317238955204,1733.2732915072502
STARLINK-36105,66850,647.1032797436447,-6822.717342433093,-307.7508139415701
STARLINK-36094,66851,4834.125237193577,1631.2960711379474,-4589.2757027357875
STARLINK-35992,66852,4061.9309429347636,3871.990978556723,-3951.6976120194686
STARLINK-35986,66853,2986.04671158219,5398.9819486869965,-3002.3103935755885
STARLINK-36087,66854,985.4536375229477,6685.60958290773,-1172.350108772951
STARLINK-36090,66855,-3540.6259050065923,4960.156631744746,3141.0500270731163
STARLINK-36072,66856,-5004.31557411032,421.7671088872345,4663.360121701389
STARLINK-36083,66857,-3892.035821225,-4143.1911912079595,3832.194161565604
STARLINK-35118,66858,2255.24726367658,-6212.904623229486,-1844.7649989073832
STARLINK-35646,66859,3886.1417322599946,-4482.778991330996,-3449.274419926743
STARLINK-35987,66860,3182.2910595588414,5182.902242347519,-3177.0534237421284
STARLINK-35991,66861,-834.1919496663322,6785.783277943252,533.4250422275655
STARLINK-35974,66862,4701.164022525784,-2561.758917470962,-4294.641419750715
STARLINK-36134,66863,-4588.490913515226,2881.6910149021487,4197.892133694677
STARLINK-36070,66864,-2982.358704337476,-5375.450243648053,3036.5088035591853
STARLINK-36117,66865,-2106.7842032903204,6286.813675027328,1747.2778985726993
STARLINK-36126,66866,-4916.0682750250535,1523.446080995558,4526.8408460143355
STARLINK-36101,66867,-4917.912431699116,-1073.5984016012817,4651.753221293672
STARLINK-36108,66868,-4172.470706480132,-3607.7697999469146,4069.5282465459654
STARLINK-36092,66869,-1730.7291546546849,-6354.855326660686,1903.7185515981917
STARLINK-36114,66870,-52.69809152205503,-6850.657587194689,349.55238351239984
STARLINK-36095,66871,1758.695192888727,-6489.335807632967,-1368.559195696372
STARLINK-36082,66872,3265.759384136494,-5331.56735441309,-2831.2050151226886
STARLINK-36128,66873,4964.710897488996,752.7157506845651,-4677.337687407206
STARLINK-36129,66874,4459.226271374472,-3305.374560122479,-4036.782147454896
STARLINK-36053,66875,4282.2599544488185,3409.708987217806,-4139.873321407728
STARLINK-35702,66876,4993.746609008231,-783.8756828194181,-4642.348880637492
STARLINK-35866,66878,3312.112835124752,5999.315134048939,59.39114785987524
STARLINK-35749,66879,-2108.7578338469634,4105.711633556622,-5070.985674603116
STARLINK-35844,66880,128.90370752383973,5851.625081810872,-3570.0475750954033
STARLINK-35860,66881,-4066.3037863136997,1071.7188413769065,-5417.524630352958
STARLINK-35912,66882,3019.218484762204,-2907.1816762705553,5395.593883207038
STARLINK-35947,66883,-1011.1729594793754,-6128.004959970478,2859.430474022413
STARLINK-36057,66884,76.94896173599727,5777.433852168552,-3667.426229625658
STARLINK-35954,66885,-4606.5552973381955,-429.69630106387757,-5044.5530237815865
STARLINK-35900,66886,-4443.043638123936,-4812.645236974296,-1979.7378743474035
STARLINK-35925,66887,-690.2946886261489,5315.357706601911,-4257.0927786428865
STARLINK-35919,66888,4251.348057383663,5105.362946076439,1619.0065123381382
STARLINK-35852,66889,-3882.686160650964,-5571.278554563489,-831.6822953989455
STARLINK-35885,66890,-4224.054039249866,698.3159919429853,-5339.6887774411225
STARLINK-35855,66891,3579.2212629043,5815.884186404954,375.4751201561942
STARLINK-35883,66892,3938.9725367845194,5494.676317612226,1112.9320248416816
STARLINK-36033,66893,-4707.47718219481,-1012.6954908955622,-4882.793066648821
STARLINK-35718,66894,1939.8880488237412,6335.822958662401,-1761.7094859392153
STARLINK-35971,66895,-3471.227537376508,-5893.218368182582,-142.78844835329926
STARLINK-35791,66896,-3089.4173484871285,2853.797337986643,-5416.899899577724
STARLINK-36079,66897,2919.6088093914636,6156.532086896143,-612.5074442807204
STARLINK-36065,66898,3787.1311123701466,-1638.7243600799484,5444.806295245348
STARLINK-36064,66899,1029.1775583987196,-5038.417422045098,4501.788325403858
STARLINK-36074,66900,-4797.425621623031,-1269.4606226649164,-4715.420890293051
STARLINK-36043,66901,2208.9251170955913,-3929.6310633494427,5134.477960937511
STARLINK-35983,66902,-4920.509287055268,-2592.97119486101,-3989.833328888298
STARLINK-36077,66903,-1863.9810480412848,4320.765582819908,-4970.671517938211
STARLINK-36059,66904,4303.707634874885,-455.3952628834701,5286.686535450559
STARLINK-36075,66905,-4755.98276809388,-1278.8983037448006,-4773.043731101719
STARLINK-35945,66925,-2794.841697611922,-5154.806067645216,3513.5303028211424
STARLINK-35942,66926,5065.069838024451,-653.9152361773517,4540.233102230799
STARLINK-35943,66927,-4728.089453238726,1158.5061321402468,-4812.024907905403
STARLINK-35944,66928,-6028.09762495968,-2921.163370553743,-1395.335574302231
STARLINK-36169,66929,-2813.9014366206566,3040.6497601057986,-5449.214480716346
STARLINK-36206,66930,-3524.989982147625,-5094.241650960871,2891.5929682357814
STARLINK-36130,66931,4955.082955788004,4547.547344259878,-1257.5470473206087
STARLINK-36177,66932,5973.794511512617,3166.761301314958,1029.9883667618187
STARLINK-36157,66933,1243.1312419066812,-4044.7693350440995,5363.711408428899
STARLINK-36153,66934,-1540.0836390572194,-5044.349161747603,4346.326475402106
STARLINK-36127,66935,-804.1444548357014,4269.48643313385,-5291.557853583908
STARLINK-36160,66936,3158.3457566392603,5126.998460589721,-3251.5838706040877
STARLINK-36165,66937,5645.832354321126,390.69859474320356,3832.085570801801
STARLINK-36155,66938,5498.8048914343335,4056.972846165967,-308.9694455909976
STARLINK-36154,66939,2020.3062912834325,5105.776379523864,-4085.7797714590706
STARLINK-36121,66940,6095.169013143302,2218.1061340669207,2163.9062092521804
STARLINK-36088,66941,-6054.893927975179,-1605.4632004358132,-2757.2643596063526
STARLINK-36100,66942,2044.241830919118,-3572.183557188159,5453.38079178265
STARLINK-36109,66943,670.7715493892404,4831.818288484343,-4801.119404851809
STARLINK-36112,66944,-3482.4872474622775,2488.7171359372046,-5343.104315052737
STARLINK-36110,66945,3431.276985428865,-2515.3053054424295,5345.271108450859
STARLINK-36115,66946,6003.080122753328,1461.8378233630197,2925.3961966292836
STARLINK-36089,66947,-161.99190260567923,-4671.03827879905,4984.178442390057
STARLINK-36116,66948,-5769.163164487564,-3656.0746377069618,-392.2549464003289
STARLINK-36096,66949,-5338.689037925495,257.6193502579289,-4276.378148398872
STARLINK-36111,66950,-5843.136366038856,-816.8065801494472,-3469.318907588105
STARLINK-35999,66951,4162.426025444507,-1797.8378343943068,5111.542491682889
STARLINK-36122,66952,4076.0084689365817,4957.34914165526,-2373.3117738472247
STARLINK-35887,66959,-4493.458905628807,5178.40682204103,-150.55489882723478
STARLINK-35879,66960,2777.406432304967,4260.66275740428,-4608.324272198984
STARLINK-35761,66961,-1625.8870766956115,-5076.905833762043,4309.804035355591
STARLINK-35874,66962,567.4409738435899,-5936.847250441151,3385.637157307929
STARLINK-36133,66963,3410.0629448087657,3683.8991469659377,-4680.411913724998
STARLINK-36104,66964,4694.507025709487,-5002.982383054243,-51.76610354342953
STARLINK-36067,66965,-5802.224070610112,703.694190892271,3581.1681747390217
STARLINK-36139,66966,-5908.033071756553,1628.7117184992212,3072.163197802793
STARLINK-36136,66967,-3360.710646408642,5825.45028955032,-1345.223644016961
STARLINK-36152,66968,5932.450535288397,-1839.416021824553,-2918.4867489101994
STARLINK-36149,66969,3724.44584686608,-5666.006353901364,1038.9940595738328
STARLINK-35703,66970,-5339.247356430605,-819.3105127053886,4218.640226967719
STARLINK-35678,66971,-658.5084118384532,5973.708298397432,-3311.744140719501
STARLINK-34846,66972,-5571.796492350046,3689.5686838316974,1539.319785253281
STARLINK-35778,66973,-3735.4004331555425,-3331.0606307402927,4682.46835591367
STARLINK-35780,66974,-140.3455651696817,-5766.958337576912,3705.5331526306127
STARLINK-35777,66975,1157.090926953045,-6033.510933403462,3043.4471900731687
STARLINK-35772,66976,-1524.071875966225,6082.075973023849,-2785.814743577233
STARLINK-35770,66977,5918.290524647098,-1433.8529222997354,-3166.2478228163536
STARLINK-35787,66978,-4973.018075324946,-1581.5552656386712,4443.145970557818
STARLINK-36107,66979,1820.9657384736888,-6074.3616630210245,2609.8442593426075
STARLINK-36086,66980,5681.420690727205,-3439.6003471133663,-1727.9519494874467
STARLINK-36142,66981,4423.731728132138,2484.5035339649708,-4622.008247266315
STARLINK-36113,66982,-2309.4585582334867,-4624.368338462185,4502.219228268861
STARLINK-36145,66983,4831.479586183594,1859.0364426672331,-4506.088308850611
STARLINK-35591,66984,5516.463557487776,-3850.052592247161,-1353.3257451423647
STARLINK-36103,66985,5100.3201651308145,-4547.5562896074925,-622.8511396798282
STARLINK-36135,66986,1258.1525696163806,5279.052785021992,-4201.572469946099
STARLINK-36147,66987,-2859.34882577188,5974.513277906064,-1785.53467162239
STARLINK-35660,67003,5123.55057619216,-1473.5840750091768,4454.975678552242
STARLINK-35913,67004,-5115.837399466749,1496.271549859244,-4467.525026166457
STARLINK-36148,67005,4682.488376704554,1873.368834793413,-4787.361423359238
STARLINK-36156,67006,6944.447474495899,262.8029788639622,-180.5056246671742
STARLINK-36123,67007,-4682.676321652225,-1855.9789122643688,4785.893297504088
STARLINK-36163,67008,-380.6182775199278,2368.3439683442098,-6527.069885042856
STARLINK-36118,67009,-6942.619807857777,-269.77031662990674,267.40012979751947
STARLINK-36189,67010,2910.0366643012153,-2100.7844723622143,5946.825008355323
STARLINK-36167,67011,246.22297082535164,-2371.1173923915935,6523.177805613151
STARLINK-36175,67012,6527.561008981485,-648.7819760540114,2295.736345903868
STARLINK-35856,67013,6279.736493205317,1175.0572163226075,-2743.4428830864026
STARLINK-36207,67014,2350.8569651992275,2296.7905912370165,-6128.58787775909
STARLINK-36093,67015,-6527.920042366785,673.5190342572002,-2301.342732170042
STARLINK-36120,67016,-2940.1780341664175,2089.7745356370297,-5945.830388639796
STARLINK-35498,67017,-6309.334300381612,-1133.1210013053433,2687.7221023655457
STARLINK-36106,67018,-2366.6271045152685,-2284.7670270146564,6117.76223716513
STARLINK-35688,67019,4930.626927552886,-1547.8530592402806,4643.371970341151
STARLINK-36172,67020,-5039.342145430527,1526.187040839889,-4543.733864475607
STARLINK-36184,67021,4821.932281212035,1831.880716937025,-4663.486817518256
STARLINK-36209,67022,-4765.965712537687,-1831.250892918442,4712.816148865355
STARLINK-36191,67023,6946.4883665405705,244.33949833417404,-130.42547596323564
STARLINK-36192,67024,-226.0610319665405,2374.2911910628327,-6532.012661894147
STARLINK-36178,67025,-6949.016737591781,-212.20578491838768,109.29781505882643
STARLINK-36176,67026,2720.531650644402,-2133.08826651501,6024.017351614842
STARLINK-36171,67027,163.0823256099645,-2373.6877875519635,6524.9665055156875
STARLINK-36132,67028,6337.55663255917,1133.4937555995896,-2625.9252661437813
STARLINK-36190,67029,6492.960915716184,-681.3752118616712,2382.387763365303
STARLINK-36138,67030,-3739.555805722948,5292.6590506942175,-2254.9976708688205
STARLINK-36150,67031,6311.064218922534,-2230.5605850310017,-1510.2018106263179
STARLINK-36131,67032,2169.7954556229683,-5620.102207469568,3275.7332332154942
STARLINK-36137,67033,4124.450195742889,-5144.597801882954,1899.3296542987619
STARLINK-36140,67034,4621.7661586697195,2585.23152585624,-4366.22581184121
STARLINK-36085,67035,5598.76723910523,1215.1758237810855,-3779.8043602169723
STARLINK-36125,67036,-5918.731365334753,-509.3955720488553,3417.741155054038
STARLINK-35732,67037,2158.234750164901,4545.913148793847,-4664.6410771324945
STARLINK-35775,67038,-1061.7307639434055,-5060.887534755,4500.100780485172
STARLINK-35705,67039,-3829.959477391086,-3358.740778062918,4585.43011596505
STARLINK-35786,67040,658.7527445559086,5206.207935135251,-4423.346022844137
STARLINK-35765,67041,-5396.999004752113,4198.944455569924,-549.0776843564142
STARLINK-35773,67042,-6080.613475747086,3103.867434414368,660.513309555558
STARLINK-35901,67043,-3167.733668347678,5464.644169395402,-2682.39809700339
STARLINK-35884,67044,5636.285829697095,-3912.4148511685403,155.0633366756158
STARLINK-35891,67045,4080.5238894387817,3145.2232766448315,-4534.5117011809
STARLINK-35721,67046,-136.22596729329834,5429.956885744134,-4195.117915537292
STARLINK-35779,67047,-5729.936465942752,-924.4080049564411,3646.889093660679
STARLINK-35905,67048,-4980.049012289333,4594.770305884877,-1073.8051436225578
STARLINK-35877,67049,2696.1775559180146,4227.8528633868655,-4686.165974900628
STARLINK-36078,67050,-6.230130494458551,-5399.3077627015955,4223.462980649778
STARLINK-35706,67051,-6325.395698355017,2165.728117258703,1523.869451826832
STARLINK-35720,67052,-5466.045537595271,-1406.1989683339925,3890.4566165055426
STARLINK-35739,67053,-2491.5724249681616,5582.451412813615,-3117.5256456959614
STARLINK-35754,67054,-6099.703548958685,-25.298963732798686,3130.412114799008
STARLINK-35790,67055,-843.3208724126328,5558.111938941703,-3936.3568098462365
STARLINK-36143,67056,-4488.26614046304,-2711.4853723577703,4414.138291984139
STARLINK-36141,67057,-2522.7662586745546,-4329.100035963021,4676.70148384934
STARLINK-35767,67058,3579.0409347600157,3587.6200319738914,-4629.012885320034
STARLINK-36230,67075,2681.8337144344277,-3874.8675239095933,-5114.324476736289
STARLINK-36240,67076,2154.4367410124646,1194.2148515726221,-6503.750284915765
STARLINK-36243,67077,-316.8375166998162,-5650.3995857343125,4030.2552161510894
STARLINK-36236,67078,1760.2339378110062,-6641.444300676437,-1060.167392734651
STARLINK-36159,67079,-2607.034252142797,1480.6220123583169,6264.546713063104
STARLINK-36158,67080,-2131.752553701087,-1283.0169361652693,6483.6210865496705
STARLINK-35864,67081,-2671.8448732972865,3780.7754448860364,5180.260828074885
STARLINK-36035,67082,-1662.7600593207744,6700.031935027139,828.2110605582487
STARLINK-36170,67083,2686.1497178018826,-3795.314827993053,-5171.884203329691
STARLINK-36166,67084,694.2728235341259,-6663.9106668729055,1849.3591893306536
STARLINK-35794,67085,297.1171613348704,5711.138254100323,-3957.746627205529
STARLINK-35841,67086,2376.02092953455,-5642.463832752202,-3296.3178970012095
STARLINK-35842,67087,-669.8079313260133,6667.593868237113,-1859.7124180054177
STARLINK-35882,67088,-140.5077911043138,-5888.116532060765,3683.5069711838278
STARLINK-35763,67089,-1321.3914092973864,-3754.0864365099733,5692.244132149607
STARLINK-36060,67090,1371.800827639714,3667.5830925264,-5748.086280993234
STARLINK-36097,67091,2348.313255304995,2319.614173760914,-5976.925422514248
STARLINK-35792,67092,2345.199741350008,-5732.614671972907,-3160.703886687213
STARLINK-35784,67093,-2300.2454263560435,5801.559592629335,3058.915153311335
STARLINK-36202,67094,-2599.027295738736,1401.9019212761746,6286.612866512438
STARLINK-36227,67095,392.7877607039556,5574.715656176554,-4140.85863164051
STARLINK-36228,67096,2551.4572291544278,-930.9121446096168,-6401.748497638441
STARLINK-36222,67097,1694.5589084439114,-6687.791945767348,-858.1241564160996
STARLINK-36205,67098,-729.9071974622179,6700.873238711306,-1710.4248680593253
STARLINK-36193,67099,-2651.615246635607,4081.3638078831495,4958.253141949618
STARLINK-36215,67100,1331.1022603485496,3768.217751756144,-5692.211007196767
STARLINK-36200,67101,727.5558234385543,-6681.612282571486,1769.8875936318957
STARLINK-36255,67102,-4212.806568676104,4299.608236187086,-3298.998796565918
STARLINK-36256,67103,-5058.031527872195,33.613754510950706,-4638.126662359118
STARLINK-36258,67104,-1483.3520695181644,6682.2049768616835,-470.65920926647647
STARLINK-36261,67105,-5002.962657534027,1740.2654756542247,-4363.815523067734
STARLINK-36259,67106,4032.4702767543145,-4575.723127440873,3132.4096127944968
STARLINK-36196,67107,-4848.959272122979,2585.7608585314492,-4111.3407442291
STARLINK-36208,67108,4646.865487754481,-3230.287094361602,3867.5764094899987
STARLINK-35764,67109,-2014.5441392996847,-6013.581246728322,-2619.3697427881793
STARLINK-35781,67110,1037.866691178329,6527.833501746596,1830.668359995918
STARLINK-35875,67111,-893.1633819111938,-6597.746672615131,-1660.7938127957123
STARLINK-35906,67112,357.67566723487454,6736.841452746318,1232.7391871816958
STARLINK-35789,67113,-2540.7519024440917,6193.211738069657,-1509.2124431894842
STARLINK-36180,67114,-2971.7492248625285,5870.773023394328,-1949.115561129741
STARLINK-35892,67115,1585.1628185128131,-6642.747028629632,615.9156322756401
STARLINK-35738,67116,4874.282396023035,-2399.441807173321,4179.54978736944
STARLINK-35674,67117,-4571.70082945784,-2417.9804122731216,-4509.11185143298
STARLINK-35701,67118,1063.857579838944,-6774.649876259307,119.33572434796844
STARLINK-36179,67119,-3554.311554954074,-4444.093495076254,-3835.206914443014
STARLINK-36217,67120,2223.660041256065,5837.781589735348,2827.4854280669015
STARLINK-36124,67121,-4012.1393285092095,4645.476103027869,-3069.51987238209
STARLINK-36188,67122,-912.5130292968005,6799.218894291741,70.3771736477526
STARLINK-36151,67123,-359.9101679463822,-6744.672619848995,-1188.404885069657
STARLINK-36195,67124,4502.756208730457,2612.675086899238,4458.243919740598
STARLINK-36219,67125,-4846.96222381637,-1448.7795531051836,-4638.525795505968
STARLINK-36223,67126,-2576.808023616824,-5564.836504448792,-3078.6682076993584
STARLINK-36164,67127,3764.092242794001,-4977.594758846468,2835.376548695896
STARLINK-35685,67128,2629.6964621016027,-6115.26595704253,1646.5006152576964
STARLINK-36214,67129,3068.728948829034,5035.513137097826,3495.624840469253
STARLINK-36194,67130,-3864.664830569791,-3961.7214617851896,-4058.108093768377
STARLINK-35755,67163,1861.9097044137382,-5268.362929750174,-3985.2249937653532
STARLINK-36201,67164,1093.150391689318,6411.472033075746,2166.936535778687
STARLINK-36186,67165,3084.5572279502494,6112.080370542321,413.6271955179083
STARLINK-36174,67166,5416.01771232194,380.1944168597998,-4196.27172064403
STARLINK-36198,67167,-3285.6228108116534,3973.441568428757,4516.363185192092
STARLINK-35903,67168,5538.65607723121,1913.590111050705,-3569.5587522502115
STARLINK-35839,67169,-2084.1995767400895,5108.210817403399,4067.288132799831
STARLINK-35863,67170,-5428.419975454443,-545.7264422249054,4152.706770056625
STARLINK-35771,67171,-4362.293323101622,2451.8428556737904,4685.0557167841125
STARLINK-35762,67172,-5055.213399029531,924.2576771894635,4535.440360977314
STARLINK-36183,67173,-5199.447256930974,-3722.7113130891385,2477.6881456357473
STARLINK-36210,67174,-3431.68374785863,-5941.126284076894,-2.124796400950552
STARLINK-35756,67175,-2408.0030718950775,-6343.771101645065,-1024.0651786789997
STARLINK-35785,67176,662.2877688024573,-5960.063507930243,-3337.3046175775794
STARLINK-35853,67177,-1616.7619745797792,-6444.874300833137,-1715.0148554977611
STARLINK-35878,67178,2453.3954097291817,-4801.797473955492,-4245.719325681178
STARLINK-35793,67179,3695.4944579203307,-3472.074195860862,-4624.772863907061
STARLINK-35876,67180,4164.547229729225,-2794.970387306597,-4684.644451452914
STARLINK-35766,67181,5357.080764222103,3261.0992568958463,-2782.5422248137297
STARLINK-35782,67182,1835.3332399493652,6417.233672088857,1569.530568582312
STARLINK-35719,67183,4418.278502091133,5121.773832861068,-1139.7474706749142
STARLINK-35910,67184,-430.3550435726434,6035.4279358377435,3220.2251128535772
STARLINK-35859,67185,2293.090320024994,6355.68211890668,1170.1006735107135
STARLINK-35857,67186,5248.3303741578075,-352.68967727109515,-4406.938437865183
STARLINK-35880,67187,5120.933906351856,3971.0578589560664,-2252.6030309898565
STARLINK-35675,67188,-961.5601002093551,5823.781846290347,3484.6122990151075
STARLINK-35889,67189,-3957.759751975794,3101.191293170227,4658.009095100707
STARLINK-35888,67190,-5426.018277826302,-2867.8041056997095,3064.30291022489
STARLINK-35716,67191,-1534.261945658618,5494.587263668277,3799.3247238702365
STARLINK-36182,67192,203.92231898655163,6623.061411802978,-2107.2433652211507
STARLINK-36279,67193,-824.7137426994743,5343.544015436806,-4373.2667439416655
STARLINK-36284,67194,2571.515713455489,2058.6730576037853,6114.41642903129
STARLINK-36291,67195,-184.7260687313689,-6624.3970857045715,2098.5435161210467
STARLINK-36239,67196,878.7362094152343,-5271.474595050495,4440.358549555568
STARLINK-36283,67197,-2455.157225269679,-4346.808699793513,-4842.339610527418
STARLINK-36267,67198,1944.3207427177676,6042.605162017825,2828.576120578261
STARLINK-36268,67199,2568.566478348284,1927.705462223072,6157.8495647935115
STARLINK-36270,67200,-1673.5918741263365,3349.4936482378353,-5860.301925771685
STARLINK-36262,67201,1684.1241382424048,-3336.310357488544,5854.855596584314
STARLINK-36263,67202,2443.083649404739,4310.6538180709795,4869.219958018847
STARLINK-36224,67203,1071.1077450349544,6867.2521450997965,135.13292568653964
STARLINK-36185,67204,-2308.4060507390645,739.9999470686969,-6518.3663881246175
STARLINK-36197,67205,-1949.8652539526904,-6073.565209290876,-2770.3097261418548
STARLINK-36056,67206,1709.007239040598,-3257.916536077012,5891.69453045517
STARLINK-36225,67207,1964.215837847198,6003.886486972588,2896.1494048846625
STARLINK-36265,67208,2305.62431649343,-743.8965421410635,6508.500572750073
STARLINK-36226,67209,-142.0349304288081,-6592.147561501672,2200.194962673409
STARLINK-36173,67210,158.0513363801838,6587.823346673447,-2219.1884780245714
STARLINK-36280,67211,-1710.6449232844636,3233.894543304559,-5914.325818809131
STARLINK-36213,67212,-2579.2529804532423,-1931.6514189657887,-6163.196739684521
STARLINK-36199,67213,-1162.431332911981,-6847.777815911914,-324.77125866680245
STARLINK-36203,67214,808.971936261275,-5395.563050289449,4302.577953799153
STARLINK-36221,67215,2296.5757665831024,-797.8030973822346,6505.431225158111
STARLINK-36212,67216,2450.1011421777107,4265.666618042574,4905.011135084807
STARLINK-36216,67217,1173.1744294349642,6838.832677461845,422.8407167440666
STARLINK-36211,67218,-785.9384259266349,5410.580382583709,-4297.1578680585035
STARLINK-36490,67305,-4902.994911448116,-3156.3336712566906,3605.021325925485
STARLINK-36488,67306,3940.771385909194,-3470.051937664281,-4420.228886846994
STARLINK-36481,67307,4280.939371343775,4632.900897703003,-2699.8905899463234
STARLINK-36449,67308,1160.2987709858764,6727.7171672091545,652.35428133001
STARLINK-36482,67309,-939.7778974614608,6332.734215459951,2452.332522722908
STARLINK-36491,67310,4796.691003987723,-1443.1306419138537,-4690.709097229913
STARLINK-36495,67311,-4655.102909716147,1868.1373535982793,4670.942236127497
STARLINK-36485,67312,-3141.9011384744945,-5960.46279566116,1288.1982634804876
STARLINK-36445,67313,2158.955927639316,-5597.438291965304,-3333.6395525855883
STARLINK-36476,67314,2835.723250504252,6163.5278269410055,-1006.3547307381233
STARLINK-36463,67315,-5111.345769698599,-150.35908668154568,4565.133247035138
STARLINK-36461,67316,-5085.426901697269,-2271.5091471661312,3996.4481627843043
STARLINK-36450,67317,1580.328093665425,-6010.501771450433,-2911.532809821275
STARLINK-36498,67318,4655.2993967544035,3869.0507574346016,-3231.2837193638
STARLINK-36470,67319,5134.684106533359,1785.8056163899669,-4186.940050617403
STARLINK-36500,67320,-235.76966060915433,-6706.561701591526,-1437.2303228641965
STARLINK-36462,67321,4534.330661922514,-2223.8885576533708,-4647.11306689608
STARLINK-36434,67322,3308.0642083832804,-4415.820994598106,-4082.055153895403
STARLINK-36497,67323,2029.1528182000604,6550.875569940521,-178.04341459036672
STARLINK-36471,67324,-4386.78968553488,2555.874661323812,4604.035898889731
STARLINK-36473,67325,-3161.7163575874397,4569.126273231849,4013.657055893923
STARLINK-36430,67326,-1968.2884148903017,-6571.4179092982295,67.94220939398936
STARLINK-36501,67327,-4352.820374079858,-4527.551692880574,2752.78916823307
STARLINK-36489,67328,5159.005523280629,866.108280711932,-4441.412485554765
STARLINK-36496,67329,476.75780771732974,6721.76273916734,1270.5451870836682
STARLINK-36483,67330,4264.263771573653,-2851.1205184943196,-4559.220106449601
STARLINK-36494,67331,2238.0477345014087,6471.650998997802,-385.29072794510364
STARLINK-36492,67332,1273.889853915892,-6188.648967953136,-2678.386273139547
STARLINK-36427,67333,3417.7300081514836,5717.753233303101,-1644.2282502107757
STARLINK-35343,67334,-5687.717887335982,3696.1532040806424,1021.8623400969674
STARLINK-36486,67335,-242.89225853019636,-5181.524721098552,-4494.377204856257
STARLINK-36480,67336,-2001.9792776518022,5337.611871388229,3806.528304897184
STARLINK-36410,67337,6544.311971444261,-499.8259743177065,1984.7320750574763
STARLINK-36413,67338,4192.847010062779,3260.079811089599,4332.236084980652
STARLINK-36451,67339,-4182.170040513091,4806.681625214825,2537.089547782479
STARLINK-36339,67340,-6492.2484377437795,2134.8507600298362,-612.8687765317055
STARLINK-36453,67341,-6425.463194507028,0.04000054465700409,-2410.9125308440225
STARLINK-36432,67342,4330.766323120928,-4753.853884375006,-2392.2366262252835
STARLINK-36458,67343,-4507.729079932088,-2980.4312081559415,-4230.992545871137
STARLINK-36422,67344,2219.1073285912935,-5338.854710917794,-3694.5214367735434
STARLINK-35676,67345,-2629.457303568908,-4306.330355286164,-4653.153185993314
STARLINK-36472,67346,2443.2468934639232,4396.365963941832,4654.963250257179
STARLINK-36420,67347,-3356.667715320287,5109.842395510508,3105.409555798424
STARLINK-36467,67348,-1297.557677739339,5353.648554853372,4080.1649700086236
STARLINK-36457,67349,-6589.150130848137,927.312484818443,-1681.6379779921351
STARLINK-36475,67350,-913.4835958745781,-5008.7372072715425,-4601.514889970879
STARLINK-36478,67351,3953.899667458042,-4924.474784999585,-2681.6312311074325
STARLINK-36479,67352,6412.593643159732,-2394.6615192184368,409.53754224627113
STARLINK-36474,67353,6599.939567804483,-1044.4815220590108,1539.2081163675236
STARLINK-36448,67354,-5243.182318581353,4135.943998159923,1564.024254443416
STARLINK-36477,67355,6147.618777580437,778.1548372974426,2932.990175057755
STARLINK-36429,67356,4897.439501819937,2600.3071125135766,4029.5222094716614
STARLINK-36456,67357,-6338.931933272341,2624.5277352726744,-137.9817512484855
STARLINK-36466,67358,1418.2686080472624,-5372.073932486216,-4026.541994810069
STARLINK-36499,67359,6551.62021463143,-1850.1218468291706,831.4428870478179
STARLINK-36469,67360,6429.361237152211,13.339008084723222,2382.358210506742
STARLINK-35306,67361,-6283.628631976353,-432.5458415509258,-2727.1456970070667
STARLINK-36428,67362,-5646.283332515306,-1656.7625664516895,-3531.5637408832467
STARLINK-36484,67404,5744.560519315785,2087.091293628979,3103.9219944491433
STARLINK-36452,67405,3458.65379128779,4000.70664623221,4360.046201367012
STARLINK-36409,67406,-5447.455274432241,-2475.579044544944,-3360.531078955934
STARLINK-36510,67407,-2376.8361728987143,-4516.746872533805,-4588.606155932191
STARLINK-36509,67408,6185.183273519334,-2720.8590714946795,-1175.8304683749595
STARLINK-36507,67409,-6742.473350445403,1241.5818119846388,-238.5204197440626
STARLINK-36508,67410,-2992.8340454807385,4850.524561659757,3809.257624173335
STARLINK-36503,67411,4759.84371653979,-4112.556112679387,-2740.2301707184224
STARLINK-36446,67412,1185.4718539067903,-5125.373358846432,-4406.095974660537
STARLINK-36442,67413,6511.621716195824,715.9781375659169,2019.2187932860834
STARLINK-36506,67414,6655.695267473469,-1649.4218191518478,-104.21236720171659
STARLINK-36468,67415,-4280.027148593209,4364.840682623456,3107.3066247964584
STARLINK-36487,67416,-6347.403328789116,2432.6265415501703,926.9937476559835
STARLINK-36374,67417,-4651.434889636455,-3226.130292297306,-3881.2889576213806
STARLINK-36455,67418,329.0092642616346,-5109.503570991232,-4569.1449970178155
STARLINK-36424,67419,6769.152995398147,-967.5855382192037,541.6687345178755
STARLINK-35564,67420,-2866.1605571448013,-4312.391611446986,-4503.622875971667
STARLINK-36431,67421,-5035.243164320412,3904.598074125287,2534.9487121386674
STARLINK-36418,67422,4961.0324782933985,2934.2092694299145,3708.9803018283437
STARLINK-36465,67423,-6780.872891630885,517.8714407486376,-905.7129143789637
STARLINK-36362,67424,-1618.7624690690711,-4769.228462360778,-4662.463193965099
STARLINK-36447,67425,3218.1223723748217,-4807.595408893982,-3693.330971917235
STARLINK-36146,67426,-2220.474329875112,5014.20639179533,4113.740984258493
STARLINK-36459,67427,-5994.301090639103,2979.155511221221,1496.6430529725837
STARLINK-36464,67428,2521.1476836283255,-4978.500420726919,-3992.5195069807737
STARLINK-36513,67429,5739.179571183038,-3301.75763599419,-1797.5192367460838
STARLINK-36515,67430,-6005.492995935997,-1755.784610136688,-2819.624906974226
STARLINK-36443,67431,6656.329362785186,248.8329573819654,1625.9807048117316
STARLINK-36460,67432,-474.88961401159446,5106.61746743596,4548.277214714105
STARLINK-36542,67445,5433.6129465932245,-4078.8749302758115,926.3134590883935
STARLINK-36539,67446,-1040.3206664453664,-5339.7718133326,-4178.179144428871
STARLINK-36440,67447,-3370.1172906410834,-3740.3562855417945,-4663.443693158756
STARLINK-36423,67448,-2600.516185518833,5970.811135584763,2146.5858222706015
STARLINK-36519,67449,4981.959489982633,1684.4067879355678,4394.610432743476
STARLINK-36525,67450,4348.286709133954,2638.3669252898835,4596.337446562179
STARLINK-36511,67451,4148.7498339060485,-5404.002399946278,-792.0369686243248
STARLINK-36524,67452,114.84494129504907,-5774.798718262421,-3704.423222561946
STARLINK-36518,67453,5395.912410260994,866.7934764166145,4135.938884232186
STARLINK-36517,67454,5862.9326101453025,-2990.4115764912385,1922.590568971639
STARLINK-36516,67455,-5928.181780548356,2621.771384287518,-2250.1185704875666
STARLINK-36493,67456,-5258.275424629005,4357.589420214991,-674.1696341281576
STARLINK-36529,67457,5872.174406623907,-616.0926687353546,3482.112289405375
STARLINK-36528,67458,-2175.3312926506114,-4710.14749958138,-4491.141522921343
STARLINK-36546,67459,2202.5833485826533,-6007.518620082054,-2476.358937887674
STARLINK-36523,67460,4616.767186466699,-5067.821990353697,-262.2229263502608
STARLINK-36522,67461,388.51733129978766,5620.445544599772,3908.25853862571
STARLINK-36504,67462,-2037.4155410283986,6027.5411710804665,2556.798197282712
STARLINK-36505,67463,-3044.709929850444,5881.382510513742,1790.8702220716268
STARLINK-36421,67464,-3938.836347668339,-3144.0788388739347,-4658.377203987649
STARLINK-36437,67465,-5969.958749269635,1352.139701555933,-3102.8461983544553
STARLINK-36520,67466,3611.440315070489,-5678.730534318017,-1326.8231705602477
STARLINK-36425,67467,5658.8601248111645,-3621.4652415516957,1374.3029103130314
STARLINK-36414,67468,-5374.257285890847,-908.6376731490316,-4171.034585777453
STARLINK-36441,67469,4758.494833200458,-4939.679810018949,-83.42809750211735
STARLINK-36454,67470,-5831.827796013847,3086.080928993289,-1885.9468163417737
STARLINK-36334,67471,1537.3166935437052,-6015.451878248424,-2920.5735558540673
STARLINK-36269,67472,5938.359239110344,-1008.8471614448389,3270.365411286196
STARLINK-36408,67473,4246.8421465781885,2766.6009802082544,4613.002909053304
STARLINK-36551,67493,5217.184317634937,3253.691259095995,-3043.2774597446196
STARLINK-36396,67494,-2672.2848784671874,4712.711913762044,4199.764054306421
STARLINK-36550,67495,3001.072397468828,6164.128539546264,24.264136562068163
STARLINK-36534,67496,-67.43952387868669,6312.77988022186,2673.5701738850776
STARLINK-36555,67497,1082.7701757863044,6529.2747699356805,1794.82637911991
STARLINK-36081,67498,-2011.494309962378,5280.472696505853,3881.0030179941423
STARLINK-36558,67499,-3776.949970493194,3414.77569319483,4588.734400524135
STARLINK-36557,67500,-4907.45385846375,1230.1712189373693,4625.113225684328
STARLINK-36433,67501,-5422.120111498854,-1418.317522122985,3948.9164477996906
STARLINK-36554,67502,-4643.997764319154,-4662.618104611317,1933.9377533199622
STARLINK-36552,67503,-3220.5351796023097,-6055.847641590836,152.48741686768486
STARLINK-36512,67504,310.0482318148249,-6222.512526134283,-2879.5776055314714
STARLINK-36545,67505,2557.7806043951755,-4813.974136520398,-4169.3382626393895
STARLINK-36553,67506,4090.0730811610256,-2941.168485020187,-4660.872286546798
STARLINK-36521,67507,4818.804109630656,-1486.8588233875755,-4654.236586001823
STARLINK-36526,67508,5411.486265687987,965.6154068327431,-4107.322020675928
STARLINK-36541,67509,5002.678497970269,3911.540944061523,-2595.6861426857845
STARLINK-36549,67510,5262.057287424557,-28.33611729676777,-4406.123740587929
STARLINK-36540,67511,3977.286011639759,5481.167871610956,-1080.0320875437976
STARLINK-36538,67512,1396.7858474692418,6536.781986451285,1535.2011469721274
STARLINK-36531,67513,-3277.2918308948642,4065.510527344265,4440.152352263792
STARLINK-36530,67514,-4574.655004686292,2031.3283186278827,4681.812357084644
STARLINK-36543,67515,-5344.477064473325,-514.2981648905363,4262.713070254182
STARLINK-36537,67516,-3725.4661725071346,-5715.515546186118,719.1942921448635
STARLINK-36544,67517,-5351.027346302039,-2644.013053987168,3375.043536629062
STARLINK-36412,67518,1900.2498582859523,-5356.197096602468,-3847.446719088367
STARLINK-36415,67519,3583.9367002978665,-3681.6892485740755,-4550.0579008279055
STARLINK-36547,67520,-232.59161947053673,-6388.873772477424,-2495.2982435095305
STARLINK-36444,67521,-1948.2277157450333,-6485.413556427603,-1096.324163722914
STARLINK-36587,67532,2380.346070125904,3072.1664351411737,5623.882696436825
STARLINK-36417,67533,-3114.191134357876,-5197.422690885183,-3195.128161946956
STARLINK-36576,67534,-1046.5846093250418,-112.30831822015286,-6769.937794070748
STARLINK-36574,67535,3194.5598823451437,5884.587560535607,1411.6803967617968
STARLINK-36572,67536,-1935.9522967298944,-2006.1510822474145,-6259.0244072672485
STARLINK-36561,67537,887.5351673191556,3429.146393801137,-5862.425024188509
STARLINK-36397,67538,3134.363510105656,5332.401137643328,2922.6908950441903
STARLINK-36573,67539,1500.3600953369053,4398.235140229065,-5032.587468921116
STARLINK-36585,67540,2718.3876168204415,5940.131768260431,-2051.7698018706756
STARLINK-36579,67541,-2657.463293103415,-5894.037414045279,2242.6633460110424
STARLINK-35934,67542,-1423.334748589382,-4288.1361875016055,5132.33962288365
STARLINK-36581,67543,2106.950762846702,5254.536549207305,-3855.235912836272
STARLINK-36565,67544,-285.41767430801264,1366.26569458375,-6707.582695908638
STARLINK-36583,67545,1717.179972209554,1532.3863756503342,6435.156709591133
STARLINK-36580,67546,-2477.973095582758,-3296.502321525096,-5471.996406115983
STARLINK-36584,67547,256.41848002050364,-1418.8308289408633,6680.96766632639
STARLINK-36586,67548,-599.1005597445903,-2950.631423640036,6137.083193080256
STARLINK-36564,67549,-2905.6204518042773,-4471.442178242692,-4301.418028258015
STARLINK-36563,67550,-2194.03524566147,-5374.947804054885,3618.8556045904725
STARLINK-36566,67551,-3199.987421480894,-5928.313433081622,-1229.307817893098
STARLINK-36567,67552,899.9673303695432,-175.85683186565018,6772.040461446121
STARLINK-36569,67553,2892.2039094248266,4460.0763397570345,4301.9868846433965
STARLINK-36395,67554,-2720.466449097423,-4743.970099536359,-4081.023111389977
STARLINK-36559,67555,3039.6143656912614,6116.215938206661,-459.2288563075881
STARLINK-36426,67560,-3024.209672509217,-6120.44203137291,509.2167932248629
STARLINK-36621,67561,2982.99233716671,3292.694189750455,-5212.265711414366
STARLINK-36398,67562,3741.900121275426,5721.158062450527,356.83100872685617
STARLINK-36403,67563,-1783.0035792159126,-1209.4901394087194,6486.626137788276
STARLINK-36593,67564,-3268.326036505724,-3872.7692455398533,4592.781968704784
STARLINK-35725,67565,-1171.141854440398,-3116.4851746222503,-5986.703000614351
STARLINK-36394,67566,-320.1006484317837,-1966.8494666168397,-6553.47930075716
STARLINK-36352,67567,278.6273640600125,1909.608097115675,6557.008873051982
STARLINK-36435,67568,3440.527932455792,5611.514093404141,1872.482938313257
STARLINK-36575,67569,3466.5849066135124,4529.480892288551,-3792.1931573033544
STARLINK-36562,67570,1177.762825688669,3129.162779527676,5963.25159049792
STARLINK-36578,67571,847.5163225841378,-268.2547860659388,-6792.259033426872
STARLINK-36350,67572,-2837.030476990608,-5081.324033319864,-3611.2894888367478
STARLINK-36588,67573,-2053.7776085402243,-4216.141336426439,-4992.499007576747
STARLINK-36594,67574,2059.527937855167,4230.016864378394,4963.047266631929
STARLINK-36400,67575,-3701.840796012491,-4871.80633615105,3060.9785429373223
STARLINK-36591,67576,-828.3793137785648,293.27434247945115,6778.082873418003
STARLINK-36590,67577,-3856.2481207759133,-5499.71889391767,1312.1411928791724
STARLINK-36613,67578,2608.1486511218504,2603.887073205868,-5774.078866733803
STARLINK-36571,67579,-3767.4982720147113,-5711.245222063545,-205.13632997629972
STARLINK-36612,67580,3848.8790242496116,5463.395837244294,-1494.2284042635417
STARLINK-36632,67581,-2591.205697121145,-2587.293659088201,5773.006874245252
STARLINK-36609,67582,-3425.211170515621,-5593.438125725896,-1966.7618731087923
STARLINK-36577,67583,3614.8599742826473,4659.933707442907,-3481.3739841974193
STARLINK-36419,67584,2827.012921863832,5079.523742263088,3605.987593228446
STARLINK-36560,67585,1796.3063865921379,1222.5789315737586,-6496.299728664586
STARLINK-36641,67589,898.2225152327673,-137.82442363443084,-6790.668259991701
STARLINK-36376,67590,-3372.724718342088,-5600.890142609907,2018.6123773352344
STARLINK-36391,67591,3393.2865857068023,5724.930729214959,-1615.4722625563113
STARLINK-36603,67592,-2864.013831680429,-3958.3500987308653,4785.035898490425
STARLINK-36634,67593,-1653.49376804156,-1311.678252471207,6501.379354073711
STARLINK-36638,67594,2815.135324066195,3815.4863100056464,-4942.909442650566
STARLINK-36628,67595,-2944.251415178133,-5859.104348626779,-1973.7617285426343
STARLINK-36629,67596,-870.4892940483388,-3146.1576672708984,-6022.746873213715
STARLINK-36384,67597,3016.5301725396625,5921.3763297742735,1635.7118996837862
STARLINK-36358,67598,-2436.1084040131354,-5340.243727260804,-3529.621970430552
STARLINK-36582,67599,-2299.2329844780006,-2650.1912032609553,5867.872189426206
STARLINK-36640,67600,-1746.297789094777,-4446.488049619207,-4909.034123049645
STARLINK-36635,67601,1747.1215288310277,4455.927934681812,4884.574784706852
STARLINK-36631,67602,3268.937351860948,6011.306599180934,215.21431858840282
STARLINK-36626,67603,-812.2627637604261,290.7420827987132,6780.294105201197
STARLINK-36605,67604,-3320.946383767688,-5982.14002234806,187.79991368976934
STARLINK-36281,67605,1713.9289594743036,1421.9306925513038,-6478.51893048519
STARLINK-35843,67606,-3204.202313686664,-4901.402476767872,3534.58093058845
STARLINK-36351,67607,125.26378456282585,1936.9730263424508,6554.021134337225
STARLINK-36411,67608,2028.293932919793,2061.753952027057,-6208.837333381529
STARLINK-36312,67609,1026.3603503662926,3392.739817359748,5845.5646567117965
STARLINK-36387,67610,-601.8343729281977,727.8821580925193,6635.287836363888
STARLINK-36636,67611,3270.652030913414,5090.098821858009,-3208.803446746724
STARLINK-36407,67612,2449.8380551912846,5365.501458102475,3465.4887816216865
STARLINK-36597,67613,-131.67638406391507,-1947.0814358913906,-6565.83693627233
STARLINK-36548,67617,1919.0993489567743,-5568.774888775041,3505.9209872257816
STARLINK-36601,67618,5199.773523805155,2607.312103671145,3626.3756862163777
STARLINK-36119,67619,4396.449909687378,-2487.869624984632,4633.680338785303
STARLINK-36607,67620,-4978.623263020568,-3587.832205030474,-3069.5756166717442
STARLINK-36615,67621,868.7613962734686,-6196.464903318303,2803.518943855796
STARLINK-36614,67622,4731.037226742705,4165.803383575493,2698.787646992138
STARLINK-36600,67623,5226.767355630703,308.1220793960712,4419.8150123530295
STARLINK-36439,67624,664.2266000778021,6625.843024629389,-1656.21381763978
STARLINK-36438,67625,4054.298414648777,5247.884654377172,1748.1618285255163
STARLINK-36436,67626,-4968.40536420112,999.5230150753193,-4628.036445524813
STARLINK-36502,67627,-1097.8101769432278,6076.006648372279,-2997.5932546488757
STARLINK-36532,67628,-3536.2660047308223,3923.2031958371326,-4382.346661338851
STARLINK-36367,67629,-5129.1602534087915,352.88999569023923,-4546.136319114733
STARLINK-36416,67630,2561.602628621908,6364.759573054905,76.737365840065
STARLINK-36527,67631,-2060.330300217553,-6533.577230981653,367.2749428409682
STARLINK-36633,67632,4068.3149079400687,-3109.821055406129,4556.211868884125
STARLINK-36637,67633,2114.9077600837545,6516.572970930474,-362.14852573736965
STARLINK-36617,67634,-3296.3401860653257,-5947.351458751538,-901.4500607258714
STARLINK-36627,67635,-1925.246701626098,5555.491138586136,-3539.6084623736765
STARLINK-36624,67636,-4563.637065055674,-4532.336341440485,-2386.6218399065333
STARLINK-36610,67637,140.45541903172827,6537.0585780659485,-2081.6173472551477
STARLINK-36599,67638,-1539.7155300225181,-6627.675038065769,851.8442835888953
STARLINK-36595,67639,3529.5506712444144,5774.062576051715,1113.3940998512094
STARLINK-36570,67640,-4307.784014830417,2673.9341056126873,-4625.787626054356
STARLINK-36514,67641,-336.9414863866445,-6583.7435433694955,1883.9011066889736
STARLINK-36556,67642,1389.825927476755,-5921.230656022294,3164.2242588700256
STARLINK-36533,67643,-3119.2006369545693,4444.317784672746,-4197.1936355339985
STARLINK-36623,67644,-5311.71338681936,-1599.6006777838702,-4040.1854811398985
STARLINK-36619,67645,-5253.302525019158,-2371.7349859910673,-3722.91174133861
STARLINK-36719,67648,2005.222565456059,2022.9279890216615,6214.238415383896
STARLINK-36342,67649,2607.542756323071,2381.0581831860063,5853.769022789559
STARLINK-36703,67650,-1871.7358814777808,-1964.0035061159792,-6290.719642137275
STARLINK-36696,67651,5676.187381488259,2798.7922891015805,-2618.627224098543
STARLINK-36699,67652,-5613.348578608518,-2749.313478949366,2783.4635598423647
STARLINK-36694,67653,5468.209046751844,3397.463134179001,2320.3910029383687
STARLINK-36620,67654,2605.092714078735,543.7136403635836,-6312.587816439615
STARLINK-36720,67655,-5326.872422955578,-3378.2096684145513,-2667.1220293429305
STARLINK-36688,67656,-2781.191777778074,-661.6066703033035,6209.495822128717
STARLINK-36706,67657,5978.346795055627,3219.511106490135,-881.9652508375121
STARLINK-36701,67658,3783.6443413487514,1313.5188050113618,-5557.0981318926
STARLINK-36642,67659,-407.4255862759322,-1206.2049365821017,-6731.189266180717
STARLINK-36673,67660,-4644.754538282083,-3174.217223071,-3906.616852489665
STARLINK-36674,67661,-5972.220855978936,-3227.6905621352216,872.5862595766778
STARLINK-36700,67662,455.34901527139135,1230.8041749100257,6707.487614592081
STARLINK-36675,67663,-3896.7467897744737,-1400.1842013854266,5440.833661705857
STARLINK-36404,67664,3460.8003676746816,2697.0058982870205,5243.89673941524
STARLINK-36399,67665,4789.669074117571,3214.2755997904683,3677.715976707774
STARLINK-36365,67666,5888.582158882695,3406.6890681417276,758.7578155850493
STARLINK-36622,67667,4928.062024707046,2144.632110911636,-4246.150792812111
STARLINK-36625,67668,947.5256008979973,-451.81886994726113,-6768.878066057584
STARLINK-36639,67669,-2872.510726468409,-2442.5216166580085,-5720.33593285767
STARLINK-36596,67670,-5862.826888661125,-3421.5929832629445,-892.7144353680278
STARLINK-36297,67671,-1073.8645874583895,375.0308748378453,6739.164933927964
STARLINK-36616,67672,-4983.664561504011,-2199.963718050064,4135.570866140184
STARLINK-36748,67693,1551.0734276044093,-6036.017111462315,2820.695201332616
STARLINK-36753,67694,-1007.8701589044896,379.6818731159543,6749.575832049666
STARLINK-36750,67695,-1259.1836070149845,5550.677866906078,-3809.579462854951
STARLINK-36401,67696,2097.9060138185514,-4748.865281430742,-4467.956713186685
STARLINK-36704,67697,1027.4264046723895,-434.73584841860094,-6758.2310101312405
STARLINK-36697,67698,1850.226523931716,-3508.8687327755233,-5585.007489090427
STARLINK-36716,67699,-1902.4394799111087,3779.5077954059407,5370.404762330673
STARLINK-36712,67700,-759.1143108253337,4508.391051176293,-5101.083269563548
STARLINK-36713,67701,-2104.126304437383,4838.195023461537,4352.450182700397
STARLINK-36695,67702,1968.9557390747673,-6507.78904072909,783.5702618008831
STARLINK-36630,67703,1517.0526600891696,-2155.810166343545,-6322.46984540334
STARLINK-36338,67704,-1453.4977817796666,1935.7950351974962,6392.774051147389
STARLINK-36316,67705,-2198.05096604712,5560.909953897176,3325.8033609559907
STARLINK-36707,67706,-1688.5147411472317,6250.762537170451,-2230.2972410532275
STARLINK-36645,67707,777.9190322235972,-4531.801267839047,5061.976665292292
STARLINK-36287,67708,2161.693015382092,-6439.793357635931,-850.7399874802724
STARLINK-36698,67709,1183.2657560740613,-5384.886698535587,4047.718749372981
STARLINK-36344,67710,484.52249151015315,1257.1763611865617,-6715.636480495793
STARLINK-36687,67711,36.04149272038346,-2703.989389670761,6277.745502998718
STARLINK-36705,67712,-2175.74756734295,6385.001446802453,1158.417228241912
STARLINK-36708,67713,-195.53700020142713,-2166.8436541459923,6479.0687057644245
STARLINK-36702,67714,-2020.2562741760203,6531.089292184705,-373.8001641199785
STARLINK-36718,67715,108.11991390512617,2328.5106104666415,-6440.44256534585
STARLINK-36715,67716,-507.31933470725454,-1187.5399718563306,6711.294552843042
STARLINK-36385,67717,2229.3008313355617,-5999.604915375726,-2432.5940720095527
STARLINK-36772,67721,2766.217227295377,2091.4024320725907,-5908.523645950462
STARLINK-36796,67722,1606.6765385819015,594.4896256147307,-6632.629509958307
STARLINK-36369,67723,744.9680290988877,-445.5187710307727,-6795.795448394559
STARLINK-36752,67724,-475.35738550225926,-1833.0803543771956,-6583.613015884788
STARLINK-36754,67725,-1718.3272994129165,-3144.4369096888977,-5838.173353383496
STARLINK-36755,67726,-2696.1112574362674,-4087.042825486002,-4790.019136532994
STARLINK-36741,67727,-3560.064178993903,-4815.640304422156,-3323.0601374421312
STARLINK-36757,67728,-4172.599067998196,-5195.537756029422,-1574.497754175021
STARLINK-36751,67729,-4456.4722954361905,-4880.796435989678,1775.6437106447786
STARLINK-36747,67730,-4471.240987311903,-5168.149996175427,378.4177386290907
STARLINK-36315,67731,-4122.697797921493,-4144.925016526137,3553.4504306631156
STARLINK-36260,67732,-3407.7174311209374,-3005.2989579455684,5110.3659938765095
STARLINK-36746,67733,-2761.5074644937886,-2096.0477360880527,5891.97068859506
STARLINK-36749,67734,-1690.2202738276753,-704.6357407491371,6584.959892016834
STARLINK-36691,67735,692.9419461893499,2071.5556527918293,6476.479064522277
STARLINK-36317,67736,-288.8841985432501,973.2336429959149,6758.825635421899
STARLINK-36330,67737,1694.0925951950169,3124.330698239592,5840.616398258161
STARLINK-36327,67738,2621.260969102979,4024.672563798552,4868.525721075321
STARLINK-36329,67739,3518.185124246857,3177.064254887194,-4944.404022958332
STARLINK-36737,67740,3410.6165845654164,4707.667923428884,3607.248003774662
STARLINK-36740,67741,4047.118877894842,4022.765997387606,-3788.2373163789625
STARLINK-36693,67742,4241.536892315556,5225.926510595191,1242.4225856081212
STARLINK-36717,67743,4409.258884612755,4757.016846330758,-2197.2678893864077
STARLINK-36692,67744,4464.524531688738,5177.820793401237,-359.3521144975416
STARLINK-36800,67797,5956.329233044327,1.4214717810012056,3363.51590810437
STARLINK-36798,67798,-5050.525458214646,-937.5482962065822,4514.784367374867
STARLINK-36804,67799,4871.057692876686,-273.11038199609385,4791.276142817942
STARLINK-36354,67800,-1671.5171907509362,-960.1341955656757,6557.606390173887
STARLINK-36773,67801,3397.167883469826,-519.7560758814586,5909.10184160733
STARLINK-36739,67802,-6642.945694720506,-262.6297244074218,-1645.298621724238
STARLINK-36768,67803,31.28970639714751,-868.2961298121755,6778.95780639357
STARLINK-36792,67804,1893.6488167715609,-705.0471752612729,6529.4586583884975
STARLINK-36782,67805,2072.0336019004644,978.3394617060153,-6455.731524805646
STARLINK-36389,67806,-6642.9758670621695,-666.0455121727392,1507.110694938757
STARLINK-36382,67807,-6829.340021115664,-469.73105638138725,-129.33237434192995
STARLINK-36811,67808,-63.734016480547716,868.095549482159,-6795.814559189678
STARLINK-36795,67809,-3188.8423804969248,-991.5936620163277,5965.074969692168
STARLINK-36807,67810,-1760.6149206341477,718.8326550101701,-6581.997805330182
STARLINK-36733,67811,6062.0327475191125,833.700175833188,-3074.0252961778456
STARLINK-36377,67812,6454.4593863808195,745.374995090052,-2164.483253315536
STARLINK-36732,67813,4938.385365860965,953.8891213980131,-4649.407433263074
STARLINK-36767,67814,-5767.091340730288,-868.8124719752465,3576.7977491207057
STARLINK-36797,67815,-4807.892648203829,281.7961933495941,-4872.2001538869235
STARLINK-36343,67816,6827.245389843765,489.33813368598493,49.16947905101123
STARLINK-36756,67817,3818.567678294334,994.6803783071515,-5598.74491997168
STARLINK-36346,67818,6583.89884538655,241.4451863772083,1847.6682525573299
STARLINK-36788,67819,-5950.707334703182,10.465033789128396,-3392.921728876804
STARLINK-36353,67820,-3506.450588531212,501.7554460089291,-5864.693069392859
STARLINK-36644,67821,-3584.290939262256,-4790.313792770111,-3361.7408723734816
STARLINK-36643,67822,-491.9456232646113,5029.604590081984,4631.192741665166
STARLINK-36646,67823,-6415.063530238655,-2391.9900186591785,-466.31756712498384
STARLINK-36647,67824,-1566.4398658811767,-5172.360301999259,-4230.545529738723
STARLINK-36648,67825,6683.980646572242,189.97911953728203,-1536.496026617552
STARLINK-35865,67826,-5519.983536999733,-3645.5128187287564,-1827.6703973958342
STARLINK-36289,67827,3476.2333359099152,4834.153098489031,3396.4400051262705
STARLINK-36670,67828,1390.3331285511217,5181.904504961924,4265.527514695579
STARLINK-36144,67829,-1929.3652493248517,4638.264508412627,4662.553025686666
STARLINK-36611,67830,6609.606647001895,1827.225157140876,-141.90808073425305
STARLINK-36661,67831,5901.024580940704,3238.5494291053606,1313.927471067661
STARLINK-36662,67832,-6818.145124084568,-613.3214221996888,458.22997466547315
STARLINK-36659,67833,52.10385867556685,-5102.840939375023,-4589.285524278992
STARLINK-36655,67834,6656.932515595894,55.93380807736381,-1652.0924024861906
STARLINK-36657,67835,4693.704563691478,-3066.268988690258,-3958.1255447468498
STARLINK-36650,67836,-4270.7113650397,3386.096869286776,4158.184594915079
STARLINK-36649,67837,1835.9555055686408,5156.882527991535,4124.480492496001
STARLINK-36654,67838,-5990.132862399985,1544.228739869854,2957.9965571048465
STARLINK-36652,67839,-6637.473057707129,-7.313795912645924,1733.5897961653463
STARLINK-36651,67840,-6532.483029254065,-2092.9462853427794,-166.96960835078949
STARLINK-36656,67841,-4564.929264251697,-4350.63549398247,-2711.3148231036957
STARLINK-36653,67842,-2076.2013748876016,-5129.365933759437,-4059.4212576165737
STARLINK-36589,67843,2647.0100070515277,-4357.397426684911,-4593.219718142973
STARLINK-36598,67844,4621.791329781629,4324.378368956654,2632.2359628936597
STARLINK-36606,67845,4030.0677041901117,-3577.2634825781165,-4246.7038626145295
STARLINK-36658,67846,566.117631742804,5164.922974762394,4470.856385391625
STARLINK-36618,67847,6715.060491618605,1103.4973173406213,848.8609846237642
STARLINK-36660,67848,-1124.3794198755502,4887.4956498682,4671.730231916768
STARLINK-36602,67849,6090.795710252222,2978.9037971626826,1031.0539089574106
STARLINK-36840,67850,4285.3357668503695,5030.598870459059,-1824.317230355917
STARLINK-36348,67851,-653.0414983760527,5396.522462241582,4163.850180281044
STARLINK-36276,67852,-1990.101688768406,4220.622316175769,5009.172877949155
STARLINK-36785,67853,-2655.7872278658815,-6262.478959490634,-838.9073746254195
STARLINK-36608,67854,3124.0153470108808,-2763.4741879998237,-5444.606768157207
STARLINK-36838,67855,410.0824074691003,5956.179989721273,3347.398689091388
STARLINK-36843,67856,4430.627768717229,4761.3746702622075,-2167.549146795086
STARLINK-36828,67857,248.67239842540198,5881.989916969521,3490.5296981033557
STARLINK-36837,67858,-4846.780450350928,-3834.2891493938005,2921.8549788251007
STARLINK-36393,67859,4822.325114294494,3585.3428075210104,-3293.2338806408393
STARLINK-35873,67860,390.26397783611367,5988.503878886763,3300.64596488463
STARLINK-36325,67861,-1166.3970387024328,5002.2211186777195,4526.930664249349
STARLINK-36332,67862,-2214.9286084649934,3969.2641046132344,5119.499621075433
STARLINK-36835,67863,-4018.1515452175217,1080.664980801937,5432.628504687925
STARLINK-36831,67864,-4412.186173538384,27.40886069024443,5233.18293499389
STARLINK-36738,67865,-4728.733946776884,-3791.6637408224037,3187.133857169767
STARLINK-36780,67866,-4295.559511086985,-4979.190398966124,1919.4751883652318
STARLINK-36761,67867,-3453.4527561052087,-5909.582156484574,329.42476927716643
STARLINK-36762,67868,-1768.8679417200747,-6334.017959355027,-1935.0156055385155
STARLINK-36779,67869,-4837.2122924894475,-1334.096881918334,4638.720446021148
STARLINK-36770,67870,1511.942451009788,-4690.183169416548,-4769.108691821466
STARLINK-36769,67871,2489.9668476075817,-3636.9985814308925,-5253.746498626137
STARLINK-36786,67872,-3709.12106675558,1738.0638348620785,5477.875861621649
STARLINK-36783,67873,-4932.486799092342,-3302.844591732128,3386.20799289086
STARLINK-36730,67874,-4510.133665831057,-4786.506086753216,1870.7291822814013
STARLINK-36727,67875,3741.8178875501685,-1694.9022506271695,-5485.940483028879
STARLINK-36743,67876,-1649.1925189375067,4567.32199438839,4825.815272883155
STARLINK-36784,67877,1734.6875744681836,-4513.646303101367,-4865.762994155417
STARLINK-36689,67878,-4586.752297136006,-594.1739510033465,5046.687571624758
STARLINK-36818,67879,-2290.432987397472,4777.686817624594,-4339.46471733075
STARLINK-36821,67880,-2421.0414998109877,5693.972575040872,-2934.1347900310907
STARLINK-36808,67881,1473.7548392128413,-5577.103383323143,-3694.238050014249
STARLINK-36817,67882,1532.2430063126985,-1818.5899959909784,6407.632692624864
STARLINK-36856,67883,890.6701946125899,131.9684470972652,6774.778362760081
STARLINK-36842,67884,-2417.3270081632295,6202.555258296373,-1602.912993265724
STARLINK-36826,67885,-1034.8093229234107,4783.826597825803,4774.953034151095
STARLINK-36390,67886,-2237.7410270892337,6458.331244364266,357.2279413066249
STARLINK-36368,67887,2414.837878817606,-6250.662692953431,1393.0941904130725
STARLINK-36801,67888,2401.0608010037886,-5436.196308601339,3389.6038137655028
STARLINK-36372,67889,1718.6177049213402,-2442.7051139874175,6150.764356353324
STARLINK-36363,67890,-1470.6044516583527,5581.697730728164,3668.8924130169526
STARLINK-36816,67891,-2301.9565489026963,5426.776806076492,-3480.1125802378083
STARLINK-36813,67892,-1796.3765038129222,2692.887722428708,-6038.375058601079
STARLINK-36803,67893,-277.2351872612018,-1789.9864003644516,-6607.857093323582
STARLINK-36846,67894,-1997.458059023579,6312.824750849784,1726.1624849989987
STARLINK-36866,67895,182.28512222096467,2030.8724834616403,6523.8267364501235
STARLINK-36877,67896,1014.3344839459427,-4733.573884233375,-4847.411397072561
STARLINK-36870,67897,2062.691202585492,-6365.655924650578,-1460.203878752786
STARLINK-36810,67898,2224.838232321238,-4425.097229454292,4715.758800384112
STARLINK-36878,67899,-1576.6386764163333,1946.505224210169,-6375.637263408445
STARLINK-36361,67900,-928.2610043709948,-31.848309371007964,-6787.804273267341
STARLINK-36336,67901,2257.743461238331,-6457.576107187811,-281.15748217472884
STARLINK-36876,67902,311.8981649989539,-3222.4388728275912,-6037.995863909394
STARLINK-36257,67903,-357.9121768718267,3333.3946392067446,5957.088861942851
STARLINK-36814,67904,4336.505115713808,-4073.6137710188914,-3419.1082535490964
STARLINK-36729,67905,5695.232243172604,-3028.90448479222,-2334.388011089915
STARLINK-36763,67906,6748.446961592696,-1128.5352527324496,-475.5313687013439
STARLINK-36742,67907,6798.6507264259735,288.4877532738217,846.7979019253038
STARLINK-36827,67908,6013.092192839712,2139.004038803615,2502.2187665982433
STARLINK-36822,67909,4458.144895807829,3618.7357196504468,3743.6168121147934
STARLINK-36847,67910,2284.3549834944483,4635.811178130109,4500.631836689301
STARLINK-36736,67911,-2028.1814864257153,4891.008664730152,4352.823942043579
STARLINK-36676,67912,-4067.291307700014,4224.990692173837,3550.920939532604
STARLINK-36690,67913,-5859.382517214105,2863.8234060130085,2120.7334254213265
STARLINK-36724,67914,-6144.273970167046,-1934.8717905606295,-2366.1511266201924
STARLINK-36723,67915,-6689.118854935673,1369.2086206932427,655.424695895896
STARLINK-36721,67916,-4899.478291713599,-3286.5884971976598,-3506.1594227497835
STARLINK-36722,67917,-2803.793295910236,-4460.188392182644,-4399.254609051048
STARLINK-36341,67918,4203.274212812849,-4142.63126209027,-3496.8747218534354
STARLINK-36663,67919,-394.8567072822415,-5007.294021978709,-4676.623471416981
STARLINK-36375,67920,6303.283732593087,-2228.1730277032134,-1536.0913714107728
STARLINK-36405,67921,6845.266803601251,-287.75378664701964,313.99586972853433
STARLINK-36406,67923,5099.776166098837,3130.4096589478727,3344.336377471612
STARLINK-36714,67924,2928.8614693873087,4413.538873429829,4349.321123327408
STARLINK-36726,67925,-1110.2005971578656,5008.537816453481,4545.113538054384
STARLINK-36758,67926,-3412.403405515372,4509.591885605418,3874.2991840368486
STARLINK-36728,67927,-6544.120128728878,1773.0475077696938,1042.924085297028
STARLINK-36771,67928,-5321.1345997702,3402.177221795462,2670.919990392844
STARLINK-36809,67929,-6820.312793730219,-116.39450387452999,-738.6165615879867
STARLINK-36865,67930,-3475.106263375781,-4173.72155520367,-4196.2419496530465
STARLINK-36781,67931,-5434.923621845043,-2807.7671867412264,-3111.4358136753644
STARLINK-36301,67932,-4996.8581466895,-1180.2422537114905,-4554.27328419018
STARLINK-36852,67933,-3896.411116687958,-3233.680056996706,-4632.057266500821
STARLINK-36861,67934,-2077.160379166371,-5129.846112664375,-4055.2696375509613
STARLINK-36860,67935,-187.1188458283052,-6159.4993001714265,-3018.476878313343
STARLINK-36848,67936,3424.4069229985544,-5941.519964962524,-9.130765366349577
STARLINK-36370,67937,1022.985636640131,-6429.038908150648,-2169.8703663944725
STARLINK-36371,67938,4501.547443862867,-5005.410758092014,1295.6695503675496
STARLINK-36246,67939,5287.85022556681,-3475.051272350599,2640.60081107896
STARLINK-36907,67940,2042.8370862546421,5162.744717814413,4021.67962249897
STARLINK-36927,67941,-1357.6751836179906,6458.065940745046,1869.2075991553197
STARLINK-36914,67942,5503.768798556393,-1025.1264330741171,3954.1848279061096
STARLINK-36851,67943,3766.7742477937813,3406.941489041128,4602.794254551523
STARLINK-36892,67944,593.4090780348631,6013.948683060461,3242.377212820561
STARLINK-36908,67945,-3275.228353008293,6027.810292824698,117.9271391073351
STARLINK-36909,67946,-4646.148047280595,4805.507940842685,-1553.9313822794304
STARLINK-36920,67947,-5423.777341320217,2879.1959387914026,-3065.0585642340798
STARLINK-36873,67948,-5513.474809949586,1198.120509619976,-3906.9886178242446
STARLINK-36863,67949,-5341.547672351135,15.04204752332839,-4309.905026790231
STARLINK-36887,67950,-4300.369843493747,-2612.5092395948977,-4666.629045535929
STARLINK-36897,67951,-2931.412760556092,-4381.768930519795,-4394.923860767118
STARLINK-36381,67952,1225.7540539533172,-6442.837713797127,-2013.1502871401528
STARLINK-36824,67953,-191.99214041128624,-6156.488822978999,-3020.352438531496
STARLINK-36869,67954,5136.585513936337,-3904.782946644544,2318.8632979216763
STARLINK-36872,67955,5254.45638946231,345.43703233846117,4388.213335758596
STARLINK-36918,67956,4085.120661026897,2947.555479263225,4647.974052166859
STARLINK-36829,67957,5535.598002349017,-1804.235753617535,3617.5142879559385
STARLINK-36799,67958,2570.0554680787372,4728.276390139923,4246.285557088877
STARLINK-36834,67959,-2530.6320301331025,6319.651793295992,854.9727579207247
STARLINK-36841,67960,-621.559403590867,6383.539597127005,2429.945481508528
STARLINK-36912,67961,-6787.864541923306,-770.4990807285651,-451.5484312506877
STARLINK-36881,67962,-6650.88311077104,-502.40072083098374,1531.725206635107
STARLINK-36357,67963,-5026.553712806048,65.55702879876868,4635.733093761218
STARLINK-36349,67964,-6030.512775682726,-220.8817496204975,3221.7052048702003
STARLINK-36806,67965,-3888.922042948994,310.6606595355941,5614.523943812396
STARLINK-36820,67966,-2132.158384833797,604.8372183082815,6465.853308852668
STARLINK-36819,67967,-394.76392826834086,827.675460154563,6772.76475149754
STARLINK-36812,67968,1192.6273461737849,980.8290212936557,6658.409439176847
STARLINK-36709,67969,4499.57386858577,1122.0207748142823,5025.6832875905875
STARLINK-36319,67970,2924.0572801238136,1090.3659853309002,6082.674388360728
STARLINK-36710,67971,5648.230403308686,1075.181733563084,3706.8930861469316
STARLINK-36894,67972,6451.085663630105,951.6078291519265,2077.0654610954743
STARLINK-36900,67973,6692.268215377032,538.7730298146254,-1349.5236776609704
STARLINK-36901,67974,6793.152099871224,769.1144951626887,364.1505361453022
STARLINK-36883,67975,2268.7588964859947,-584.067046289589,-6438.577634660243
STARLINK-36880,67976,6151.206664441828,269.7362146932326,-3001.7429198147897
STARLINK-36904,67977,3770.960629702414,-330.5286771318471,-5710.391884479947
STARLINK-36364,67978,-1189.849282980248,-984.3446951797675,-6674.825971399051
STARLINK-36359,67979,5074.041812481989,-49.60396069261819,-4602.179095264225
STARLINK-36882,67980,622.213767163142,-803.3148503534584,-6775.985317249089
STARLINK-36874,67981,-3012.262729853329,-1100.1480635179523,-6053.788871628083
STARLINK-36879,67982,-4387.713919234988,-1130.3785853849067,-5137.993569080486
STARLINK-36867,67983,-6457.962355430658,-959.7805878180188,-2065.9481559309347
STARLINK-36266,67984,-5508.481124472324,-1095.4378304894676,-3921.717364072983
STARLINK-36802,67985,-6788.805701379206,-768.8641059099258,421.15125977286783
STARLINK-36535,67986,-6563.094373822782,1875.0603388006277,647.2988606621841
STARLINK-36744,67987,-6431.889600677527,-158.19599615919876,2370.5847545905735
STARLINK-36734,67988,-5487.865541133871,-1962.7907048870468,3608.6446578501354
STARLINK-36957,67989,-3768.822347590803,-3610.95849743582,4442.267452506723
STARLINK-36951,67990,-1504.1901724476559,-4786.16942815225,4670.166068915829
STARLINK-36941,67991,144.73610639968842,-5205.924530430224,4457.00255203218
STARLINK-36950,67992,2611.1067735281854,-5217.8169152611545,3600.521134683453
STARLINK-36975,67993,4702.382721339422,-4473.264256226362,2216.7441361609867
STARLINK-36993,67994,5964.8874448514325,-3302.45083100043,753.663413558715
STARLINK-36968,67995,1486.568173834712,4800.5589138352925,-4673.433495535834
STARLINK-36979,67996,6599.671595438116,-1642.4081872417394,-911.171145593777
STARLINK-36994,67997,-2833.23030774148,5196.7242834052095,-3469.825809115336
STARLINK-36988,67998,-380.11349457704256,5254.547019619356,-4398.227173294485
STARLINK-36926,67999,-4868.288408107695,4383.835917816987,-2036.2916082689624
STARLINK-36931,68000,-5737.41456840147,3606.7513929605566,-1050.7714762535948
STARLINK-36903,68001,-6468.779437490908,2262.904254292811,276.6408306781462
STARLINK-36898,68002,-5870.25099616081,-1398.9245417833388,3253.773105068053
STARLINK-36862,68003,-2043.223640562571,-4575.275378884579,4676.162698543705
STARLINK-36888,68004,-6573.19308041831,436.1985582667577,1903.1805233512155
STARLINK-36910,68005,-4366.791173978914,-3143.1709772679073,4246.100420396874
STARLINK-36889,68006,1724.4714075746936,-5303.507942030004,3986.2373653243844
STARLINK-36592,68007,3814.318319147161,-4903.8349851309995,2901.9940586081225
STARLINK-36911,68008,5538.734789036108,-3814.378914291672,1347.9020946472997
STARLINK-36956,68009,6504.364156045279,-2135.062405645594,-450.18261939253443
STARLINK-36953,68010,4702.0778249288505,2834.909629812165,-4118.336278642975
STARLINK-36991,68011,2631.3012631167226,4305.736370932957,-4652.377120137915
STARLINK-36936,68012,-2086.3369760634823,5300.200652644639,-3826.4990566358697
STARLINK-36967,68013,6500.214594029241,-121.85726838777558,-2192.875793560969
STARLINK-36985,68014,382.6197851294737,5120.223204003666,-4553.74441176478
STARLINK-36335,68015,2731.852898836789,-2611.8781947780726,5698.283657452843
STARLINK-36923,68016,3949.427345419964,-5151.125602418902,2166.104836003489
STARLINK-36568,68017,3983.5000498231598,-5511.542956318173,787.4714654574354
STARLINK-36930,68018,3591.7950290185017,-4224.3287772972535,4005.2455995694154
STARLINK-36921,68019,3300.9275393883045,-5336.029108415028,-2745.819337361164
STARLINK-36928,68020,3809.0088050372797,-5629.319047065081,-835.1605091982523
STARLINK-36858,68021,798.2520556792712,-2567.247961469211,-6301.711740377913
STARLINK-36916,68022,2713.666442995966,-4797.232401525626,-4067.859915002433
STARLINK-36871,68023,1704.3867362720791,-3683.3663053480795,-5519.110850367152
STARLINK-36891,68024,-380.27900327882196,-991.075202455572,-6767.918848552087
STARLINK-36378,68025,-1927.234661423689,1288.405254740791,-6447.2785249069375
STARLINK-36884,68026,-962.0201722075205,-164.63307269598138,-6781.9211599019845
STARLINK-36940,68027,2218.635523027642,-1746.4251763859604,6224.868466248728
STARLINK-36253,68028,3882.99907070376,-5599.79571053216,606.9173007794521
STARLINK-36944,68029,-2936.015633123442,2953.2264064922047,-5439.123025199136
STARLINK-36942,68030,-3636.9183853240343,4299.652333185321,-3896.5908614802624
STARLINK-36913,68031,-3951.5722380428024,5124.217116580491,-2238.48606014572
STARLINK-36935,68032,1166.0036231050015,-135.55881232365752,6732.735590229282
STARLINK-36947,68033,-3991.937430994763,5502.243532122845,-812.5217007238472
STARLINK-36939,68034,-1779.824314238139,3760.7341492720598,5424.8587925216325
STARLINK-36943,68035,257.659281391867,1155.656720807971,6730.80711904022
STARLINK-36906,68036,-2610.0301529676503,4678.722579959874,4250.909323031073
STARLINK-36388,68037,-871.4591439337506,2651.6656044730216,6239.432136711726
STARLINK-36895,68038,-3320.466547356456,5338.2259451923055,2698.3829632461893
STARLINK-36373,68039,-3791.7988621331156,5617.43460985878,953.7546634802482
STARLINK-36711,68040,-1359.083705784436,6196.515052632959,-2564.635999933486
STARLINK-36825,68041,-3847.3477349795135,-3203.656692869612,-4667.081371348329
STARLINK-36925,68042,-1141.6422402150693,6444.8097070497,-1994.1049590835787
STARLINK-36902,68043,-4098.005324494474,-1311.6517446595208,-5324.320242323102
STARLINK-36966,68044,-4138.2103389529975,-100.3878582954382,-5452.255762173312
STARLINK-36864,68045,2039.641692150848,6233.479331661018,1933.4037521812543
STARLINK-36321,68046,-828.9769850801172,-6769.211800954707,-543.7504843682624
STARLINK-36181,68047,3887.856078640622,-1846.7893177724145,5305.666661511099
STARLINK-36318,68048,1629.341594823142,-5996.3609536327895,2851.4246226802275
STARLINK-36885,68049,-3639.9434919435625,2672.278017142823,-5144.680997428883
STARLINK-36945,68050,4054.5639073484,-754.4689166566942,5447.3254756371225
STARLINK-35911,68051,-3667.0363393896555,2773.380048587435,-5071.299559017593
STARLINK-35808,68052,1559.4868332904423,-6138.1467553962175,2576.6500710382384
STARLINK-36919,68053,-3373.677081485401,3597.319788520258,-4745.184925096178
STARLINK-36924,68054,4140.91002223235,754.8035539119267,5381.620219840633
STARLINK-35998,68055,-3093.594959200852,-4851.011916862824,-3707.9814669726948
STARLINK-36845,68056,3965.6162747542826,2580.5222777141616,4928.9206251938995
STARLINK-36954,68057,499.4247070156705,6820.204588435729,-181.04176362744974
STARLINK-36899,68058,4123.2008053855,778.6833221695633,5391.485015278415
STARLINK-36917,68059,3488.819831646901,-3119.530852025549,4978.441055190845
STARLINK-36959,68060,-2672.238115792512,4761.744919612668,-4126.724797528792
STARLINK-36915,68061,-1617.3580681636067,-6523.660711010705,-1281.2347829482258
STARLINK-36952,68062,2848.2497539705196,5377.445152438638,3109.7446625987754
STARLINK-37000,68063,2330.117858408539,-5258.691751680902,3693.3222386425605
STARLINK-36996,68064,98.50772784865302,-6761.678204407558,1022.5567290358365
STARLINK-36836,68065,-1935.2912850773769,5835.0521402531385,-3005.738645556902
STARLINK-36976,68066,-3093.9242908821284,-5050.472303534917,-3430.2651210786107
STARLINK-36929,68067,3762.764570473732,3427.916333823184,4559.540473554413
STARLINK-36990,68068,3203.596322079616,-3939.381999692651,4576.1620512903655
STARLINK-36766,68069,-2605.2783379178995,3163.278672195569,5466.096379267387
STARLINK-36823,68070,-177.0149685367208,-4602.227910671231,-5063.293790908008
STARLINK-36970,68071,-6030.8871625372085,-2875.695020710423,1454.293568677636
STARLINK-36972,68072,5976.112450056434,3166.7451607012367,-1033.744728006758
STARLINK-37074,68073,4153.071425156509,-1798.5347182481132,-5135.5182606750295
STARLINK-37045,68074,-5904.95513013567,-1171.3896977742124,3236.413195081109
STARLINK-37026,68075,-3499.8746098565257,2425.1244056002643,5343.272409045809
STARLINK-37023,68076,-5262.582438130358,-4311.533876815921,-716.9378719830177
STARLINK-37036,68077,875.9875959448055,4814.496796680905,4769.629273109926
STARLINK-36973,68078,5011.138475606555,-727.6203435438794,-4605.531136921122
STARLINK-37063,68079,-2787.061830394323,-5151.951192398965,-3539.2475881077144
STARLINK-37051,68080,-3742.230442683352,2258.211521122183,5251.2953708636005
STARLINK-37066,68081,5016.86830561053,4451.428062525816,1337.8465582301094
STARLINK-37054,68082,3112.047922462086,-2780.357640359552,-5426.086297101678
STARLINK-37065,68083,-5224.714062365861,353.87469639177186,4390.724715448606
STARLINK-37037,68084,5954.069062327049,1254.1178243192212,-3133.7104178986556
STARLINK-37068,68085,-1734.6540550695852,3732.155834679921,5452.787240648299
STARLINK-37067,68086,3050.3549990079523,5050.438212227685,3451.2657917239567
STARLINK-37062,68087,4126.323670639778,4931.347418616238,2324.8188253537487
STARLINK-37059,68088,-5692.08251661578,-3786.8578570210893,191.35465708916539
STARLINK-37004,68089,-605.320101399685,4351.5497671008525,5231.853012962154
STARLINK-36320,68090,5565.187994614243,3973.69209047395,169.755494934694
STARLINK-36324,68091,2079.4629817474843,5093.790542770991,4054.67550301907
STARLINK-36896,68092,-1686.5898131887475,-5064.444639987387,-4283.857910389796
STARLINK-36251,68093,-296.96013292518836,-4711.1738505628055,-4956.056804102077
STARLINK-36787,68094,3124.1294238984756,5115.080722145139,3287.164956277357
STARLINK-36790,68095,5661.3061467204525,429.33003545207805,-3821.7279592106415
STARLINK-36328,68096,-4944.596663764532,785.7011806379476,4649.277401898702
STARLINK-36853,68097,-3909.7481934430066,-5013.352427270798,-2526.5930867773623
STARLINK-37022,68101,3498.167350168531,-2348.2276103701465,5384.781773137035
STARLINK-37046,68102,4251.662300899169,-3262.9895312081976,4249.857046546873
STARLINK-37018,68103,4813.577148645601,-4080.208394575492,2644.514196098463
STARLINK-37041,68104,4868.058528774541,-4746.656127007388,-808.5783576397471
STARLINK-37021,68105,4434.857790120447,-4624.091210387252,-2421.3395008561065
STARLINK-37024,68106,3614.426438807579,-4144.584522127092,-4084.3663795662455
STARLINK-37005,68107,5009.21382677138,-4569.534283248236,936.8550799634802
STARLINK-37017,68108,2647.4395587381105,-3446.3163175468053,-5296.040256090647
STARLINK-36833,68109,102.2504518001591,-1296.7030361178258,-6726.503348232765
STARLINK-36830,68110,1645.1807374697828,-2643.019746204416,-6103.154971435467
STARLINK-36791,68111,-1076.708689114565,-190.13736989736339,-6763.3652306135355
STARLINK-36893,68112,-2420.6769153204427,1159.8109585046425,-6302.918694139729
STARLINK-36937,68113,-4218.708424763047,3205.4593705936795,-4341.2165049089945
STARLINK-36229,68114,-3495.185197515655,2332.8541271370814,-5409.710822704808
STARLINK-36392,68115,-4796.210516922858,4031.232826712999,-2763.3143992075334
STARLINK-36805,68116,-5010.035465246437,4511.9086746729445,-1191.4629470937286
STARLINK-36844,68117,-4893.733191493692,4735.609973177089,685.0603699566473
STARLINK-36789,68118,-4504.95722597557,4643.3272216219575,2227.7503731125066
STARLINK-36850,68119,-3770.185600654013,4234.963368798589,3825.8191438789127
STARLINK-36868,68120,-2676.252726849572,3457.954583684776,5255.706404923102
STARLINK-36855,68121,-850.2056479144823,1957.3664134858711,6491.387728056801
STARLINK-36366,68122,-316.7499936924295,1485.704330028858,6663.516049312527
STARLINK-36922,68123,2397.556302889036,-1134.6060526949313,6299.303484784255
STARLINK-36938,68124,3618.000006748501,-2158.77781205046,5385.019791903211
STARLINK-36839,68125,1258.9551191777819,11.492469885689783,6717.032175294428
STARLINK-36604,68142,-5222.155024775244,-2175.0928778071916,-3861.2838269681743
STARLINK-36995,68143,-4040.4364428755985,-555.073649076921,5487.818275929676
STARLINK-37020,68144,5131.272794432022,2168.6068611226697,3969.7769865680657
STARLINK-36244,68145,-940.147775047276,599.9322322899029,6743.075688862545
STARLINK-36980,68146,5178.076477627143,1075.798020421433,-4353.834018955074
STARLINK-37055,68147,-6057.810739650185,-1558.934815893067,2771.8597107631163
STARLINK-36981,68148,2338.030811200238,1576.955083580243,6227.283132770298
STARLINK-36992,68149,5999.726633166788,1528.0333650323619,-2928.015021162741
STARLINK-37060,68150,5989.718234343428,2239.0134758555987,2437.4904373176314
STARLINK-37073,68151,4034.0966360201296,1975.8257035744957,5155.929715546863
STARLINK-37049,68152,3877.188172176564,490.1005266050502,-5626.592806075014
STARLINK-37072,68153,908.6807023077714,1179.7759990357513,6670.990277393274
STARLINK-36241,68154,-1291.4983585981793,-1290.9156275508483,-6601.811517884494
STARLINK-37048,68155,762.4712935432975,-661.7645184851427,-6776.015433945715
STARLINK-36313,68156,-2586.98668998057,-1639.6085609825172,-6128.185915636466
STARLINK-37064,68157,6486.517797367092,2136.0490611329965,472.86894790516874
STARLINK-37069,68158,-3902.927937945341,-1945.2964110215812,-5282.79163451942
STARLINK-37053,68159,-2515.901461279016,46.029644595901594,6355.817734176906
STARLINK-36306,68160,-6462.706443639077,-1894.0889759790061,1219.4917772998635
STARLINK-37057,68161,-6048.218857212894,-2231.612000024647,-2309.535386920479
STARLINK-37013,68162,-5135.651228433147,-1049.793782848448,4393.007162857746
STARLINK-36958,68163,2520.171375704757,-49.95316895017759,-6370.33555375753
STARLINK-37002,68164,-6483.509517804681,-2133.9242043207205,-532.5569578926905
STARLINK-36971,68165,6470.916137807871,1913.6546731095439,-1164.3809392932965
STARLINK-36273,68166,1703.7312409835904,-317.58761078248557,-6628.273623877971
STARLINK-36969,68167,5035.301054529955,-2392.3632668502246,-3971.3940580539797
STARLINK-36984,68168,4651.58911538151,-347.9619935674372,-5009.9245747117
STARLINK-37077,68169,-5031.00613841738,3226.295745312337,3319.5520522716083
STARLINK-37003,68170,-1015.0211159882396,5994.7336348479585,-3138.4238361111898
STARLINK-37034,68171,1239.179954315168,-6035.248571247167,2961.209946757175
STARLINK-37031,68172,-5017.114311014405,2035.8232269638852,4171.652783310841
STARLINK-37076,68173,-4489.892012809388,4949.879523357338,1453.4707366431712
STARLINK-37078,68174,-4769.308528488324,736.3282392293146,4838.086158617023
STARLINK-36886,68175,4113.800737587114,1008.0887076064813,-5377.958155279911
STARLINK-36905,68176,-4310.9252430655715,-569.4597397946917,5270.350508332817
STARLINK-36668,68177,5028.722573197556,-2281.2680796408094,-4043.0650887453853
STARLINK-36677,68178,2956.0123570451174,-6077.8935222050995,1045.4417891489654
STARLINK-37052,68179,5031.047496437718,-2296.9547869584,-4035.814984859501
STARLINK-37035,68180,4354.058728286129,-5134.114809940566,-1219.82292463557
STARLINK-37032,68181,-2758.2477048148844,-3155.832654762419,5394.80744574697
STARLINK-37082,68182,-3786.9344127222225,-1629.5690324254554,5448.574419663387
STARLINK-37102,68183,4766.2436839107295,-4368.538984591388,-2239.9176467355537
STARLINK-36964,68184,-1010.4809404350232,-4883.318738955696,4671.712407757653
STARLINK-37061,68185,-1537.6573989719038,6125.157613252721,-2636.649262946673
STARLINK-37079,68186,3292.080834239205,2446.231696231528,-5480.523249482482
STARLINK-37006,68187,-4843.52584025184,4179.693528925563,2414.3780747691812
STARLINK-36305,68189,-3114.430121231084,6027.789771645316,-886.4014514059153
STARLINK-37071,68190,-3957.3295983738576,5565.189665267864,403.4895669138133
STARLINK-37091,68191,-10.549805196606215,-5534.071131158152,4010.586400370597
STARLINK-37098,68192,3605.9602622687244,-5810.949951016747,115.61711623117833
STARLINK-37090,68193,-2096.2949771838703,-3912.228759956108,5194.660579437762
STARLINK-37093,68194,1977.9784240274687,-6159.393480485314,2212.7705497160086
STARLINK-37058,68195,2500.438244770719,3489.632386210467,-5331.744099190925
STARLINK-36986,68207,3167.1337162355567,4753.106468707987,-3780.211932641482
STARLINK-37009,68208,3890.30754070678,5281.637898661415,-1963.7935030088324
STARLINK-36948,68209,4231.600174057917,5371.0201381517745,-335.48787315734876
STARLINK-37119,68210,4321.909754885081,5144.61746805903,1300.861291253972
STARLINK-37120,68211,4145.967794447183,4585.39927055546,2931.151901846441
STARLINK-37117,68212,3631.721571992312,3607.777211577308,4534.456694571519
STARLINK-37116,68213,2848.0500437240808,2374.1324171043643,5742.995763104183
STARLINK-35854,68214,-3642.189688257253,-3632.616551817022,-4524.4932868506885
STARLINK-36272,68215,789.1647150561832,-422.39275750862,6774.422025803602
STARLINK-37014,68216,-245.02953334942455,-1687.5139195470015,6618.511825249594
STARLINK-37011,68217,-1528.487189967775,-3143.7364106910013,5874.752465276333
STARLINK-37108,68218,-2560.5118545336995,-4204.579645124887,4746.262509000447
STARLINK-37106,68219,-3370.155290577126,-4928.696467060533,3339.0540665589224
STARLINK-37030,68220,-4224.310573753689,-5377.004766896562,339.5930473053525
STARLINK-37012,68221,-3836.859692364838,-5259.684907774004,2111.702885682689
STARLINK-37110,68222,-4314.093390923851,-5119.465522996947,-1442.2432614267352
STARLINK-37025,68223,-4080.479337752419,-4453.977210436215,-3229.9037485498684
STARLINK-36960,68225,-2867.074554693282,-2407.057634728962,-5738.154701995971
STARLINK-37038,68226,-846.1730017039431,353.55522142654524,-6789.5483930139535
STARLINK-37083,68227,-1895.5142256931176,-1025.8348647563787,-6503.566234108088
STARLINK-37050,68228,421.2628921820284,1902.139730204743,-6567.890772905018
STARLINK-37081,68229,-192.09109526135452,-1747.6882624475516,6602.077436954143
STARLINK-37100,68230,1507.1054489293201,3130.1675609670824,-5903.686811807876
STARLINK-37104,68231,2298.2407306585,3958.0398857793375,-5097.005574218481
STARLINK-37027,68232,-2356.8915532144097,5082.053734694435,-3933.001320415675
STARLINK-37132,68233,-5952.176981088976,1369.8256785382118,2971.660974341118
STARLINK-37101,68234,-400.0322144616967,-4328.312645716928,5213.482763989101
STARLINK-36963,68235,2900.581112146411,-5065.78126177578,3556.402568302769
STARLINK-37127,68236,5286.348496972522,462.5656180103169,-4251.469700398704
STARLINK-37095,68237,4015.0759644793757,-4905.957680834986,2559.3373270787138
STARLINK-37097,68238,-5068.275810999762,4437.0476389169635,-1203.203391446433
STARLINK-37096,68239,-3616.773723595661,5017.932830884299,-2928.8369818251235
STARLINK-37092,68240,-3986.6358411822644,4828.035277739482,-2651.0082095404446
STARLINK-37094,68241,-3536.596087902501,4659.421550644112,-3578.345040163745
STARLINK-36356,68242,-4005.0247328571,-2273.775951003387,5065.571903336634
STARLINK-36345,68243,-6112.570935772255,1921.781683878396,2385.6686617721
STARLINK-36310,68244,-3640.9409842428004,-2330.3620490537105,5233.67866384677
STARLINK-36247,68245,5124.963458544353,-4345.084575363211,1010.3184216258928
STARLINK-37043,68246,-5311.327978090316,4141.341591139749,-925.9810223834731
STARLINK-37044,68247,4394.7355054388945,1511.674533498036,-4963.143725775604
STARLINK-36997,68248,-6150.73267080481,3023.259283297786,-84.76856280974822
STARLINK-37141,68249,6078.036055312301,-2091.363635324006,-2213.092588435874
STARLINK-37087,68250,-5329.674983777867,-409.89990668654883,4186.619540267333
STARLINK-36274,68251,-5435.058398281334,-777.42891117956,4093.466254440284
STARLINK-37085,68252,-4128.247219283727,4851.932945087846,-2551.843817625623
STARLINK-37086,68253,-2041.0801006280892,-3519.0391026492007,5431.274347155899
STARLINK-37084,68254,-4137.431180742922,-1857.4681157955838,5029.4060396234845
STARLINK-37075,68255,-1855.4707376160304,-3627.2927158639313,5427.723412715165
STARLINK-36333,68256,-6383.163734548613,2329.2252079129244,892.2346006665106
STARLINK-36745,68257,6144.5064330159785,-2379.664006464549,-1843.3076888431153
STARLINK-36890,68258,-2164.284437364749,-3498.5313070500492,5470.546775705794
STARLINK-36323,68259,-5644.005975079208,219.2174052892081,3769.531418527943
STARLINK-37056,68260,3136.2240251488847,2734.046138652566,-5378.901849577303
STARLINK-37162,68262,5078.430908845742,2453.191847797708,-3877.8011464954834
STARLINK-37156,68263,6786.237676582305,192.09350771553613,-844.6609574210875
STARLINK-37163,68264,-4896.551526885755,3163.5149872499974,-3586.0484092737197
STARLINK-37133,68265,6318.908918874685,-1814.6182594052411,1875.659455709726
STARLINK-37042,68266,6820.313953336852,-503.5336222777178,-146.1813337397719
STARLINK-37103,68267,5273.424897114398,-2945.0300474686564,3202.1903640582464
STARLINK-36999,68268,3115.6801713996197,-3855.8852913190376,4702.893494526484
STARLINK-36962,68269,-2151.300308609835,-3763.3680336928524,5281.14435143643
STARLINK-37028,68270,5157.267705520712,2477.9958202798616,-3754.889912228311
STARLINK-37029,68271,-6815.333538532813,266.5398438044254,518.5830300887702
STARLINK-36974,68272,1738.6502160412163,3913.730833485589,-5340.434341879897
STARLINK-37019,68273,-3757.9603375661745,3662.861691889626,-4394.93567284258
STARLINK-37129,68274,6528.302042718326,822.2785746919055,-1879.4823959656378
STARLINK-37123,68275,4142.105628800963,3028.4928350185146,-4530.607521960507
STARLINK-37125,68276,3467.095310696304,3342.185206395832,-4865.86703329436
STARLINK-36989,68277,-2710.716017548576,3941.166699700162,-4896.152998646952
STARLINK-36982,68278,-1179.7811484439244,4125.0410728405805,-5334.2722593364
STARLINK-36934,68279,1455.837710537216,3935.3307191829977,-5408.488398692285
STARLINK-37070,68280,414.44251110790685,-4128.9512581842955,5427.620697469596
STARLINK-37134,68281,3056.4507766347606,-3791.4570989486615,4793.291447584715
STARLINK-37160,68282,-6650.483657700937,1327.1959726790076,-912.3168512357731
STARLINK-37124,68283,-1023.8266569541979,-4015.3333791572963,5431.742322649561
STARLINK-37159,68284,-2395.75175902835,3934.993058555151,-5063.045416492071
STARLINK-36725,68285,-4709.297109024804,-2788.771409769538,4093.7307741214695
STARLINK-36998,68286,-6184.8736168432515,-1344.128162848286,2586.7069720773607
STARLINK-37165,68287,-3211.1758012370356,-3421.8219835338655,4966.072267530184
STARLINK-37016,68288,6780.012381593149,76.54408515508668,-914.6168583573289
STARLINK-37010,68289,5850.932580854059,1777.4046258544704,-3073.1035295404845
STARLINK-37151,68290,113.14858385626663,4109.110231659278,-5473.5590128571275
STARLINK-37107,68294,,,
STARLINK-37147,68295,3325.9263471883205,-5610.474034046045,1977.3110400662313
STARLINK-37142,68296,962.5617542117532,85.79432569098407,-6783.445167662308
STARLINK-37115,68297,2289.0685195157052,-4567.054605416141,4546.193548640588
STARLINK-36355,68298,671.4605438839944,527.2865954637822,-6763.70995996178
STARLINK-37118,68299,,,
STARLINK-36875,68300,-1033.5126169214539,30.886651063831955,6753.8429809481695
STARLINK-37099,68301,935.9579402508889,-2854.034086470772,6141.200062853127
STARLINK-37007,68302,,,
STARLINK-36300,68303,-3693.189917734435,5013.71864089447,2837.5388275568293
STARLINK-36849,68304,-1940.6986070423632,1513.5128555543604,6366.2131957876045
STARLINK-36277,68305,3585.500212568042,-5008.8499244461555,-2992.9543701266393
STARLINK-36307,68306,,,
STARLINK-36264,68307,-1050.9399127684505,3006.0978746147834,-6066.839364971244
STARLINK-37138,68308,3642.257826056394,-4892.254481448226,-3093.5310509820806
STARLINK-37149,68309,-1870.200120013229,4061.1868633048166,-5191.923828842956
STARLINK-37148,68310,2793.9111933161316,-3017.291543610108,-5478.703885369052
STARLINK-37140,68311,-1423.1720175603011,652.6340904983317,6653.666652272807
STARLINK-36854,68312,-3501.620708818938,5703.255662008359,-1450.0350226960898
STARLINK-36815,68313,-850.8454492310342,2718.530600485924,-6205.1573295248445
STARLINK-37155,68314,-3734.803687569009,5737.478145983733,-39.51267405285187
STARLINK-37150,68315,2037.324898779919,-1665.475385787599,-6271.8861042297385
STARLINK-37154,68316,,,
STARLINK-37139,68317,-1947.909994217652,1522.8570462788061,6373.539800535517
STARLINK-37113,68318,3670.5162978842436,-4966.431571404567,-2961.4367263933273
STARLINK-36987,68321,-6115.956055744259,-332.58360161654844,-3082.182141741955
STARLINK-37088,68322,4984.840211633098,3926.6736727930993,-2561.693187343013
STARLINK-36983,68323,-674.7621382652543,4106.403936020179,-5435.6217654800885
STARLINK-37164,68324,5261.926572764131,4011.9426010117772,-1790.9201026018306
STARLINK-36309,68325,-1193.0247197879403,-4485.567578695633,5015.055263277041
STARLINK-37206,68326,-5021.853683660703,1339.6573069621459,-4474.545295735322
STARLINK-37199,68327,-2465.4367199213434,-4727.25350342414,4296.877929017713
STARLINK-36245,68328,4065.2891181352957,4549.523841060517,-3128.548509140046
STARLINK-37204,68329,-6193.563476661403,38.00064174436534,-2913.7600037848356
STARLINK-37001,68330,427.92972227970216,4498.842881623782,-5158.170721602063
STARLINK-36932,68331,6288.132828970407,2668.0331054100047,-375.71008513863916
STARLINK-37205,68332,619.6678580822788,-4190.570594627274,5378.470906550038
STARLINK-37180,68333,6529.349137895469,1090.2298760536105,1713.370619140823
STARLINK-37191,68334,5159.737847971818,-1144.678943399663,4352.608135659389
STARLINK-37217,68335,-6609.609227126923,-1397.6670957418705,-1085.5842413451946
STARLINK-37143,68336,6427.520209683954,1815.6814564406059,1525.0116448270608
STARLINK-36237,68337,-5290.467817767831,1344.7636694528505,-4129.9481003701
STARLINK-36254,68338,-4506.02971104815,-4119.5774633624615,3075.6054499245256
STARLINK-37200,68339,-5399.750197982911,-3892.5744593106538,1623.9947113044486
STARLINK-37185,68340,1649.7447674516864,4520.6221610471375,-4867.600917445506
STARLINK-37181,68341,6535.003877538106,1887.074685168219,716.2238935277246
STARLINK-37192,68342,-2985.2661970999557,3136.1674368545964,-5300.253542637942
STARLINK-37158,68343,-2328.296844480434,-4541.577291079488,4544.629798209848
STARLINK-36380,68344,6216.550850878391,2879.4099829735815,236.61351292465676
STARLINK-37214,68345,-3463.661744946106,-4404.879364847416,3913.2912224776032
STARLINK-37169,68346,2720.269480229033,-3265.2226703542165,5349.406638193836
STARLINK-37136,68347,-6406.419259952842,-2255.1653617662464,-926.0037823894867
STARLINK-37182,68348,5939.100951148122,3184.2149412689364,-1184.361404325705
STARLINK-37183,68349,-6003.091495011665,-3264.4972474476003,522.5384150705945
STARLINK-36296,68380,-205.88351706892763,-923.9590350008422,6723.63472624029
STARLINK-37111,68381,-1900.8281318006339,2692.529422444863,-6005.308664202896
STARLINK-36946,68382,-950.6829778414232,-299.30126173916176,6761.0364772064
STARLINK-37121,68383,-3913.9293606931324,4108.786838571344,-3835.085803689595
STARLINK-37137,68384,-2122.984667263091,786.3341645592873,6449.771460797893
STARLINK-37128,68385,4849.93566369114,-3774.90786235951,-3020.6898268573145
STARLINK-37198,68386,-5108.429223610803,4548.364416690725,-300.16108370893255
STARLINK-37223,68387,5141.628690713542,-4311.768444170189,-1360.458917610848
STARLINK-37203,68388,310.5368479946753,-1398.1871491993356,6682.554213876316
STARLINK-37197,68389,-4304.237145192602,3061.48865078231,4344.354103603164
STARLINK-37193,68390,5124.2179457851,-3671.2996290266747,-2550.9111388415727
STARLINK-37216,68391,2388.963798265335,-1044.4977216372004,-6334.501339600115
STARLINK-37215,68392,4244.555185618669,-2998.544578091616,-4461.907671603338
STARLINK-37184,68393,3115.783002160194,-3577.9345494442446,4924.427772314426
STARLINK-37157,68394,-5123.007766102508,4238.580595996298,1622.209961660627
STARLINK-37172,68395,-3133.4037619986666,3599.5739647482033,-4914.367658673659
STARLINK-37190,68396,-3326.347215190131,1983.2947027893272,5634.429645567306
STARLINK-37194,68397,5124.150084305845,-4538.693505902923,87.64674446322715
STARLINK-37220,68398,3212.5394245977786,-1869.8522349899126,-5753.873089848844
STARLINK-37187,68399,-4666.061935344767,4484.139061224828,-2239.774180979869
STARLINK-36235,68400,4064.1955533580654,-4186.84890422415,3570.262631016071
STARLINK-37175,68401,-776.5709511042232,1792.9004192235323,-6566.729482791667
STARLINK-36360,68402,4752.777970350635,-4522.083902251049,1946.356935356745
STARLINK-37218,68403,-814.6306461297231,1679.8787885963438,-6445.479582149238
STARLINK-37188,68404,-4795.251230540133,3685.738089646032,3197.9231351847793
STARLINK-37262,68508,4017.9052409278647,2448.384310601785,4954.691454689785
STARLINK-36292,68509,1822.5846636252968,-4365.664466599667,-4948.500556521908
STARLINK-37260,68510,6629.023618210501,-971.2956830827659,1374.1650361306997
STARLINK-37280,68511,-4701.411643145436,-1882.0984989554167,-4604.545910822567
STARLINK-37286,68512,4668.859497063436,-4123.0894457776985,-2836.2817956852978
STARLINK-36250,68513,-220.12092330880103,-4167.532059429595,-5425.66372185
STARLINK-37251,68514,6433.754251040907,70.98942823932927,2312.692782100116
STARLINK-36293,68515,4540.520828131424,2315.425934836441,4552.676035131287
STARLINK-36290,68516,-3906.350105708973,-2741.200902301349,-4906.4429095754895
STARLINK-36298,68517,-2599.5670011289753,4304.057882573419,4623.183794743417
STARLINK-36857,68518,-6375.650474765726,-175.17503122935298,-2479.5886496137427
STARLINK-36326,68519,-6389.595592838899,2325.491271003683,737.4783747823471
STARLINK-37126,68520,-5010.976747474238,-1923.8714382057417,-4247.136715836772
STARLINK-36347,68521,-1577.6320687872146,4292.24752555054,5093.505293267787
STARLINK-36322,68522,-5952.399960837482,2925.3752544527506,1663.419711745148
STARLINK-37208,68523,1046.5269930295499,-4337.759749633264,-5190.748895520569
STARLINK-36302,68524,-3175.492086666108,4231.003120129697,4325.604948596044
STARLINK-36311,68525,-4114.166711262791,4006.775599429525,3706.3088342716355
STARLINK-37178,68526,-6595.784885676621,1323.5078707486346,-960.8673612319026
STARLINK-37248,68527,-5284.670753272926,3586.0004594872084,2440.341230625025
STARLINK-37241,68528,-6652.776550099636,365.2747830822631,-1557.9539324669422
STARLINK-37244,68529,3423.5195149697374,3026.126256137608,5080.101974217941
STARLINK-36285,68530,3724.148688852901,2942.178519112836,4933.82816565596
STARLINK-36294,68531,1845.9424612228254,3749.870862542509,5420.620012415102
STARLINK-36249,68532,1877.9637621278812,3708.3396897610164,5421.146163011898
STARLINK-36252,68533,-1743.64626269266,4346.046281273454,4975.949261189846
STARLINK-36299,68534,-790.281250031171,4299.266495747286,5249.8699617973125
STARLINK-37234,68535,-6571.995292316156,1633.1782944067606,-557.1101280349595
STARLINK-37173,68536,-6554.782822626275,799.4374475271428,-1612.1067027860697
STARLINK-37326,68542,-5306.038958627129,-4317.5650171448915,48.52190155884054
STARLINK-36308,68543,-4801.820493905277,-4778.2211134193,948.5435458649015
STARLINK-37263,68544,-2517.543751926587,-5342.086061909033,3442.2442259064537
STARLINK-37289,68545,-4805.8994528406065,-4777.980160724228,943.9593722149053
STARLINK-37290,68546,-1856.8679364507284,-5276.791725891458,3927.9522489983688
STARLINK-37245,68547,1955.9627585426092,-3661.985664624964,5425.527722353375
STARLINK-37145,68548,-5490.255026882969,-4084.7721517032355,-348.59181054002266
STARLINK-36204,68549,2892.7264364322473,-2935.048017326388,5449.137163140383
STARLINK-36304,68550,4661.087722840469,-992.3840468624612,4896.920159181957
STARLINK-37288,68551,5420.01858883935,330.85244968976605,4149.430454922063
STARLINK-37295,68552,4020.5375111730023,-1811.6496124041055,5218.055388699626
STARLINK-37254,68553,5869.910664375423,3107.9368294173087,1625.580344467913
STARLINK-37255,68554,5460.2913735389375,4111.971739403955,237.70036392226706
STARLINK-37146,68555,5746.84954675706,3545.477980283677,1065.9450450705635
STARLINK-37144,68556,4212.336304806007,5079.237827135815,-1809.487958338333
STARLINK-37210,68557,5043.54641519806,4582.453609822217,-601.1835512851121
STARLINK-37227,68558,3364.4258407160582,5294.523293941595,-2735.7019940211494
STARLINK-37294,68559,2227.6902075236494,5312.500566387531,-3696.078366253229
STARLINK-37291,68560,1199.756285386184,5135.595214205547,-4362.906570130502
STARLINK-37114,68561,-75.8765022064387,4706.29755040264,-4969.798195969637
STARLINK-37233,68562,-2652.769519412481,3146.7378510398858,-5468.568586102502
STARLINK-36238,68563,-1124.5262312049838,4188.830693611526,-5296.23477350014
STARLINK-37008,68564,-3536.124043287034,2353.6808053488458,-5367.615633543004
STARLINK-37161,68565,-4317.9053903233835,1482.8523838870751,-5100.822083199982
STARLINK-37212,68566,-4187.477200483182,1644.0662442769128,-5162.461211239485
STARLINK-37261,68567,-5637.205056803314,-797.7211462974832,-3798.7104068228928
STARLINK-37283,68568,-5877.9955873142735,-3014.3807181461793,-1783.001695870872
STARLINK-37256,68569,-5882.003477662333,-1700.999187174464,-3057.861445301413
STARLINK-37228,68570,-5750.849925490188,-3526.256254510193,-1147.210500728335
STARLINK-37135,68602,6491.224588154585,1631.9356574382264,1426.4027862020073
STARLINK-37189,68603,2892.40744108526,1611.3029709885448,-5997.336023442038
STARLINK-37130,68604,-520.0458416096503,761.0828291609643,-6789.4199866556
STARLINK-37131,68605,-2405.6500449715304,183.3150934869098,-6412.736413779063
STARLINK-37253,68606,-6326.359197970418,-2007.553629883785,1670.5223185727893
STARLINK-37246,68607,-6478.991476222911,-1626.724088489961,-1508.1376730848285
STARLINK-37243,68608,-1239.8683097716146,-1231.7684773651035,6607.520671720592
STARLINK-37250,68609,-3814.6409486070356,-308.1887486669755,-5682.824738483065
STARLINK-37105,68610,-4273.257617629937,-1872.0747967557165,5000.085361472006
STARLINK-37177,68611,3783.3770820160344,304.2038035424034,5685.872828715086
STARLINK-36386,68612,5544.890201618877,2019.6063450273937,-3475.621326723938
STARLINK-36187,68613,-5148.66342378845,-861.2270919950779,-4436.766663519923
STARLINK-37170,68614,2289.5928357119237,-215.90130051991267,6436.40643220601
STARLINK-37176,68615,-6524.163300705609,-1678.5509608620707,-1218.5324824201246
STARLINK-37152,68616,525.2122194471102,-756.936320293249,6771.848297129606
STARLINK-37186,68617,1153.3729715133227,1210.3390434716148,-6644.000669008791
STARLINK-37179,68618,-2953.597160325641,-1626.326056009263,5947.021965046481
STARLINK-37226,68619,6069.86250379152,1321.9848125618137,2866.5339619263464
STARLINK-37211,68620,-6018.427083913915,-1298.0082634190253,-3002.3556678673267
STARLINK-37269,68621,6570.178552434384,1890.435301275635,-349.46811272510297
STARLINK-37252,68622,6296.262293003654,2005.9909454499345,-1792.7934340894908
STARLINK-37284,68623,4175.215953434582,1852.518869424181,-5105.928261213529
STARLINK-37231,68624,5171.3259223824825,866.4773482500332,4390.806787597237
STARLINK-37249,68625,-5391.241033140833,-2013.7210985481245,3698.8349525167364
STARLINK-37285,68626,-1828.7060639952904,330.6459150655882,-6545.731703605968
STARLINK-37195,68662,3714.9592909394128,4695.492347128748,-3326.189947702529
STARLINK-37222,68663,4637.325984374616,5032.356109462303,174.04711479648162
STARLINK-37153,68664,4341.958156791404,5048.675484974773,-1596.0309836723932
STARLINK-37171,68665,4610.0444936220365,4657.767945926129,1969.5740783558376
STARLINK-37109,68666,4220.537802195426,3898.909835571964,3710.844260811826
STARLINK-36295,68667,3695.391218807769,3107.9423400258383,4842.307679700139
STARLINK-37221,68668,-4445.867246917087,-5083.2898204083,1115.8427594074556
STARLINK-37302,68669,1691.7196121071613,580.7152451926257,6596.789378572291
STARLINK-37298,68670,2682.174281749811,1772.1658123039701,6032.420422254332
STARLINK-37224,68671,440.5149367553663,-821.155363977654,6770.770960335278
STARLINK-37296,68672,-843.0245541678061,-2159.9327614802482,6430.068647258646
STARLINK-37316,68673,-1996.5885023094515,-3274.8288907001656,5659.98115372564
STARLINK-36672,68674,-3017.969171703754,-4169.910168187518,4502.984870039064
STARLINK-36669,68675,-3748.6364122822065,-4725.756443102196,3229.4409412174464
STARLINK-37312,68676,-3546.171808795512,-2906.107262114882,-5090.74823985971
STARLINK-36168,68677,-4659.224153323027,-4967.549382796042,-706.1688297727188
STARLINK-37122,68678,-4569.461367141414,-4569.209363064849,-2269.5711168203893
STARLINK-37310,68679,-4255.075823188407,-3965.1397312137824,-3619.278528770642
STARLINK-37306,68680,-1554.5910132835133,-421.3863959260426,-6659.167191770078
STARLINK-37307,68681,-2540.549983423173,-1598.6151183856505,-6158.589790999073
STARLINK-37300,68682,3084.5819399282877,4236.14037610936,-4410.925845326008
STARLINK-37304,68683,1897.5982265462487,3191.8788427860636,-5756.9802720226
STARLINK-37287,68684,736.764870168265,2059.6314056808,-6492.661988463064
STARLINK-36278,68685,,,
STARLINK-37213,68686,-630.4839111013189,617.9666961238537,-6794.649823636103
STARLINK-37358,68699,-1153.2298200886817,-6592.335280920061,1410.5864622726408
STARLINK-37334,68700,-841.9861103929331,-6547.443042681446,1784.1635845308854
STARLINK-36955,68701,391.85905160070797,-6066.760658256717,3126.9108355384183
STARLINK-36275,68702,1471.5136725743807,-5245.475005786157,4125.3030097941355
STARLINK-36271,68703,2097.2346484873046,-4576.245378977223,4621.534403821799
STARLINK-37356,68704,2884.3481567655094,-3472.0066420607677,5128.83270126647
STARLINK-35369,68705,4389.912809869192,732.2021380280997,5179.968329899718
STARLINK-37319,68706,4480.011735526054,1696.0018885392465,4871.891052048878
STARLINK-37112,68707,4049.2700967155793,-833.49438523698,5438.7496837191575
STARLINK-37340,68708,4346.820897530568,444.12674043584866,5251.943893362718
STARLINK-37303,68709,4455.585115496641,2827.4150906030477,4342.000580615389
STARLINK-36859,68710,4271.560600899819,3905.630626743917,3636.143704345619
STARLINK-37320,68711,4217.342055052964,4103.8000751976515,3480.413131482478
STARLINK-37318,68712,3183.825715839996,5888.284712675921,1395.5821310218994
STARLINK-37305,68713,2444.8337066372947,6382.691996887917,247.59749809040122
STARLINK-37225,68714,1894.6356969983183,6553.097612570651,-517.3981087077946
STARLINK-37322,68715,786.4115407506625,6525.76792464937,-1898.6253876679325
STARLINK-36337,68716,-102.35543681575801,6209.945738502655,-2871.8596931220018
STARLINK-36685,68717,-1075.058897688577,5578.71002250403,-3814.651972043015
STARLINK-36684,68718,-2466.5150492881758,4090.490236217981,-4899.7998911664135
STARLINK-36686,68719,-3200.763877349183,2919.677403419512,-5299.583431735751
STARLINK-36681,68720,-4413.86628162397,-769.0128731598771,-5175.592912750543
STARLINK-36680,68721,-3745.568354229178,1742.3204070190618,-5458.188600755137
STARLINK-37271,68722,-4177.878755492732,412.23780274437496,-5406.778055486428
STARLINK-37273,68723,-2521.5208528084722,4016.6991367404858,-4935.239292463722
STARLINK-37274,68724,-4509.9518146237015,-2225.8874430763613,-4643.317311213102
STARLINK-37275,68725,-2567.371142789312,-6327.81749328402,-372.03996021492816
STARLINK-37272,68726,-4373.445571372628,-3566.728317590981,-3871.6580707751236
STARLINK-37270,68727,-3496.4405764361836,-5574.644816287556,-1874.018261558377
STARLINK-37242,68728,-4831.373704881914,-3454.073222352903,-3413.537481165347
STARLINK-37264,68729,-1053.8561179164888,-1967.095604083174,6460.252800231967
STARLINK-37230,68730,-353.3821967900042,850.9017586872003,-6788.762592381597
STARLINK-37202,68731,565.5379434587488,-671.9169525223242,6777.623381488234
STARLINK-37167,68732,2125.6272108433964,680.1164601469553,6460.70767394816
STARLINK-37278,68733,3048.6242061433472,1551.1104923459611,5918.419243088326
STARLINK-37349,68734,4853.3476176647255,4395.183393032262,-2005.5824426002598
STARLINK-37339,68735,5269.533255414351,4359.706657840467,271.94283987613323
STARLINK-37327,68736,-3187.582483899138,-3489.2583320430917,4943.012091894036
STARLINK-37348,68737,-5261.060075220004,-4381.468101968349,-28.196395921535007
STARLINK-37331,68738,-5001.453399187232,-4422.962150302566,1506.0796829532533
STARLINK-37338,68739,-5253.876560836413,-4126.06510142272,-1509.8772070388914
STARLINK-37314,68740,-2914.928568542508,-1413.8265070590828,-6036.470992680254
STARLINK-36314,68741,-2110.84898279251,-2751.9747355170516,5891.61384303545
STARLINK-37351,68742,-4248.684761625193,-2767.007270351084,-4607.60045378183
STARLINK-37354,68743,4915.904145380023,3582.5150419765837,3130.899293228855
STARLINK-37344,68744,1148.412804513832,2045.599811535421,-6436.33920578731
STARLINK-37267,68745,4130.864260065233,2651.1292398623505,4760.979536244347
STARLINK-37347,68746,-1796.2329707425024,-385.2446406444609,-6600.223464605709
STARLINK-37268,68747,5244.572841484881,4130.665152431104,1505.7661726675506
STARLINK-37325,68748,-4411.376093871528,-4201.530259622275,3114.0978281365183
STARLINK-37324,68749,4109.539110583726,4056.4025004160585,-3684.361065106909
STARLINK-37350,68750,2703.7928868676195,1151.428456402481,6171.776420624194
STARLINK-37277,68751,2387.1174597525883,2956.312736002346,-5698.988895011783
STARLINK-37342,68752,3432.4828649572196,3655.4954825487844,-4666.490745360166
STARLINK-37168,68766,-3750.2425271920106,-1629.1217805453516,5477.911525490447
STARLINK-37174,68767,-2868.1887372783112,-943.247810433612,6133.08162148452
STARLINK-37279,68768,-105.79559606384264,952.8396341485463,6766.827474778681
STARLINK-36379,68769,-1816.9465513708342,-189.91043553176038,6585.674859247601
STARLINK-37417,68770,2814.90816985453,2685.8351784369397,5621.546750838903
STARLINK-36759,68771,1136.2489277049917,1725.4520780607122,6515.774823788346
STARLINK-37399,68772,3989.567342788238,3280.1143286091824,4484.173317513745
STARLINK-37281,68773,4996.410566548097,3693.503478012163,2863.625952593482
STARLINK-37381,68774,5520.518038040482,3809.6212239226884,1360.0472931014174
STARLINK-37418,68775,5748.775668542699,3702.8218785578492,-333.8838085574534
STARLINK-37393,68776,5128.0202867829485,2811.519849751172,-3565.4119967094393
STARLINK-37400,68777,3259.130189185648,1238.8629433964772,-5897.656380436053
STARLINK-37389,68778,5633.580397116424,3390.4392566917113,-1914.487599420722
STARLINK-37391,68779,4296.581687698864,2063.9510759685154,-4920.682446113074
STARLINK-37266,68780,2093.307894104461,384.2965195873883,-6512.6127209273545
STARLINK-37236,68781,373.78165139643255,-782.409808532586,-6795.026481522915
STARLINK-37390,68782,-1172.8095824184418,-1751.5274347334603,-6518.474244805493
STARLINK-37364,68783,-3879.3372089529234,-3237.416634687837,-4624.836689016978
STARLINK-37401,68784,-2483.356139599711,-2511.6868282459805,-5870.058030649814
STARLINK-37335,68785,-5636.336020698651,-3411.964112542234,1849.5338618660842
STARLINK-37404,68786,-5458.978141921007,-3814.6018500726814,-1592.644877839437
STARLINK-37292,68787,-5115.171527658424,-2811.507604989737,3568.2636633612487
STARLINK-37403,68788,-5726.978704970073,-3750.4180989128226,-0.27967480265270284
STARLINK-37413,68789,-4877.848068676302,-3663.2405819432297,-3112.9027512193375
STARLINK-37313,68790,-902.2772376316337,413.8620528660711,6713.862917927558
STARLINK-37471,68802,,,
STARLINK-37460,68803,881.8657551285705,1298.4130550486348,-6567.766638874
STARLINK-37473,68804,-1915.6523941372905,93.15720963824818,-6565.574250268236
STARLINK-36832,68805,-4598.743791838466,-1300.1781452920163,-4908.043526026245
STARLINK-37370,68806,-2106.8560074487314,-6.6255820725967265,-6482.554270962152
STARLINK-37366,68807,-1757.6475341221258,157.921404789311,-6570.715172468355
STARLINK-37446,68808,-199.94163060315404,862.3113647341316,-6751.751320051414
STARLINK-37405,68809,-454.15010004929485,-1139.0325262476367,6695.168627817764
STARLINK-37447,68810,-6150.194334316648,-2827.696185487155,1409.7676296770553
STARLINK-37442,68811,4322.211610519681,2530.1010605465503,-4672.79416992216
STARLINK-37431,68812,4302.096099166324,1140.565692610636,5175.547835047936
STARLINK-37426,68813,5175.9364603065915,2742.9742610289927,-3549.6058026122905
STARLINK-37459,68814,3435.182792796583,668.2868769402278,5859.6933495973435
STARLINK-37425,68815,6175.5712666767095,2448.8749787656566,1643.7360618682878
STARLINK-37315,68816,-3187.102528097726,-2160.901224629462,5657.951852424284
STARLINK-37444,68817,-1849.8167623601337,-1696.5030001583652,6346.103859646684
STARLINK-37450,68818,4665.192690238483,1348.9730289006343,4814.132445548132
STARLINK-37409,68819,,,
STARLINK-37470,68820,-1326.7854758167105,-1495.8980591979507,6536.026964039353
STARLINK-37421,68821,3204.6237974624696,2159.7319364781865,-5593.273243557546
STARLINK-37462,68822,-42.7655397444211,-969.5667841229723,6764.5716626654985
STARLINK-37410,68823,-5537.769742762203,-1945.9961207446377,-3435.287188906009
STARLINK-37443,68824,-4560.354804528444,-2600.519224273819,4382.958382943586
STARLINK-37015,68825,-5349.40015392962,-2782.442635459639,3231.9301751326752
STARLINK-37475,68839,5622.470920408917,1535.4025447433055,3582.425121038113
STARLINK-37452,68840,6359.766683651401,1478.28202077714,2050.685468753423
STARLINK-37495,68841,6708.8608886667835,1322.8886203150412,334.98016260197215
STARLINK-37524,68842,6558.001066169705,1033.3988707827657,-1678.8485002326945
STARLINK-37219,68843,-6522.759771238175,-1556.380763843916,-374.9556735511886
STARLINK-37538,68844,6028.755611923406,740.02635170724,-3166.3354068669296
STARLINK-37539,68845,3950.5364512625065,28.878961490894003,-5597.898704415583
STARLINK-37547,68846,5054.794499088607,367.7155169829877,-4608.763131417463
STARLINK-37465,68847,2144.8908397832733,-432.18902511250997,-6492.194983771461
STARLINK-37373,68848,537.615999463444,-777.6134494127408,-6786.299263091052
STARLINK-37492,68849,-1459.178578429142,-1135.2739752235368,-6596.703028660254
STARLINK-37482,68850,-5057.652216594509,-1535.1578808859065,-4355.34399534983
STARLINK-37382,68851,-3173.2166476560283,-1375.410564844956,-5913.284112619675
STARLINK-37423,68852,-6426.090383266529,-1473.595755103981,-1850.140857136259
STARLINK-37476,68853,-5561.294194431289,-1545.5611005272672,-3688.5819434837845
STARLINK-37463,68854,-6707.696803133436,-1330.462917905446,-326.6459708717516
STARLINK-37467,68855,-6609.117176405867,-1087.3089597738315,1407.337628613569
STARLINK-37483,68856,-6084.738184811424,-776.8421366837894,3029.468685235293
STARLINK-37468,68857,-5004.928945792494,-359.75499911996405,4646.912578434658
STARLINK-37441,68858,-3732.234497677068,24.996327277856665,5728.108026845984
STARLINK-37488,68859,-2117.3183529630205,433.70945291112304,6484.838294769605
STARLINK-37388,68860,1387.4639663758078,1123.662969388264,6597.857020946284
STARLINK-37479,68861,4405.369083280001,1500.888025116096,5010.705705917603
STARLINK-37453,68862,-382.6984110515145,805.5919230374969,6776.339189511024
STARLINK-37430,68863,2966.987762338263,1352.1986382582236,6008.797288185487
STARLINK-37527,68895,1825.301895686921,1230.9508682278076,-6487.772279480484
STARLINK-37432,68896,-1907.4716533175258,-1245.2653718515598,6444.619178975175
STARLINK-37534,68897,-6419.308615029123,-1069.160431500047,-2135.1220006684034
STARLINK-37386,68898,6485.74281917374,1107.582696619755,1880.9074557657466
STARLINK-37514,68899,5912.2382455837105,1632.2990247638138,-3047.0319574419545
STARLINK-36961,68900,2846.8747473923513,-219.17079116872537,6209.598012472873
STARLINK-37360,68901,-3218.7449098768884,115.8059414555811,-6046.757991602446
STARLINK-37564,68902,-6062.397428222947,-1629.5443453024677,2720.7248427805807
STARLINK-37567,68903,5651.036632410627,683.388720276833,3791.8866406540824
STARLINK-37528,68904,-6576.165269163845,-1528.8549847161441,1126.9699784901434
STARLINK-37494,68905,1624.198614460989,-528.4519159235547,6618.011988320879
STARLINK-37541,68906,3372.342779980214,1460.7111688396149,-5782.33227848961
STARLINK-37551,68907,4831.1518630506125,1607.65656423489,-4582.415148925154
STARLINK-37566,68908,6572.622105853936,1524.6075987594043,-1162.9568900442753
STARLINK-37544,68909,6702.9426506955,1366.5483737637248,247.39265955373062
STARLINK-37493,68910,4569.518263819887,289.11809181168906,5078.123088064484
STARLINK-37543,68911,-3445.157545416953,-1472.6247361833396,5719.133544931874
STARLINK-37477,68912,-6693.912720943308,-1430.3346312389276,183.44188444889065
STARLINK-37504,68913,-606.8077187652757,-1010.4131499876648,6731.425433652064
STARLINK-37540,68914,-4844.200642230977,-1613.279534590565,4550.94926986082
STARLINK-37516,68915,-1666.9826712742574,518.3867163944902,-6625.421599659002
STARLINK-37507,68916,-5719.450159923601,-717.4479035729343,-3701.467198014049
STARLINK-37542,68917,-4396.032942118278,-236.47473432332103,-5248.772805507505
STARLINK-37529,68918,354.593404933153,963.8267362028826,-6773.420415226341
STARLINK-37258,68951,4056.118696737403,1081.0827400608528,-5407.3899478401145
STARLINK-37308,68952,3215.591737636993,2572.572875763297,-5467.796663444399
STARLINK-37337,68953,3087.2483166348557,2763.0743444520676,-5451.324805038704
STARLINK-37301,68954,651.5628059032624,5243.448454367676,-4351.847963827318
STARLINK-36794,68955,2227.922718222541,3847.308273813228,-5207.378905707884
STARLINK-36760,68956,-410.0682891549539,5844.603508729189,-3538.319767077018
STARLINK-37047,68957,-2098.546933801182,6238.638930757988,-1861.9451659079425
STARLINK-36242,68958,-2360.560584811907,6232.440190094999,-1552.0437161751468
STARLINK-37033,68959,-3391.553371237508,5938.649792848907,-161.33755674611712
STARLINK-36978,68960,-4887.970010193505,3520.7940948805317,3227.143788477781
STARLINK-36965,68961,-4443.507373239789,4885.029093914995,1778.5468741016523
STARLINK-36765,68962,-4521.720510453727,4737.437737869647,1972.5873981162513
STARLINK-36764,68963,-4820.737247366127,3888.5083238006137,2900.4353759668384
STARLINK-36731,68964,-4912.2602906382635,1955.2042072769489,4331.24121924909
STARLINK-36664,68965,-4689.185977235475,720.4735310833544,4918.160353286288
STARLINK-36402,68966,-4120.363029003063,-908.644022817518,5373.26066472437
STARLINK-36671,68967,4845.499600107681,-3713.643344400303,-3098.1846552753364
STARLINK-36665,68968,-2834.286137505276,-3105.8733554991823,5385.162780455073
STARLINK-36303,68969,4936.235659130303,-2905.576858538401,-3750.8400543415055
STARLINK-37257,68970,1022.5543823129824,-6079.446328869198,2944.7158464392155
STARLINK-37367,68971,25.057166061107743,-5666.9411588383355,3820.6005049896603
STARLINK-37259,68972,3136.296846307469,-6055.822778511412,479.29857209762315
STARLINK-37387,68973,4456.486881665748,50.9274760280108,-5193.837317739703
STARLINK-37362,68974,4129.315560216257,-5323.4549765801885,-1171.2939073512482
STARLINK-36667,68975,2998.79644054062,-6109.478235739981,673.0523560666414
STARLINK-36735,68976,3575.304571507779,-5828.881815863281,-187.04405075287977
STARLINK-37371,68977,4340.147230983452,-5037.452742673607,-1612.6250364688394
STARLINK-37293,68978,4641.26971401775,-4434.663485665896,-2370.640399202212
STARLINK-36248,68979,4881.8420336766,-3492.145103378347,-3287.9108340683993
STARLINK-37592,69025,-5313.614831052171,-2696.7880728682353,-3379.9966292188556
STARLINK-37637,69026,5169.70327052058,2575.71465713385,3665.0346511226403
STARLINK-37548,69027,2921.577749259564,2614.547624839459,-5617.571737098767
STARLINK-37634,69028,-2705.900171218446,-2510.58794070142,5755.4369294045455
STARLINK-37635,69029,-1730.9948539986926,-44.551876433859405,-6629.471449380528
STARLINK-37615,69030,5720.2338751598045,3616.5958751705048,-1031.4367539029054
STARLINK-37240,69031,1537.7221555510598,-74.65448521667457,6658.745123547407
STARLINK-37596,69032,745.8672772184686,1459.2663124427033,-6640.24220355109
STARLINK-37591,69033,4024.890945133837,3125.1798381616427,-4577.869913852163
STARLINK-37611,69034,-72.50412912876257,980.1816971235382,-6781.025212474443
STARLINK-37512,69035,-4385.81054714343,-3279.349122646936,4097.358073185744
STARLINK-37609,69036,3896.13350701196,1543.3378786901121,5400.835928357768
STARLINK-37608,69037,66.23487187177454,-981.8932428912361,6762.995691583528
STARLINK-37466,69038,3555.1373810857353,2926.9764796531535,-5054.882427297679
STARLINK-37612,69039,-2993.646690876369,-887.1721096641934,-6098.784615486551
STARLINK-37616,69040,-4191.913667887719,-1757.015892614776,-5126.524784933155
STARLINK-37614,69041,1739.9408509321634,2005.2493855045973,-6314.818044960631
STARLINK-37644,69042,5869.626298802639,3512.849375519639,256.82101474990117
STARLINK-37571,69043,5037.927008349278,3506.047991679606,-3039.2358260672822
STARLINK-37664,69044,5557.34857642952,2959.7404983289443,2674.673676008984
STARLINK-37667,69045,3061.220617560058,941.769319990646,6038.83586108909
STARLINK-37666,69046,-5006.558574678699,-3502.7152900648334,3079.3675674261062
STARLINK-37576,69047,4338.351260448245,1848.059402737074,5022.736306857305
STARLINK-37663,69048,-1269.335787684782,-1749.5582094098872,6484.799709765851
STARLINK-37726,69124,-1585.8591045652722,510.1390122220752,-6597.348739958265
STARLINK-37722,69125,1218.8856405854144,1148.289537651137,-6594.426154398331
STARLINK-37715,69126,113.7114336467522,-867.110600053773,6779.989759043996
STARLINK-37706,69127,-1642.4609082202464,-1228.5341658795408,6522.0577294737
STARLINK-37723,69128,-3386.0792903486213,-1519.0948259282802,5743.975032980476
STARLINK-37720,69129,4298.411569803423,1634.4553769023942,-5012.872803778337
STARLINK-37533,69130,-6540.218614282668,-1632.9194259203696,1193.5252851297073
STARLINK-37530,69131,-6681.749645893987,-1463.7544122162965,-338.19258091601387
STARLINK-37660,69132,-3832.1810905489333,-1548.2942863141986,5343.060310467691
STARLINK-37633,69133,,,
STARLINK-37361,69134,-4575.301610828792,-364.3187980797561,-5088.136336579193
STARLINK-37372,69135,,,
STARLINK-37531,69136,-1391.9940777261354,565.4870784861284,-6685.58118648677
STARLINK-37662,69137,2638.3047303078374,1374.8855906164472,-6021.8987584616025
STARLINK-37658,69138,-3401.033142202748,-2.1242388864039423,-5892.620726433199
STARLINK-37659,69139,-6450.577675761871,-1242.0397101642868,-1762.3211973147709
STARLINK-37653,69140,-6620.696389500964,-1435.183904332275,-587.07646204962
STARLINK-37654,69141,2060.7938160884573,-376.11034210725006,6455.153844298595
STARLINK-37655,69142,3560.3275213452744,42.64604330442738,5824.460901955313
STARLINK-37636,69143,6678.756693082569,1486.9701242625017,228.36772749209243
STARLINK-37638,69144,6469.122681991832,1223.5797048183947,1871.3187339252936
STARLINK-37657,69145,3203.0566435082646,-51.249240580527776,5985.5553197741865
STARLINK-37639,69146,4899.825071700777,489.11575107596394,4747.611745558901
STARLINK-37661,69147,3718.8905707179156,1574.6991950981892,-5474.753840471201
STARLINK-37395,69148,-3255.798452356986,5805.829950590553,1381.7235690452253
STARLINK-37346,69149,4487.752339337739,-1459.4755817904077,-4899.45124268998
STARLINK-37332,69150,-3961.7246982899565,-984.7541079919891,5424.566223808891
STARLINK-37297,69151,-2947.4385468718233,-2935.067282513365,5128.560251075152
STARLINK-37317,69152,-3812.7066879860695,4770.095701648061,2440.7749986945564
STARLINK-37374,69153,-3246.9948552675155,5858.207097852704,1141.2699396366654
STARLINK-37235,69154,4203.648897344539,225.468398780661,-5340.200492862253
STARLINK-37329,69155,-4352.272950189852,1812.3946662663072,4549.483898927576
STARLINK-37345,69156,3772.220009279759,-4753.210409279829,-2409.8905126888076
STARLINK-37353,69157,3822.020616092841,-4662.698898938037,-2521.4679221578044
STARLINK-37363,69158,1903.9518888853322,-6228.702698769188,634.51326585321
STARLINK-37343,69159,-3873.5103045526016,5075.538204552427,2313.378315267735
STARLINK-37328,69160,-4105.392631777816,1006.5226842609211,4634.573586205535
STARLINK-37311,69161,-2435.8351617074018,6021.947183849206,159.0125362938369
STARLINK-36286,69162,1645.6240301275325,4676.11144476717,-4402.153274083229
STARLINK-37196,69163,4059.8159092329497,383.8085754850491,-5329.021175472556
STARLINK-36288,69164,-315.4560879594659,6085.260809220358,-2652.2163476499863
STARLINK-37445,69165,-58.94966108789442,-5924.930361356535,3066.8871881997343
STARLINK-37491,69166,-4119.65119532067,3954.5705715690096,3204.558952163112
STARLINK-37474,69167,-1028.232327010564,6471.881763187904,-1388.8616353075643
STARLINK-37469,69168,2894.914690177438,3248.418155430916,-5223.2323479124125
STARLINK-37515,69169,1413.2313613923807,-6303.1541851924285,1361.5303740713935
STARLINK-37437,69170,-4341.122604266042,2747.2622309059716,4083.723252236146
STARLINK-37392,69171,-3732.052694607401,5210.163941423021,2270.7714734459178
STARLINK-37472,69172,-4087.0208836699157,4567.967798061402,2930.959290786462
STARLINK-37461,69173,232.1823487331832,5963.991956089096,-3256.407086644941
STARLINK-37333,69174,-1825.8650285640124,6306.521187321728,-894.2521759967009
STARLINK-37385,69175,-3458.8099608772645,5646.813200306444,1511.4530619417158
STARLINK-37414,69176,-1084.4256524743416,-5201.09277292096,3929.7595707628907
STARLINK-37380,69182,2590.623521536868,3233.462267899034,-5276.736466973326
STARLINK-37089,69183,3321.377084705372,2815.834288838992,-5106.469321754124
STARLINK-37428,69184,2477.353663644515,3293.3604027587744,-5297.184911163424
STARLINK-37237,69185,1314.0809601854282,3802.4695434314413,-5372.850498215644
STARLINK-37365,69186,870.9868146770222,3955.837027052174,-5350.762282367333
STARLINK-37209,69187,270.5453300012096,4132.014302460267,-5281.139924159261
STARLINK-37359,69188,2771.4363374746836,3141.1912096050396,-5248.654084193716
STARLINK-37440,69189,5916.675827443702,-3088.900776854491,1052.800148350954
STARLINK-37282,69190,-6406.790079949876,1178.9979210257213,1394.2366816873875
STARLINK-37422,69191,5724.852315575885,482.54186131832415,-3429.2559721404737
STARLINK-37424,69192,5427.444910914873,999.3490761937259,-3846.630401854853
STARLINK-36666,69193,5232.8133433954,-3671.478837402051,1986.9758436028908
STARLINK-37355,69194,5391.812530436181,-3554.7606107475503,1762.7449399071993
STARLINK-37166,69195,5485.064407303555,-3480.3034631039714,1623.688431948714
STARLINK-36933,69196,4045.2247874787954,2267.0245249722007,-4817.537943787079
STARLINK-37419,69197,6293.105619089195,-2267.952998437542,-286.5235578807131
STARLINK-37321,69198,5649.126214968161,-3331.3220389883813,1356.8611515081832
STARLINK-37406,69199,6275.116010759082,-2331.2306136622287,-198.98272133768978
STARLINK-37761,69200,6298.890286052346,-2256.7254207123565,-303.8081054077968
STARLINK-37754,69201,6063.51378868849,-2805.285738477513,495.8377797090857
STARLINK-37649,69202,6338.042623541109,-956.2021098106361,-1943.4764875922913
STARLINK-37604,69203,6294.975965549025,-2276.6670070305204,-277.30614901969585
STARLINK-37669,69204,6364.8666831587425,-1978.4352344947072,-683.6621316883751
STARLINK-37691,69205,-6334.968956990237,2183.2946018738685,356.09524305292666
STARLINK-37671,69206,-4157.736306783999,-2203.4056355964244,4769.855136754852
STARLINK-37647,69207,5972.4974458828865,62.98530887630867,-3032.0110304205423
STARLINK-37562,69208,-6257.879405439104,2438.60941484092,-0.5910549788891307
STARLINK-37682,69209,5650.470809319405,607.4530680868875,-3550.7167521132637
STARLINK-37402,69210,6031.378590137825,-48.8643265749468,-2922.5919735873726
STARLINK-37613,69211,1194.095763845362,1153.03991193811,6581.129715964588
STARLINK-37713,69212,-5988.861201997559,-1075.0443521801396,3024.6682406063637
STARLINK-37716,69213,6148.078122940187,1813.5134429779405,2259.60860337728
STARLINK-37620,69214,-6514.73084027199,-1405.7454577043018,1340.175472762847
STARLINK-37700,69215,6384.67387808204,1742.2184443891254,1547.6786353672612
STARLINK-37766,69216,,,
STARLINK-37763,69217,5484.716778403328,1821.4521816099048,3573.0184872595514
STARLINK-37724,69218,,,
STARLINK-37758,69219,,,
STARLINK-37201,69220,,,
STARLINK-37728,69221,,,
STARLINK-37760,69222,,,
STARLINK-37759,69223,6077.671074036615,1819.2369578368082,2436.1058161729247
STARLINK-37725,69224,6472.266713280219,1745.8832656414309,1129.2224967646316
STARLINK-37770,69225,,,
STARLINK-37736,69226,,,
STARLINK-37737,69227,,,
STARLINK-37618,69228,5562.594297789248,1824.5103497869868,3449.73934118188
STARLINK-37679,69229,6300.079364647548,1792.891221211999,1815.6247762983346
STARLINK-37746,69230,2537.805662183552,1430.636311881874,6133.374984840389
STARLINK-37557,69231,-6173.8768266699035,-1804.6153608930965,-2210.070904806669
STARLINK-37745,69232,,,
STARLINK-37739,69233,1916.654564516764,1308.8435011784773,6380.11206474
STARLINK-37755,69234,4851.449526879916,635.1258169595952,-4611.966292540146
STARLINK-37665,69238,5020.8418403347405,3730.42223991971,-2403.0541613633086
STARLINK-37558,69239,3004.4691739275004,4358.643235635782,-4105.457162038487
STARLINK-37680,69240,3610.475624515629,4258.810370421475,-3706.071170173359
STARLINK-37742,69241,-1345.5079880990359,3789.6022710550887,-5353.869938535149
STARLINK-37718,69242,-3241.079336756725,2899.8912956258287,-5088.547774255485
STARLINK-37735,69243,1093.6797789921898,4359.510618247292,-4970.404880775847
STARLINK-37757,69244,-1081.3478882123002,3883.2187393640384,-5352.582445038674
STARLINK-37767,69245,-3246.1418214776595,2902.2217242808065,-5093.169425910073
STARLINK-35759,69246,-4198.615966506618,2255.7473466172746,-4708.099268276634
STARLINK-37238,69247,-6118.968474110782,-8.283187668763391,-2720.5931538166296
STARLINK-37412,69248,-6095.793398735133,49.03007806794929,-2781.8034188235197
STARLINK-37398,69249,-3810.06831686693,2540.4538924358826,-4891.890454827023
STARLINK-37499,69250,-6433.6542281718075,-1714.8701429970592,-712.8120950646132
STARLINK-37489,69251,-4860.030965412152,1697.6550826346906,-4302.342541133438
STARLINK-37434,69252,-6170.377132856594,-2560.879854460588,470.3418099627875
STARLINK-37368,69253,-1829.9136924028567,-4388.7326895474,4702.416318369453
STARLINK-37517,69254,2720.8232695335496,-3187.3078744937598,5202.857805245081
STARLINK-37378,69255,639.6712792653537,-4004.9645779543744,5312.9473199558815
STARLINK-37396,69256,-56.184101536407425,-4177.338575453983,5222.29994377961
STARLINK-37508,69257,-4898.746731685502,-3774.6241463159504,2565.737018881789
STARLINK-37276,69258,6430.209214857759,1804.8033703163255,539.2329573296731
STARLINK-37518,69259,5529.74099419461,3330.9034681767034,-1780.1490855262896
STARLINK-37478,69260,6455.771660810603,1168.2782634725063,1353.9217868277292
STARLINK-37506,69261,6445.279489193235,1691.122500292076,689.2955997545414
STARLINK-37503,69262,5981.510115623265,2852.024311947352,-978.4763379998495
STARLINK-37502,69263,6460.413605444458,1534.5777494669735,893.4028665925172
STARLINK-37486,69264,6451.247333296478,1657.9247097695509,733.5678815786639
STARLINK-37435,69265,6464.694816094856,1391.090782492652,1076.1673025040918
STARLINK-37464,69266,3654.815260282798,4214.437180504604,-3715.646072764148
STARLINK-37501,69296,,,
STARLINK-37496,69297,,,
STARLINK-37519,69298,,,
STARLINK-37455,69299,,,
STARLINK-37456,69300,,,
STARLINK-37630,69301,-6047.644146010296,-2122.3446505812294,2326.9630103999957
STARLINK-37804,69302,-5654.9908856871525,-2676.9622008832034,-2666.353164014708
STARLINK-37730,69303,,,
STARLINK-37731,69304,-5311.23146195525,-2628.2441968017447,-3337.8751791882582
STARLINK-37734,69305,6091.431801685408,2243.428768637453,-1996.7126673926225
STARLINK-37701,69306,,,
STARLINK-37732,69307,-3911.176243318362,-891.328391022094,5414.375490259012
STARLINK-37689,69308,-6125.640292894901,-2675.1139778200804,-1246.8819606284794
STARLINK-37619,69309,,,
STARLINK-37794,69310,,,
STARLINK-37795,69311,-6087.840615447116,-2207.8075794167885,2058.766545261006
STARLINK-37790,69312,,,
STARLINK-37676,69313,-3342.8749338238194,-596.3286723407342,5819.995029229338
STARLINK-37617,69314,,,
STARLINK-37627,69315,3783.7877497897034,2284.033560531463,5078.7686481585315
STARLINK-37738,69316,,,
STARLINK-37799,69317,-3624.9950585844563,-761.9512971280652,5574.332251878868
STARLINK-37802,69318,,,
STARLINK-37803,69319,,,
STARLINK-37733,69329,2248.603866027602,225.62206178461514,-6308.244401518288
STARLINK-37772,69330,-241.58933234979972,-1056.6289370249654,-6613.723884178938
STARLINK-37768,69331,3281.305433450689,790.8477720826851,-5849.598783126094
STARLINK-37833,69332,-658.9510144014314,-1255.6466535979523,-6552.142852582681
STARLINK-37818,69333,-1426.0362216561273,-1608.5020211033793,-6346.956872584321
STARLINK-37868,69334,5914.067798763365,2697.020210026562,-1711.6532935705438
STARLINK-37877,69335,,,
STARLINK-37791,69336,1857.7847547776128,10.672567502415198,-6453.380085387932
STARLINK-37765,69337,3137.502666570733,726.0237003971613,-5895.768044408867
STARLINK-37788,69338,,,
STARLINK-37743,69339,-3312.0810430681076,-2401.738155564399,-5311.717501353132
STARLINK-37780,69340,5780.814155950859,2547.885641775379,-2298.4138115813807
STARLINK-37781,69341,,,
STARLINK-37782,69342,1742.2557608113157,-52.64067547790294,-6493.531750462747
STARLINK-37776,69343,-3494.516849596002,-2473.3663292333586,-5172.63721266251
STARLINK-37786,69344,,,
STARLINK-37785,69345,-3560.491043486636,-2498.58590528773,-5118.743736793712
STARLINK-37773,69346,785.4753974318819,-551.5003835685095,-6654.8494729032445
STARLINK-37744,69347,,,
STARLINK-37775,69348,-5984.392350120372,-2844.1721113590265,989.5578098479973
STARLINK-37777,69349,-2872.603046444587,-2230.423934775465,-5647.189157172737
STARLINK-37779,69350,-3645.084385505299,-2529.9505322004193,-5042.436158078481
STARLINK-37549,69351,,,
STARLINK-37778,69352,,,
STARLINK-37651,69353,6335.363235803569,2204.071843697561,-154.24976760490446
STARLINK-37652,69354,6467.952101662617,1696.6428008611608,545.1822103503297
STARLINK-37593,69355,6364.337746497002,2123.9093469586733,-40.597920386556524
STARLINK-37597,69356,6010.81217167682,2795.754210090202,-1040.7590956159452
STARLINK-37598,69357,5164.672638901537,3568.3866671409546,-2374.0632405726283
STARLINK-37602,69358,-6393.686199881045,-2083.33393916826,-81.09155496857495
STARLINK-37600,69359,-4965.393646384114,-3713.9530149658535,2591.0989394576864
STARLINK-37599,69360,193.50875134533715,4198.918971930413,-5236.49967712294
STARLINK-37039,69361,2522.6990482550345,4342.671978727245,-4454.635705649392
STARLINK-37040,69362,-6127.43636126889,184.86514479048932,-2740.4392241597097
STARLINK-37582,69363,-3034.5941957270984,3023.643286730988,-5144.882630400546
STARLINK-37309,69364,-1625.1043727621948,-4334.126711817169,4840.960372803784
STARLINK-37436,69365,-2421.711058615195,-4327.7378740816985,4509.257944991929
STARLINK-37581,69366,-3706.4074730210573,-4140.12847708411,3748.085169171886
STARLINK-37683,69367,4340.970047155802,4003.720187535178,-3253.5749353235815
STARLINK-37687,69368,2606.1063639601593,-3286.9232495623196,5221.76716866975
STARLINK-37631,69369,1721.3483630634175,-3660.1199339910013,5339.226310672682
STARLINK-37673,69370,686.0825109946626,-3989.2857997845404,5339.22350069632
STARLINK-37645,69371,-1106.6915099768928,-4305.612178272178,5015.185893434726
STARLINK-37688,69372,595.9069269950915,-4013.282769858342,5333.242765898104
STARLINK-37685,69373,656.0639555289415,-3998.0147505034806,5338.167794085213
STARLINK-37632,69374,1630.4768103914148,-3695.0168025133535,5346.820134936181
STARLINK-37454,69375,2448.4360120129554,-3362.082366449786,5253.671258600727
STARLINK-37485,69376,2534.190197545974,-3322.969386932139,5238.48474785983
STARLINK-37439,69377,5950.558917798839,-519.5597793226821,3044.9765954708428
STARLINK-37376,69378,5245.257054749266,-1429.8329946608565,3921.030245226548
STARLINK-37383,69379,6419.713255727392,556.1517897782066,1862.6074562976808
STARLINK-37411,69380,5821.830876076456,-717.2368614454582,3245.027759118565
STARLINK-37427,69381,6187.439070979836,2489.305702459454,-694.402879114872
