Nom,ID,X,Y,Z
STARLINK-1008,44714,-629.8446517436545,6515.081138762382,1822.6984549150613
STARLINK-1012,44718,-1859.927940044793,5639.686954592786,3294.4535115554845
STARLINK-1017,44723,-4129.553153646596,-282.90811297323336,5443.359023866109
STARLINK-1020,44725,-3678.394167281076,5027.892506644486,2663.9016852435198
STARLINK-1036,44741,3258.1199690700387,5346.532498935314,-2494.3945743226814
STARLINK-1039,44744,5246.580606861146,-1466.5747311396956,-4175.571365595161
STARLINK-1042,44747,375.12262198619,-4152.730203778464,-5356.786583741431
STARLINK-1043,44748,1398.391710954659,6475.285707559041,-1344.1536384300823
STARLINK-1046,44751,-1386.697382773274,6559.252117931162,-1014.41035445891
STARLINK-1047,44752,-3304.535400905223,2418.702845346291,5467.221733046918
STARLINK-1048,44753,4808.4993878433415,3875.270650494333,-2718.53085790669
STARLINK-1063,44768,311.9701947550826,5242.856393744669,-4321.285327139589
STARLINK-1067,44771,2900.046755593827,-4611.461221410264,-3932.803946062694
STARLINK-1068,44772,-4529.47433300215,-3906.3558631521287,3051.3372668819843
STARLINK-1114,44927,4729.930633995867,4768.020157578501,-714.587947811721
STARLINK-1123,44930,2958.2697485677386,6059.884836661817,632.749070642165
STARLINK-1094,44941,-5550.65890673622,-1501.3456755458403,-3593.402219877279
STARLINK-1122,44949,-1499.6651623144803,4033.1774917740668,-5246.540302996748
STARLINK-1080,44961,6473.882560343415,1202.5698369641802,-1467.500016419274
STARLINK-1090,44968,428.18560649609674,4639.135402445135,-4949.8838147191855
STARLINK-1132,45044,3266.3477709491003,-4726.0243751057305,3585.8562200330825
STARLINK-1131,45047,-6607.801178064749,472.4461613364566,-1465.7725413795197
STARLINK-1134,45048,5274.215038711103,-856.5617565195997,-4164.431568994229
STARLINK-1156,45054,3603.1405074539134,3998.4630513004913,-4228.016192793087
STARLINK-1166,45060,5454.912453237275,1647.8434196383919,-3659.534347534726
STARLINK-1169,45061,3617.2765359955606,-3080.102715635501,4897.924539195206
STARLINK-1171,45062,-576.9923294034322,-4654.192838102674,4807.237792096231
STARLINK-1133,45064,-6254.649183754928,-759.4112478319844,2640.4333572025994
STARLINK-1167,45071,-3086.934481581698,-3260.240587474332,5137.390169748233
STARLINK-1168,45072,5045.578056648291,-3387.0286042697544,3129.7426881826586
STARLINK-1172,45074,-5064.099511056591,3475.335222589009,-2983.7607540474814
STARLINK-1153,45080,6210.982085970444,-2467.4887635761274,1420.731603928344
STARLINK-1151,45081,3343.677000698179,2221.278419088586,-5352.23092428776
STARLINK-1185,45087,114.33555507768777,4482.804198989536,-5126.03185562904
STARLINK-1183,45088,3844.2202294362082,2381.7518984264098,-5145.1058388101565
STARLINK-1152,45096,2600.7815666780416,3930.614136415396,-4905.94110194153
STARLINK-1184,45098,-1024.6605073448961,-4015.183693909509,5505.274584158993
STARLINK-1193,45100,-4796.9379829055615,2649.5698712265003,3914.1544316183476
STARLINK-1143,45179,-1373.4111088975149,-4672.373841801317,4549.8334860808845
STARLINK-1202,45183,-4925.95495129289,4641.909870949893,-987.5306713357577
STARLINK-1216,45185,698.3556405908037,-5499.083509076288,-4008.697929471425
STARLINK-1225,45187,1455.8702564561545,-5707.977788396336,-3476.8463451301013
STARLINK-1230,45189,-4094.4563895172732,-1369.9158390290636,-5306.602015202739
STARLINK-1234,45190,-2167.1505016878145,-4803.066206906822,4166.2516569489535
STARLINK-1269,45197,-2058.6557858195883,-3764.1603078945454,-5329.988620371719
STARLINK-1154,45198,-2793.7235985039747,4426.097953940918,-4276.5511858633
STARLINK-1199,45201,4057.247848117455,947.2256207813275,5414.103586628239
STARLINK-1209,45206,5250.614386254216,690.2028463893208,4178.828989619063
STARLINK-1231,45212,3083.3991782084886,-6036.451817733739,1042.3066848094584
STARLINK-1271,45217,3109.5843034389186,2882.490839707713,5356.195592112838
STARLINK-1191,45222,-3640.50277710111,-3433.6589762775648,-4645.451490578986
STARLINK-1212,45223,1225.1111114517853,-4779.166293637548,4587.55402553491
STARLINK-1215,45225,3951.247027018219,1997.5192800887298,5203.149955652747
STARLINK-1221,45227,5461.751022953142,-2943.556491041581,2803.8011189097683
STARLINK-1222,45228,2689.4724724314055,6110.948689328705,-1195.9903177385352
STARLINK-1226,45229,2768.7195469858584,5446.59037120824,3005.9720866716216
STARLINK-1227,45230,4111.877833179087,100.73326266981509,5420.964789627819
STARLINK-1246,45235,-4622.960954476766,-395.99531913092284,-5026.838131280847
STARLINK-1270,45237,-1321.4995840439024,4794.553639397552,-4578.407382781801
STARLINK-1279,45360,-6553.348689890492,1136.3301163311246,-943.850280229695
STARLINK-1301,45361,-1137.501857369271,4217.289850889354,5077.568015358826
STARLINK-1262,45366,-236.24864041005608,6436.885485928663,2294.542767958906
STARLINK-1273,45367,2546.3542658638435,-3262.442782914284,-5370.4050035779055
STARLINK-1277,45369,5568.380300978438,2552.3204409418895,-2848.9497021992893
STARLINK-1281,45370,2831.964678423089,5964.385547590078,-1792.073152488473
STARLINK-1300,45374,4264.778004199033,817.8587653826859,-5289.750639292055
STARLINK-1302,45375,515.3572166165382,4953.9088185511655,4532.95265017613
STARLINK-1304,45376,5356.486583530134,786.3992463251654,-4051.5398989850496
STARLINK-1305,45377,3259.200383964906,4383.91927311994,3926.12444642781
STARLINK-1319,45379,6547.762038510164,1480.3434132244893,98.68703420202391
STARLINK-1266,45383,2923.749263175479,-2976.3962328194075,-5308.631936882376
STARLINK-1267,45384,-1373.0310026350444,3809.5432270370216,5386.11594572939
STARLINK-1272,45386,2144.62825356705,3770.684238862977,5139.703765561917
STARLINK-1274,45387,-1907.7817041340084,3969.285326581116,5112.895318322318
STARLINK-1280,45388,-356.8107629100348,4009.3377508178964,5345.690842022477
STARLINK-1283,45389,6540.115804037024,657.0816316792785,1448.4096250278624
STARLINK-1284,45390,-2146.1840305282444,-4455.524329980506,-4582.289089466347
STARLINK-1297,45395,-4155.556480143335,2333.5814697422547,4753.601656285233
STARLINK-1307,45397,2266.889818025653,-3411.684856601891,-5402.477514610553
STARLINK-1255,45399,-2013.5380546090034,-3742.242844812057,-5249.236577736937
STARLINK-1260,45404,-5660.072011661522,-3710.452681608142,894.5749952328705
STARLINK-1263,45405,2633.0659570621538,-3138.4865873048243,-5482.798552437089
STARLINK-1265,45406,-2417.3722455615775,-5332.409005999703,-3522.8414414539316
STARLINK-1278,45408,6528.416114490542,1319.778143557069,-1035.6184253552174
STARLINK-1296,45412,5131.932557624795,4485.018319361909,409.5845731441846
STARLINK-1309,45414,-5070.202781471468,-3346.8621367729957,-2934.1242068070715
STARLINK-1316,45415,-5247.713236968723,-4361.842451505087,-197.19933621242012
STARLINK-1286,45417,-6271.104199605368,-833.5414093751111,2352.972472697427
STARLINK-1308,45419,1888.2199475012853,5410.648756871467,3546.0056350953473
STARLINK-1329,45531,-3178.624067209158,-2685.7623199355617,-5288.782440626574
STARLINK-1338,45532,5888.863779721457,-3263.9354014752653,-371.64255556974376
STARLINK-1350,45535,3566.185412198141,2047.9277817397035,5442.047161662474
STARLINK-1362,45538,1633.6083817864094,-3823.342154199787,-5425.26756454133
STARLINK-1368,45540,-5624.191133936046,-3001.2895360136276,-2456.312829950985
STARLINK-1371,45542,5903.205237631977,747.483126503911,3195.954186901237
STARLINK-1372,45543,-383.0311393603293,4083.0839490831413,5450.065939745785
STARLINK-1373,45544,1236.3894794506718,-4459.219317404301,-4902.372698792161
STARLINK-1327,45555,4690.448393714208,-4838.8003843677925,-263.73869148767636
STARLINK-1356,45564,-6044.383506693094,2875.6239520382273,-847.9186005408651
STARLINK-1357,45565,3504.9943511746974,2281.354793143574,5269.478094882899
STARLINK-1361,45567,-4885.964877126268,4428.9037028686735,1464.675889548573
STARLINK-1376,45570,-5527.170376131066,-1582.7025412831076,-3689.845714063411
STARLINK-1320,45572,-2994.1206912363627,2711.5656524512283,-5330.261315385531
STARLINK-1321,45573,-886.0476249700084,5451.147121486677,3877.7589636258854
STARLINK-1331,45578,4796.7444183250045,-4734.533744504509,-443.09451785219704
STARLINK-1333,45580,-2761.8844439648824,-3449.6192467025235,-5222.211013478267
STARLINK-1335,45581,-2990.3511670834146,4224.937600121248,4446.666739326966
STARLINK-1337,45582,-241.14484296155257,-5131.088769684002,-4344.723881813459
STARLINK-1347,45586,-3695.6990135665096,3813.071284514171,-4156.395846919451
STARLINK-1364,45589,-5497.262593226404,3216.7405795413774,-2205.2434120259004
STARLINK-1365,45590,6674.953840408452,-549.2085707612114,955.3705653332128
STARLINK-1443,45660,-6135.575150055398,50.01622579652173,-3043.09083130997
STARLINK-1446,45663,-1532.9876092481998,5728.219196214085,-3335.429937347471
STARLINK-1448,45665,4634.519453497604,-4403.365749543903,2127.5310935355888
STARLINK-1451,45668,5155.806408980518,-3366.7720768820236,-3125.133698421826
STARLINK-1452,45669,2625.7096930683356,4592.314295426917,4214.6756910484555
STARLINK-1453,45670,-1849.5078809172117,5506.0639099600085,-3423.263497889064
STARLINK-1454,45671,848.9287758650875,-5834.057742970157,-3282.6753316860454
STARLINK-1456,45673,1552.8086103922922,4615.436436859624,4661.4407726463405
STARLINK-1458,45675,-3551.368710843006,5553.30992931238,1545.754388605603
STARLINK-1460,45676,6401.637336196343,-1089.077962355357,2139.5079013486634
STARLINK-1392,45677,6071.248035131284,-3116.143442098992,-263.076170640793
STARLINK-1394,45679,3669.7887687140183,1819.326201703543,5355.4615777815025
STARLINK-1402,45685,-4174.050073273782,1380.909483269513,-5150.4066694034855
STARLINK-1404,45686,-4532.635809736586,5042.115380869881,610.4482129450855
STARLINK-1413,45689,-4543.376795262151,4951.0015191473685,1257.8620196723361
STARLINK-1417,45693,-6445.561651972099,1070.924928423998,-2196.295925475797
STARLINK-1420,45695,4045.908225657229,-775.0573042668053,5324.607924561145
STARLINK-1422,45696,-3089.3254668850486,5362.102259525255,2899.78226431528
STARLINK-1351,45697,-3906.568287159232,-1740.1570264616216,-5223.316682418023
STARLINK-1400,45700,-150.19720236702932,6733.138127168717,459.49806270602465
STARLINK-1403,45701,5075.566659207985,-1017.5933564004785,4464.584663155856
STARLINK-1407,45703,567.1567732467131,-4063.652014459596,5311.300346047331
STARLINK-1411,45706,-93.79144114348031,4659.884182580037,-4760.969247656793
STARLINK-1423,45710,-3733.3544386016197,-2634.1784369275356,-4961.508433704178
STARLINK-1433,45711,199.65198016850243,-6724.704440426748,401.59279638148723
STARLINK-1434,45712,-3648.257068145595,5437.976429520189,-1983.3538244683098
STARLINK-1465,45731,2885.267890891696,3120.3080008724255,-5237.930856463891
STARLINK-1471,45735,1814.3750045916195,5212.482861210547,3936.173865173299
STARLINK-1480,45741,2356.0337778491976,4178.714374766986,-4755.764360224174
STARLINK-1500,45744,122.46738034028729,6656.613307122151,-1520.5198140929629
STARLINK-1504,45746,-2671.7136675894676,3075.400902545863,5392.426363517256
STARLINK-1506,45747,3620.7146913911297,1956.9645930107588,-5492.782956262717
STARLINK-1464,45751,4013.6860646935315,686.9046207940331,-5432.632890830061
STARLINK-1477,45754,-3260.2525372877203,5720.388591749227,-2024.247595609529
STARLINK-1478,45755,-3332.774469007907,-4196.1903549636245,4075.0241931038395
STARLINK-1493,45759,3716.262168284666,2110.418109847908,-5233.472923547488
STARLINK-1494,45760,2003.7131691387112,-3439.5230272602444,-5231.160653434756
STARLINK-1502,45764,3594.1308444022925,2280.013655227357,-5255.638474380796
STARLINK-1470,45772,1631.2093949177463,6518.431453356937,-1268.0125353509939
STARLINK-1482,45773,-356.9970861329699,6720.862210986576,-1160.7487371172422
STARLINK-1496,45780,933.0727894807037,-5571.870830309974,-3680.2048501062727
STARLINK-1513,45786,2405.6194008877005,4581.168215646808,-4494.768761257762
STARLINK-1522,46027,5130.8925511989655,878.2028426293465,-4543.615077682497
STARLINK-1523,46028,-4008.0124252811343,-5180.876399621926,-2019.8154644520105
STARLINK-1526,46029,-2258.0080457271024,-5343.876069045684,-3657.538754573075
STARLINK-1555,46032,5348.065748175727,204.75623890454867,-4288.848377427742
STARLINK-1556,46033,2266.2742105769676,5337.6485807720765,3644.2819256705334
STARLINK-1557,46034,3797.255544179713,5238.780924551741,2252.4053307342397
STARLINK-1558,46035,5843.3222598787725,3229.387199186993,-1560.1757763741482
STARLINK-1560,46036,528.979212111149,4948.8410764743885,4702.151904634393
STARLINK-1569,46039,5865.115592545132,1802.9568632021183,-3061.9062800756788
STARLINK-1582,46043,2045.8117604229603,-3591.212947011529,-5468.263176779574
STARLINK-1591,46045,-5861.539760988433,-1821.1620707604122,3040.0589437307817
STARLINK-1524,46047,-22.903702930869954,4361.4350015327445,5270.459922568622
STARLINK-1527,46048,-2788.20608622641,3142.3885500814336,5399.502066286519
STARLINK-1540,46051,-6253.1842305535,-2778.7191078677065,296.56393265128503
STARLINK-1541,46052,-6631.7060811915135,-194.23454945739158,860.3757339608985
STARLINK-1543,46053,6266.5451151399175,803.9046465871106,-2653.639574189849
STARLINK-1548,46054,11.752229326156895,-4374.519470586677,-5276.88981341187
STARLINK-1554,46055,6261.390546990719,2762.6058239819713,-292.74546608391233
STARLINK-1564,46058,5035.736356829664,4196.124908497992,1993.565175121046
STARLINK-1570,46059,-5024.648136182458,-4151.422524755567,-2114.1511078075664
STARLINK-1572,46060,-5076.960106675211,1186.2956513857282,4438.890725392317
STARLINK-1573,46061,2801.5073007747555,-3145.2125837774615,-5407.256130717016
STARLINK-1577,46063,-5029.862087955778,1294.2529542693744,4455.847643564207
STARLINK-1583,46064,2778.7506471897113,4744.783643195275,4074.415499835849
STARLINK-1536,46070,4411.176838963009,3810.7017379429903,3586.783499102496
STARLINK-1542,46073,745.8064492409399,-4053.764577541812,-5476.634875480619
STARLINK-1549,46074,-95.74375316425659,4173.257936361077,5426.660536647121
STARLINK-1551,46075,-992.0313492237515,3979.130181653559,5475.500121786212
STARLINK-1552,46076,-6720.755803013568,-676.7240739458375,1123.8028921150799
STARLINK-1559,46077,5597.953057592308,-3382.188378705212,-1969.2785544303172
STARLINK-1566,46079,-5845.922415080239,1239.7591252393509,3338.102677172959
STARLINK-1568,46080,-4353.362530466878,3590.1231709739704,-3770.669659774094
STARLINK-1578,46082,-3958.1762667967964,2786.510042317533,4835.297885408289
STARLINK-1579,46083,-6263.629733835845,-2440.100087214605,-1322.9483506667125
STARLINK-1622,46128,-3940.3069998553183,3787.586661811036,3842.0644377701474
STARLINK-1623,46129,-5649.7715382982,3551.575746179305,756.7046162185555
STARLINK-1596,46141,4441.280273024888,401.55047099743496,-5096.999444521462
STARLINK-1597,46142,4856.247295844974,-2644.530276285959,3810.7108987734787
STARLINK-1606,46144,-5411.376500648121,3287.199719619865,2048.974502221828
STARLINK-1608,46146,-5822.576894712323,-1854.4489582138563,-3061.9487353650275
STARLINK-1667,46155,3454.5680480409574,-4850.881705953861,-3006.767800814064
STARLINK-1545,46156,-4047.4142879458727,-1561.9564958282094,5074.495126070859
STARLINK-1595,46159,163.38287343295283,4072.908203780769,-5359.958943191486
STARLINK-1598,46160,-5168.895553246917,-2099.7069738673604,3750.4937169245977
STARLINK-1626,46167,6718.052993502359,95.9162127597525,32.87867247524678
STARLINK-1633,46171,-1589.2512448380696,5108.122269158044,-4031.767097297984
STARLINK-1635,46172,-5315.162694611342,3995.4161125344185,578.0437067270637
STARLINK-1640,46173,-2830.6124749772525,-3884.7398421375688,4691.313135649425
STARLINK-1641,46174,4556.797245891213,2935.830363112422,-4041.8378741825054
STARLINK-1654,46326,899.3361161327907,4472.659343596493,-4765.548825123824
STARLINK-1695,46329,4424.974392815437,-957.7848751461734,4967.121229443231
STARLINK-1719,46331,-3922.1139803646743,-5218.478398011505,1499.1447618868685
STARLINK-1759,46340,-5524.523049578426,-145.2735714993909,-3768.9775491584
STARLINK-1762,46342,-396.15797475769415,-6490.15248216026,-2090.7444374054003
STARLINK-1764,46343,2689.017357175271,-3322.2068616612546,5002.925257899778
STARLINK-1547,46347,157.12287152676606,-4235.41815382346,5145.960355851472
STARLINK-1553,46348,5844.046723868514,3515.6106330749844,88.43203183779893
STARLINK-1646,46351,-4850.082032200526,-4601.011924675871,499.90956021382584
STARLINK-1653,46352,-4763.390207837894,1436.1885343455306,-4507.989510016483
STARLINK-1656,46353,3201.3909914412284,5810.235342204984,1175.3070112739035
STARLINK-1661,46355,4223.307794066778,-1227.396846508405,5215.139338827893
STARLINK-1665,46356,-377.8269530703664,-4656.3771532269175,4725.457362216926
STARLINK-1666,46357,3744.823075915874,-2036.7399382388032,5161.438600794974
STARLINK-1707,46359,1292.461385803349,-4574.008530815488,4682.357768741237
STARLINK-1724,46375,3388.900468973541,3324.9782048681545,-4781.536942718269
STARLINK-1770,46383,3417.755934360933,4241.181878402942,-3932.4809425494686
STARLINK-1771,46384,2887.160713942715,6077.3742214403055,-659.9630845030337
STARLINK-1663,46535,-2111.085696484526,3527.371870993958,5229.174372380399
STARLINK-1672,46537,-5912.4851166813,-3253.57392580322,381.47957031234955
STARLINK-1678,46538,-5959.713173893644,2310.6947551876333,1941.546296965114
STARLINK-1664,46553,-6073.172925195158,-2160.448843370252,2128.361282657371
STARLINK-1676,46556,5853.574091639215,3221.2092812579654,-879.6220829393226
STARLINK-1679,46557,5562.156778418913,-1703.1818224925169,-3311.0581912564476
STARLINK-1714,46562,3593.269482755958,-3217.9174797713135,-4701.235593452538
STARLINK-1730,46563,5211.3920062910565,3573.293887102304,2389.9923430114914
STARLINK-1735,46565,95.66361111671534,4011.3453988038173,5324.892876633243
STARLINK-1741,46567,-1586.4554792996573,-3856.7590696931597,-5206.923142780854
STARLINK-1531,46572,818.3794700174375,-3948.704208088666,-5318.348155527285
STARLINK-1677,46576,6210.400569164136,1440.6633919713972,1840.7550868390426
STARLINK-1728,46582,-6288.805839194023,307.0409395884784,2336.3646885246353
STARLINK-1736,46585,1286.3813996091542,3786.138916475167,5229.8704164056635
STARLINK-1716,46672,1066.7758567649564,6572.005205050371,176.33102842694714
STARLINK-1718,46674,-1434.7031985685112,6329.862668669837,-1745.154940999699
STARLINK-1781,46685,4062.930146644306,-5345.304319736253,432.1908828145637
STARLINK-1784,46687,4178.84034366442,4229.94506635677,-3058.3987142750743
STARLINK-1788,46689,-1345.6485047795666,-5800.045780764707,3037.428753016478
STARLINK-1795,46696,-2501.31080418612,3143.9056184652486,5146.643696237915
STARLINK-1797,46698,-1587.5460152699022,6470.881094563069,985.2098894187342
STARLINK-1802,46702,971.944211165261,-5752.422347436156,3541.41478798856
STARLINK-1805,46705,2539.1892110936487,3187.8658095799847,-5375.091918023137
STARLINK-1807,46706,-5307.531173944885,116.90834328938035,4315.907053216214
STARLINK-1810,46709,-565.1766581636352,-5008.592067996505,4482.114026192059
STARLINK-1815,46713,-1745.4741841704201,5036.902872088687,3894.5752036586837
STARLINK-1817,46715,-2099.96653358167,6177.408162124107,1449.2742596137134
STARLINK-1821,46718,-2961.352745534748,-2808.1735156638174,5414.951324143318
STARLINK-1826,46723,-4238.525685093526,176.8768114475598,5179.446055232147
STARLINK-1828,46725,-2892.8286016930433,-2865.3355675806247,5357.044621229847
STARLINK-1830,46727,-132.19025346134566,-6181.078162991644,-2628.1411920969035
STARLINK-1892,46743,6736.794961215697,234.31240805578764,216.0644791081655
STARLINK-1905,46746,4572.01500126311,-3758.9117067860725,3068.843140513984
STARLINK-1922,46753,6123.7005318364445,104.66810733802774,-2615.9403394729175
STARLINK-1928,46758,2761.5680942907898,-4312.809361558098,4222.582028500558
STARLINK-1835,46782,-4337.381191091281,4082.1988145910136,-3109.236755579585
STARLINK-1882,46784,1657.7625179117276,3654.501381055024,-5341.033566043262
STARLINK-1893,46786,-6011.4051963161655,3021.5587625382695,-290.73520699498715
STARLINK-1931,46790,-921.4417634894814,4297.65153937533,-4995.684287397986
STARLINK-1942,46794,4600.893790070139,3322.066100943836,-3634.6299503796513
STARLINK-1944,46796,4655.506464471206,1286.729284910608,-4604.092030352807
STARLINK-1777,47122,2044.4267144825767,-4028.5351308254812,4995.723248933289
STARLINK-1812,47126,-4842.734116421642,-4804.715983417453,890.9760347604117
STARLINK-1845,47135,-6122.09216741285,-464.5313305532256,2743.6288535012045
STARLINK-1856,47143,-5045.563133197574,3584.8067248093084,-2665.91056413627
STARLINK-1871,47157,-5110.948944665841,1120.8948452822863,-4399.611305170443
STARLINK-1873,47158,3631.548543752156,2456.2958770202317,-5079.771908183958
STARLINK-1876,47161,-2060.8759655171857,-3433.9287825948136,5328.079867849089
STARLINK-1888,47171,-6681.6217647319645,603.7682686840656,622.9278004050157
STARLINK-1912,47178,2364.918072579984,3509.4630777636166,-5225.754617849116
STARLINK-1913,47179,-2494.6933540613654,3272.6780943572358,-5469.851879713688
STARLINK-2017,47351,-4213.153808521153,-34.045213051161646,-5406.7196695399625
STARLINK-2034,47352,1974.8488836678735,-5165.405713932275,-4047.6558254836827
STARLINK-2045,47353,1943.1450479413645,-6160.840112309667,2267.765959177864
STARLINK-2046,47354,-1666.9600446286777,-4710.244203689374,-4691.612154677889
STARLINK-2047,47355,1571.367107244657,5579.045880299339,3640.2411783022976
STARLINK-2049,47356,-5266.91290174857,3616.6677663474234,-2477.6572073086436
STARLINK-2050,47357,-1571.412855656536,-3810.3132656076127,-5476.8383536628035
STARLINK-2055,47358,-917.33264811858,-4718.790143236992,-4887.9861934296
STARLINK-2071,47361,-5184.564822628063,1238.6987657447903,-4315.196308008132
STARLINK-2076,47362,-4971.597063082557,4216.5754133498485,2054.1634675549544
STARLINK-2081,47366,1492.287988503701,-4697.225425091467,-4763.204624466553
STARLINK-2082,47367,-1504.8594176446409,4688.333453422256,4751.36055512965
STARLINK-2084,47368,-4100.249520964783,-2210.60784409404,-5028.293128478994
STARLINK-2088,47371,-5958.279202738259,-319.730938171631,-3370.6290811891135
STARLINK-2092,47373,-6419.786905668832,1779.301028875928,-1601.6837537481988
STARLINK-2093,47374,4141.076409689416,-2559.8694901553827,4538.994231177863
STARLINK-2094,47375,5750.4406832526465,302.42485876934677,3700.0420595182213
STARLINK-2096,47376,6417.943023566647,-1791.3627367595254,1579.4336678818188
STARLINK-2097,47377,-6522.456291142777,1847.0683246237027,-989.3301414384086
STARLINK-2098,47378,4308.355121136047,-2879.1543080030433,4469.238070786864
STARLINK-2099,47379,2045.377913985323,-6526.905285518082,366.60972403528723
STARLINK-2100,47380,627.3462841486247,-6501.5873365902125,-1520.380489400588
STARLINK-2101,47381,2240.4017337521045,-5916.837356136529,-2632.48858776474
STARLINK-2102,47382,4780.476312153082,-3544.2518723191247,3381.596111633227
STARLINK-2103,47383,-1696.3094743432152,-5265.918532748512,-4025.3815997369884
STARLINK-2104,47384,4516.678923963832,540.5602420523816,5116.3689302926805
STARLINK-2105,47385,2100.6264714477416,3770.525374821008,5307.650418315515
STARLINK-2106,47386,-3124.0372162130375,5865.919444334733,1670.2989462953049
STARLINK-2109,47388,6528.618011066271,-1717.2483015636903,1152.345014127003
STARLINK-2110,47389,2521.4885407221063,-5952.0802893866385,-2272.8046827442645
STARLINK-2111,47390,-3942.6416592502574,4399.333256101383,3457.0183167765776
STARLINK-2112,47391,-4580.097580477904,5109.6124637411085,798.5287976374615
STARLINK-2113,47392,3657.3766970476695,-2005.6164146903336,5224.932045745549
STARLINK-2114,47393,-657.1873825157015,4270.410259343806,-4967.031447787061
STARLINK-2119,47397,1017.763910303113,-4625.270998577856,-4942.341887290286
STARLINK-2121,47399,227.2499161200347,-5404.318852177159,-4209.140931113359
STARLINK-2122,47400,158.2630800074399,-6535.87900994961,-2051.4207032363006
STARLINK-2123,47401,5148.81909253428,-1220.961331233214,4339.176437699028
STARLINK-2128,47404,3843.7868269746014,-1274.7198975367498,5317.5003627510605
STARLINK-2130,47405,5805.874024092465,-3535.8517430991374,-847.2021026895627
STARLINK-2134,47407,-4179.65719945305,-1233.4964174845456,-5290.647041964003
STARLINK-2135,47408,-5164.026159903022,1211.8008351924577,-4340.341958612
STARLINK-1954,47555,4169.376978546143,-821.873674993452,5326.9526269801045
STARLINK-1958,47559,3758.798687042039,-2619.380557110636,4781.613575924376
STARLINK-1962,47563,-4922.004615165094,-3142.867694712267,-3236.6593486165552
STARLINK-1964,47565,1210.4387945010228,-3844.6755483547113,5285.049060182481
STARLINK-1967,47568,-2980.686836492014,2996.88917057373,-5194.6534625784425
STARLINK-1991,47587,743.9236088435484,4558.052006917927,-4793.734339385019
STARLINK-1994,47589,746.1433459817414,-5532.271979598913,3707.213400667306
STARLINK-1995,47590,-4067.2811846972927,-99.090265584583,-5340.933416541271
STARLINK-1997,47592,3061.3422797734315,5889.795091265928,-672.6347293572487
STARLINK-2001,47596,52.3845490565219,-6739.8725405617615,-220.0788770555793
STARLINK-2021,47604,-621.0089628659316,-4684.204806193699,4682.789260562018
STARLINK-1609,47621,-6274.445754344404,1982.0951575455592,-1743.7335059112897
STARLINK-1655,47623,5641.859351212183,-342.67307760612545,3513.5719787286616
STARLINK-1704,47625,5398.886772836421,-596.8933048684074,4033.9483082221104
STARLINK-1972,47627,-5782.934744963581,-3193.276312830182,-1397.4415168419875
STARLINK-1973,47628,1591.9798299767758,3788.6101511849583,5468.96024738581
STARLINK-1983,47630,689.2416592021268,4433.590523292724,5164.871298098697
STARLINK-1992,47632,1728.8503328713723,-4621.767628645303,4740.091156695784
STARLINK-2015,47638,-1687.0031706411703,-6373.957956875465,1792.6926839649118
STARLINK-2019,47641,3845.8434587926954,-3020.7199821351915,4583.167916115726
STARLINK-2031,47648,4171.674271230396,-5121.375695620579,-1819.6374311407155
STARLINK-2032,47649,-4232.557530928017,-3045.7626542736184,-4177.516817925081
STARLINK-2033,47650,4059.2797642718356,-5266.843166520147,-1532.4335290205593
STARLINK-2036,47652,-5810.212936068015,3210.0486193473826,-1281.6367192436724
STARLINK-2039,47655,5919.692185653751,249.22669060520204,3426.947216687421
STARLINK-2040,47656,5583.644432775414,-3920.333812227394,603.3153666885892
STARLINK-2041,47657,-2802.0667896167065,5615.021907420496,2387.0152353212607
STARLINK-2083,47676,5306.644602286607,1600.4255041085364,-3793.152846931838
STARLINK-2068,47722,-4247.369644732673,1014.5371247123825,5266.157987392827
STARLINK-2107,47723,-580.3609126670364,-4944.05440379944,-4711.317665538506
STARLINK-2131,47728,-335.7966105592007,-6110.600112203664,2960.541383169884
STARLINK-2140,47730,919.1379885248267,4715.3998963968215,-4888.598169642402
STARLINK-2141,47731,1357.2757802175672,5997.0140461733845,-2659.9347158976643
STARLINK-2143,47733,-3496.8668949268354,5787.084919570685,-1101.7760688978196
STARLINK-2144,47734,-1465.5236828302159,6415.65935693389,-1907.6727056433108
STARLINK-2147,47736,-4435.136355228503,2841.4293866969947,4303.8218886572395
STARLINK-2150,47739,-4879.61721432615,4733.253213296416,829.7731076574551
STARLINK-2156,47742,-1172.4478226882516,6688.731898598529,-903.5882639351429
STARLINK-2159,47745,2248.5978277063714,4769.084945883723,-4254.179837040857
STARLINK-2160,47746,3618.30485868494,-5372.917546017656,-2101.0049600598372
STARLINK-2161,47747,-2859.568706964495,6024.10765634875,1555.6211575753514
STARLINK-2162,47748,90.18149311156796,-6572.286742860572,-1211.078086241618
STARLINK-2163,47749,-1974.960337909979,-5843.198941379975,2637.2051704794594
STARLINK-2164,47750,2560.423306228827,4199.067052360323,-4773.815929051707
STARLINK-2169,47752,-1719.1929208443644,6501.894053767616,403.00343242129895
STARLINK-2170,47753,4705.317345483095,-1903.1581777436363,-4606.190086047625
STARLINK-2178,47760,5314.112663819697,-2479.624007476966,-3546.576657011562
STARLINK-2180,47762,-3484.972090949036,5396.607958754013,1983.828199976229
STARLINK-2185,47767,-3998.1642975763857,-730.6332274534979,5419.13881482602
STARLINK-2193,47770,-4422.9372516346575,4389.5780276888545,2834.588466312734
STARLINK-2194,47771,-3262.178285558562,5999.789259610074,515.9074396108578
STARLINK-2195,47772,4935.80516056981,-4559.98032272441,-1333.9326563965717
STARLINK-2196,47773,3520.052980329283,-5775.322713456001,1074.0422756565702
STARLINK-2209,47776,-792.2700787825462,-6153.095802433231,2715.730888568003
STARLINK-2211,47778,-829.1309349486909,6561.849429306916,-1558.2542057412734
STARLINK-2213,47780,1479.385912721965,-6415.583730750277,1880.5219895475677
STARLINK-2257,47787,-2702.538218583109,4619.070145503046,-4282.129791141294
STARLINK-2314,47788,5266.004730336802,-3527.957164524092,-2549.1714175872576
STARLINK-2315,47789,-6062.780252258263,752.4775759313892,3087.5873652660994
STARLINK-2319,47790,3107.1285615058223,2680.295648784654,-5490.460799454486
STARLINK-2322,47791,-2882.0066390331494,-3083.06477707368,5384.191013463404
STARLINK-2334,47792,-2438.0618082664955,-3315.8582134429184,5464.661022647736
STARLINK-2338,47793,-6199.652417243734,2789.4341526262083,827.9951220892863
STARLINK-2373,47796,5010.924465606286,-4336.665538538381,1698.2477506385687
STARLINK-2377,47797,1111.047728115693,3957.958920979585,-5485.078666673179
STARLINK-2379,47798,2438.356612373687,3325.12106451961,-5475.605919675583
STARLINK-2380,47799,5119.3717061264815,-4485.756172735341,760.2796894823765
STARLINK-2381,47800,6054.804130622857,-748.8820412063789,-3120.7335549480804
STARLINK-2383,47802,-6229.779761781446,2483.8165790595735,-1399.8001337072744
STARLINK-2385,47804,1960.0508483348526,3651.9585789547627,-5459.499794059849
STARLINK-2386,47805,-4823.787846621336,-1502.3835280821918,4651.048926826968
STARLINK-2387,47806,5085.387988285513,1233.1119069528283,-4426.160633602521
STARLINK-2388,47807,4672.458105755953,110.083205058001,-5013.532632871696
STARLINK-2389,47808,-98.3923154323163,4411.235124349507,-5245.465469953344
STARLINK-2391,47810,1879.092315755137,-4272.79522458494,5002.377228555076
STARLINK-2395,47814,4961.036364772158,-4192.931232976131,2163.830088747311
STARLINK-2396,47815,6236.731490806084,-2821.6135092383,-249.07455798035238
STARLINK-2399,47816,4331.699740228755,-3691.313685398853,3801.298269244129
STARLINK-2400,47817,-6291.680342553866,883.7209198194855,2550.116122249817
STARLINK-2402,47819,-5091.68157344409,-1218.4947460089563,4406.348271495567
STARLINK-2406,47821,-6235.421074226169,2827.7135719093303,205.79682692463422
STARLINK-2407,47822,-3875.981418814793,-2833.716508152976,4874.468228620344
STARLINK-2408,47823,6166.178714476904,-2443.6751335011386,1700.4876970558119
STARLINK-2409,47824,-6782.427616700154,652.2489992817726,735.5544260375332
STARLINK-2410,47825,6282.400697477974,-880.2391593845076,-2590.1579684158264
STARLINK-2411,47826,125.05433402794114,4293.898234625195,-5341.12131307878
STARLINK-2413,47827,2878.0927206332426,-4740.401155840489,4009.543665795533
STARLINK-2415,47828,-5884.531008760323,-1149.3586850396434,3301.950799025982
STARLINK-2419,47830,4505.71910887625,-3752.2198382653046,3530.782919822249
STARLINK-2420,47831,-5074.678143725699,4139.687929035534,-2015.1407367659965
STARLINK-2422,47832,-5003.103470521903,4037.585037477615,-2371.0176645741744
STARLINK-2423,47833,2081.8855178208373,-4244.309581561762,4946.074187337084
STARLINK-2424,47834,2711.5836899361207,-4639.073870577409,4237.190577664632
STARLINK-2426,47836,-117.60214408947574,-4294.814562418485,5323.739242163297
STARLINK-2427,47837,6107.381178595648,-910.0132377823671,-2972.1566514607744
STARLINK-2429,47838,2935.727855641272,3111.1140165065835,-5355.625937889152
STARLINK-2431,47839,1448.3718370645813,-5810.999540436576,3314.410512782794
STARLINK-2432,47840,6207.550080302579,-2772.776952235526,-841.2074695249036
STARLINK-2433,47841,-323.4955191321517,4566.829776299664,-5101.028140977468
STARLINK-2435,47843,-1875.5359422886395,4293.474017086761,-5003.179757464689
STARLINK-2446,47844,6369.496224301687,-2511.43054068978,-183.85419451232016
STARLINK-2453,47845,-4493.789347476687,3609.995936128964,-3707.485602870595
STARLINK-2280,47861,-6769.253143409614,563.9747182996467,872.6872581866511
STARLINK-2291,47862,-1036.35336549508,-3937.6315509493015,5413.459616171545
STARLINK-2326,47870,-6629.639763787865,-1692.789066114114,309.1077959132047
STARLINK-2329,47873,6230.213328380267,-2499.126455342888,1352.527664197363
STARLINK-2330,47874,4631.488770099705,-4922.527568407072,-1027.7424019604703
STARLINK-2336,47879,-6027.904059661549,-1948.61637384673,2414.817383951327
STARLINK-2342,47883,-3571.340510214667,-2793.415512211461,4933.787500229834
STARLINK-2343,47884,-6520.648094118555,176.8213850184067,-2097.8644973954592
STARLINK-2346,47887,237.17777316037424,4206.823915889421,-5406.428032300447
STARLINK-2354,47894,5489.897233873999,-2492.5275063342488,3227.9543479547096
STARLINK-2355,47895,-5839.032844974484,2180.808077564281,-2847.6839141937044
STARLINK-2356,47896,5125.196989638523,-2003.2321947081086,4068.861761219712
STARLINK-2358,47898,-4790.925181628742,-2903.74887030003,3931.1044701455285
STARLINK-2361,47901,5505.659818924977,-3303.7224607509365,2325.3080726855237
STARLINK-2363,47903,-2866.427725853214,-2773.1438241695864,5337.754862311059
STARLINK-2364,47904,5891.85599630157,1147.2517466929125,-3306.934685913884
STARLINK-2367,47907,5417.355388044986,3246.5061443781747,-2658.8795967431706
STARLINK-2370,47910,822.9824004845992,-4078.0803527334124,5430.470571841749
STARLINK-2371,47911,3161.7702791171196,4126.578147325123,-4466.945517242401
STARLINK-2378,47916,6723.526133911238,-733.9397201146614,-1092.491706144358
STARLINK-2405,47919,-5422.64813299525,-3227.7613922183505,2654.2643767305804
STARLINK-1647,47978,-391.11739080977435,-6091.165046081628,3098.5766219858174
STARLINK-2303,47981,1864.7471615267477,-4469.913806154584,4832.861259967434
STARLINK-2273,47993,5192.739888779139,-1414.7919940745967,4148.459933692917
STARLINK-2266,47997,-5586.122598547403,-3935.9262000897866,-478.3402925731855
STARLINK-2270,48000,-2496.9367497121857,4930.834208829574,-3996.2084701838726
STARLINK-2153,48009,404.85083123755334,-4636.505756421819,5014.88609131256
STARLINK-2226,48010,-2395.7290311104744,-6362.8716476043965,824.0918988153327
STARLINK-2285,48019,-3262.825085741505,2624.768523291142,-5426.464795916032
STARLINK-2298,48022,-629.5833382561945,5031.145878933804,-4523.699245957633
STARLINK-2292,48023,-1886.2003681316996,4207.967483124317,-5022.492420549931
STARLINK-2299,48029,2581.6871461337173,-3261.5369884002353,5318.433633041125
STARLINK-2404,48093,-1294.0822008811153,-6464.538517485516,-1867.116657446304
STARLINK-2412,48094,4265.064216751719,1123.9728171324166,-5246.96365208968
STARLINK-2414,48095,-678.3929448318605,6225.667259168086,2764.8238085865473
STARLINK-2417,48096,-3722.5911584579717,1873.4622610744698,5425.249956124579
STARLINK-2418,48097,-4720.247283884983,-2208.788993624579,4434.15333658308
STARLINK-2421,48098,4301.798490553722,4486.066245998102,-2887.2054958665367
STARLINK-2428,48099,3685.1364599111694,-2110.7307864181175,-5380.159910566095
STARLINK-2430,48100,-669.3019105748857,5490.955478144355,4028.929515648585
STARLINK-2436,48101,4060.4531614938687,-862.8720881349863,-5454.618532052133
STARLINK-2439,48104,687.4774953571903,-5504.275158640324,-4025.0936244369786
STARLINK-2440,48105,1230.900774000038,-3928.522685421419,-5480.208072407588
STARLINK-2442,48106,4737.99816463787,2188.1631685395037,-4442.7534307549795
STARLINK-2443,48107,-4410.3901692262225,-4461.9955948962,2738.781532258447
STARLINK-2448,48111,4622.544478060262,983.2528015440583,-4927.195015876265
STARLINK-2449,48112,3748.199283866337,-1906.5097739277255,-5412.8557226479115
STARLINK-2450,48113,683.3244287422192,-6220.4989040174105,-2792.02956314547
STARLINK-2452,48115,-4633.150179881265,-2022.1028857112258,4611.473363189746
STARLINK-2454,48116,3949.7552789116685,3891.71181077534,-4028.4655618796733
STARLINK-2455,48117,1297.199722551733,6363.033592094826,2169.9798584193472
STARLINK-2459,48119,1442.3049726443478,6382.356597826728,2017.1362053726791
STARLINK-2460,48120,4257.4168838978285,2440.4748085206493,-4741.367335275717
STARLINK-2462,48121,4638.601039988761,1998.75283153148,-4633.299533676933
STARLINK-2464,48123,3252.0174750279866,6015.357989693332,-410.5992148640541
STARLINK-2465,48124,2676.7369850482974,-3574.7349546509945,-5200.20608614224
STARLINK-2466,48125,2870.16837825198,5894.940501671118,-1989.9911747217775
STARLINK-2467,48126,2771.501951303098,-3344.103008848381,-5302.811863238131
STARLINK-2468,48127,2560.0234018919537,-4329.273618908505,-4657.087262138704
STARLINK-2469,48128,4436.880429072873,-2273.7315054616715,-4724.605838374597
STARLINK-2471,48129,-1203.3540269495002,-6729.2746595876215,-442.6425004844805
STARLINK-2472,48130,-3832.5681833576673,-3889.628394807003,4124.91562746693
STARLINK-2473,48131,-4087.1670902017318,831.738914584087,5422.389507105644
STARLINK-2474,48132,-4205.9482794220075,-875.3758853664275,5324.05666838725
STARLINK-2475,48133,1223.5462153391745,6724.516444666892,441.80539867175486
STARLINK-2476,48134,-2884.782064692759,-5892.555103985237,1957.9172717965077
STARLINK-2478,48135,-3674.6986002397516,2124.905194379126,5364.822795879903
STARLINK-2479,48136,2456.7291274209283,-4490.789755055345,-4557.534441605161
STARLINK-2480,48137,-3970.540921081593,1081.6530451461572,5464.774157008162
STARLINK-2481,48138,-2830.7634420564495,-5800.5977521992645,2283.223447868502
STARLINK-2482,48139,3134.4389666995394,6086.121464255425,-245.7909518403348
STARLINK-2483,48140,-4258.825469239042,-1131.0939746913737,5232.998157781573
STARLINK-2485,48142,-1264.284995249044,-6385.4114002564065,-2140.4160783602274
STARLINK-2486,48143,-4037.767146987171,-3791.5729857404685,-3998.8560008183476
STARLINK-2487,48144,-4164.412008997193,631.8169453720486,5390.243383280814
STARLINK-2491,48148,-2452.481511092691,4495.716526681058,4538.077870397491
STARLINK-2492,48149,4365.3047390381,4573.817108573707,-2643.2791361212617
STARLINK-2493,48150,-825.1235280527477,5393.6057329481455,4130.441331062748
STARLINK-2503,48151,-2641.5948144913536,3518.448961033719,5238.969390362636
STARLINK-2567,48276,-5925.761557189472,1714.6547149148103,-2984.1783692654258
STARLINK-2569,48277,-3584.576997639943,-2308.2637060810084,-5366.103033869749
STARLINK-2543,48278,4720.994033259392,-3222.6453484219537,3764.1457200321665
STARLINK-2565,48280,3801.5806869225407,-2905.1507887504695,-4907.700081451957
STARLINK-2558,48282,-2567.781415757889,-3497.0135228200897,-5306.42917807241
STARLINK-2516,48283,3232.584811156522,-4139.6324460309925,-4403.349446638316
STARLINK-2564,48284,5050.395934989095,2058.7370398005496,4133.911898573147
STARLINK-2547,48286,5483.6210351546715,-3222.8178359113913,-2548.858646464674
STARLINK-2566,48287,-3038.798364853906,4068.4931364041677,4585.942273646783
STARLINK-2545,48289,-2392.729801106272,-3569.569915012148,-5339.753330397696
STARLINK-2555,48291,-6577.349980636315,-227.58721454045232,-1905.6055247700012
STARLINK-2542,48292,-6473.103871929742,-213.4984350304677,-2236.9929621264296
STARLINK-2550,48293,-3249.527786439133,4127.382995522685,4385.53427624191
STARLINK-2533,48294,-6642.128178774179,1663.8942237308875,165.64934327444593
STARLINK-2535,48295,-361.8684674955121,4219.307318571073,5372.650929594605
STARLINK-2559,48298,-3390.257273816026,4114.413761231444,4275.465931994744
STARLINK-2557,48299,339.71699757651646,-4227.618795350525,-5384.747208929136
STARLINK-2538,48300,-5771.15268253849,-2202.634372720215,-2966.9387047135883
STARLINK-2537,48301,5791.0227959176855,2367.7129512021384,2778.957226524192
STARLINK-2530,48303,-4877.172036529696,2876.5067769736015,3844.4822864022126
STARLINK-2524,48304,-6092.735172765802,1094.7357859963627,2922.253352027567
STARLINK-2519,48305,-4233.9141117264735,-3770.466305542923,-3850.6779339907093
STARLINK-2523,48306,-4199.814329963522,2752.9824502561282,4647.7209125306135
STARLINK-2517,48309,5273.103319762451,2648.24038523919,3477.4155836639497
STARLINK-2536,48310,1206.8560767575252,4083.594408229348,5354.808858914959
STARLINK-2534,48311,-6479.46277273809,1307.70633470448,1787.1313882501245
STARLINK-2061,48312,4869.820540667011,-2891.1253617111925,-3859.468155094023
STARLINK-2549,48314,767.9199836518915,4101.25248478172,5421.2887237007135
STARLINK-2506,48315,6776.141737119723,776.0042336514902,-638.1017648539445
STARLINK-2507,48316,6119.872815341406,2498.8801412455337,1785.4316239104373
STARLINK-2513,48317,-6800.864241576715,-479.43770899633375,-671.0278336663599
STARLINK-2509,48318,6184.01576994613,2575.555102746113,1419.289921524546
STARLINK-2512,48319,1767.6077195983503,4272.546155352515,5043.157889000542
STARLINK-2029,48320,1006.404259415285,-3983.6619202378674,-5486.030540383606
STARLINK-2457,48321,-5956.083565032616,1105.562087786931,3186.884021935177
STARLINK-2515,48323,-6181.517525789829,-2542.856524494987,-1504.1539012566345
STARLINK-2495,48325,-6735.115112834616,-808.2591858432361,938.8517592159072
STARLINK-2498,48326,-4559.380862323014,-3723.071528025769,-3508.9280725223357
STARLINK-2502,48327,-1964.6621488254254,-4271.91616803119,-4986.856490108258
STARLINK-2504,48328,5950.053257034909,-1130.3316051233835,-3206.712916274482
STARLINK-2510,48329,6726.895997351044,633.7725190703109,-1133.065005789074
STARLINK-2501,48330,-3821.690072345718,2873.6847260632126,4893.805327370965
STARLINK-2514,48331,-6373.686217251971,-2270.872029073155,-1043.1304466014976
STARLINK-2518,48333,4583.738433022779,3702.0561144753683,3483.30446331408
STARLINK-2470,48334,1982.157393229753,4260.730511695567,4972.51157680025
STARLINK-2613,48353,-1807.500857181194,6139.120698858221,-2449.067877679638
STARLINK-2674,48354,-27.06555412980121,6849.130927722701,-79.87607292239561
STARLINK-2635,48355,-4025.8716227081227,1453.6770478528056,-5353.623636717815
STARLINK-2637,48356,3197.4593239908822,4322.825131249082,4233.234693737166
STARLINK-2636,48357,-4022.8700051294045,-1563.5837969707857,-5324.941956301585
STARLINK-2624,48358,-3219.879563824104,-4321.428663068953,-4234.383718712209
STARLINK-2628,48359,1749.3738084618024,6199.980881682665,2317.372297263597
STARLINK-2622,48360,-1799.084174805758,-6184.770688170927,-2338.1551220351257
STARLINK-2591,48361,4.727304094360556,-6849.17872455969,61.805537553566595
STARLINK-2578,48362,-3238.383900799935,4210.3612521466775,-4331.096314483613
STARLINK-2611,48364,-1738.5829714025501,5544.563202217051,-3633.9950573826923
STARLINK-2608,48365,-4166.501781921782,-2554.540035341653,-4805.411416670804
STARLINK-2643,48367,3190.667254234725,-3253.4181375868593,5103.345970787561
STARLINK-2623,48368,1903.5998433135808,6507.465292412813,965.1635509896054
STARLINK-2621,48370,-3248.041684839562,3303.0549953691093,-5051.83060647919
STARLINK-2589,48371,103.90308282341489,6684.805383311073,-1498.6024637492897
STARLINK-2609,48373,4240.147061610726,2581.4063100807048,4708.749966314068
STARLINK-2604,48374,-3408.223530256356,-5007.506064062304,-3205.8447429636667
STARLINK-2603,48375,-3478.8281212934266,-4872.826273863333,-3333.9067212932214
STARLINK-2610,48376,4252.406756385348,2609.772247881126,4529.182851572783
STARLINK-2499,48377,-1951.9299453993663,-6497.519018649523,-950.994660028088
STARLINK-2526,48378,-4113.267036907109,417.33362645727095,-5467.2818374691715
STARLINK-2612,48379,4118.332049583614,-402.5459909590382,5447.698173022083
STARLINK-2614,48380,1628.203481444334,-5499.960873519585,3733.9090037137053
STARLINK-2630,48381,3355.461667794295,5033.163267296157,3204.3346556364186
STARLINK-2585,48382,4070.0535735222566,-630.9852870962478,5462.010565872749
STARLINK-2598,48385,-272.49165373276526,-6641.829771983625,1645.3157183262633
STARLINK-2606,48386,3427.3659900774724,5173.1772138082415,2890.118279987041
STARLINK-2594,48388,4221.798677952407,2779.1411886382157,4612.21947889962
STARLINK-2586,48390,4542.330628354275,591.5581004271222,5081.8704475936875
STARLINK-2607,48391,-4672.154153597484,-3490.3951393329758,-3599.226946464228
STARLINK-2605,48392,362.95512397069194,6094.579932825906,-3112.389602468362
STARLINK-2574,48395,4597.683212809895,3340.2582061859907,3813.577897612703
STARLINK-2575,48396,-4555.605750076025,-594.8505826690848,-5086.638417902432
STARLINK-2590,48397,-1723.5461442075352,4635.1197902121785,-4745.866423790723
STARLINK-2588,48398,1968.2420285372818,-5284.439028944951,3932.6697206981185
STARLINK-2587,48399,-4718.573887513749,-3313.3939209352848,-3704.734569713518
STARLINK-2576,48400,2367.386329505235,6374.252072001937,-834.6091798388054
STARLINK-2571,48401,-3841.5654939337037,-5485.9108728154,-1444.7224271912276
STARLINK-2593,48404,-3943.324802997312,-5369.844414515613,-1599.7284547725617
STARLINK-2570,48405,-3479.0625092166006,2254.633229679128,-5458.576800206734
STARLINK-2568,48406,3479.0599063610657,-2283.5799085334615,5429.545751643747
STARLINK-2592,48408,3902.6519950298043,5390.621941731663,1612.2166515450756
STARLINK-2563,48410,-1591.8978233075768,-4783.410826308896,4626.593195727818
STARLINK-2505,48411,5896.498581070113,-104.12429532872443,3473.7088691521953
STARLINK-2581,48412,-3819.274246425639,2377.4215962319686,-5171.248692074551
STARLINK-2461,48428,-857.931396578433,-6689.604883486434,1187.2325384250012
STARLINK-2700,48431,-4352.602309010984,-4607.821495386765,2586.7523571510665
STARLINK-2680,48432,-3108.2970384136142,-6099.061500080575,234.7525121891586
STARLINK-2699,48433,-2771.0292918759596,3336.1018795145487,5290.963767433798
STARLINK-2692,48434,-3230.2117819098853,-6026.061698029476,403.1854500546918
STARLINK-2633,48435,4282.6466374460315,1322.6553268742587,-5185.767774044751
STARLINK-2639,48436,-3744.191163446246,2712.627253855517,5042.845742631624
STARLINK-2642,48437,-1239.8434538775828,6728.031263622157,-334.89175778925124
STARLINK-2640,48438,-3692.00044943262,2911.5076223571814,4970.269824195398
STARLINK-2583,48439,895.1724793671467,6688.635785672389,-1184.3183611809684
STARLINK-2682,48440,-2543.562338977795,-5391.269879229079,3363.8913475807176
STARLINK-2702,48441,-3674.9892963936745,-3035.0723313628564,4908.4582473258515
STARLINK-2644,48442,2379.179881203069,-5334.461261892654,-3508.373044346933
STARLINK-2663,48443,2567.1256354266225,-5308.061448626046,-3492.7907265209637
STARLINK-2645,48444,931.2058626717231,-6662.820724373448,-1297.2405168312512
STARLINK-2634,48445,3695.983139990034,-2915.6161941298506,-4981.921457003506
STARLINK-2655,48449,3689.376797494573,3022.7555021097382,-4922.2539680553045
STARLINK-2703,48452,2557.061468232873,5383.608214013816,-3382.662187041428
STARLINK-2620,48453,-911.0728959557564,6664.989729813953,1283.061616382837
STARLINK-2654,48454,-2548.1351865442557,5322.419413623138,3467.474980702599
STARLINK-2497,48455,4097.4245785538515,50.85282323007851,-5495.126059672554
STARLINK-2698,48458,4096.572275439542,-188.60600945751153,-5492.497670781362
STARLINK-2579,48459,-4089.5693461172527,-72.02382746000183,5483.334449064066
STARLINK-2582,48460,-5066.361800542856,1706.309486229974,4046.150372159292
STARLINK-2683,48462,3694.93723550041,1995.4189769259663,-5417.255586124213
STARLINK-2686,48464,-766.1184504101722,-6189.547205949549,2822.251530037521
STARLINK-2681,48465,4022.174216710629,347.17189725545865,-5394.898642434159
STARLINK-2687,48466,2905.2671651540095,-5841.582948678752,-2094.7755929549676
STARLINK-2659,48467,-2405.668578232314,-4582.034711486835,4476.54652040034
STARLINK-2685,48468,-2907.084074516847,5847.696705630422,2056.3410704935814
STARLINK-2661,48469,-3966.8302827407733,3812.2732524884914,4069.3501446042237
STARLINK-2675,48470,-635.2792200686625,-6277.259657090569,2656.3091564230554
STARLINK-2684,48471,1260.9354765100115,-6725.495085552353,305.7087374042707
STARLINK-2722,48472,205.1745909605601,5845.021537871344,-3682.6696431663363
STARLINK-2658,48473,-3690.7206241107115,-1984.6782825033324,5407.029063713381
STARLINK-2697,48474,4271.081476114436,-1010.1846014258282,-5264.85985129838
STARLINK-2728,48478,648.6992784522645,6270.952497289464,-2685.8203629090026
STARLINK-2755,48479,3987.0841027826978,-3803.416857117952,-4075.281003561134
STARLINK-2706,48481,-3817.514125934921,-1516.9644488497074,5470.219108020524
STARLINK-2525,48482,4344.139791879751,-1453.223885008467,-5098.80077059024
STARLINK-2531,48483,1183.3836494556733,-6688.420806371469,877.5012288831792
STARLINK-2500,48485,773.5740931146397,6047.904291913591,-3128.0003045018557
STARLINK-2494,48487,-2539.333219012867,-4184.522357251577,4780.930931682535
STARLINK-2063,48553,-5891.199067362316,-3048.8974203163193,1698.8372233924015
STARLINK-2139,48554,-4982.554584465374,-4642.255650548929,-743.1957459034588
STARLINK-2145,48555,-4898.607214236085,-2376.0322841795146,4146.077882970006
STARLINK-2151,48556,-4739.508561956117,-4737.735119064862,1408.2263529601516
STARLINK-2155,48557,5894.044920710635,3044.251610582936,-1714.443440943614
STARLINK-2166,48558,4989.3608731782,4637.683434359048,709.8959865753682
STARLINK-2187,48562,-416.49688967462663,4305.381958993742,5233.986614539138
STARLINK-2188,48563,-2039.0826329920744,3586.078873439146,5457.056337983292
STARLINK-2190,48564,-5638.615657411403,-849.4366815805571,3784.5310117179333
STARLINK-2214,48566,-4510.5770300521035,-4667.959256750519,2176.7203250894036
STARLINK-2217,48568,3081.197207313488,5333.118072278123,2986.8664968217586
STARLINK-2219,48569,-4264.204339473325,1517.540826574615,5130.605505852522
STARLINK-2220,48570,160.96368091876448,-5125.12416365559,-4272.413497526903
STARLINK-2221,48571,3486.5706746371907,5767.89416835222,1212.5943439178873
STARLINK-2222,48572,4318.368922728841,-410.4217317215538,-5307.221178893204
STARLINK-2224,48573,4243.434263812483,-1528.0220131506953,-5161.4391403682175
STARLINK-2225,48574,3985.5457515099997,-2806.6997331004018,-4818.097464854786
STARLINK-2227,48575,3603.1232346637257,3482.848152893832,4659.112572869891
STARLINK-2228,48576,6738.156501132619,777.4871478229566,-962.3245130032017
STARLINK-2231,48577,-3072.527078978546,-5328.729489752882,-3020.652559321856
STARLINK-2232,48578,591.6049271668554,4941.477013175906,4695.945551168299
STARLINK-2234,48580,-4408.120805041648,-3780.499063547068,-3639.3545780432373
STARLINK-2235,48581,-4721.947032727582,-3794.9479428825616,-3203.6309843638587
STARLINK-2236,48582,5456.734702867629,-1423.0725857222233,-3872.9347011595232
STARLINK-2237,48583,-1303.5139927886128,-6215.2754603407475,-2574.075125295335
STARLINK-2241,48586,3238.6585806753887,6031.962870729189,204.99859941935227
STARLINK-2245,48589,5636.3056907493265,832.9619304733943,-3809.070238537174
STARLINK-2250,48593,1372.0823175756693,5786.506512394986,3388.939988545854
STARLINK-2251,48594,-6393.378501051942,-1605.2665926245477,1877.8472599848558
STARLINK-2252,48595,878.8313613801715,-5155.232004100222,-4430.107694112012
STARLINK-2253,48596,-1368.5178478378134,-5774.5609668284915,-3427.514351182236
STARLINK-2255,48597,-3480.6465233851477,-5771.8976468816845,-1228.0622660199613
STARLINK-2713,48602,-2778.5667746939307,-4727.380450853162,-4111.466813490747
STARLINK-2714,48603,6396.402501037653,1589.127811124747,-1898.5267255462509
STARLINK-2757,48604,-3223.4538454410504,-6039.7977356395695,-227.9904843648297
STARLINK-2739,48639,5024.2638944819855,-1314.2335374544575,-4472.706227894935
STARLINK-2736,48640,-6271.010919731157,-805.5906601781631,2626.2709364688444
STARLINK-2754,48641,4888.9334756740545,4227.1826520514405,2259.1523564241843
STARLINK-2646,48642,5023.175860868155,4147.687533819939,2107.7334441157327
STARLINK-2704,48643,-6312.218525847604,-961.1410188459109,2470.4949711719264
STARLINK-2695,48644,-211.97859427319656,4306.178655077139,5312.025545217892
STARLINK-2732,48646,-4887.865903297331,-4223.916589879864,-2284.674571045606
STARLINK-2521,48648,-6212.594088363295,-2881.9954321541195,115.45061570641815
STARLINK-2673,48649,2986.6720843331536,-3031.0351584964633,-5373.566568687554
STARLINK-2672,48650,-2589.536563511288,-4738.2580499275555,-4221.128483728573
STARLINK-2731,48651,216.48171670086555,-4311.140110784035,-5324.5976943708
STARLINK-2727,48652,4821.74316332481,-2503.6101590035014,-3962.924390564179
STARLINK-2720,48653,6314.601934202012,947.8271700537091,-2486.9721679678028
STARLINK-2657,48655,5155.351254560049,-1152.4752446810094,-4366.72784616677
STARLINK-2701,48656,2597.4644089883473,4725.784190944193,4213.400106703502
STARLINK-2734,48657,6218.146279218235,2870.465733110567,-124.60758936937799
STARLINK-2647,48658,-5130.1202741337,1138.81666804989,4382.97276193592
STARLINK-2717,48659,-2980.103061750432,3024.777939335529,5364.02673490915
STARLINK-2726,48662,5877.554697995218,-47.02547816249894,-3537.5542158505104
STARLINK-2667,48663,-5668.52822737726,1245.634466497406,3627.9186943601626
STARLINK-2666,48666,-1855.2597799468588,3657.9717880761636,5483.566143502653
STARLINK-2735,48667,3249.013227344109,4727.7862501982645,3745.937072897397
STARLINK-2738,48668,-6649.364907532896,-703.2955549351047,1477.6349889789647
STARLINK-2707,48669,-3566.081032287206,2927.0655054251524,5051.988065448199
STARLINK-2763,48670,2199.9642100997585,4355.667803832711,4796.644129264684
STARLINK-2745,48671,-570.5279473593803,4204.468411909832,5375.338775360308
STARLINK-2705,48672,4731.5356489897285,3808.2709510599047,3156.794872006753
STARLINK-2711,48673,-5230.32070401164,1007.4899900565587,4307.369418777505
STARLINK-2712,48674,-5984.9314657682535,-184.3848468272541,3330.5539508126103
STARLINK-2746,48676,-6219.087331469318,-2876.908439880308,244.7363835255084
STARLINK-2615,48678,-760.6294769309546,4038.342221290654,5469.457305303101
STARLINK-2648,48679,2379.781329166129,-3389.0149051349267,-5470.84902475866
STARLINK-2725,48681,6640.933353592825,-1665.1828232989665,-209.01273533363852
STARLINK-2743,48682,1292.2954298636741,-4589.430500433776,-4924.2477022785215
STARLINK-2756,48683,5783.231711285762,-3467.8115664781003,-1210.9725140917185
STARLINK-2741,48684,-5080.664434653162,-2160.19022695105,-4061.055808492439
STARLINK-2751,48685,3921.694476388208,-4481.5160880763615,-3391.3108913134624
STARLINK-2629,48686,6668.6218420773275,-1565.723090445355,-31.48210167539409
STARLINK-2627,48687,-6494.543285531777,1780.2006872528084,-1260.3693913054974
STARLINK-2742,48688,4172.620607295786,2245.45482829434,4935.731860611759
STARLINK-2740,48690,-5488.28574223322,3219.6035973848543,2526.3908338943
STARLINK-2750,48691,2398.9799148364,3551.9673363754187,5332.056352323532
STARLINK-2752,48692,5602.644326600703,-3151.605501429503,-2371.300721169702
STARLINK-2618,48693,6476.869264432732,191.61472308022775,2211.188222958665
STARLINK-2748,48694,2657.520543073345,3520.2761416353565,5229.767556700292
STARLINK-2616,48695,6581.853255723037,202.35804401476372,1877.2255207946396
STARLINK-2753,48696,-2302.5690866631667,3859.277749774443,5158.703376459634
STARLINK-3004,48880,2375.5109503019726,-5470.188138333419,2706.49613508728
STARLINK-3005,48881,-2474.3809996462114,6342.548973702433,1360.789355165165
STARLINK-3090,49132,2819.6694539355876,-167.58430664542774,-6355.528741836927
STARLINK-3077,49133,-3791.8797389619895,-5619.846070948141,-1546.5184780408413
STARLINK-3078,49134,-2420.5872672899604,-5251.463831544039,-3863.5583476961892
STARLINK-3073,49135,6425.961040485928,1946.001094901681,1799.5603190181218
STARLINK-3055,49137,-5242.143882197344,-1465.7912476830822,4322.255005698959
STARLINK-3058,49138,-687.2621890885152,-4087.168460322962,-5585.014256699923
STARLINK-3057,49139,5852.89617556968,2221.595750068968,2956.3325327740126
STARLINK-3093,49141,1153.8114896282857,-2299.5266157446426,-6461.621292526916
STARLINK-3109,49143,-5958.904503362818,-2836.452886021372,2188.9189668663917
STARLINK-3100,49144,4055.02196168405,1994.7774997988781,-5286.54075625677
STARLINK-3119,49145,-5040.75418141947,-2515.6084326022064,-4077.708062230648
STARLINK-3116,49146,-5802.736240004737,-3820.2219855232156,-331.3160787099663
STARLINK-3071,49147,-6192.042080496776,-64.81703222445677,3154.4396822105277
STARLINK-3048,49148,-2998.4865106121265,-3982.462356174165,-4853.522662717501
STARLINK-3102,49151,-303.44268316313696,-2468.888129176767,-6494.693373356499
STARLINK-3072,49153,4607.993134356136,-978.9641116350764,-5117.06136655774
STARLINK-3068,49154,-781.8102546751409,-3139.517159415866,-6159.517007166274
STARLINK-3060,49155,6189.6578000336995,57.285818513110165,-3169.754861609267
STARLINK-3085,49156,302.7525260334694,2465.343739961138,6485.532790213447
STARLINK-3051,49157,714.4777930904992,-2280.5880663687994,-6509.708700628899
STARLINK-3083,49158,2303.7084019947315,4472.566904176449,4446.132982232179
STARLINK-3056,49159,3795.995202937274,5617.880254350253,1533.7250418856563
STARLINK-3095,49160,-1147.292714138335,2300.790485591394,6451.4603900434595
STARLINK-3080,49161,693.7520151674482,4086.2353982843965,5574.293733773875
STARLINK-3088,49163,5212.54864354469,1420.9149743593223,-4383.596082330599
STARLINK-3106,49164,2707.8301408231578,-1038.3876899194674,-6321.303153541095
STARLINK-3052,49165,-2817.00379823886,158.8778220556967,6346.022306377594
STARLINK-3089,49166,5958.187746072879,2822.9713829771154,-2219.2568060632143
STARLINK-3054,49167,-4674.57043730282,-3858.1289105672176,3399.796876831497
STARLINK-3046,49169,4579.002444564443,573.1789136465161,-5203.296566016233
STARLINK-3107,49171,-4036.762802413632,-702.1975446291434,5543.641687550635
STARLINK-3045,49173,5432.493987193126,4004.286282776109,1664.8789903229297
STARLINK-3087,49175,-5887.6253808159245,-3700.4565973615945,115.65243589174109
STARLINK-3069,49176,2755.2560434935317,-1729.996546382648,-6144.7255866979895
STARLINK-3103,49177,-6827.205089510068,-1092.7568843253935,725.2063290159905
STARLINK-3086,49178,2431.8359557999424,5252.244208470212,3844.8378358850346
STARLINK-3043,49179,-2889.4369801622306,-2697.485836616898,-5722.429728628348
STARLINK-3059,49181,-4054.3572560331454,-2003.0874159621653,5273.165280548486
STARLINK-3151,49408,-3944.3760725485795,4859.718514637197,2157.7446139083763
STARLINK-3075,49409,-157.87987498521477,4424.158750846001,-5323.316866645516
STARLINK-3147,49410,-3859.580296243407,4563.453593971132,-3492.492184465795
STARLINK-3162,49411,-5789.95228961737,3785.6695074418444,109.62338664636182
STARLINK-3157,49413,-6155.824267757684,2769.206093884482,1510.3923152772857
STARLINK-3146,49414,-5735.9271580901495,3633.349377186373,-1339.113533898335
STARLINK-3159,49415,-5839.967706127397,637.6077574146892,3644.6059820858463
STARLINK-3133,49416,-6415.778177782183,843.8923182843571,2438.8072509447825
STARLINK-3154,49417,4779.599632954692,1155.5205018517506,-4873.6388518916965
STARLINK-3111,49418,-5587.412479164414,-793.2997323127282,3992.1816365135783
STARLINK-3120,49419,182.4658957582535,-4421.747470806726,5307.076939329043
STARLINK-3110,49420,-4083.446379805524,-2334.778372229502,5062.968766307696
STARLINK-3112,49421,4078.207141055024,2341.5425505599046,-5081.093873272813
STARLINK-3161,49422,436.4860752287468,4253.403968667191,-5445.6222794906935
STARLINK-3135,49424,2393.4706546803086,-4707.050499535391,4459.802597818125
STARLINK-3139,49425,6508.486884488046,-1243.881202631548,-1998.1236593807937
STARLINK-3114,49426,5751.573021728056,-3613.4570112970882,1306.5892092016081
STARLINK-3131,49427,5870.55121019344,387.45354229328996,-3648.004835159318
STARLINK-3121,49428,-4320.761749467018,4443.0455644059375,-3082.9371053055715
STARLINK-3138,49430,-429.7215853402273,-4247.523575081891,5433.546889059665
STARLINK-3153,49431,-6474.849892042186,2366.180040675307,580.3866078160938
STARLINK-3158,49432,-3621.710715612065,-2404.570696966193,5371.304665958801
STARLINK-3079,49433,-3969.5425407577795,-1755.4739591415096,5376.819906387441
STARLINK-3134,49434,6372.879951114723,-660.944339173233,-2616.829201511003
STARLINK-3117,49435,-5366.213348034552,700.9604017717887,4300.057405448271
STARLINK-3049,49436,-5155.370371422361,188.2550858475091,4599.683313544673
STARLINK-3130,49437,587.5213212955119,-5210.493623768017,4481.058090074093
STARLINK-3044,49438,2981.7154931355967,-5638.703791068298,2670.5136350464336
STARLINK-3105,49440,1630.0149125848288,-5524.3393988737,3822.8976064552153
STARLINK-3128,49441,2643.041440741733,3187.218816150037,-5528.442717817123
STARLINK-3098,49442,5219.121352091436,-4492.949257800289,-512.0038300695727
STARLINK-3136,49443,-1100.1335785133406,-4368.7446948500465,5231.7007702960755
STARLINK-3126,49444,4483.867748612541,-5196.825489408337,861.286416785531
STARLINK-3122,49445,3629.6332930904746,2418.530347117819,-5377.122721346018
STARLINK-3099,49446,5597.134232811113,-3758.7868686427596,-1561.6642506018713
STARLINK-3115,49447,3040.4970698290035,-5154.911757165659,3460.9125021297086
STARLINK-3137,49449,878.9692280701171,5754.59730232749,-3514.5573840365882
STARLINK-3127,49450,-1139.654456320496,-4120.511275200577,5428.80568910768
STARLINK-3125,49451,5798.650196251306,-3772.2021489786002,-131.3204970602023
STARLINK-3150,49452,5124.539296070979,706.448940625153,-4601.095979647447
STARLINK-3129,49453,6171.420736412371,-2026.1725470629613,-2345.5337474632875
STARLINK-3160,49454,6193.340313933503,-2340.3471215771942,-2016.4746294014637
STARLINK-3145,49455,1147.6555854300411,4126.184656016356,-5439.965369633187
STARLINK-3124,49456,6007.965427696275,-1089.4895234697642,-3261.4757630034833
STARLINK-3132,49457,-444.5926705212467,4784.112367878211,-4984.84154916395
STARLINK-3156,49458,3156.4980245383044,2815.762074050891,-5481.358187807765
STARLINK-3141,49459,-3028.7867415606675,5162.211081380642,-3477.8761017746797
STARLINK-3140,49460,-4692.797006082282,4760.788281014664,-1791.5346114345668
STARLINK-3219,49724,3599.952152044385,5022.2305981646305,-3119.581184130406
STARLINK-3218,49725,300.3432121556758,-6471.468306002843,-2436.2611446853907
STARLINK-3242,49727,-4129.094616202118,146.49332171526606,5538.46616088715
STARLINK-3240,49728,-3749.9089532406424,2501.0977926721225,5237.937206229198
STARLINK-3251,49729,-4011.5856572539465,-2231.1690471211564,5165.692246737543
STARLINK-3249,49730,4137.36566552564,-144.01581623239656,-5549.906017314724
STARLINK-3246,49732,2938.4488140889334,-4546.118498322939,-4315.750311359222
STARLINK-3252,49733,1096.2646646793094,6776.536704762488,-871.0246911497629
STARLINK-3238,49734,3010.4030400266142,-3623.609769382767,-5073.438690791316
STARLINK-3113,49735,-1728.4789266407674,6053.020242122404,2861.1227745506335
STARLINK-3148,49736,3901.3781289283247,-1429.8569783176913,-5538.169342670058
STARLINK-3225,49737,1758.9734177242076,-5368.658890479152,-4000.647253178721
STARLINK-3143,49738,4172.7944358500135,3399.7679490752557,-4345.049280266071
STARLINK-3155,49739,4018.227816990671,2222.3900825363316,-5181.711212288224
STARLINK-3226,49740,-3808.8889708022903,-4590.708186455317,3495.3345664136045
STARLINK-3244,49741,-2865.6852302746297,-6027.4141757626485,1814.7497696270154
STARLINK-3202,49742,-3889.0460291409113,1446.0146313896983,5525.771604154325
STARLINK-3239,49743,-1583.976043908128,-6734.47595539133,-92.12911944389217
STARLINK-3231,49744,-4251.721585503234,-299.78029675883033,5439.008810807279
STARLINK-3241,49745,-4288.680898513138,-2597.3498813796314,4756.7018944749
STARLINK-3233,49746,1223.4587630349145,6785.442350691988,567.4015277029298
STARLINK-3247,49747,-2997.2912394127134,3629.951180149912,5059.6674872835165
STARLINK-3248,49748,-1235.1861518710857,-6780.269194468686,-618.5450495121244
STARLINK-3250,49749,3710.853863698565,-2041.4623479502193,-5477.172390897127
STARLINK-3236,49750,4259.2785169009985,309.02493198123284,-5449.653273137298
STARLINK-3229,49751,-265.5894850380293,6473.318797001968,2417.929430416405
STARLINK-3209,49752,-1633.0016005316334,-6549.600909496233,-1526.1555988359005
STARLINK-3200,49753,4219.2699113875005,3156.146292082292,-4490.27195421743
STARLINK-3193,49754,-2701.7339019751244,-6368.884981189709,-101.24753144222336
STARLINK-3210,49755,2714.7083476345474,-4130.965008059649,-4847.676993232293
STARLINK-3207,49756,-4541.221206985536,-3881.423773652873,3480.274812657336
STARLINK-3197,49757,-3044.740710009291,-6199.6155411395275,395.3911626903437
STARLINK-3194,49758,-4245.537099735763,418.67539820011723,5435.868688957475
STARLINK-3204,49759,-3858.7722077777753,-5451.680398984313,1795.7631082719288
STARLINK-3199,49760,-1960.819898189132,4522.048303670225,4844.66906011316
STARLINK-3203,49761,-4675.716739612622,-1844.2315190995455,4743.728318823977
STARLINK-3195,49762,1250.6399578225696,6509.059776085257,1974.9039928896352
STARLINK-3198,49763,-3302.265200932553,2629.751430894225,5470.568037737571
STARLINK-3227,49765,-403.5675647432206,5853.838950797832,3651.642765287111
STARLINK-3190,49766,4644.177998087384,3340.757667395891,-3898.9721809037387
STARLINK-3192,49767,2705.6163330885124,6366.486288164932,112.84875249170496
STARLINK-3196,49768,4250.789406571676,-429.3760077749894,-5447.9686336277
STARLINK-3208,49769,4055.191961443429,-1007.7439525941015,-5520.747986996031
STARLINK-3191,49770,1576.5421691972383,-4935.824317445272,-4591.619272585093
STARLINK-3201,49771,1969.3016681540787,-4524.437828802205,-4856.1470852619705
STARLINK-3297,50159,1169.4809427883865,-4020.967603174412,5496.55267541767
STARLINK-3304,50161,-4880.633365500548,-3271.7175806824202,3642.9228392765426
STARLINK-3306,50163,-6483.202978632061,2153.4354188361576,-325.9824915787952
STARLINK-3298,50165,3953.315307348952,-3137.9156520701727,4721.567709164651
STARLINK-3305,50166,-6059.022523755005,-1723.9471359486777,2851.1745943479423
STARLINK-3271,50167,6459.801845876009,-1007.0763590376519,2254.769498881194
STARLINK-3301,50169,6871.152132256262,-727.510705588193,348.147968952837
STARLINK-3245,50170,-4070.4189634170757,-3175.9055268709403,4595.23444739454
STARLINK-3286,50171,-6769.664659561875,-469.72766188017124,1248.2622956018292
STARLINK-3287,50172,495.9437061590688,-4160.752756014127,5494.461239964446
STARLINK-3289,50173,-5569.82399557195,-1372.426836038286,3829.745458523129
STARLINK-3292,50174,-383.91886340879955,4207.480058171735,-5484.761036596788
STARLINK-3291,50175,-5740.15723711693,-2058.30724383802,3258.222826851571
STARLINK-3293,50176,4796.910813332002,-3193.530288152261,3818.750959633309
STARLINK-3282,50177,-1914.4907839001917,-3904.209007535324,5370.568009995096
STARLINK-3283,50179,2794.2421547176127,-3916.266727557096,4961.742785543498
STARLINK-3265,50180,6827.667980626385,343.728929028629,-1072.1489345019122
STARLINK-3285,50181,4550.070048519733,2933.2744649290166,-4314.628725465065
STARLINK-3277,50182,-6571.494910261398,-948.3718293569646,1886.6030819947755
STARLINK-3281,50183,1906.753679022879,3914.193716467683,-5383.347079624164
STARLINK-3279,50185,6704.4992681516605,719.8845869692141,-1557.6008537183639
STARLINK-3274,50186,5645.284112609872,-2000.4791109943944,3454.367656086294
STARLINK-3272,50187,-41.02761126888786,-4212.367283556034,5466.908597208296
STARLINK-3276,50189,6850.555517012783,-654.483025172024,-477.25657366630634
STARLINK-3268,50190,-3537.3380291503695,-3044.597674694706,5082.621053657406
STARLINK-3273,50191,-6869.03546212641,-819.8738038035033,110.05691715730744
STARLINK-3259,50192,-3096.0319845324484,-3275.184149487333,5238.49441113894
STARLINK-3261,50193,-6781.811762349542,857.7136670664947,1060.2086420924932
STARLINK-3266,50195,-6256.686847948975,-666.2945051252616,2867.45249569277
STARLINK-3267,50197,1513.9786037439167,-4348.2296864078235,5153.388538676289
STARLINK-3264,50198,6782.18181314273,-832.5795216779036,-1092.4876073887879
STARLINK-3270,50199,-1491.1909272144944,4356.021801831543,-5170.324241265334
STARLINK-3235,50200,6487.455852705346,-2251.6888497162377,835.6021917608425
STARLINK-3256,50202,-3684.1504371528854,4122.732626665474,-4165.86438286738
STARLINK-3257,50203,3154.320953863579,-4221.794012942136,4472.165594189925
STARLINK-3254,50204,1453.723193172235,3905.2391248051895,-5529.2530022985675
STARLINK-3260,50205,5370.897395801007,-692.1148096338757,-4313.325912283124
STARLINK-3323,50804,-3402.269609394876,-4335.852621574466,4172.004079893506
STARLINK-3333,50805,-2384.180732639439,-5916.012763669067,2670.6642728681545
STARLINK-3335,50806,-1078.6621100763932,-6780.279033241127,848.0209813754321
STARLINK-3355,50808,1749.7915224930778,-6049.396088565838,-2873.217991787788
STARLINK-3232,50809,354.35652492811624,-6827.087371952899,-1073.8877104676717
STARLINK-3338,50812,-2923.3353900316265,4552.914818342118,4301.565877478847
STARLINK-3349,50813,-5115.829368939224,-4198.695509092751,-1603.6602778445006
STARLINK-3324,50814,-3023.099613168904,5294.640222842617,3260.518998138179
STARLINK-3234,50815,986.7046160349834,6468.572985902054,-2255.903241942393
STARLINK-3342,50816,942.2981099687798,6702.524935709977,-1312.7989655238139
STARLINK-3341,50817,-465.5121493145882,6892.97409008755,-381.1207624717443
STARLINK-3336,50818,-4006.2644210297676,-1158.5584605434447,5509.233427733663
STARLINK-3327,50819,-3821.622066110551,3480.4747523471997,4588.6687476347815
STARLINK-3339,50820,-974.125545978608,-6470.083935340916,2239.2306697660756
STARLINK-3346,50821,3372.3763700568056,3421.89021474092,-4985.346442900455
STARLINK-3343,50822,1868.135806070778,-6481.091184312135,-1548.197877412586
STARLINK-3334,50823,-1853.37263444913,6486.367195349128,1527.9520131200888
STARLINK-3332,50825,470.3458434850833,-6892.306117546421,374.8061772531225
STARLINK-3329,50827,-3361.2279902340442,-3417.2406884000343,4978.229261824422
STARLINK-3290,50828,1512.2468423964986,-6668.4598193396705,-1063.7125781087827
STARLINK-3294,50829,-4165.926577773503,1219.8355294628577,5376.548817324982
STARLINK-3278,50830,-533.0462973426589,6659.835443160406,-1805.628917330288
STARLINK-3299,50831,4010.823585330503,1177.9990923056273,-5519.516680324433
STARLINK-3328,50832,-241.68103740547014,6571.754576186934,-2157.018888349186
STARLINK-3331,50834,-4405.740929410264,2202.929467519929,4847.792547615946
STARLINK-3310,50835,2525.9736332037833,-6376.265782433449,-883.4240948616789
STARLINK-3330,50836,134.91307660187533,-6541.046588322273,2241.146738129514
STARLINK-3318,50837,4174.180883694248,-1218.304124336162,-5387.844940546131
STARLINK-3320,50839,550.6637147208805,-6659.800434224931,1782.9167468339238
STARLINK-3295,50840,2016.8948347681812,-6617.362926626953,-120.86989615064424
STARLINK-3300,50841,-2395.4648785060135,-4423.693822757238,4739.402988607803
STARLINK-3302,50842,3240.64879738246,-5775.0071971595335,-2011.4494774363727
STARLINK-3326,50844,4224.326434460525,121.19066885129085,-5484.367613578111
STARLINK-3230,50845,-3225.707220391099,5785.631948377953,1988.445642859259
STARLINK-3308,50846,4075.7588727307607,-4245.541577012576,-3644.8356383191294
STARLINK-3315,50848,2403.37884237488,4425.613131161785,-4750.586706592265
STARLINK-3311,50849,4413.887032860714,-2189.1744916156626,-4863.870291758
STARLINK-3312,50850,390.32326446389334,-5871.936998615528,-3645.2639788311258
STARLINK-3314,50851,-1994.0747288164118,6624.335901370894,101.08364507881521
STARLINK-3366,51104,2280.872487991703,5266.811377700485,-3869.1969607153424
STARLINK-3350,51105,-5740.6884064780525,-3844.6267661055467,-373.8062709175338
STARLINK-3176,51106,4666.776330904886,-1204.3917397024268,4952.990112740292
STARLINK-3362,51108,-4698.727952946769,-4844.189205058667,1516.4115238819584
STARLINK-3358,51109,-3046.8579910058834,2897.9334431263533,-5500.294986496832
STARLINK-3344,51110,1048.2885089449762,-4228.709262063098,5363.750786283137
STARLINK-3173,51111,4673.77677722821,4861.420452966973,-1554.7050315859994
STARLINK-3374,51112,2550.429318936661,-3279.396581167733,5521.51563136429
STARLINK-3372,51113,5729.806641509729,630.6374464404754,3816.1552373552477
STARLINK-3375,51114,-3063.451692311159,-5272.3812957310465,3258.8796907794613
STARLINK-3397,51115,5732.004993789625,3857.8349238273363,352.7281043154586
STARLINK-3243,51116,4292.854620848132,-1665.374460387791,5153.186760937749
STARLINK-3391,51117,-5735.008837660885,-610.9877861130233,-3828.712148952293
STARLINK-3394,51118,6099.136583887059,2387.975068293285,2218.96579890248
STARLINK-3398,51120,-5517.349331074274,-138.94554865765545,-4178.784634336525
STARLINK-3399,51121,1608.70845501224,5181.066831708322,-4300.599121574387
STARLINK-3392,51123,-6103.984828648603,-2373.253858075166,-2238.526813796577
STARLINK-3389,51124,3871.2424845040605,-1853.3822923240336,5415.608812431509
STARLINK-3387,51125,5594.349022865154,3393.1641404093234,2239.404694848056
STARLINK-3386,51126,4794.37793190763,-398.09874858416725,4961.555414668688
STARLINK-3370,51127,5528.609501287965,1594.6707791259205,3831.644748319981
STARLINK-3400,51128,-329.7124365712806,4927.708847270424,-4851.487767405334
STARLINK-3396,51129,3479.7038965466277,-2342.862141116877,5491.071472555924
STARLINK-3395,51130,4722.273898153056,5055.281004746502,-127.39055181228254
STARLINK-3388,51131,1616.8608609743349,5653.087535213813,-3653.667873897418
STARLINK-3393,51132,3373.168911400037,5698.518889100335,-2012.4333625862757
STARLINK-3356,51133,-2237.6994494899545,3610.3487071268696,-5467.426644632472
STARLINK-3363,51135,-5607.52011687512,-3374.0641207890235,-2252.8001457954506
STARLINK-3253,51136,-3399.715187644831,-5680.683778674975,2001.0811038743147
STARLINK-3180,51137,-5508.013054933976,-3787.136483167653,-1792.5052980414266
STARLINK-3177,51138,-5154.019487381192,-363.5038541748219,-4606.8155700945035
STARLINK-3172,51139,-3786.199888373537,-5587.280798284816,1512.8313150988124
STARLINK-3175,51140,-5530.668445543693,-1570.121608190113,-3855.8717250332
STARLINK-3179,51141,313.31125507601575,-4927.765014760939,4835.7854398242125
STARLINK-3369,51142,5165.184942116263,-1509.870104718911,4258.111889439296
STARLINK-3184,51143,5119.935294626805,3491.8558350201783,3066.3441804721633
STARLINK-3185,51144,-2120.3958069744417,-5728.477138912024,3239.363046712037
STARLINK-3354,51146,-4995.382178524566,-4771.159079759661,-397.1660548416606
STARLINK-3352,51147,88.38884765063001,4531.61471621755,-5141.405998907059
STARLINK-3359,51148,4130.887247959012,5527.369339332098,264.0605412413404
STARLINK-3360,51149,-5141.734194075548,-1984.8966737931019,-4183.200991136162
STARLINK-3357,51150,-3882.5467413879796,1861.3112014902913,-5421.818981380334
STARLINK-3364,51152,1594.9330982306144,-4429.621693347628,5059.207718974267
STARLINK-3181,51461,-2465.0475227682077,-4813.115950975265,4305.360758472201
STARLINK-3166,51462,2221.392484158838,-3514.821529248139,5500.601613914499
STARLINK-3419,51463,3785.021652699181,4695.213513308605,-3392.852782153893
STARLINK-3189,51464,3957.7464271492545,-2366.4259863138273,5146.992900322386
STARLINK-3401,51465,5473.077419746424,-786.8666523503626,4148.124685382652
STARLINK-3178,51467,2451.6303024380245,4820.357675167022,-4322.069545176595
STARLINK-3174,51468,5731.93035415266,3720.4830399926213,-1091.1740378607667
STARLINK-3182,51469,1963.9755657309245,-3659.164420508284,5522.758693082415
STARLINK-3415,51472,2988.424704715763,4801.542262296786,-3992.3933129279158
STARLINK-3528,51714,847.2997746303683,6786.030871980111,-1058.5110382998027
STARLINK-3533,51715,-2107.7253642456503,5001.5039080463675,-4297.388093522766
STARLINK-3543,51716,453.2406449729448,6730.066152735145,-1545.2246032957912
STARLINK-3445,51717,2253.7401769268636,6482.488027676518,867.0395387853077
STARLINK-3546,51718,-1835.3793299160507,-6553.428307428517,1044.0390165957097
STARLINK-3540,51719,-1062.1501465209135,6012.724168946942,-3261.0688343892293
STARLINK-3526,51720,-3416.893644428115,-5381.815655225703,-2696.471438391447
STARLINK-3524,51721,-4072.553739305273,886.1371472046301,-5528.4654270491965
STARLINK-3535,51722,-1932.1681018797526,-6632.4543439671115,-391.21769258745735
STARLINK-3529,51724,1043.7422869833654,-6013.876173328579,3247.8776473647995
STARLINK-3522,51725,-3152.5761955196103,-5737.099606639727,-2247.31781142122
STARLINK-3527,51726,-1928.184228402743,4541.4725799602675,-4844.122881248981
STARLINK-3532,51727,-471.200234882584,-6730.7701734270595,1522.388924360901
STARLINK-3523,51729,4280.368775149682,4735.050293641352,2660.1417074711544
STARLINK-3514,51731,1996.491900431347,6537.345974138096,-1079.1358820639011
STARLINK-3518,51732,-3866.721564393703,1554.7470582661942,-5528.921660580494
STARLINK-3525,51733,-803.5888109568547,5607.131042082733,-3979.6622736532154
STARLINK-3450,51734,-4289.323981480568,-4728.184912274437,-2674.857191099571
STARLINK-3517,51735,-4559.512963129051,-697.1712567109955,-5163.471916293994
STARLINK-3447,51736,-4446.233397916656,-4300.119036099787,-3106.6644598078674
STARLINK-3509,51737,-4709.328862368578,-2895.1259720762755,-4167.307938129384
STARLINK-3515,51738,1202.603847366708,-5283.2902149481115,4291.829108396148
STARLINK-3516,51739,-3351.6617126496626,-5992.739463421501,-858.4498775503691
STARLINK-3500,51740,3858.7544978124706,-1552.6847070552315,5517.922712742494
STARLINK-3520,51741,-850.1636657996632,-6425.869104812975,2409.980770264921
STARLINK-3521,51742,-1997.9294231340168,-6539.172022565651,1047.9107024730145
STARLINK-3512,51743,-3470.2296363410646,-5955.8155324086065,587.4508379633619
STARLINK-3452,51744,4700.4144750718015,2904.3471860057125,4154.071880511816
STARLINK-3449,51745,2694.5674890188475,-3637.1802897988396,5221.490583291774
STARLINK-3502,51746,-4773.251807936448,-4671.924316906222,-1812.7867183282076
STARLINK-3446,51747,4424.222945444091,125.95405654239677,5306.989529536153
STARLINK-3501,51748,-1939.352526968501,-6177.97116295993,2427.9842219874436
STARLINK-3451,51749,-1228.5458606637478,5281.378039511499,-4303.922751335543
STARLINK-3505,51750,1148.6284235896387,-4813.240330422924,4824.857294037131
STARLINK-3506,51751,-3798.467942557352,-5782.160711721191,82.99630661371158
STARLINK-3511,51752,4847.1445980260105,4477.390408829327,2015.4755258509658
STARLINK-3507,51753,-646.2750952762689,-5856.937262907213,3615.836552869973
STARLINK-3457,51754,-1605.4784698336216,4436.594185693266,-5066.602282885223
STARLINK-3460,51755,4390.56253479666,-617.867249307505,5300.228811663851
STARLINK-3513,51756,-3196.208668619541,2695.5868373142644,-5518.505794602907
STARLINK-3459,51757,-4127.698665551666,1186.260368149562,-5430.564051238148
STARLINK-3458,51758,-5130.631676706,-3475.937831301915,-3083.4445836870145
STARLINK-3456,51759,-5168.57635550543,-2896.1353170975117,-3556.6291889204513
STARLINK-3622,51768,2957.480590736256,5203.7281465801725,3460.4999860794583
STARLINK-3621,51769,-4161.93089354555,-1074.478861941836,-5423.554014968427
STARLINK-3612,51770,1771.1285774413423,6443.798970339832,1782.1067119286724
STARLINK-3614,51771,-1078.1976965269175,6537.270700700278,-1999.9802528228965
STARLINK-3623,51772,-3420.2657936339065,3578.053339019667,-4840.766095113367
STARLINK-3624,51773,-2370.116588141762,5405.798148934322,-3615.372751071834
STARLINK-3629,51774,-4168.379664545806,-1057.4278987077387,-5426.084947885107
STARLINK-3620,51775,152.8491939979241,6507.3569858666515,-1927.859081892308
STARLINK-3608,51776,-3798.1420211517457,-3325.6894737877,-4737.582311442654
STARLINK-3625,51777,-4183.235018798132,-433.61870389658634,-5499.805592720322
STARLINK-3615,51778,-3532.013410271283,2572.8625021747325,-5370.383683414883
STARLINK-3611,51779,-3941.2355224310854,-2755.9261479702272,-4980.3196443429
STARLINK-3617,51780,1064.9203149881544,-6539.580062706346,1982.5488090921901
STARLINK-3580,51781,-387.115029425394,-6907.156104089803,97.14722962719809
STARLINK-3616,51782,-246.62032118019255,6876.316980904918,689.1078824651432
STARLINK-3628,51783,-1815.117212566522,-6415.608199451971,-1848.4540169380468
STARLINK-3632,51784,-4184.586207812319,20.200930249131726,-5515.956056537392
STARLINK-3646,51785,2058.783681935015,-5755.094832128399,3232.0575119221144
STARLINK-3638,51786,-2909.69900501472,-4409.777842624611,-4473.830940675953
STARLINK-3619,51787,-4112.649856452641,2167.6186559926687,-5113.759197535469
STARLINK-3641,51788,1176.0009047100286,-6793.257971820794,570.4011281332034
STARLINK-3639,51789,-3771.0161910043485,-2345.12311708821,-5311.576741836468
STARLINK-3631,51790,3301.4821312018685,-4848.8081364040345,3656.715785615047
STARLINK-3602,51791,-1695.4550991847304,-5954.71130308841,-3095.3453772870353
STARLINK-3626,51792,4083.5874993140533,-2377.4447050849176,5042.938280665325
STARLINK-3633,51793,-5178.339021726708,-1713.356921319509,-3739.926631579237
STARLINK-3573,51794,4089.3671774634977,1557.9348583955918,5103.728608285219
STARLINK-3586,51795,-264.2261163949515,-6780.551874931114,-1357.8020577123696
STARLINK-3634,51798,-1187.6281484811589,6791.481507562261,-586.5684891064368
STARLINK-3637,51799,2644.8913120475772,4823.3754947232155,4183.446785163371
STARLINK-3592,51801,1689.9702111172091,5951.538307991165,3087.699012052687
STARLINK-3544,51803,-2823.962499343691,5602.793859612205,-2917.7983947887046
STARLINK-3601,51804,3985.1277239565015,4163.221793951885,3818.3009864596056
STARLINK-3605,51805,4350.076705921253,2069.1756559392834,4956.640364357025
STARLINK-3606,51807,2381.744606268679,-5384.530896920322,3623.9443891463366
STARLINK-3609,51808,3791.8751832443872,3319.6359501841243,4730.054107309401
STARLINK-3607,51809,4028.7043797349497,-1340.3483292949963,5451.697544894802
STARLINK-3613,51810,-2457.645158408221,4562.238102142877,-4590.158733703354
STARLINK-3569,51811,4159.945583158898,1062.1432786322184,5414.407543595957
STARLINK-3610,51812,2430.4099146484464,-4571.707913898756,4578.706662873938
STARLINK-3552,51813,3136.9002160995483,5746.255095200539,2228.552330338049
STARLINK-3599,51814,4191.25066219369,-271.09999530232477,5486.968558870269
STARLINK-3604,51815,3524.575186219041,-2575.305014517576,5356.883800847347
STARLINK-3542,51852,1060.4668152860922,-5883.294144855933,-3490.2625096140728
STARLINK-3541,51854,-4870.319295510386,3654.8299199980347,-3228.924994298804
STARLINK-3545,51855,4914.871635357214,-560.2666482872554,4826.53302373673
STARLINK-3568,51856,3830.4879013922637,-5747.083670964886,-420.35703327009895
STARLINK-3571,51857,5069.55691643591,-1087.9810476688308,4570.305185571494
STARLINK-3563,51858,5287.890152071451,-2601.6736593607666,3614.562851121799
STARLINK-3560,51859,-833.1366042494376,-5444.8751087873125,-4192.532689951785
STARLINK-3559,51860,-3395.9986593193908,-2480.413278704203,-5500.198673810589
STARLINK-3562,51861,2787.3336030866712,-6320.568378375132,-397.3807501637346
STARLINK-3508,51862,-2018.2364330460794,-4373.531323355478,-4972.870736466409
STARLINK-3555,51863,4666.547253334666,-3942.7274345485803,3237.217408342266
STARLINK-3548,51864,3962.3663670589217,-5462.2096137475855,1517.689779020735
STARLINK-3503,51865,4359.140610760958,282.48881611148914,5354.383330989664
STARLINK-3553,51866,3686.3262310630007,1925.176455176432,5518.439447030289
STARLINK-3590,51867,3388.817425873511,2476.691646293043,5489.103417036156
STARLINK-3578,51868,4803.389519018877,-1946.7697163732546,4572.695663921382
STARLINK-3588,51869,-1286.0826105647225,6415.256163049386,2239.9866830692026
STARLINK-3591,51870,2009.708176067435,4371.756233079039,4961.143942540119
STARLINK-3567,51871,-2801.666878581449,6314.488271805872,376.8420941522668
STARLINK-3554,51872,389.9469805905323,5737.446265551106,3836.7369213462084
STARLINK-3582,51873,-3167.524683035137,-3236.3701399436172,-5181.900055992509
STARLINK-3574,51874,-3979.2465950592245,5450.707682416738,-1532.6596535737006
STARLINK-3585,51875,-400.01980950500916,-5743.994320068333,-3842.5315885701843
STARLINK-3583,51876,-4677.273770386361,3926.0856697064414,-3259.752494990199
STARLINK-3556,51877,-605.5036717044451,-6167.866788763933,-3059.3538377330865
STARLINK-3575,51878,-4362.883254053486,-296.7460147183537,-5367.321866704261
STARLINK-3572,51879,1283.26567880886,-6743.759983142423,-871.0849731657454
STARLINK-3566,51880,-4798.585478251705,1932.3350303284776,-4600.889422302804
STARLINK-3504,51881,3714.210189686596,-5095.401235122225,2838.0713635926854
STARLINK-3570,51882,-651.5982490608924,-6146.819618365808,-3115.4692306024212
STARLINK-3576,51883,-238.23169071815843,-6370.3886091659715,-2696.371803121283
STARLINK-3577,51884,2659.1131803277895,-6299.583755895221,1046.526909890304
STARLINK-3584,51885,3957.2695798888653,1282.1145540777193,5517.513033054107
STARLINK-3565,51886,4380.442897942527,-2844.5122765904016,4525.9489253985375
STARLINK-3551,51887,2132.596338030388,4785.737438833915,4492.277657383814
STARLINK-3536,51888,4404.225892594705,-1050.8173063105494,5220.406862724876
STARLINK-3547,51889,-2736.3189371292024,6238.084948783333,-1174.5184791843403
STARLINK-3549,51891,-3791.6935131534783,4934.297188435878,-3002.6607095317177
STARLINK-3587,51892,239.88498062743147,6372.405329123866,2673.5829472394416
STARLINK-3579,51893,-4349.438513622442,514.271877506159,-5359.377900816486
STARLINK-3595,51894,-4215.229149520425,3783.5436943336254,-3967.038406484157
STARLINK-3594,51895,-4238.507235397929,-180.26355200112675,-5467.023582772941
STARLINK-3593,51896,1728.721740176802,5234.598872212892,4170.471566339267
STARLINK-3598,51897,-3333.943739029174,-2893.4295272086374,-5320.7436748855735
STARLINK-3597,51898,-2143.517793499702,-4784.420105533226,-4505.940211261021
STARLINK-3700,51956,-4294.259099028165,2883.326308260652,-4497.0904500004635
STARLINK-3694,51957,-4027.4040278744255,-1418.9527735227805,-5361.645607543917
STARLINK-3692,51958,-3304.66080794408,-2924.9185188409006,-5244.537094193291
STARLINK-3704,51959,-2421.6471699446897,-3464.2942082165287,-5396.076428027772
STARLINK-3691,51960,4305.612737836159,-5326.076681539893,110.09396676063851
STARLINK-3697,51962,3974.106113518405,-5321.013791691804,1668.0087553430571
STARLINK-3675,51963,-1742.627768302366,-5249.75621010624,-4046.4052689569958
STARLINK-3690,51964,3434.4327118138403,2317.5128670464183,5443.836964581427
STARLINK-3696,51965,4029.1780223965957,1411.5250215436004,5345.532137957511
STARLINK-3699,51966,-246.8239869278922,5391.744135357961,4207.498198503577
STARLINK-3681,51968,-442.8959131986735,6128.939566400681,3016.735885334431
STARLINK-3680,51969,4522.44683455792,-503.7785098233637,5109.003750164505
STARLINK-3677,51970,3115.909410833363,-5869.944014045419,-1686.0550395356029
STARLINK-3669,51971,2455.6788881425814,-6348.582689438817,-771.5557223069063
STARLINK-3671,51972,5363.43064884492,-2953.5263101157407,3072.0222143726314
STARLINK-3679,51973,-4331.612038547692,5305.351804944738,-110.41861862800404
STARLINK-3672,51974,-2548.73460524593,5927.579243915623,2290.218055826038
STARLINK-3674,51975,1670.4505008528158,4704.736742388596,4679.387357737995
STARLINK-3660,51977,-2369.458657792799,6092.920794741142,2255.1742559831273
STARLINK-3649,51980,-4060.282449736773,-2021.2581752924775,-5230.901202775085
STARLINK-3635,51981,-5330.660999025744,4325.038447820229,855.5183317761674
STARLINK-3655,51983,-6094.4648925576475,3101.715453379018,-1060.2739847279738
STARLINK-3664,51984,5008.563032810337,-4571.977044560867,-1380.2435040035678
STARLINK-3651,51985,-5660.183650512391,172.9076209745399,-3981.508557018095
STARLINK-3645,51986,-3913.0073991742856,5038.278808999084,2668.557817250274
STARLINK-3644,51987,6183.903296235007,-2282.6291741569653,2043.1966272955785
STARLINK-3640,51988,2209.4786215913177,3517.521753387808,5521.949927994844
STARLINK-3642,51989,6133.9532752477235,-2919.371448934912,1293.6011142329457
STARLINK-3657,51990,-4158.1088287946495,5529.048453174725,-104.14340875312038
STARLINK-3652,51991,3080.4131868272207,2877.9123444605907,5457.597516036941
STARLINK-3643,51992,-4921.794358228221,546.9044820087714,-4838.052820638865
STARLINK-3648,51993,93.87116046657161,4598.450356125158,5158.274286897891
STARLINK-3647,51994,-3958.9149800868445,-1557.7845205485205,-5462.15050768081
STARLINK-3636,51995,-5029.77803218294,4318.108792250907,-1989.0088081212527
STARLINK-3538,51996,-2518.1528692880192,-3479.0069408811796,-5430.488087000979
STARLINK-3589,51997,-5294.255130924608,2588.9978416913964,-3631.5091184569824
STARLINK-3618,51998,3950.4048690081404,1555.807787945588,5451.755515720719
STARLINK-3653,52000,-2780.512220752691,6075.564878486472,1786.9993486995954
STARLINK-3659,52001,2919.53480222012,3010.254589474203,5491.947364326657
STARLINK-3668,52002,2506.2722346511714,3478.96302989874,5418.964029408727
STARLINK-3712,52090,-6704.5734363885085,-1661.8332544494335,389.26235873183526
STARLINK-3716,52092,-6537.454918692756,-161.25045212405368,2249.840909362535
STARLINK-3673,52093,-2810.806541888129,-4373.611537955653,-4553.434679011569
STARLINK-3714,52094,-6062.59894210264,-2968.30638329315,-1526.580553145328
STARLINK-3701,52095,2420.0634665380976,-3527.5785625310396,-5429.409695535774
STARLINK-3717,52096,6667.978431285793,1521.8199570125132,1035.5961344417508
STARLINK-3665,52098,-2750.8674495161704,-4389.446392397575,-4592.902009663165
STARLINK-3702,52100,2141.0744643166036,-3647.2915606778365,-5479.61731554011
STARLINK-3703,52101,-4681.80191382076,-3928.287638518117,-3250.9579788543388
STARLINK-3709,52102,-53.42554360028315,-4171.700478101389,-5525.441989565176
STARLINK-3705,52103,3984.8144369671686,3676.13328208277,4288.127249976368
STARLINK-3706,52105,73.15044070013272,4164.907174717764,5513.316856943277
STARLINK-3670,52106,6537.040663277889,145.93822685187942,-2269.111970602856
STARLINK-3658,52107,-2869.707030957091,3578.108043261962,5168.910147180874
STARLINK-3698,52108,1818.058608065272,4141.330726481994,5224.887836637981
STARLINK-3687,52110,-562.0310762294907,4106.042968576132,5529.061498684987
STARLINK-3708,52111,-6862.2771534684925,-108.56699884724183,867.5071297087461
STARLINK-3734,52112,6670.411271277605,319.2870784277377,1241.5697896393074
STARLINK-3736,52113,-5656.73044797405,-2783.085733840003,-2857.639408012164
STARLINK-3737,52114,-6230.886215966592,1333.1091259038524,2686.5083709380406
STARLINK-3685,52115,-813.8814923095937,-4191.674559335578,-5440.2462704385025
STARLINK-3735,52116,-6663.613319469821,-1537.8758276648218,-1057.5920952601148
STARLINK-3738,52117,2866.5924231228323,-3587.649440598466,-5181.388921250898
STARLINK-3743,52118,-3986.6791618580555,-3683.0285083755853,-4297.55277561195
STARLINK-3558,52119,6717.020931903273,-438.3507867514769,-1567.944674247936
STARLINK-3534,52120,2079.6870072507877,-3821.30169129749,-5374.083409691335
STARLINK-3678,52121,3060.6868674909047,3596.2704882446383,5045.478356625736
STARLINK-3726,52122,4847.247706295027,-2620.691298322961,-4190.725255508713
STARLINK-3725,52123,-6547.927998041545,-1049.6443173489224,-1979.9962930362867
STARLINK-3727,52125,-3835.8333304141206,3609.150762202416,4476.071395976078
STARLINK-3732,52126,757.5676326674559,4095.321141283804,5513.683486398352
STARLINK-3715,52127,-5571.257541326344,2681.768162320912,3094.573964998513
STARLINK-3661,52129,-6895.133426040708,4.736803478129157,-580.019565878763
STARLINK-3711,52131,2711.2424817910623,3511.3636670557044,5260.330605733875
STARLINK-3718,52132,-6634.128572336019,1429.593334482614,1337.8598645175498
STARLINK-3707,52133,-3062.7655453755156,-3604.0331469155813,-5056.114440797674
STARLINK-3721,52134,-4992.32691107287,-2673.2557156874236,-3981.6029673006647
STARLINK-3729,52135,3949.0783888040933,1929.1259972327011,4875.615787993117
STARLINK-3720,52136,-759.3500250225867,-4103.487151858151,-5524.783134795293
STARLINK-3733,52137,5564.702743282279,-2694.7775355251383,-3112.3451929073003
STARLINK-3723,52138,1612.604001238637,-4110.822115051712,-5332.78876042468
STARLINK-3730,52139,5653.345288455974,2778.121377398055,2851.6739135963635
STARLINK-3682,52140,6629.856170158945,-1445.2837316686873,-1359.0357353807904
STARLINK-3761,52262,5298.977160055466,4411.609417534072,563.7243878578271
STARLINK-3786,52263,6006.978861039612,3156.396456469645,-1358.070978859501
STARLINK-3795,52264,3948.0262528380854,5139.778922929447,2412.0416977906825
STARLINK-3740,52265,2123.2374069986936,5244.643913031558,3971.2241397450766
STARLINK-3739,52266,-1839.2123159021844,3745.5905480665765,5506.049563898149
STARLINK-3748,52267,-2044.6760194810943,3617.97433301497,5520.630508781591
STARLINK-3746,52268,-5287.204606258584,-4424.327825885659,-591.5307335145583
STARLINK-3791,52269,-3886.781075921386,2079.144958794871,5321.859654473044
STARLINK-3804,52270,-5988.988230040396,-1535.161738827388,3095.5834397150993
STARLINK-3788,52271,-5257.754718991386,287.79155347982544,4477.3856924813235
STARLINK-3781,52272,-6066.7855676432255,-2778.6154654211323,1819.04427854442
STARLINK-3782,52273,5712.928867614103,-382.76994896554515,-3891.082594076803
STARLINK-3790,52274,-3931.2001272505845,-5149.557100770984,-2435.942184102119
STARLINK-3784,52275,-5999.573902811579,-3173.6874742291634,1333.8603068870113
STARLINK-3778,52276,-2106.457639765643,-5250.059473497568,-3990.4769268785617
STARLINK-3780,52278,-29.130733728998,-4719.775505094293,-5065.234870056934
STARLINK-3764,52280,5256.194860231402,-305.52631455245825,-4495.26367609055
STARLINK-3779,52281,-2615.3276946375936,-5285.440222759466,-3625.43020782595
STARLINK-3783,52282,6463.056823163233,1685.8422296250599,-1813.2646452305357
STARLINK-3789,52283,2053.811488304298,-3621.472161402025,-5532.18937055156
STARLINK-3561,52284,5138.775960450525,4188.046322987111,1970.6913677019083
STARLINK-3802,52286,1412.7317097760997,4733.281052066443,4833.727284474034
STARLINK-3822,52287,5993.149712258169,1518.0286883175186,-3113.309591269488
STARLINK-3776,52288,-834.1026682148752,4147.029314940197,5463.858985241783
STARLINK-3751,52289,6174.088189087548,3121.186851585084,78.41916251449372
STARLINK-3772,52290,-5723.620269289852,386.52549107817947,3857.4852479539154
STARLINK-3753,52292,-6459.26793635749,-1691.128389465033,1803.9808563662577
STARLINK-3771,52293,-2444.8634817174493,3384.6691861552936,5505.755340313922
STARLINK-3777,52294,-6167.19760815628,-3134.5273812666137,-98.51220984220119
STARLINK-3765,52295,-4761.946721218801,1603.7873150893868,4745.54755220413
STARLINK-3766,52296,-1404.1606556464606,-4740.28318121417,-4846.74529440753
STARLINK-3758,52297,-5973.930242586438,-52.24934082257926,3479.763712702583
STARLINK-3760,52298,-2984.474787785667,3062.7527113989663,5427.799846085089
STARLINK-3769,52300,4765.669976081281,-1610.9499243441257,-4756.614706975625
STARLINK-3768,52301,-5129.88661978715,-4198.310460243479,-1988.2148608263803
STARLINK-3564,52302,6707.165008433287,1651.5596877717978,-403.5639882157235
STARLINK-3742,52303,2980.329556900597,-3068.434535121808,-5444.149241018917
STARLINK-3744,52304,6070.571384580112,2953.915836317601,1505.0802806310396
STARLINK-3724,52305,839.0439036712512,-4155.377297517133,-5473.876360945351
STARLINK-3747,52306,4686.102232226564,3909.1324574930873,3249.7859374493955
STARLINK-3755,52307,5972.568525076871,35.52153724914311,-3499.4078967702912
STARLINK-3756,52309,2761.8101101599896,4380.738389978941,4577.501254223675
STARLINK-3688,52310,500.7215204184872,4331.084146735224,5361.196753317997
STARLINK-3750,52311,-1847.9975241938978,3750.2692756697334,5501.599205837369
STARLINK-3752,52312,5577.515381232846,-1381.5058629428895,-3861.041940575327
STARLINK-3749,52313,3950.8813882548166,-2731.5416078208987,-4986.271913072239
STARLINK-3889,52331,-4776.4656801428455,4991.204571386944,-389.99918355592973
STARLINK-3831,52332,893.2852842479974,4505.917198861969,-5180.072414461685
STARLINK-3847,52333,-1609.7412345892208,5527.31260667595,-3844.454472812063
STARLINK-3880,52334,-5588.131689454663,3774.8123617079063,1537.5757077302355
STARLINK-3814,52335,-5717.572259374957,2110.776751381194,3264.4387536624827
STARLINK-3823,52336,5287.288097692978,-4395.362716768264,-696.1239024749484
STARLINK-3797,52337,-3400.1847312364075,5593.658742977617,-2247.8505496671523
STARLINK-3792,52339,391.4015641502267,4800.401859071987,-4973.265546234591
STARLINK-3818,52340,-172.3711646171749,5518.0135996237195,-4176.851091457833
STARLINK-3843,52341,-362.9142334457555,-4795.058268162951,4963.501925686632
STARLINK-3850,52342,1640.7308203003895,4294.484855483912,-5176.886331417052
STARLINK-3849,52343,2313.986921276528,3488.479889986408,-5514.735412359226
STARLINK-3851,52344,-3510.464363247404,5897.948203716451,-877.7673687323452
STARLINK-3852,52345,5147.860102032233,-3936.658726421283,-2430.836227229552
STARLINK-3812,52346,-5130.1113515272245,3956.184914219433,2418.8589410533996
STARLINK-3826,52347,-1510.1858758637577,5996.894969195739,-3109.8048749243694
STARLINK-3829,52348,-4476.200387374871,-505.09665267368246,5240.42734199916
STARLINK-3819,52349,-4647.591161092956,5011.912009412605,1063.6122301380865
STARLINK-3754,52350,-3250.894859256671,-2555.200572621663,5536.10177009546
STARLINK-3838,52352,1972.2930680472941,-6068.17854561177,2665.286418387132
STARLINK-3807,52353,-1635.5287840306987,-4292.693118749158,5162.840259893431
STARLINK-3877,52355,171.2779613305222,-5509.388917069752,4171.151623128183
STARLINK-3801,52356,4660.6500073229945,-4999.252350645285,-1083.306828382623
STARLINK-3821,52357,3538.703811529223,-5886.262296420879,827.108564614705
STARLINK-3837,52358,3258.743812461326,2558.6119279688287,-5547.266299591636
STARLINK-3853,52359,4420.251456989939,-5289.784510099414,-596.1575383172019
STARLINK-3728,52361,5163.927160035759,-1589.0247503401636,-4328.297455514288
STARLINK-3848,52362,-457.9154292017346,6172.041697046071,-3099.849461664162
STARLINK-3830,52363,4480.009554049294,516.5001462463415,-5253.402908446611
STARLINK-3820,52364,-4783.953968110135,2987.9630932099158,3996.5046144265325
STARLINK-3874,52365,2720.960965382412,3479.919183356074,-5331.300483462194
STARLINK-3808,52366,-4368.92894976142,4779.199286616338,2427.922033019313
STARLINK-3817,52367,-2069.303767352341,6467.081296138907,-1336.4557070098201
STARLINK-3834,52368,-3903.9155615740324,-1403.6031662121188,5525.908376978593
STARLINK-3841,52369,-3426.7544993186316,5981.36993071116,583.7708497551346
STARLINK-3827,52370,-4735.37633239314,3494.320273092503,3627.6981285940774
STARLINK-3798,52371,-4723.65175290679,1419.9615707784915,4841.0437885130605
STARLINK-3796,52372,-2708.9449630611266,-3482.4487796724693,5318.406604286174
STARLINK-3550,52373,3326.4760775996056,-6037.815634128526,-436.08623469515396
STARLINK-3762,52374,483.4053266831263,-6175.652723387879,3071.6666535587105
STARLINK-3785,52375,-1187.9737107122814,-5137.958511348529,4468.072665411114
STARLINK-3805,52377,-4631.02438100611,836.9243155768961,5060.746998018055
STARLINK-3806,52378,4796.228230140986,-2976.928412595058,-4007.732023860353
STARLINK-3800,52379,4381.659691306869,-4763.923941669235,-2452.133815843289
STARLINK-3793,52380,994.7717392125714,5894.760002792215,-3490.301047346358
STARLINK-3799,52382,-360.0860714884093,-6016.406606123796,3249.0962302857633
STARLINK-3811,52383,-981.6359701416612,-5896.418896443277,3473.7515615703533
STARLINK-3909,52452,3826.1764311294774,-3626.2856378295664,-4487.466698081818
STARLINK-3872,52453,4994.16152489208,2663.0987679309974,3968.445800324805
STARLINK-3888,52454,6327.827812046829,1406.030351406983,2409.2862605616738
STARLINK-3890,52455,3605.8853988322476,3393.2383340609895,4822.02258148931
STARLINK-3896,52456,1375.2813359856057,4011.9938471902933,5455.338175412707
STARLINK-3899,52457,-1641.0373942274337,4099.770139070547,5315.180402836654
STARLINK-3898,52458,-3293.9338339240758,3783.6149534507895,4754.1879813445
STARLINK-3856,52459,-6628.616303609709,74.49141128153276,-1988.9847566196352
STARLINK-3900,52461,-6109.664159490709,8.657889537452355,-3253.460700038885
STARLINK-3903,52462,-4594.241293285443,-2421.0128049704817,-4578.338551580511
STARLINK-3885,52463,-4934.052335724579,-1599.3783553777366,-4585.510216317612
STARLINK-3904,52464,-5718.406326707706,-1417.8866113262939,-3634.4050799372635
STARLINK-3863,52465,-3155.5763126590955,-3022.384747213186,-5370.458761103038
STARLINK-3873,52467,-2027.930828874732,-3731.346113319717,-5468.080841604247
STARLINK-3864,52468,6027.223902197056,-2872.5125632616528,-1821.9220875374037
STARLINK-3828,52469,2616.875824803284,-4304.475016008933,-4749.007204211288
STARLINK-3859,52470,6627.389293037442,-85.94633939712347,1973.8734331214678
STARLINK-3862,52471,4115.449129341153,-3994.6434506640016,-3877.1487935862024
STARLINK-3881,52472,5741.087520518047,1382.108196304687,3595.5062300254813
STARLINK-3879,52473,6735.652286211485,-1579.035015888894,75.2708664655974
STARLINK-3882,52475,306.1861508486579,-4271.86419732233,-5439.983988898043
STARLINK-3835,52476,-6545.553675345848,2000.027608271594,-1020.979859826339
STARLINK-3860,52477,-1018.5982303303282,-4070.536444069714,-5506.2298433299575
STARLINK-3825,52478,2030.049620910111,3722.105910939268,5456.673326335445
STARLINK-3878,52479,6198.769646393303,-3047.451040106744,-403.3876834505267
STARLINK-3839,52480,-307.6910621632415,4267.070049883626,5426.669586357164
STARLINK-3813,52482,6110.326150481792,-23.992564452114436,3235.254702107994
STARLINK-3875,52483,5097.922980734544,-4095.0729942405283,-2268.2301738024767
STARLINK-3887,52484,-2609.512801232799,4297.709849283451,4741.976204557721
STARLINK-3913,52485,6549.669576393597,-1632.684684885096,1508.8971861634398
STARLINK-3918,52486,-6036.1126262035095,2857.1979348795285,1799.2387301307815
STARLINK-3902,52487,3383.8768253222474,-4641.638586112125,-3862.744543490482
STARLINK-3892,52488,-6740.049037797097,1559.4361878055674,-102.06726403265455
STARLINK-3923,52489,-4605.937031630081,3806.226601406448,3477.9596907332602
STARLINK-3914,52490,1004.8018439219572,4067.534655813636,5494.956625800592
STARLINK-3908,52491,4932.252867721637,1590.0759161163314,4573.437475819623
STARLINK-3916,52492,-3395.3261423575477,4638.453339050116,3840.0559167873203
STARLINK-3883,52493,3159.8084490946876,3010.330932279595,5357.591109780862
STARLINK-3857,52494,-6437.510161473236,888.5373618719271,-2358.8310172189817
STARLINK-3871,52496,6174.512496690957,-3104.516341222385,317.1962617703627
STARLINK-3884,52497,-5108.288243152788,4083.6330352446353,2248.7224068315354
STARLINK-3925,52498,-101.70912095392902,-4603.809034993737,-5170.042001170231
STARLINK-3894,52499,-5517.144827488779,3827.1211646060483,532.4199339876823
STARLINK-3866,52500,2024.48965295519,-5129.743868164728,-4184.375116015042
STARLINK-3907,52501,1262.9081233659124,-4646.40717050387,-4974.722242403243
STARLINK-3912,52502,3904.480542081292,-5037.76984246122,-2699.259158269965
STARLINK-3861,52503,6117.783789965197,-1525.835024160154,2838.6543045531134
STARLINK-3958,52535,2752.2781600657004,6162.417978856027,1513.7628055908208
STARLINK-3964,52536,1092.4439831730465,6005.562282707658,3247.293378882702
STARLINK-3897,52537,-4914.4815858248185,-4321.108099122671,2236.6477575272597
STARLINK-3933,52538,-4422.223697356515,472.196630950239,5278.777895932631
STARLINK-3757,52539,-2404.2296818703303,3621.1856869618427,5371.968329691616
STARLINK-3940,52540,-5147.429131931166,-2549.365025357709,3846.3843537714656
STARLINK-3845,52541,4735.291744695421,4126.700184676303,-2908.367447611585
STARLINK-3937,52542,-3492.875553393615,-5944.944812452113,-529.4161884678435
STARLINK-3926,52543,-4771.472087415703,-457.2875360225847,4978.42570247594
STARLINK-3944,52544,2760.9977002161563,6291.888518461611,803.8859619139794
STARLINK-3948,52546,4305.6004881031795,5348.089313768122,-778.7490219464329
STARLINK-3931,52548,4778.682223389169,453.7249361495738,-4989.164886376385
STARLINK-3935,52549,-2734.864922203353,-6168.407681976906,-1537.7152525283993
STARLINK-3965,52550,2416.0647117430312,-3620.139996896125,-5384.506797972502
STARLINK-3969,52551,-1073.2255604725497,-6006.245455801818,-3269.4212830595516
STARLINK-3966,52552,716.4533186091218,-5127.0836953395265,-4596.644256452716
STARLINK-3858,52553,-5547.009350568933,-3477.765607436333,1244.7266207751136
STARLINK-3770,52554,1201.3351418331622,6280.945728836931,2631.6505405548887
STARLINK-3943,52557,4912.531011638007,4317.00362459959,-2265.8184126425663
STARLINK-3953,52559,3071.266534988525,-2781.730192897379,-5546.590741742639
STARLINK-3956,52560,5195.1942589396,4485.037438215423,-882.1145407487749
STARLINK-3955,52561,-3536.332224905905,2142.979442287529,5536.11099425976
STARLINK-3957,52562,2563.0686499591393,5758.012231600413,2844.165316817308
STARLINK-3942,52563,-2148.19255194968,4077.098539590412,5149.767258283236
STARLINK-3959,52564,-4288.969622953311,542.5491364802222,5390.792721474527
STARLINK-3911,52565,4119.9189693913495,5455.190122173485,1056.6446857325745
STARLINK-3938,52566,520.2093838955784,-5510.326980309262,-4159.017710050423
STARLINK-3929,52567,-1660.3719149352253,4037.1050718434135,5343.627386767957
STARLINK-3930,52568,-4502.486482647895,875.2929761332067,5168.958604242129
STARLINK-3927,52569,-1265.5622687559028,4332.649821208718,5232.687770163348
STARLINK-3901,52574,-3069.9071496069337,2771.208742592053,5535.541785716503
STARLINK-3932,52576,-4452.947609390448,-5266.748391676681,-559.9862097638515
STARLINK-3836,52577,3543.240824498125,-2147.4603520815654,-5547.2546576676
STARLINK-3833,52578,2163.5607721285255,-4071.839052552046,-5164.597664471012
STARLINK-3893,52579,2386.234675152862,-3659.0596704917943,-5260.547463672911
STARLINK-3919,52580,4299.097179899466,-538.9427491205734,-5400.153169973811
STARLINK-3915,52581,-2553.64841360561,-5763.7475111846525,-2858.3772771756385
STARLINK-3895,52583,-681.6347548709789,-5374.310755225703,-4310.68839344224
STARLINK-3922,52584,-4118.172553790275,-5458.908585424427,-1061.8760202239687
STARLINK-3906,52585,4504.466742320774,-889.7951033214392,-5181.914951129314
STARLINK-3910,52586,1272.5694899813209,-4337.703293578504,-5244.079446236348
STARLINK-3867,52587,4467.876125397782,5252.397891243452,554.9511473122757
STARLINK-3917,52588,5394.231679210665,1112.132421968214,-4194.273510188064
STARLINK-4019,52598,3493.973288551233,-2600.899679285242,5364.599130858456
STARLINK-4024,52599,6319.41482671205,2782.2235915484725,395.5687645939049
STARLINK-4026,52600,-3955.1630964883057,2379.0935884165538,-5160.441552457182
STARLINK-4027,52601,248.16526990791024,4512.274911808158,-5245.315670581746
STARLINK-4012,52602,-1966.3573246139977,3667.0664559712136,-5533.692383296469
STARLINK-4016,52603,-5603.892252129961,-3818.690773007203,1284.9745865409793
STARLINK-4013,52604,-5470.08726535756,803.559091236258,-4166.1593964153835
STARLINK-4000,52605,1255.0895586834886,4896.756709321444,-4730.514245083845
STARLINK-3928,52606,-6324.485054438352,-862.1229147653296,-2676.9794484791764
STARLINK-3947,52607,6295.46987380892,2036.855454146061,2012.4948225402275
STARLINK-3979,52608,-5740.44062635374,-3709.599452733226,1066.9661938765717
STARLINK-3997,52609,-258.5389047693757,-4505.449058898021,5233.3755711651365
STARLINK-3998,52610,6045.558521307277,787.8895698498491,3261.1610748669177
STARLINK-3980,52611,5764.7122885963645,3808.7308527606497,-371.3672200753659
STARLINK-4002,52612,-4368.720189776681,-4534.86331713998,2857.0496193187255
STARLINK-3982,52614,1474.3235173197588,-5761.943154693274,3256.4649352171214
STARLINK-4011,52615,4548.1555390268595,4712.870444807401,-2237.4550388272905
STARLINK-3996,52617,6478.216792358387,2353.0562809084395,-614.1981460912417
STARLINK-3983,52618,6729.706725840088,927.2090044743599,1303.2377015422314
STARLINK-3741,52619,5445.919845499511,3494.139642176137,-2457.4135562904125
STARLINK-3975,52620,2783.717523536317,5048.073978428454,-3832.8033778485783
STARLINK-3984,52621,1626.8584699476583,4429.856258957808,-5066.124113519109
STARLINK-4008,52622,-695.853169931347,-4769.974609859945,4952.328815367511
STARLINK-3986,52623,-720.3884270860264,4109.792463078677,-5525.069806263204
STARLINK-3988,52625,-2967.848427633537,3296.55665159701,-5315.986560230432
STARLINK-3990,52626,3755.135135891718,4216.339842018603,-4005.6252036782257
STARLINK-3992,52627,-6731.038739207232,-910.6739023434594,-1324.7542032740553
STARLINK-4001,52628,1491.7692128931594,-3921.1648085114543,5490.601113981526
STARLINK-4022,52629,-5453.414406467474,-3481.0436298855966,2442.409966316632
STARLINK-3989,52630,-4857.436493099724,2088.223038697141,-4468.953677506968
STARLINK-3794,52631,-5797.33121312993,-3216.205570845539,1969.2668833070843
STARLINK-3995,52632,-6167.425104371591,623.9377291049897,-3079.8885909750825
STARLINK-3994,52633,712.6933871815354,-4103.331903393141,5513.789700487845
STARLINK-3974,52634,-6483.176517434152,-2340.335509240552,591.7932776183385
STARLINK-3978,52635,6866.685241097877,837.6364366615917,-134.1764016974864
STARLINK-3967,52636,-3765.263853818811,-4206.344049109185,3989.014649713395
STARLINK-3961,52637,6246.936856533593,2192.2181541164846,-2017.6076562412334
STARLINK-3941,52638,-1624.4335810612404,-4421.668318511107,5056.662473238594
STARLINK-3968,52639,608.0369125866558,4195.078049049537,-5474.132346744343
STARLINK-3977,52640,6658.821092784659,-614.7986545372835,1764.9531908382298
STARLINK-3991,52641,6891.376626018321,476.85328177023126,380.2021094864043
STARLINK-3971,52642,4873.696570339145,3283.1520083225632,-3658.9287146383995
STARLINK-3963,52643,-6894.0981318939375,-442.4339766820915,-389.06521650381217
STARLINK-3985,52644,2920.823884542343,3976.8846388950296,-4856.889360986108
STARLINK-3973,52645,-3931.3049539282465,3152.9494960836,-4747.195805286775
STARLINK-3832,52646,-1775.4011197122134,3907.3042171688444,-5432.815887020152
STARLINK-3854,52648,-5638.873146152408,2015.0816777690757,-3472.7142956156144
STARLINK-3868,52649,1780.8517818244188,-3900.4922182370733,5418.95668934956
STARLINK-3891,52650,-474.69731514804124,4168.04256177171,-5508.098491640094
STARLINK-4004,52656,-4164.99409531554,-2133.3114398867397,5085.436909235359
STARLINK-4084,52657,4143.8005266979735,-229.73583079052324,-5541.976376738047
STARLINK-4082,52658,-4193.684721111011,-394.1762854518211,5477.7117388153
STARLINK-3960,52659,-4089.8606470865316,-2719.2844701204303,4862.231075600863
STARLINK-4081,52660,-3482.9918612709066,-4723.955933306706,3653.0984818427064
STARLINK-4044,52662,313.08400987649975,-6681.218185647027,-1777.6051544852207
STARLINK-4037,52663,1732.2713447655647,-5736.518648858424,-3465.4027033358134
STARLINK-4070,52664,-1145.7836523056317,-6821.852102959581,127.24032105152376
STARLINK-4064,52665,4201.894717039163,396.1014457644364,-5488.458605873875
STARLINK-4079,52666,-3785.8451112264656,1975.381050153624,5432.752465425655
STARLINK-4076,52667,4097.251680897991,2713.2695604214287,-4877.10083568415
STARLINK-4067,52668,3801.121091047791,-1972.8059564039202,-5440.145327964099
STARLINK-3972,52669,1164.5036751365692,6818.604426698857,-152.64834777930926
STARLINK-4075,52670,2949.110328179704,-4096.398588229135,-4738.572329559355
STARLINK-4071,52671,-294.1217709925913,6684.171761428264,1752.953779585959
STARLINK-4073,52672,3499.9061554226882,4704.767993332143,-3679.2850256310962
STARLINK-3976,52673,-2929.7805476645744,4110.276650658385,4721.301619004984
STARLINK-3936,52674,3923.3531476460143,4742.988576071055,-2890.5268073356638
STARLINK-3934,52675,-3120.879529278883,3131.721556116428,5310.76283130567
STARLINK-4006,52676,-1717.262756857032,5741.698460676206,3446.921765494828
STARLINK-4074,52678,1245.2918621871324,6682.732621256567,1278.8635128429646
STARLINK-4031,52679,-2642.2891766932416,-6363.811244893097,615.4796689864465
STARLINK-3774,52680,306.7218370639984,-6189.093328045768,-3084.988020988388
STARLINK-4068,52681,-1236.2848288029384,-6682.305334935635,-1306.770701486955
STARLINK-4017,52682,-4365.309868275564,-3553.2114537476855,4012.9182985626376
STARLINK-4014,52684,-3728.450404452,-5278.194702043723,2461.9283436985997
STARLINK-4029,52685,4049.3902822798423,-924.6359495376341,-5539.507793103543
STARLINK-4005,52686,-2823.473931347136,3653.9098883936654,5141.197133205493
STARLINK-3981,52687,4481.18700208439,1390.074678244139,-5091.2354848984405
STARLINK-4032,52688,4380.486334832564,3541.404779088687,-4024.521965594998
STARLINK-4078,52689,-5415.250560763376,3745.9022906102646,1388.5728418713386
STARLINK-4035,52690,3129.4873275641567,-3132.9540300249164,-5322.315015161383
STARLINK-3993,52692,-4043.5593223047035,919.755696595325,5527.189099163255
STARLINK-3946,52693,-1825.333434439665,4960.915623252779,4453.28133770972
STARLINK-4072,52694,3747.0585761553675,5257.775029690298,-2494.4039183841196
STARLINK-4041,52695,-4219.441737044568,-3160.9631490794786,4469.787417810903
STARLINK-4018,52697,2876.495667629799,6023.2281298591115,-1828.8057527818887
STARLINK-4030,52698,4318.616763130556,912.4822596266224,-5334.237638711987
STARLINK-3987,52699,-381.5252899344755,5871.072488369585,3630.4644064316053
STARLINK-4034,52700,-3623.859573458512,-5024.122457006945,3071.6863329965017
STARLINK-4033,52702,2567.606795550907,6283.325939747848,-1348.0854566440728
STARLINK-4020,52703,-1181.2905282966915,-6282.418683573176,-2654.256581574777
STARLINK-3999,52704,-4905.064897255258,-2229.1219232742505,4329.985882610235
STARLINK-3844,52705,-2743.1960521461706,-6298.292256233325,-830.4993322460739
STARLINK-3970,52706,-3973.2669961890238,-5555.888378075948,1093.0916759213835
STARLINK-4007,52707,-3970.94264299127,1285.1308940798788,5499.175202286743
STARLINK-3962,52708,-507.2026580330011,5509.272003035664,4144.110326270661
STARLINK-4091,52830,4072.1774881366905,-5207.515034998202,-2049.417921349087
STARLINK-4089,52831,5942.627915866376,-3081.8984733685834,1739.1775736010072
STARLINK-4083,52832,5845.028655548541,-1377.4673442241758,3426.596128825849
STARLINK-4086,52833,5045.871007061249,487.74674444521156,4698.3259298855455
STARLINK-4108,52834,1779.3807925109518,3839.366578323241,5462.76279097209
STARLINK-4080,52835,-290.1719421434336,4910.695698154407,4854.537777420539
STARLINK-4043,52836,-4352.411750816475,5215.772580068423,152.29749008028458
STARLINK-4036,52837,-5339.501017088894,4397.524171130667,126.97983746581744
STARLINK-4092,52838,-4071.374677113565,5211.747927095743,2024.2011542077792
STARLINK-4048,52839,-5847.847972724393,1362.2842111794553,-3444.6294622214878
STARLINK-4049,52840,-2695.325188795717,-3109.1182855851466,-5384.351469375689
STARLINK-4065,52841,-1780.4052699709227,-3848.567627491701,-5473.087870323357
STARLINK-4046,52842,-5945.696955180338,3071.0835318110594,-1764.626881014898
STARLINK-4188,52843,2308.3077492495613,-5391.648676896759,-3677.4591066281587
STARLINK-4208,52844,-5042.12479218124,-508.42398647794073,-4716.890488207307
STARLINK-4168,52845,279.28208484507877,-4912.168837873648,-4870.665005997192
STARLINK-4212,52846,-262.7354753978799,-4690.11584844376,-5086.054165777008
STARLINK-4206,52847,5321.203211307281,-4419.282545735262,-164.5332028126135
STARLINK-4202,52848,-3629.910741610695,-2317.7332639666156,-5421.067240363094
STARLINK-4197,52849,5529.662683299191,-2829.107019911613,3037.89077720301
STARLINK-4187,52850,-3669.3183021871378,5300.569065026957,2503.100713414942
STARLINK-3809,52851,5233.786744060089,-915.2560641292444,4420.688105875882
STARLINK-4184,52852,5163.332351235572,-4422.850223317936,1274.795636754723
STARLINK-4189,52853,-2302.8810727525774,5891.117953285622,2575.883359808093
STARLINK-4204,52854,4292.393497066575,1150.0375021335735,5292.1016553545805
STARLINK-4209,52855,-879.1274114656287,5566.652245070464,4003.632737951527
STARLINK-4201,52856,3247.007572742894,2597.881199069322,5518.373149149406
STARLINK-4199,52857,-4187.026367328414,5472.057849227451,619.6874532399693
STARLINK-4198,52858,1046.7127531726362,4583.308332543522,5065.314219484946
STARLINK-4196,52859,-5173.26979545277,4409.908259305232,-1295.9741351021655
STARLINK-4191,52860,-2693.7829516063744,5873.968352855321,2462.2499752125555
STARLINK-4112,52861,2780.1407556884524,-5862.69489602281,-2354.175061917238
STARLINK-4010,52862,-5535.932253045308,2815.0996396772703,-3056.3153427559214
STARLINK-4270,52863,-3842.5452549261527,-1844.0421097570063,-5454.06633984463
STARLINK-4267,52864,-5232.433615519983,884.8567032499924,-4445.896311365018
STARLINK-4274,52865,865.3198584763036,-5569.140013393566,-4019.978717387843
STARLINK-4272,52866,-2848.5165631033337,-3055.196172836216,-5521.681398185585
STARLINK-4126,52867,4172.035672585538,-5482.748974871535,-644.092331611568
STARLINK-4261,52868,-1056.5050034806827,-4586.226249661951,-5077.609324812642
STARLINK-4266,52869,4849.502520221007,-4172.790053166089,2624.8314754042694
STARLINK-4207,52871,3647.9507828098012,1999.1716817285026,5517.52704936084
STARLINK-4213,52872,4788.427429270244,-734.0731198928947,4928.962701815506
STARLINK-4211,52873,543.5344884211042,5369.197071058436,4319.212503042887
STARLINK-4193,52875,-1257.2347748149987,6179.02302206353,2833.8929129103053
STARLINK-4200,52876,2232.9166937313594,3918.7543823989745,5235.751743677044
STARLINK-4214,52877,-2241.7322390296376,-3920.752541357339,-5247.505041549456
STARLINK-4171,52878,-3107.3162766361957,6138.424160537259,706.0120776088517
STARLINK-4139,52879,2837.9835340067057,-6219.616664970471,-1069.1971851241879
STARLINK-4186,52880,1197.9990953462313,-6171.562478363011,-2896.3785327776354
STARLINK-4181,52882,-5028.761613416129,2302.017288426652,-4163.713358138218
STARLINK-4260,52986,6158.168426173788,3048.197920365012,800.1792962666524
STARLINK-4259,52987,-6247.187153624839,-1639.659138509994,2471.1468721062324
STARLINK-4291,52988,4954.840038693907,4045.7312292925308,2626.979214583987
STARLINK-4293,52989,-6049.011280131671,39.823103095803866,3134.2145646063
STARLINK-4286,52990,-5241.31701915891,-4327.8635481284855,-1299.6403653499156
STARLINK-4285,52991,-3738.447630371129,-4955.773859814521,-3062.16311077322
STARLINK-4269,52992,-2321.51705205947,-5038.521236640227,-4141.18616755516
STARLINK-4256,52994,966.5604895465981,4510.998000697665,5145.202595987887
STARLINK-4296,52995,-3463.708046118849,2863.988911312515,5249.257263335692
STARLINK-4295,52996,4781.692036782393,-1849.747967112687,-4652.315543557791
STARLINK-4254,52998,-6616.815788072427,-1692.3011671048123,1096.9163571420045
STARLINK-4217,52999,-4949.176915625788,-4054.3182870204073,-2640.0498542303935
STARLINK-4194,53000,-5185.337373202102,1455.2440571453578,4332.653405080662
STARLINK-4190,53001,-3144.8063312796376,-4562.264520649403,-4149.761563594198
STARLINK-4121,53002,-6279.774170511136,-130.19278201437592,2891.3570504783297
STARLINK-4255,53003,1318.1293892972105,-3936.5935581287163,-5540.945953432803
STARLINK-4253,53004,-6151.551975469322,-3061.0913111405584,-819.4189365786432
STARLINK-4288,53005,3463.8402917209405,-2873.5409187411587,-5261.147547848349
STARLINK-4290,53006,-967.1453784819815,-4519.102148099927,-5155.206970312475
STARLINK-4215,53007,6279.095861224297,114.52365727492915,-2910.6080486753017
STARLINK-4275,53008,5183.512225685561,-1468.6519312440148,-4347.631911824607
STARLINK-4277,53009,4365.373460408581,3779.3574134020682,3801.613649617825
STARLINK-4263,53010,-1328.2880043209468,3923.4611711760763,5530.704609396329
STARLINK-4265,53011,2321.16903804267,4239.254527868674,4940.008917145654
STARLINK-4271,53012,6617.733449842647,1685.6021751096669,-1119.437731569638
STARLINK-4177,53013,-2382.003287922787,3629.1041946304986,5376.423108995613
STARLINK-4183,53014,5905.33491988285,2856.733594579901,2189.411972042308
STARLINK-4262,53015,-5928.249324519299,1331.2724114984178,3299.3193737432994
STARLINK-4283,53016,-16.563819995376523,4192.577443789803,5492.893907316858
STARLINK-4281,53017,1049.9320680642782,4010.3519158778395,5350.734602973318
STARLINK-4279,53018,-3720.5749542141757,-3435.8941014104175,-4536.814917579592
STARLINK-4282,53019,-6445.961269199567,562.9347558039726,2447.251413800912
STARLINK-4287,53020,-4414.1000311945145,2641.361570965634,4616.618110394882
STARLINK-4216,53022,-6720.426802094153,-1610.3181594854134,-343.6988020638097
STARLINK-4284,53023,2365.0548361087135,-3644.0228745989675,-5391.06578266192
STARLINK-4289,53024,21.870865611295336,-4200.086876167735,-5504.272127991633
STARLINK-4218,53025,4411.108208655241,-2652.228754349469,-4630.041693278004
STARLINK-4119,53026,1810.2207593223932,-3824.6260351776195,-5479.725165721148
STARLINK-4158,53027,6725.36363112016,1591.4812087623561,317.63361799697685
STARLINK-4143,53029,1295.9697707369903,4091.4141035609086,5415.666685972205
STARLINK-4160,53030,-4360.3961382992065,-3798.6042526614247,-3805.216999760209
STARLINK-4137,53031,-5238.463520042625,2627.466890133788,3667.457281192346
STARLINK-4115,53032,6732.942351119702,131.79166653633806,-1595.2642241069475
STARLINK-4167,53033,-3366.60282532532,3570.2303099041346,4866.549271474661
STARLINK-4151,53034,1909.6977536094569,4013.915287403002,5290.921626066025
STARLINK-4157,53035,-6464.30492863326,1376.3698101406776,2037.4583296108633
STARLINK-4155,53036,-6916.825894915072,-55.15393713310779,142.77931982539604
STARLINK-4153,53037,-6531.324618847094,-1469.280032398259,-1755.3725745298293
STARLINK-4156,53038,-5358.16019531375,-2709.106162784208,-3445.2272519833496
STARLINK-4362,53043,-440.0426839561167,-790.6373331603761,6859.303148035231
STARLINK-4350,53045,6338.569851845236,-1381.9635954893126,-2446.6851152779273
STARLINK-4331,53046,-6007.3285625676635,1985.9149034507188,-2836.6894398672625
STARLINK-4352,53047,436.69268991198567,794.0330259991722,-6876.628370282263
STARLINK-4355,53048,3722.7460342491413,-1742.9945544677007,5569.107605741413
STARLINK-4345,53049,-5528.430398420081,2093.5397267624635,-3625.317351463974
STARLINK-4343,53050,2958.7877201628858,37.17217721072695,-6273.025674682913
STARLINK-4336,53051,-5006.899707957172,828.7793421475172,4709.46587601652
STARLINK-4341,53052,-6301.738199152229,2099.2642549795073,-1987.6890817020353
STARLINK-4337,53053,-5974.19206956138,1306.3644327307036,3250.5918993283117
STARLINK-4339,53054,-4413.447025802851,477.7663037891473,5311.69496880042
STARLINK-4338,53055,5563.801532812993,-966.911541184466,-4024.1157885939547
STARLINK-4314,53056,5043.710327531141,-1935.8506545744422,4330.545477216624
STARLINK-4252,53057,-439.77478724496746,1029.6643412865817,-6845.745251311613
STARLINK-4317,53058,-2142.1582700939516,-260.8463377867823,6574.810088908761
STARLINK-4320,53059,3700.1043099552853,-291.28543844379857,-5858.769294898622
STARLINK-4305,53060,-6532.855779509723,1695.25854876993,1566.5593035859572
STARLINK-4308,53061,5968.407501236218,-1294.888535928356,-3283.850575586748
STARLINK-4311,53062,-3701.8831664454797,288.9938107117647,5840.359079152709
STARLINK-4307,53063,-6681.391077414086,1718.9253797346482,659.1696538045538
STARLINK-4313,53064,-2963.8812955515345,-34.84822899487614,6252.945815762793
STARLINK-4312,53065,-6648.545265306212,1948.1817713265712,-194.3559847300306
STARLINK-4309,53066,2946.023252500981,-1662.7026665088874,6037.624673015132
STARLINK-4325,53068,-5571.698704606237,968.441929795434,3996.2808725547534
STARLINK-4323,53069,5002.841076129674,-823.0805319685662,-4731.906797319105
STARLINK-4342,53070,6683.6496362094185,-1695.3871080985416,-707.2371377464158
STARLINK-4328,53071,6571.783443386515,-1906.3532930869658,1092.1519639531805
STARLINK-4344,53072,431.59019436173946,-1026.5006372523274,6828.68411528574
STARLINK-4346,53073,-6467.105461767103,350.3158009911364,2308.530055180811
STARLINK-4310,53074,-5574.333261831412,860.2703269653961,3929.2904550664853
STARLINK-4348,53075,2132.073028261951,266.7199969876248,-6594.727464400395
STARLINK-4347,53076,6307.085900033797,-2096.5263727323627,1955.2210949701505
STARLINK-4322,53078,-1298.173405554921,1271.4034175899887,-6694.24305667193
STARLINK-4327,53079,1303.97239759335,553.7502914318442,-6790.042972148241
STARLINK-4330,53080,-6564.076721456892,1921.0328185574738,-1132.5624074391255
STARLINK-4326,53081,1301.1525022586106,-1272.492586010636,6675.183942980136
STARLINK-4321,53082,6529.858595100984,-1689.5433087401102,-1602.2898606901495
STARLINK-4251,53083,-5021.499005023575,1939.635055618168,-4372.321363810729
STARLINK-4319,53084,-3719.791876980014,1747.4278549031685,-5586.746759729882
STARLINK-4324,53085,-6341.956371699768,1393.1170546603605,2413.574171361779
STARLINK-4318,53086,6650.152354470881,-1943.6886098659866,175.317047106579
STARLINK-4333,53088,5535.150653964329,-2095.472658704108,3595.3751434973865
STARLINK-4150,53134,3129.3079891776074,-5569.663985975911,-2663.848509049972
STARLINK-4023,53135,517.6628951251785,-6809.73077632606,1096.6042349472639
STARLINK-4152,53136,1945.3243366552247,-6587.244248913216,-840.9737036090933
STARLINK-4145,53137,3937.6702592362108,-3879.356216168363,-4167.941436333975
STARLINK-4141,53138,3842.045624420326,-3462.9460957686915,-4602.061590510661
STARLINK-4185,53139,3417.5031783176946,2930.4521503337514,-5259.827458403443
STARLINK-4170,53140,4091.148014782302,641.2168220890471,-5548.845620095983
STARLINK-4103,53141,-1929.0557972964298,6592.751124807844,817.7209942809004
STARLINK-4101,53142,1345.7635430781513,5927.312037230293,-3312.447374707027
STARLINK-4102,53143,-3117.4168887846836,5576.470776131905,2646.1701228296147
STARLINK-4100,53144,973.3680229583276,6208.84262968299,-2900.8487429969327
STARLINK-4106,53145,-4263.258453013895,1728.282307785678,5156.9863500086385
STARLINK-4094,53147,-4083.955308051612,-635.2278414792672,5537.521341802613
STARLINK-4021,53149,3565.9046998436324,3357.5869528298676,-4893.143089718973
STARLINK-4040,53151,3772.772000691193,-2996.82340479583,-4971.788403272604
STARLINK-4045,53152,-3459.4017407146403,-4528.625909886251,3717.035998707358
STARLINK-4098,53153,4128.756444266708,-681.9298466785016,-5515.954669795949
STARLINK-4077,53154,2963.0601923402764,-4946.948313296856,-3830.084846492968
STARLINK-4088,53155,3368.865154990417,3892.3910009463193,-4629.312836070966
STARLINK-4087,53156,-383.46218863165353,6900.023365186592,335.3021226932205
STARLINK-4054,53158,3988.4808628998294,1704.0705391807867,-5397.087840538387
STARLINK-4111,53159,-1784.4767665092204,6305.087405372679,2210.955142535792
STARLINK-4096,53160,2336.4922774066667,5621.944406945062,-3294.6543989056195
STARLINK-4055,53161,-4120.368861766008,684.7619531206602,5504.734813973619
STARLINK-4114,53162,-25.72812611120963,6917.010253715603,-166.8053623462723
STARLINK-4104,53163,-2959.2925406999334,4953.241021886381,3807.7698761804018
STARLINK-4116,53164,-3764.0081223865027,2998.4087740576483,4960.234367251204
STARLINK-4090,53165,-2328.5723983488365,-5620.869334136102,3284.4133333074233
STARLINK-4110,53166,-3193.907283328828,-5270.7114697545585,2809.508913015093
STARLINK-3683,53167,-1745.0222013952882,5372.486561438403,3984.6288020915363
STARLINK-4105,53168,-3356.6125312452596,-3901.409139497167,4613.1671906569045
STARLINK-4117,53169,-2538.968189271593,-6292.312860668226,1343.8476619342714
STARLINK-4095,53170,2403.3932561786887,5907.450812406974,-2689.879996687117
STARLINK-4052,53171,-4498.442516490593,-45.951174929963486,5245.267923994247
STARLINK-4299,53172,-332.47623923550634,6827.334768215644,1059.0850606456272
STARLINK-4300,53173,3308.076539467927,-2636.2066210981084,-5481.187459251746
STARLINK-4205,53174,-321.6627636953782,-6563.956578676504,2120.627772130501
STARLINK-4292,53175,-2326.0733804634624,-4862.281873392144,4327.37650985631
STARLINK-4294,53176,-4312.290109502175,-911.4645682789882,5322.455236511256
STARLINK-4298,53177,4683.0624905419,1829.840591189512,-4759.446313382986
STARLINK-4280,53178,-1016.316787690862,-6662.591343764864,1554.8909524991225
STARLINK-4276,53179,-2696.933190813134,-5968.374768738377,-2237.9978156080715
STARLINK-4258,53180,-946.9287696375359,4723.842741861843,4954.922085193524
STARLINK-4278,53182,4551.701297852125,3867.5745396846505,-3499.0764385420975
STARLINK-4268,53183,3827.5565650237963,-1685.3172351353226,-5517.868549255677
STARLINK-4257,53184,-931.3046294135227,-5686.480882023951,-3836.5378105536765
STARLINK-4391,53189,4718.896745452493,4189.85844095674,-2873.2881695714623
STARLINK-4332,53190,2636.648281344248,3588.3965722160033,5299.245866891777
STARLINK-4369,53191,-1882.3557569892675,-704.7590120055305,6537.999175034297
STARLINK-4375,53192,-3626.8472348917794,-4344.5260562076455,-4008.052091345381
STARLINK-4351,53193,4126.747559042622,4532.316942631942,3223.526382967416
STARLINK-4382,53194,3336.1219800173258,2315.294382194581,-5622.385298080364
STARLINK-4403,53197,5019.134586904496,4773.480519142824,-242.68100030735573
STARLINK-4385,53198,-4955.3717598274925,-4420.641697701769,1979.2610407086497
STARLINK-4395,53199,-4938.380810416975,-4729.267550351893,1124.5837904639714
STARLINK-4417,53200,1083.9446956872155,-152.28999616941906,-6849.712726397226
STARLINK-4405,53201,2647.6616105755625,1661.41197366218,-6098.406509348507
STARLINK-4411,53202,-2293.3893643053507,-1133.401551022483,6429.778968367944
STARLINK-4409,53203,-1087.8716081264763,144.17325692352895,6831.792043509628
STARLINK-4410,53204,-224.88192818445236,1044.7925211241197,6762.545355037739
STARLINK-4397,53205,1473.9317782015753,2598.340903846972,6242.841119402319
STARLINK-4408,53206,-4176.806166710208,-3384.5758605020847,4363.799289936697
STARLINK-4413,53207,2883.3103520098725,1691.5223749559402,-6076.834744177371
STARLINK-4425,53208,1712.0655870069595,457.51434552149624,-6705.277969658938
STARLINK-4423,53209,4724.6307737964435,4825.125516687724,1547.4341543769178
STARLINK-4427,53210,440.1586770813898,-793.2158982510416,-6876.308490866207
STARLINK-4416,53212,204.68365710906343,1424.3347423032722,6768.4316213776265
STARLINK-4414,53213,-3869.8621502539836,-2835.4671579492224,4992.077978701145
STARLINK-4353,53214,-2123.035215696674,-3071.1445338894664,-5844.783908019851
STARLINK-4335,53215,4937.831974059728,4727.588919331161,-1151.1490082467183
STARLINK-4376,53216,-5014.981035987055,-4780.074487482016,211.1588529960594
STARLINK-4384,53218,-2632.7593531626503,-3595.8455379703832,-5314.622764481711
STARLINK-4373,53219,4382.460310902751,4804.788575926711,2386.097959935426
STARLINK-4363,53220,-4730.225361305944,-4818.146034572661,-1575.0714591733783
STARLINK-4377,53221,4954.963845077104,4410.4426297202945,-2014.6698649007444
STARLINK-4356,53224,-4122.752291839594,-4529.441881206596,-3252.001423042421
STARLINK-4358,53225,3648.0997109700606,4352.3168403338395,3962.508185095924
STARLINK-4359,53226,-2892.0013952944532,-1706.8199424528368,6052.332665778018
STARLINK-4366,53227,2288.5470411754945,1122.3614724050951,-6450.554116295956
STARLINK-4365,53228,-865.2918453350596,-1999.6486207003725,-6584.853333413263
STARLINK-4367,53229,4170.05025274239,3369.5313303843177,-4398.909207730839
STARLINK-4364,53230,-4371.183790088307,-4808.267318014192,-2419.8878668087787
STARLINK-4370,53231,-202.4975926339646,-1425.1147964203556,-6784.498266440142
STARLINK-4371,53232,-1725.5554215990621,-473.97775831007937,6684.720709430805
STARLINK-4372,53233,2127.2930743189554,3072.789182390482,5824.988859159793
STARLINK-4368,53234,-4564.962533408004,-4190.643727826608,2856.188968075488
STARLINK-4056,53242,-5158.392907538219,1602.545110006713,4312.911479177963
STARLINK-4047,53243,5410.879983536579,-3676.3734001147277,-2260.512604923832
STARLINK-4125,53244,-4810.34138602214,-131.21869177468955,4960.278242052722
STARLINK-4131,53246,-3594.815979490369,-2130.8310958848974,5502.896240644615
STARLINK-4061,53247,-1968.1929214249599,6065.246958474801,-2692.9110079160696
STARLINK-4135,53248,-5224.555692415102,3515.5890802221534,2856.1157041983847
STARLINK-4128,53249,-4303.157267047856,5261.684262423823,1281.7521702238787
STARLINK-4059,53250,-3494.033197410422,5970.5385017738,-135.95387542361507
STARLINK-4129,53251,-4881.932928019758,1250.6237843482268,4729.697444152437
STARLINK-4132,53252,-5001.646827406137,3289.499766443221,3458.488248618731
STARLINK-4133,53253,-4170.1683838897225,-935.027220733606,5429.87554670549
STARLINK-4134,53254,-4935.965578465594,3762.7950718137195,3047.350543173766
STARLINK-4142,53255,-1383.1701740672468,-4716.691523384702,4858.1792643883755
STARLINK-4147,53256,-2954.0247304596055,-3008.798557075867,5474.295901016847
STARLINK-4144,53257,3504.837197973007,-5963.979333047953,119.49594718023324
STARLINK-4127,53258,348.271168314505,-5853.251211701151,3661.5479657205624
STARLINK-4140,53259,-4495.646727790221,4945.793430385837,1777.8620811425246
STARLINK-4062,53261,4891.74643938124,-1259.337591296665,-4734.62508556679
STARLINK-4085,53262,4531.857184274728,-4916.918133638604,-1784.5132353139286
STARLINK-4130,53263,4177.048722444729,939.8597209046789,-5441.100503842548
STARLINK-3950,53264,5011.600608329944,-3281.9912520110397,-3468.7946822816893
STARLINK-4097,53265,1392.974873827369,4718.844839171453,-4870.915165788334
STARLINK-4058,53266,2962.4884347397656,3011.383690472386,-5485.720578233547
STARLINK-4060,53267,-2042.4438458696889,6294.921310952609,-2025.627435342591
STARLINK-4109,53268,-345.45363731989005,5859.693180065393,-3669.263328854478
STARLINK-4122,53272,-2049.7337314038386,6579.106969179382,-626.7353543295083
STARLINK-4051,53273,-3684.179669771301,-1902.814222624842,5527.397845084409
STARLINK-4050,53274,-4213.074862216107,4547.462095597081,3062.090232983758
STARLINK-4179,53275,-2526.8650622256855,-3952.7364636098237,5074.368367649737
STARLINK-4174,53276,-4400.2199044163835,383.08817823685246,5314.441320876676
STARLINK-4178,53277,540.6153248023877,-6443.48932589423,2451.685094543371
STARLINK-4180,53278,-1057.106500767483,-5534.994363281007,4004.2486282195046
STARLINK-4169,53280,-1252.7228551766539,-6500.902179210348,-2017.235244557871
STARLINK-4164,53282,2059.4860938115944,-6575.880231759836,613.2538931545745
STARLINK-4175,53283,4592.18094375204,-2613.3940508898645,-4473.052523177815
STARLINK-4173,53285,2534.1073960993076,3956.2310909323455,-5084.834040259098
STARLINK-4165,53286,-4571.067061956004,2626.123208019424,4470.120647613189
STARLINK-4107,53287,-509.2102814301624,6439.818036036001,-2485.085075858373
STARLINK-4162,53288,3694.537133644567,1899.913921545406,-5538.8425601461995
STARLINK-4176,53289,-3518.7102440353992,-2410.151785327138,5436.737103999743
STARLINK-4149,53290,142.58402147390777,6149.2591549113495,-3172.850021069952
STARLINK-4166,53291,3530.1613884412977,2417.546150990674,-5443.418666537883
STARLINK-4159,53292,4411.34645601366,-376.4178453267296,-5322.9740549106855
STARLINK-4148,53293,-974.6009264859563,-6202.532099368375,2897.3826150170935
STARLINK-4146,53294,-3919.391056154264,3889.2261614184413,4158.76583767329
STARLINK-4522,53388,5082.111414362121,815.0601671931607,-4630.1914601085455
STARLINK-4523,53389,5070.8469317497675,4434.045924394862,-1587.9533803127135
STARLINK-4517,53390,5401.473623085265,2794.031906326538,-3306.8593697092338
STARLINK-4521,53391,4128.959822110236,5541.656829748281,324.04500402079236
STARLINK-4535,53392,923.3517237970257,5697.097854657476,3805.5470488707597
STARLINK-4530,53393,2687.8493241927845,5980.732213558958,2198.22821864042
STARLINK-4544,53394,5717.295123331683,1328.2079439867668,-3669.8429050301474
STARLINK-4534,53395,-466.63143393566617,5039.367810163653,4706.977922651392
STARLINK-4524,53396,-5394.946555879922,-2804.933176009252,3290.860464907665
STARLINK-4515,53397,-2711.7862617690216,3183.4845106997095,5500.81374246583
STARLINK-4512,53398,-4115.867501898258,-5550.426923194849,-345.3192081691895
STARLINK-4528,53399,-5076.106397825344,-821.8309724976702,4618.215421134758
STARLINK-4520,53400,962.4819352538993,-4727.925559622168,-4965.210798470811
STARLINK-4525,53401,-5061.331359069714,-4445.713850171886,1568.2919535405615
STARLINK-4499,53402,2721.2265391806163,-3185.4067611449796,-5512.303542063325
STARLINK-4507,53403,3084.415499127125,5950.989244919116,1705.403828781398
STARLINK-4509,53404,5489.634587859932,4160.740262595068,-657.631141733895
STARLINK-4510,53405,4151.426340308848,-1260.666885715782,-5395.583344094385
STARLINK-4533,53406,393.7934376468466,5037.052310830023,4715.836956888193
STARLINK-4491,53408,5280.707612235395,4467.844729725341,-176.5508551130919
STARLINK-4490,53409,3748.10211553179,4957.261542313386,3030.95996119595
STARLINK-4492,53410,4073.3979011892066,5311.889170875462,1740.3206056302722
STARLINK-4497,53411,5840.620532595601,3098.302112590991,-2046.5779939831873
STARLINK-4496,53412,-1634.9435982653715,3957.6825003871563,5423.447517210862
STARLINK-4500,53413,2379.4559200119697,5508.114150064952,3434.593595890049
STARLINK-4304,53414,-3467.6401133834174,2397.3812855161605,5474.86050746291
STARLINK-4479,53415,-4881.791577107457,544.4152020313263,4861.616179535609
STARLINK-4480,53416,-4060.2167053403045,-5318.738093475979,-1766.6301803754263
STARLINK-4484,53417,-5700.540215825767,-1365.3435505457298,3665.1472550330864
STARLINK-4481,53418,6139.101649584188,3131.2798839736947,-621.8611812036058
STARLINK-4476,53419,-5834.082837911885,-3114.6066506544566,2024.4654100574858
STARLINK-4552,53420,-2361.7868161792408,-5513.4829504195395,-3455.7186429019625
STARLINK-4545,53421,-5262.560752858058,-4489.257609461852,137.35717180572226
STARLINK-4546,53422,1637.433235707044,-3965.766375863817,-5433.760628462361
STARLINK-4539,53423,-804.4458970491538,-5175.907363943664,-4499.497374870173
STARLINK-4532,53424,4873.341828556127,-574.3188126115924,-4883.887672147004
STARLINK-4531,53425,-28.174245815860612,-4893.240456963781,-4894.9636741473205
STARLINK-4558,53426,1791.4489434986328,4987.7570745384655,4437.61501093005
STARLINK-4543,53429,-377.0045924558483,4415.850526584235,5301.991956084233
STARLINK-4538,53430,-4320.865296004667,1813.786036996348,5079.346386783105
STARLINK-4548,53431,6264.572713609634,1604.8701939068417,-2467.036211369509
STARLINK-4557,53432,380.84905062250493,-4414.721515837125,-5319.764421670727
STARLINK-4549,53433,-5625.876866457382,90.85965528081547,4015.7527730231322
STARLINK-4498,53434,6027.49615778148,-1514.4624501432793,-2389.8514604727684
STARLINK-4542,53435,-1784.738925705296,-4979.091797787485,-4466.448682004202
STARLINK-4527,53436,4335.110466490816,-1825.647789039039,-5080.013213210806
STARLINK-4526,53438,5636.602599661891,-119.93487830023567,-4017.2504894591193
STARLINK-4519,53439,-183.71310898669418,-4614.492807126606,-5158.185644955122
STARLINK-4415,53465,-1068.069535061757,5797.641795027397,-3650.890442926153
STARLINK-4398,53466,-2125.16077300826,4844.383234256473,4231.442232441983
STARLINK-4394,53467,1510.4889661091734,-1827.0444669708577,-6355.901695008232
STARLINK-4400,53468,-1162.6962787747161,6216.735411473406,-2840.3700823498007
STARLINK-4399,53469,1663.4776704247397,-3356.5376283404617,-5837.165184747542
STARLINK-4393,53470,-1452.6055745329866,2582.9929316131565,6253.82361129942
STARLINK-4316,53471,-1453.7563060080172,6464.86866524687,-2038.2159486805472
STARLINK-4447,53472,-677.5314677639216,-871.9177010345496,6830.395744677073
STARLINK-4383,53473,218.09103867650714,-3358.1704127476382,5940.436977820049
STARLINK-4445,53474,1451.78527587529,-2558.3415411361393,-6281.724684842241
STARLINK-4389,53475,1496.9027925593753,-1944.7772115595287,-6320.5963444576655
STARLINK-4378,53476,1511.1748008141906,-6674.890635883702,1087.6916887697982
STARLINK-4412,53477,-1639.5751881381912,6128.349476915783,-2390.4047818610916
STARLINK-4433,53478,276.7538090401678,-4097.503275681641,5572.90426925981
STARLINK-4436,53479,-1884.967161927993,4737.288991250215,4682.09210197704
STARLINK-4442,53480,2285.9082933290924,-5587.207182746017,-3165.4242838672903
STARLINK-4302,53481,-1664.6399240714748,6191.992106597709,-2226.7073431737704
STARLINK-4360,53482,1741.0351349339198,-6673.329750706296,-705.7028533983121
STARLINK-4426,53484,1324.3960967523672,-1727.3306511786368,-6585.861373347028
STARLINK-4430,53485,1852.63533110427,-6221.296648893859,-2436.6633917837676
STARLINK-4431,53486,-1634.1331310514126,6092.542550577232,-2470.6560127352755
STARLINK-4432,53487,1079.993615753489,-5818.812260536911,3597.950841535573
STARLINK-4421,53488,-1978.1698320848839,5802.548014492471,3222.2544489431566
STARLINK-4392,53489,-741.4077539440153,5339.070704550348,-4361.72753907121
STARLINK-4387,53490,877.3988754687608,-4789.019319832657,4818.859602339612
STARLINK-4450,53491,1884.9501627773648,-6315.6183049748915,1480.4042269021127
STARLINK-4451,53492,-677.6807189697539,4659.309513694197,-4951.45488381965
STARLINK-4340,53494,-1934.6395626246683,6472.04809632828,1540.1075902091013
STARLINK-4429,53495,1702.8257049567753,-4094.6239682736214,-5333.347909934425
STARLINK-4453,53497,679.6689915243518,872.5799086523621,-6846.962643626143
STARLINK-4439,53498,1968.6711046813543,-5801.281737703147,-3248.0412148156083
STARLINK-4454,53499,2250.2935134281383,-5740.796150960984,-2989.1240992108596
STARLINK-4455,53500,1932.1793992027908,-6282.046382242226,1578.682771888695
STARLINK-4434,53501,1813.2024577846948,-3208.0989545993666,-5694.154045431389
STARLINK-4435,53502,2173.335045073125,-4443.443139468513,-4634.880097943836
STARLINK-4448,53504,-804.6832317590926,4587.899137331178,-4917.008843606672
STARLINK-4446,53505,1282.8098044701674,-4251.2471900920455,5033.988852742845
STARLINK-4437,53506,-1175.5640429051186,5111.778449022479,-4290.925887594061
STARLINK-4443,53508,-603.8379105892517,4731.727186491384,-5034.330407091599
STARLINK-4402,53509,-1554.7995248844593,2192.641132859114,6228.129837727157
STARLINK-4503,53528,6916.952675206714,38.650826323824596,-164.73931066113397
STARLINK-4478,53529,5680.378466270899,2256.565353557871,3193.1904975308707
STARLINK-4482,53530,5233.198685733621,-2626.45859318479,-3692.74591909381
STARLINK-4487,53531,3543.4330433068235,3613.029884825202,4707.346927063677
STARLINK-4483,53532,-3540.556975621687,-3621.9845438697375,-4719.6778845192985
STARLINK-4493,53533,-1293.453406408816,-4099.715078450678,-5427.262303112264
STARLINK-4138,53535,1100.8717987474915,-4084.0202973957025,-5481.04702340807
STARLINK-4053,53536,4580.718613043688,2664.760733723716,4437.482576614307
STARLINK-4120,53537,482.3287268013949,-4136.393836484752,-5531.003513120417
STARLINK-4123,53539,3358.38061071377,-3581.535984501772,-4881.360921824092
STARLINK-4486,53540,-5025.841672473339,-2389.1134705433074,-4118.043283739459
STARLINK-4485,53541,6464.606822577796,-1384.0777817596468,-2047.9846048977615
STARLINK-4489,53542,212.50485247809056,4155.04227727998,5516.992872396243
STARLINK-4297,53543,6800.173791992917,-67.83681131718458,1264.6607959244557
STARLINK-4303,53544,-4251.853577986528,3691.280855477755,4010.29494083661
STARLINK-4475,53545,2573.3494195201147,3624.1463723239185,5291.171785534709
STARLINK-4477,53546,5343.126275496004,1439.5649645025921,4142.603389594173
STARLINK-4474,53547,-2149.6325807835906,4175.388520825229,5069.840524796603
STARLINK-4513,53548,-6798.066107825438,52.87523021638274,-1294.102847780328
STARLINK-4514,53551,-6725.104885445347,1497.6011538225346,623.86204617529
STARLINK-4495,53552,-2551.101507612844,-3640.4271785332885,-5308.005699403639
STARLINK-4501,53553,2136.594058800594,-4188.624853992609,-5081.60728410776
STARLINK-4506,53554,1549.1224940713198,-4227.506917079557,-5259.313630189007
STARLINK-4504,53555,-4574.799930425275,-2681.442278938689,-4450.720813929845
STARLINK-4505,53556,5830.529912208973,-2777.4441493669783,-2489.30161992908
STARLINK-4502,53557,-221.66578012197004,-4162.304362029255,-5528.284593202921
STARLINK-4494,53558,4593.045742959046,-3833.5238853317906,-3482.348662010717
STARLINK-4564,53560,1511.232946829889,3868.115402428699,5522.695991776217
STARLINK-4563,53561,6720.892967481275,-1514.1621908795514,-646.3071587080675
STARLINK-4565,53562,-1951.0784632390987,4501.773351983501,4856.568850984134
STARLINK-4561,53563,3648.505402713124,2846.581908250946,5132.399599090971
STARLINK-4577,53564,-4890.187280907602,3939.3695409894553,2894.9856555928327
STARLINK-4575,53565,-205.91302708111607,4330.742655125393,5380.845896321476
STARLINK-4576,53566,-6680.35646574101,1605.4693647777324,-823.2657507871106
STARLINK-4585,53567,-3034.341066982199,4450.436120520824,4331.75850507548
STARLINK-4583,53568,-3645.0531172992814,-2846.7407559714734,-5151.959738264626
STARLINK-4582,53569,-6157.154406390586,2953.73982337815,1105.5329122534724
STARLINK-4550,53570,-5345.529051707977,-1472.6747702563823,-4144.89208230369
STARLINK-4584,53571,-6396.034040671329,70.00610030854047,-2644.733682053689
STARLINK-4555,53572,6143.903211110007,-2988.232047179128,-1100.265331461146
STARLINK-4559,53574,4877.860954519658,-3970.3352950228837,-2890.5207551134613
STARLINK-4551,53575,802.3939132773049,-4441.332039705627,-5250.097766987366
STARLINK-4581,53576,201.31221038813285,-4344.3751931981315,-5387.223884590712
STARLINK-4553,53577,3023.188567958955,-4474.806080610226,-4331.823437229876
STARLINK-4556,53578,6668.3907399914315,-1646.487352947403,822.4075904932776
STARLINK-4580,53579,6388.401528484523,-106.90839388720835,2644.6020580258137
STARLINK-4691,53588,-5383.150075994022,-2070.6828435213893,3811.1613724943777
STARLINK-4673,53589,5139.028198425165,-3274.502459765042,3267.0954043479055
STARLINK-4689,53590,-5361.347901996978,3624.399763327887,-1950.8319642092054
STARLINK-4674,53591,-1376.4052752000491,-3954.699606359843,5496.69955169935
STARLINK-4672,53592,384.3461264700499,-4204.59852429084,5470.110231761062
STARLINK-4681,53594,2127.2789487659907,3379.601509759503,-5332.137455975396
STARLINK-4684,53595,6382.810785017078,-2169.308766831277,1548.421332153127
STARLINK-4676,53598,-3250.2763952626165,4017.55816366182,-4607.032929551093
STARLINK-4677,53600,-4698.504013362174,3495.457624823373,-3691.334110879762
STARLINK-4675,53601,3590.8396514045235,3204.3837331600403,-4976.966425454491
STARLINK-4648,53602,6255.284798326895,674.2498147974962,-2885.9443050375303
STARLINK-4692,53603,-845.9488483929825,-4055.4740127995938,5530.229851590445
STARLINK-4690,53604,3098.2551874787464,3279.2627286586458,-5251.897045048838
STARLINK-4693,53605,5369.681419880498,-406.30471522144273,-3928.635563448672
STARLINK-4590,53606,1981.982153306606,-4506.57648500722,4850.477364598136
STARLINK-4591,53607,6683.1051130875385,-1731.1051422131302,103.33577556003371
STARLINK-4647,53608,-2588.706975298401,-3409.7852752785075,5424.175765385036
STARLINK-4660,53609,-5519.305373953247,3334.477491919683,-2512.6100587237506
STARLINK-4610,53610,1393.6878425540106,-4481.835028180812,5072.527058836565
STARLINK-4658,53612,4046.1467245646286,-4258.7198618203665,3645.1184596329017
STARLINK-4655,53613,-322.7930900246649,-4211.729408030449,5468.567161463891
STARLINK-4605,53616,4551.023037591085,-4602.546309554814,2434.5995873661045
STARLINK-4609,53619,6517.428101536336,-2318.670054456131,114.0594362611333
STARLINK-4615,53620,2589.050679359512,3412.7123331212465,-5439.240127302399
STARLINK-4608,53621,6629.573040376576,-850.7168324968197,-1796.3169626201768
STARLINK-4568,53622,-6619.9178024921275,892.0874676700003,1793.5666711184022
STARLINK-4573,53623,1022.2232361203897,4020.088245729795,-5523.119522772637
STARLINK-4596,53624,-3011.0708769668536,4475.968758698694,-4332.241981900998
STARLINK-4554,53626,-6502.835955038056,2360.1751738977973,-115.768462934435
STARLINK-4595,53627,-4026.6850962138287,4288.964378716828,-3648.737932477488
STARLINK-4600,53628,-5935.042413176429,-680.176398077091,3480.2904518673213
STARLINK-4602,53629,-5603.02660303872,3535.6816325184154,-2000.7809038181697
STARLINK-4598,53630,4133.229665191568,-4733.128926531847,2885.4989881891693
STARLINK-4599,53631,-4531.372564978377,-2172.2326373257865,4745.0233475943805
STARLINK-4606,53632,6362.79570942093,-2375.198379450481,-1328.2096773622231
STARLINK-4593,53633,5812.194367878232,-3705.3633015022324,591.6142035215926
STARLINK-4592,53634,5191.375623304199,955.3023505655625,-4479.44290814464
STARLINK-4586,53636,1580.3966441024995,3853.0391871575375,-5531.446657929006
STARLINK-4396,53637,-2160.828762066417,-3532.7168409935275,5531.729329601376
STARLINK-4594,53638,-6345.21335769201,2411.866121302478,1329.039446434722
STARLINK-4422,53639,4250.916545101353,1601.750112034287,-5081.87740943777
STARLINK-4597,53640,-2735.458102175077,4945.153107440606,-3998.249754307862
STARLINK-4588,53641,3612.360677840519,2551.5351176624827,-5326.9336710229745
STARLINK-4622,53648,4903.6846562553455,4845.696194339104,-717.3380739220403
STARLINK-4386,53649,262.5647524174247,-1073.4911340741917,6714.08394659499
STARLINK-4380,53650,4442.316279836652,4717.574212524713,-2464.061084102738
STARLINK-4388,53651,-704.9654456301284,578.5157822495602,-6725.764554330655
STARLINK-4374,53652,-2358.3122497958275,-1094.3066741725197,-6430.8547795629365
STARLINK-4390,53653,-3059.388496370042,-2199.4434971073133,-5669.09197724687
STARLINK-4420,53654,2046.379747923035,3121.244821928645,-5846.043990997335
STARLINK-4470,53655,-3173.119929626932,-4464.864330845295,3967.8778681561184
STARLINK-4466,53656,4819.631412011816,4124.683647209689,2781.2902268034163
STARLINK-4452,53658,-4631.141718754963,-4915.380199780097,1550.3172512186422
STARLINK-4473,53660,2358.4355996977547,1100.3574156604734,6411.225260819045
STARLINK-4472,53661,-1125.5603966177753,163.74429448400682,-6842.940575416328
STARLINK-4357,53662,-3256.0633612571714,-4475.834418137936,3919.3218740017546
STARLINK-4457,53663,-4922.678251469745,-4874.034004435872,-239.92162634426947
STARLINK-4471,53664,4883.038234622747,4499.146702138417,1973.7224701851944
STARLINK-4334,53665,4054.5599849029054,5045.497647781187,-2088.494309162955
STARLINK-4406,53667,-2092.494013190559,-1030.5377010541179,-6441.483882025838
STARLINK-4458,53668,4236.5777741851825,4177.495497413379,3240.550584306352
STARLINK-4464,53669,-3888.74290518968,-4797.329228056191,2848.0802491564586
STARLINK-4459,53670,-2884.115049875015,-1757.4162762454373,-6059.5485555111345
STARLINK-4440,53671,2665.8921762249283,3525.809638383227,-5344.9424566424095
STARLINK-4428,53672,-1481.1619334015397,-2560.1233390730317,6256.0143698442325
STARLINK-4456,53673,-617.0621183555719,-1947.7828581371302,6526.4614044898335
STARLINK-4620,53674,1132.717320713906,-153.04036260021405,6823.524780503068
STARLINK-4617,53675,4622.374393695046,4916.673979977349,-1585.6478968512693
STARLINK-4621,53676,-5033.823038522526,-4634.091516859549,-1115.5169165666282
STARLINK-4579,53677,-4501.655188981639,-3818.767198819151,-3639.5294130159646
STARLINK-4632,53679,4502.96483184882,3838.297017856693,3597.231497760211
STARLINK-4630,53680,-3817.2472693764125,-2876.5477578660757,-5026.346703084711
STARLINK-4424,53681,-4538.961549362017,-4710.3868761939275,-1760.7619856464062
STARLINK-4438,53682,-2055.5811047240227,-3125.770898966258,5822.713835773301
STARLINK-4625,53683,-3435.3514291209594,-2288.190226139883,-5574.641065363988
STARLINK-4624,53684,-4269.776909971343,-3306.1850409285466,-4352.388812876182
STARLINK-4626,53685,5039.272157979857,4631.1042342580595,1076.9030453046287
STARLINK-4467,53686,3427.0721011581118,2271.6625369411677,5568.243202462749
STARLINK-4569,53687,-3151.5816967286305,-4006.1575128469317,4685.054787439495
STARLINK-4571,53688,-3688.9103366609766,-4268.071484434982,4016.009142527994
STARLINK-4570,53690,-4815.7531575182165,-4107.848475132106,-2832.1248346947586
STARLINK-4560,53691,-482.46294906429847,792.5342159186516,-6875.134286375915
STARLINK-4572,53692,1116.896458762191,-42.64907717970879,6763.4526896784055
STARLINK-4566,53693,-4018.0911417993807,-4620.875931077999,3235.5193563178173
STARLINK-4725,53700,-5130.060546521622,3310.6959416746677,-3261.7139687791887
STARLINK-4711,53701,-6379.17870120282,2204.3499484630843,-1529.7258996041996
STARLINK-4724,53702,6412.010638902601,-827.5557264277992,-2470.989201283969
STARLINK-4731,53703,1375.4704837721358,3959.4503959449635,-5510.673833848006
STARLINK-4714,53704,-6865.459613138477,782.9354371052101,340.40958725380716
STARLINK-4717,53705,-6517.426442423261,-681.9271605184283,2210.094987936448
STARLINK-4716,53706,1007.5812375844035,-4228.333429575614,5371.90393119751
STARLINK-4667,53707,4334.682779920699,-4427.054021705556,3069.3312896317907
STARLINK-4694,53708,5575.434389499826,811.5520265547237,-4022.3409795561724
STARLINK-4685,53709,-2795.6184962325815,3934.014672562301,-4963.7018001497945
STARLINK-4627,53711,4059.509994974308,3180.7148542561104,-4618.693796273214
STARLINK-4683,53712,-6703.140049696829,-670.5470865950308,1567.858910212511
STARLINK-4686,53715,66.1325407232337,4153.770742208776,-5538.402446241903
STARLINK-4699,53716,-2277.7427338160364,3901.8788707463714,-5246.128466723011
STARLINK-4695,53718,-6654.8057460470945,1033.8531499585229,-1593.2758642024748
STARLINK-4644,53719,-4503.498609257827,4638.95497936466,-2471.5309909538905
STARLINK-4642,53720,2422.008143652715,3914.6439217711318,-5171.38310557549
STARLINK-4707,53721,6020.2388380950415,2112.891636538815,-2683.4823259297787
STARLINK-4700,53722,6799.597166391204,-681.856338832852,1072.6720103374153
STARLINK-4705,53723,-4393.008980379076,3171.960408867175,-4308.86325945668
STARLINK-4663,53724,4492.009772640528,3206.168995451958,-4179.555290250236
STARLINK-4697,53726,6821.866267556627,769.0646539178625,-867.4981356929529
STARLINK-4701,53727,4393.54983690429,-3145.67232531881,4308.906386280512
STARLINK-4640,53728,5967.352812336108,-2023.5168510218173,2847.5760478944253
STARLINK-4651,53729,-2432.6704112591246,-3914.2957766166573,5149.550423469794
STARLINK-4641,53730,2301.8258689823247,-3879.414653243349,5235.136401308891
STARLINK-4636,53731,-1581.3563995426239,-3964.863528656673,5400.421878493945
STARLINK-4661,53732,-695.9135490497006,-4133.662930848898,5492.637444375094
STARLINK-4574,53733,-6825.021677089838,-775.463997627471,819.1367359406532
STARLINK-4616,53734,-68.87238279628369,-4146.408097137232,5527.201539008004
STARLINK-4618,53735,5196.052846395507,3368.5473526394953,-3093.4116171843916
STARLINK-4652,53736,-6028.46811188346,-2119.8218232499235,2642.2651834093676
STARLINK-4662,53738,3369.273081431663,4068.558912888593,-4474.647242707252
STARLINK-4607,53740,6836.363439609517,883.9828743398851,584.4762135471432
STARLINK-4637,53742,6444.5258545842635,-602.6308441994291,2434.6955060257533
STARLINK-4645,53743,-1128.3237148988683,-4282.2319132151715,5304.9018074919395
STARLINK-4670,53744,-5279.540645557182,2041.8166806142503,-3985.0505556404833
STARLINK-4656,53745,-3364.6800695372135,-4076.9467864807,4453.409920329493
STARLINK-4589,53746,1235.8528549336506,-3975.102984142407,5515.5669617062085
STARLINK-4612,53750,-6407.21720198756,-2267.4898052301824,1285.176467667109
STARLINK-4718,53773,688.7515853031566,4773.60174909286,-4966.694833167997
STARLINK-4719,53774,-1493.04105721613,3928.649649291339,-5501.868436154731
STARLINK-4722,53775,2457.530074644056,-3444.9783312521977,5462.833456290001
STARLINK-4664,53777,5830.299907447202,-673.7760259971558,3653.42578475454
STARLINK-4709,53778,-6429.4595457220885,-2417.8325890044425,-836.6329245844155
STARLINK-4706,53779,6554.023341252112,935.7488981945852,2000.73741903406
STARLINK-4678,53780,4412.9403467390175,-2187.0890808571326,4848.685829490752
STARLINK-4462,53781,4088.09736854249,4375.900398106901,-3472.484705964345
STARLINK-4679,53782,1676.8600432633757,-4014.8863976678545,5018.353566090845
STARLINK-4536,53783,-216.09320247598973,4288.20250774084,-5431.503657892677
STARLINK-4687,53784,5622.754733391006,3617.3162548039973,-1787.976380681127
STARLINK-4743,53787,-4419.132031515019,2207.9376773402487,-4850.278895277116
STARLINK-4666,53789,-6494.18445547181,-2384.18044060289,-111.301934534602
STARLINK-4734,53790,-2464.445488642249,3455.0670726257677,-5470.409303265422
STARLINK-4739,53792,-4549.917018956678,-4235.129325999759,3028.5403664311834
STARLINK-4728,53793,-5842.831596805934,697.7194781420906,-3646.080649471987
STARLINK-4730,53794,-3954.301193867204,2563.8140235411606,-5071.736934666247
STARLINK-4742,53795,-5641.223626174228,-3580.363069026958,1787.2993715777257
STARLINK-4723,53797,206.2843718903098,-4276.932401062488,5423.622764754272
STARLINK-4712,53798,-2075.185267284597,-4587.823902248609,4734.346052670102
STARLINK-4710,53799,6590.7275569544,1938.6795117456884,-829.0968351050534
STARLINK-4720,53800,5401.444295353632,-1406.4083296580543,-3833.239155181492
STARLINK-4715,53801,-6840.128737202083,-858.8916853841483,-595.3116657427078
STARLINK-4726,53802,-3448.8794325645986,3208.897517115117,-5073.684767375473
STARLINK-4727,53803,5728.784990250852,2081.485303936507,-3282.3869908207453
STARLINK-4729,53804,-6467.041229610084,1022.9328301821329,-2243.7217079370284
STARLINK-4763,53805,6777.293797856781,-1088.841328220309,858.4892728234937
STARLINK-4768,53806,-4790.747232356221,3213.0748836428647,-3827.277412564688
STARLINK-4738,53819,4711.651372100096,-221.18992143482055,5050.990623196796
STARLINK-4758,53820,-4705.856090809251,228.00667341381202,-5072.9060217192355
STARLINK-4748,53823,-606.8020583249898,-4186.613079541849,5463.768490416781
STARLINK-4757,53824,-4709.195822498701,-5035.903540695906,-582.5076219190245
STARLINK-4751,53825,-5322.550731148479,-3672.2140695456646,-2468.198673129688
STARLINK-4756,53826,1887.2860878807912,-4014.141754035278,5298.9500170773235
STARLINK-4764,53827,-3453.411224626083,-5852.4004516216855,1292.1220641945865
STARLINK-4760,53828,3511.129202830379,-2252.7881526355536,5508.503919110802
STARLINK-4759,53829,-1817.4723357777566,-5930.112069509752,3056.1665229179894
STARLINK-4761,53830,5345.044119767562,1838.7845531724188,3979.42925739671
STARLINK-4649,53831,35.09836018034433,-5292.02163401339,4446.214889951938
STARLINK-4747,53832,4676.450777973789,5064.878713510183,579.2321993832228
STARLINK-4771,53833,4450.41264140427,-760.3925344320631,5231.733390801418
STARLINK-4737,53834,1821.4850827171801,5919.6478988419,-3090.6012018674514
STARLINK-4783,53835,5332.419227310391,3674.892077088879,2425.35949183365
STARLINK-4778,53836,-4886.620746128136,805.6987465069034,-4683.127819474834
STARLINK-4776,53837,3455.7220464042002,5844.474598559825,-1338.3813406535048
STARLINK-4773,53838,-5868.558590902267,-2266.0779818506776,-2887.559014798707
STARLINK-4784,53839,-4260.581648699907,1505.1139213686536,-5245.329586907867
STARLINK-4766,53840,-1659.9365911309258,-5403.76430586574,3955.0799787988703
STARLINK-4750,53841,-5642.695571978637,-3851.8185762726366,-1100.1221627232728
STARLINK-4754,53842,655.2657978563828,-4566.5301404523125,5145.417373516871
STARLINK-4769,53843,-4736.2371700545555,-4974.199001279793,822.0084528354441
STARLINK-4745,53844,3897.9658847991636,-1952.378634229194,5364.346184444855
STARLINK-4753,53845,-1390.1073370645574,-5356.56933188601,4142.223583203778
STARLINK-4746,53846,5879.040305654931,2263.2289896317598,2850.952652967285
STARLINK-4777,53847,2615.152806284057,-3230.060782890883,5520.405254340015
STARLINK-4780,53848,4751.75640449021,4958.576029232771,-849.4239518258125
STARLINK-4770,53849,5758.352568412794,1505.1147945036762,3508.606163315213
STARLINK-4767,53850,-656.6122343660887,4564.038122772542,-5164.607048718604
STARLINK-4755,53851,5651.68519838983,3845.444676751887,1058.7778432187206
STARLINK-4797,53852,3042.537604573531,-2891.1466895385906,5489.282361408888
STARLINK-4794,53853,3257.5481982500814,5485.694269481518,-2684.2600742366276
STARLINK-4800,53854,-5068.730772685948,972.4753835351844,-4614.18921132728
STARLINK-4703,53855,4677.0969075353105,5004.95081831828,-961.0253591723095
STARLINK-4795,53856,6296.615194875028,-24.208783400851175,2377.8553770222784
STARLINK-4809,53857,-2624.965886847889,3231.646557716859,-5531.867620676553
STARLINK-4798,53858,5192.51322715748,-2148.345917505544,3607.6738606837807
STARLINK-4790,53859,1068.354078435224,5049.140489304853,-4614.512574521656
STARLINK-4799,53860,-5769.912892371013,-3802.0102925127517,341.57103345095396
STARLINK-4781,53861,-6283.580594060226,-2439.0855211558955,-1569.5283874868362
STARLINK-4788,53863,-2793.2738775832036,-5042.6355840242995,3815.804785417099
STARLINK-4779,53864,-3498.8816934994015,2617.7115266625733,-5370.3542973325775
STARLINK-4762,53866,-6438.803953635728,598.4490518970111,-2467.7294020232234
STARLINK-4793,53867,-699.9085573606862,-4262.806202521156,5315.3095593220705
STARLINK-4789,53868,5276.215401343906,-2017.9429880219222,3984.7017290589297
STARLINK-4810,53869,2064.062046943555,4597.636050909491,-4746.622695078907
STARLINK-4732,53870,3473.1584142133024,-3186.0428208563103,5054.258320308143
STARLINK-4740,53871,-1250.5078791057583,3982.10881948145,-5523.885837046185
STARLINK-5028,53886,1115.5221998290856,-5667.493799955626,3798.4949770981225
STARLINK-5029,53887,4349.117618750789,241.2758168339289,5364.560798065644
STARLINK-5034,53888,-2534.2861786088997,-5122.8355873629835,3386.00628015116
STARLINK-5031,53889,3664.170849251459,-2063.2920298587283,5483.1561248514045
STARLINK-5050,53890,-4674.6455974826395,1218.7344125294335,-4959.27800388153
STARLINK-5041,53891,1118.8536014208908,6217.783924823146,-2558.010690763043
STARLINK-5046,53892,-1106.638910326607,5661.668481787357,-3826.636335699613
STARLINK-5052,53893,3515.960038907575,5602.229644788433,2021.3213993133961
STARLINK-5043,53894,-1220.562031655592,5131.136521021457,-4304.571228497615
STARLINK-5032,53895,3247.815748279348,5517.501046050276,-1940.2022680673424
STARLINK-5037,53896,-2543.018481653768,4103.95173024992,-4962.013093132654
STARLINK-5035,53897,691.6047865561587,5788.812875342698,-3416.0208449093147
STARLINK-5044,53898,-4531.2693984634725,-2504.254134642008,-4596.227873526452
STARLINK-5042,53899,-4929.250460039225,-4446.906235944962,-722.4231615917499
STARLINK-5045,53900,-3281.835069304219,-5893.455255900222,-1546.3312681803598
STARLINK-5021,53902,-6564.748354430092,-896.2644560344684,-2000.4398621367313
STARLINK-5022,53903,-3411.7560976319605,2633.0052235163434,-5418.813368707331
STARLINK-4787,53904,-2011.3362657657399,-6609.485652636081,364.59095889673694
STARLINK-5003,53905,1380.9510851781106,-4870.691479104726,4705.174043973772
STARLINK-5054,53906,-4932.098607543084,-3201.900518376443,-3653.147246515057
STARLINK-5057,53908,4101.276776500197,-1068.7261518335708,5457.691867732915
STARLINK-4796,53909,-887.1372270157023,-6213.013479403617,2907.2008814236665
STARLINK-5048,53911,2917.029531945231,-3158.937116063647,5409.238513565252
STARLINK-5059,53912,-3448.139335919412,-5997.4533301391775,-114.57567643897984
STARLINK-5053,53913,3413.448952931498,6016.767338118135,116.93563168100623
STARLINK-5040,53914,1998.9560622806925,6385.225794608947,-1768.9572293242793
STARLINK-5017,53915,-5316.56414080009,561.1280535592037,-3841.1827845040175
STARLINK-5051,53916,-2768.4373799511836,-5499.856427296242,3130.5050488914044
STARLINK-5036,53917,4302.761638583616,5196.523940921847,-395.46593166137956
STARLINK-5012,53918,323.74854083212915,5983.761922659216,-3465.0228734443
STARLINK-5023,53919,-633.268993514625,5316.191916826538,-4359.920783871726
STARLINK-5025,53920,4934.05285407052,2719.3480623180294,4005.982626248181
STARLINK-5002,53922,-4810.358865898324,-1138.5859733151326,-4847.106714140205
STARLINK-5004,53923,-2921.832082909226,3157.364702639934,-5424.832034323559
STARLINK-5001,53924,-1905.1296621232657,-5851.645932621989,2939.6622780468447
STARLINK-5011,53925,-2032.4594189047384,-6368.890455269869,1772.9968798359755
STARLINK-5014,53926,-1736.9335420550242,3797.5304500852817,-5306.386768768471
STARLINK-5009,53928,-47.2708018605238,5290.2585632497585,-4465.294078612205
STARLINK-5018,53929,-4595.627311599011,-4533.243079557814,-2497.617016193927
STARLINK-5010,53930,-5632.335969044637,79.88760818550551,-3657.063856340628
STARLINK-4772,53932,5608.279576202718,2093.208612113732,3459.056452916273
STARLINK-4782,53933,-1895.9679296579195,4014.735886099353,-5312.450902055539
STARLINK-4775,53934,5497.11155705429,3804.611142283648,1773.2337310170824
STARLINK-5000,53935,-625.3615677393557,-4098.23966405031,5237.0117460892125
STARLINK-4791,53936,-5628.684561394096,-2065.476850754887,-3459.683990451328
STARLINK-4633,53964,-5806.7792435555475,3711.2439900851055,-623.0703422416135
STARLINK-4635,53966,-6147.043199548378,754.2057290906928,3074.716421980866
STARLINK-4634,53967,-5196.201218252937,-945.7333315744256,4458.736373473386
STARLINK-4629,53968,587.6427489303522,-4658.415778625451,5071.29416306453
STARLINK-4468,53969,-3615.4329760266237,-2542.382744240693,5312.023847866478
STARLINK-4567,53970,-4787.187369831657,-1155.338925027715,4848.972630855163
STARLINK-5156,53973,2745.8996014974214,-4931.916860811875,3990.3913702231785
STARLINK-5159,53974,80.79534802560559,5169.780344394008,-4603.494188918674
STARLINK-5137,53975,-993.8498174545632,4956.239410614853,-4730.531430077292
STARLINK-5134,53976,-5446.970317618583,1886.0932693098919,3815.932791602319
STARLINK-5094,53977,-6192.756718995204,2371.594514907599,1964.1929308591202
STARLINK-5148,53978,1009.5889087286868,-4939.143221341075,4727.937986538288
STARLINK-5123,53979,-3151.634753631837,-2808.986580881457,5470.392907558691
STARLINK-5133,53980,5832.5019464370325,-636.5473381712361,-3673.998754318712
STARLINK-5149,53981,5436.85783867269,-1880.7452774309832,-3850.4300763192364
STARLINK-5120,53982,-4367.931253176395,-1433.5526204452065,5159.538604846678
STARLINK-5142,53984,-5721.904998959898,3800.5231256648417,817.8424321603031
STARLINK-5147,53985,-3257.454751760675,5375.033529642432,-2899.7132197915903
STARLINK-5119,53986,3594.1174491928546,2140.723715887135,-5516.906905682953
STARLINK-5113,53988,-5975.72941699973,2257.25799123226,2648.095042032692
STARLINK-5118,53991,-1945.3781646270158,-3878.3053848923328,5377.97955444183
STARLINK-5108,53992,-2711.1801925257105,-3125.3967103371597,5534.135614308919
STARLINK-5121,53993,5710.594352235405,-2100.637878127518,-3300.276050540189
STARLINK-5125,53994,3258.5964393783825,-5385.934435930349,2861.1531577549786
STARLINK-5097,53995,-723.1219620270492,-4446.57920932127,5240.139228977495
STARLINK-5131,53996,4775.10203412123,-4890.6275419486265,1062.873322936473
STARLINK-5130,53997,-3500.6430150156707,5756.908042106173,-1580.3570077174936
STARLINK-5128,53998,5965.598169473563,-2266.0099673264413,-2680.668918187291
STARLINK-5079,53999,1348.100499189247,-5230.972081700582,4312.330827403852
STARLINK-5088,54000,-4749.879966170474,5019.057547415666,334.42466149961336
STARLINK-5109,54002,3045.513892629748,2796.4353219040895,-5535.263214434405
STARLINK-5114,54003,5714.948098283436,-3804.7291519483533,-864.2974740946773
STARLINK-5129,54004,4369.238867367512,1429.240209704164,-5177.062727130934
STARLINK-5135,54005,5497.277574851135,-442.5002418817739,-4184.275658019224
STARLINK-5096,54006,-4347.310007111586,5119.645672606785,-1609.381126666176
STARLINK-5132,54007,2718.917067601227,3129.0018745388893,-5545.641184040328
STARLINK-5145,54008,1965.1526912350512,3879.072780719307,-5387.597097869006
STARLINK-5099,54009,741.2005718496449,4456.177187865265,-5246.674131338975
STARLINK-5127,54010,-1799.0885926643946,5829.830767815473,-3269.7346295598622
STARLINK-5124,54011,-5425.766280067166,3675.8297747827946,2208.2809773729286
STARLINK-5126,54012,4198.208670918226,-5459.056805030404,556.0466338604737
STARLINK-5098,54013,-72.02725947494531,-5150.475882101259,4608.954088028232
STARLINK-5055,54015,1839.6666737390253,-5807.4610189047735,3270.0856620159743
STARLINK-5195,54051,-2007.0331195904685,-5961.55386990875,-2894.1802085624577
STARLINK-5189,54052,-3518.0743481459854,2258.0978195259254,-5518.952773826342
STARLINK-5176,54053,2432.0372294287927,-5716.807761531872,3034.8373211715448
STARLINK-5163,54054,4112.322437524008,-1188.0641143129048,5422.316950996733
STARLINK-5158,54055,3439.7244638513125,-4038.4768737418676,4431.140927257432
STARLINK-5226,54056,-354.50846750268295,-6884.247009005314,-600.9259728422774
STARLINK-5167,54058,2903.9835158288497,4838.283336524327,3992.1523758669696
STARLINK-5173,54059,3750.8695562572557,2843.4422416409952,5059.969068481158
STARLINK-5169,54060,-4459.809037209233,-4899.996694745949,-1999.9540409950669
STARLINK-5209,54061,-4595.020083184,-5006.97910054025,-1306.3401777722495
STARLINK-5170,54062,1714.6396322569444,6236.065430005702,2448.159807786052
STARLINK-5172,54064,2227.0738708524214,-3611.7118567831417,5453.9362384706765
STARLINK-5187,54065,-2423.7829061842544,5709.933596800793,-3071.888672920194
STARLINK-5151,54066,3177.7051446184655,4328.788709072408,4356.414243988591
STARLINK-5174,54067,-4034.3754884188193,1865.1570991910296,-5308.4563688548305
STARLINK-5222,54068,-3435.4657979957997,4029.1001670782707,-4460.034742789905
STARLINK-5181,54070,-3769.24763595424,-2846.966327744989,-5061.418614761947
STARLINK-5168,54071,-2936.1909817754204,-4831.415228832245,-3994.66080416391
STARLINK-5146,54073,-2987.8270096463707,-5199.012464843251,-3458.5900689862065
STARLINK-5192,54074,-1751.3977304987272,-6233.473405356837,-2445.8418675970247
STARLINK-5212,54075,-1808.1405993586723,-6440.933762814223,-1772.6848948067359
STARLINK-5201,54076,2116.3675395526316,-6045.522708651613,2605.8767453965866
STARLINK-5171,54077,-3608.0066350551356,2126.2002164994237,-5513.527531695986
STARLINK-5175,54079,1050.354193643289,-6310.672076574535,2624.996618952198
STARLINK-5160,54080,-2550.8720321819796,-6018.479512376377,946.4304573336585
STARLINK-5210,54082,2384.6693044283074,-5009.075598837535,4122.786958111704
STARLINK-5178,54083,4229.423736326764,1598.9598045225048,5225.407008630027
STARLINK-5183,54084,3443.0182365835067,-3091.099089704231,5132.781422455376
STARLINK-5166,54085,4007.1082193536163,3249.706771441251,4599.19133038618
STARLINK-5211,54086,4552.8826949694885,720.224962666954,5148.685055111799
STARLINK-5184,54087,-3074.4068546334543,-5498.742306692991,-2867.638147276009
STARLINK-5153,54088,4083.1284974609966,-803.9490034286725,5516.407085116869
STARLINK-5143,54089,-1042.2333715451186,6303.785035122599,-2661.9365580580998
STARLINK-5177,54090,428.36876289546126,6854.937110621652,-842.3698178451076
STARLINK-5221,54091,-1885.7292135458806,-6570.415592459607,-1077.5367722513022
STARLINK-5190,54092,-3461.405740478678,2020.249929870663,5359.423834593823
STARLINK-5213,54093,-4094.1911654095725,783.8867865274906,-5528.075877892497
STARLINK-5193,54095,-3894.740545602314,-3764.468502792647,-4311.0518776795625
STARLINK-5188,54096,-3445.178391975592,3081.7485126344095,-5154.1975362300855
STARLINK-5197,54097,1936.6927352189484,6179.752819039399,-2442.367351171458
STARLINK-5217,54098,-3284.472991296848,-5113.319112060237,-3313.6743886389913
STARLINK-5198,54099,-468.1734914307925,-6849.71428133647,844.9467421288165
STARLINK-5185,54100,-4247.549590955372,-1576.4313701868841,-5235.135088081762
STARLINK-5204,54101,-4437.3020477183345,-120.60375572018614,-5313.208635056795
STARLINK-5179,54102,3873.3807011033637,3758.2298410249628,4318.689449313835
STARLINK-5200,54103,-4113.112274019596,1072.0528732748146,-5465.178378489397
STARLINK-5203,54104,-1652.7880659144985,-5631.027239989103,3652.893231292779
STARLINK-5290,54157,-2641.3847647864854,-3462.2355786137273,-5382.579015740861
STARLINK-5297,54158,-4092.7028226387406,5519.66131540558,-816.3952157612052
STARLINK-5294,54159,-4864.688131993521,4156.851817616096,-2639.0088572171303
STARLINK-5233,54160,-3998.2049625182926,-4150.115972967877,-3835.352622299883
STARLINK-5269,54161,-4718.14935428523,4566.057210463342,-2189.4242878142436
STARLINK-5273,54162,-4628.545731370073,151.5266375854288,-5146.532641592324
STARLINK-5161,54163,-2762.4730323162416,6334.768916151734,-339.2388705484518
STARLINK-5278,54164,-1325.2180758782958,6604.000594318431,1572.4458238609648
STARLINK-5279,54165,-3653.709870570916,-2005.289880679624,-5528.646694606983
STARLINK-5280,54166,-3863.1003759959412,5302.25246730084,-2205.7051247882728
STARLINK-5243,54167,4058.1514546054104,-5542.368457568195,817.6322685234269
STARLINK-5245,54168,-4499.966361005127,3630.5039712157827,-3806.780760116891
STARLINK-5282,54169,305.57644498107265,6093.19476577743,3253.0283717455072
STARLINK-5155,54170,-4596.277057173569,1517.640929856878,-4949.988006367757
STARLINK-5117,54172,-3190.232284282774,-2974.395125977591,-5376.881714746504
STARLINK-5242,54173,1857.728892569639,4827.251028225803,4584.647079043581
STARLINK-5248,54174,3187.9870738349778,-2690.355956746225,5508.769103723415
STARLINK-5256,54175,-4141.341793770285,-773.6502277606618,-5494.305385809462
STARLINK-5154,54176,1290.8974187248011,-6616.198966125626,-1566.6083566294246
STARLINK-5186,54177,-1856.7525850705385,-4819.152598889592,-4610.698058355753
STARLINK-5164,54178,4577.136565314885,-1532.0407353678304,4946.1589094504925
STARLINK-5122,54179,-302.9828823500028,-6082.973405190758,-3289.8032870613906
STARLINK-5227,54181,3829.37834405603,-5318.343090175292,2208.579282593746
STARLINK-5231,54182,3061.686699848431,5506.916531445728,2848.454159789786
STARLINK-5239,54183,3185.9443562689034,2978.9905455709254,5359.996955747521
STARLINK-5162,54184,4309.6690843477345,167.9399839314724,5399.125139597667
STARLINK-5235,54185,4473.194986681654,-3643.0030883899444,3809.1403260464763
STARLINK-5240,54187,2726.3059108676275,-6349.386968023526,343.15877338601223
STARLINK-5238,54188,-2595.9586053819044,6170.293210586674,-1756.449422674514
STARLINK-5281,54190,-3614.031865101087,4793.452700858311,-3446.8815441015217
STARLINK-4619,54191,213.6651028733695,6609.180030793113,2024.9419547702623
STARLINK-5268,54192,4172.40827466212,-2851.7972748950356,4714.4582320311
STARLINK-5263,54193,-4274.187162826924,547.8592786287228,-5418.878646818195
STARLINK-5271,54194,-2950.0760517921008,-3951.75967508452,-4859.078205562178
STARLINK-5258,54195,-4194.838426149605,2845.6431128452223,-4715.552640828893
STARLINK-5237,54196,-253.75793737031037,-6613.169058809285,-2025.433112635919
STARLINK-5246,54198,1224.685048368173,-6808.198552792815,-144.3974619037242
STARLINK-5244,54199,-1703.338489509211,-5621.5445311295825,-3663.0239850283842
STARLINK-5250,54200,3581.1462446740315,-4806.771993704706,3445.318603570247
STARLINK-5199,54201,-3841.6368227941575,-1810.488844720051,-5467.967451140712
STARLINK-5205,54202,4260.761767458394,-550.5208607686815,5412.230391951183
STARLINK-5247,54203,2558.4973326160825,-6181.2038296923265,1758.588861165586
STARLINK-5241,54204,1707.8124978893038,5631.6403305385165,3628.6710757680507
STARLINK-5249,54205,3836.821236400812,1812.0770813165163,5453.7679660781205
STARLINK-5264,54206,-437.7491343593869,-6281.521150989099,2857.2329329649965
STARLINK-5262,54207,2949.892292678975,3961.2325419932517,4834.354999609491
STARLINK-5255,54208,-4199.180809031293,272.0324875188967,-5498.030663084794
STARLINK-5259,54209,4142.467889999687,520.389089239738,5506.069937160972
STARLINK-5464,54758,-5419.408262384772,-289.59512842557217,-4297.322848738068
STARLINK-5215,54759,-6133.024985685242,1490.7466584601334,-2841.563126564379
STARLINK-5220,54760,-5784.756989475115,-111.36435274132312,-3800.301569171305
STARLINK-5202,54761,-6372.127752419694,1575.540555241585,-2194.514854889313
STARLINK-5214,54762,329.50408203415043,-4598.842540316413,-5161.017148775088
STARLINK-5191,54763,-4503.935928037261,-1783.641961420137,-4946.114081508275
STARLINK-5458,54764,5997.305363246731,-3445.5172469994873,-182.4102747188265
STARLINK-5471,54766,3670.81281420167,-4845.1523635541025,-3311.4374841769645
STARLINK-5472,54767,5240.6492907616785,-4231.9449745482225,-1587.642413718168
STARLINK-5444,54768,-2074.1813179245905,5583.824554581904,3509.5627098253017
STARLINK-5448,54770,-1472.757302114638,-4138.05458219882,-5332.374902183783
STARLINK-5451,54771,4052.888270677608,2010.481347675736,5224.009851218487
STARLINK-5452,54772,-3223.7026607203275,-2664.3189813627537,-5517.738800632584
STARLINK-5453,54773,6357.377170912657,-1613.0770302141966,2193.188831724498
STARLINK-5454,54774,-2522.7076423216445,5655.610078537683,3075.9823975484837
STARLINK-5465,54775,5774.194094455494,81.04287484354104,3799.8806174547617
STARLINK-5470,54776,-5242.6467017820805,4240.157798940457,1541.6168985967608
STARLINK-5468,54777,4495.063629160127,1764.9342376507616,4943.918883167362
STARLINK-5450,54778,607.0204903120745,-5239.575980233735,-4484.0525457571375
STARLINK-5447,54779,-1392.161798603114,-4203.92148116048,-5322.016870180979
STARLINK-5449,54780,5749.196981167538,-2974.280031235036,2433.3706705523878
STARLINK-5443,54781,2529.3052768199395,-5645.450233460229,-3105.683955943503
STARLINK-5439,54783,4148.804466032714,-5371.540925519276,-1350.9445034339935
STARLINK-5442,54784,2672.663408605752,3237.291314844668,5488.684195598119
STARLINK-5440,54785,4175.532679681216,-19.720237370812484,5505.712724913162
STARLINK-5441,54787,527.146851792072,4319.752261272898,5367.897710912739
STARLINK-5399,54788,5536.050865454695,-1171.749904444513,3970.6607608132344
STARLINK-5446,54789,5030.922889426202,-2313.849919115296,4137.438541908113
STARLINK-5445,54790,3215.70402003571,2658.3151861991128,5508.239535676578
STARLINK-5425,54791,5265.77017953693,-4451.105307828407,565.17089942224
STARLINK-5431,54792,-3684.342569865149,4853.555257482221,3266.8338360295534
STARLINK-5433,54793,4144.909460918369,-5539.19600075581,79.80592230981988
STARLINK-5436,54795,2586.159321189302,3257.516899479459,5501.6011454516065
STARLINK-5415,54796,1386.564050993264,4207.040203100917,5304.125362771054
STARLINK-5435,54797,5997.819800602092,-367.4849526426389,3419.303947768745
STARLINK-5420,54798,768.6616169614952,4986.503586223662,4723.48962041812
STARLINK-5421,54799,5017.612804687348,-4333.190197466102,1969.529169498428
STARLINK-5428,54800,3624.5978409732597,2306.5227763493845,5412.1391862361415
STARLINK-5429,54801,-6166.682925106751,3116.3253360209233,-369.3080237241853
STARLINK-5426,54802,-535.2218898000053,6896.2762477798515,235.6834395952699
STARLINK-5430,54803,-1678.882310310102,4881.365469877661,4596.116995840177
STARLINK-5422,54804,-4657.262995346771,-770.4825778991267,-5049.287623838225
STARLINK-5417,54805,5123.96576185162,-80.90572321733366,4641.453024751173
STARLINK-5412,54806,-5596.17439747631,1479.9548880820041,-3770.97803218858
STARLINK-5410,54807,-4144.967881565721,5381.093170247712,1308.2111145193862
STARLINK-5413,54808,-549.9265762973073,-5365.108308604447,-4340.958781003808
STARLINK-5414,54809,-4649.879185979389,-777.35841414479,-5049.177619035987
STARLINK-5408,54810,2839.9975083942904,3053.7433777415968,5509.66958968368
STARLINK-5424,54811,366.6366124178617,-5373.039373408688,-4350.378104834003
STARLINK-5382,54820,-5718.349777323581,3237.442202534071,-1978.724968832035
STARLINK-5385,54821,-1223.0580702199231,6087.222332588536,2913.321953541905
STARLINK-5101,54822,5389.880211502296,725.1510066982256,4174.805920752233
STARLINK-5106,54823,-4799.188682534071,4893.746829907284,-315.04662990131527
STARLINK-4643,54824,-3228.7869252444766,5889.780645063762,1394.5746490794231
STARLINK-5107,54826,4140.380930780759,2875.782814064635,4646.386620733779
STARLINK-5383,54827,5906.613160670574,-1538.8235935390758,3125.058012405351
STARLINK-5381,54828,5623.069589025437,-3553.2501338436473,1673.9413597789091
STARLINK-5394,54830,1568.7048093168419,-6102.8258437722625,-2719.096498855606
STARLINK-5395,54831,946.7869818982093,5463.443540377728,4033.1015423019335
STARLINK-5386,54834,-596.629325101431,-5611.1068623155525,-3907.184058541036
STARLINK-5389,54835,4580.7176341189,-5107.847328827464,-16.816277905077825
STARLINK-5372,54838,5545.964367142033,-3506.5752785630084,1996.7728685675277
STARLINK-5368,54840,5509.370976223528,129.29053964997445,4078.3237435664278
STARLINK-4659,54841,4554.10309036026,-5119.883714648714,337.75450697338624
STARLINK-5387,54842,2854.5628723813097,4271.729599486851,4539.179723990017
STARLINK-5304,54843,3520.3343573011175,-5831.245550980406,-827.8025774186282
STARLINK-5388,54844,-5519.9844669513395,-360.1555964160066,-4062.900982757912
STARLINK-5082,54845,4489.853247269865,2346.416836882765,4618.33884860742
STARLINK-5360,54846,1538.3556859619482,5244.818206556366,4139.222370660398
STARLINK-5061,54847,2223.857614160837,-6481.694278541747,333.13095656214324
STARLINK-5432,54848,1045.1511191252314,-6506.843988815046,-1912.2613976480554
STARLINK-5087,54850,3109.2623523925104,4270.719706544802,4369.5049184311965
STARLINK-5084,54851,1289.2130387694456,5760.251353399776,3489.7993103265576
STARLINK-5418,54852,-2012.2953101819196,6473.628883591764,1051.2329017805666
STARLINK-5427,54853,4123.652620320094,2914.3553677519544,4636.431400239476
STARLINK-5416,54855,1926.7310797823714,5342.075375233633,3841.9964299434855
STARLINK-5086,54856,-1614.4708628037167,-5550.970616821931,-3699.5613335574994
STARLINK-5078,54857,5401.227071951321,-2521.766131035515,3388.8368886974085
STARLINK-5407,54858,4525.687979692573,2187.033261519585,4661.415928446656
STARLINK-5409,54859,379.856059038594,-6410.818009539954,-2420.0290218631667
STARLINK-5406,54860,-3394.5614159637735,-3939.8093716299995,-4479.108799714621
STARLINK-5400,54861,-45.34441948618919,6335.445234317565,2625.481197204406
STARLINK-5403,54862,5044.218716857526,-3917.6586500556355,2497.7994506367595
STARLINK-5405,54863,3459.598867094857,-5914.362387637301,337.83211777484604
STARLINK-5359,54864,-5402.864790780095,588.9744705731157,-4190.9158620657445
STARLINK-5411,54865,4749.378958521944,-4527.479741117625,1995.7977176049271
STARLINK-5398,54866,-3187.5632679713435,6075.019558015111,-92.4645201036653
STARLINK-5396,54867,-4714.458626459221,-1802.2637631294003,-4651.329427603863
STARLINK-5379,54868,628.5742173634068,6094.219631254615,3081.3672845550204
STARLINK-5402,54869,-3736.0776734280635,5723.778434840151,-601.1343291176966
STARLINK-5401,54870,-1375.408697006642,6526.230471237785,1601.9902124954158
STARLINK-5397,54871,-4928.6364766709075,4220.9383990611195,-2233.5259949201263
STARLINK-5091,54873,-298.7663819358221,-6214.679899401934,-2896.1524190750074
STARLINK-5277,55269,-6492.65484374286,1423.6543233367152,2034.4273553008636
STARLINK-5306,55271,-6507.168029186361,2398.223396278759,-501.5140599699933
STARLINK-5310,55272,-1264.1356199869308,-2067.2506102231773,6509.018347441276
STARLINK-5291,55273,5479.804583617702,-241.81875399642513,-4274.817639860644
STARLINK-5236,55274,-3677.8558340989002,209.23269894800274,5889.149230224786
STARLINK-5260,55275,305.82416577351177,-3122.4068021348303,6196.269934989362
STARLINK-5261,55276,408.6038147190668,-3187.2791306758672,6157.922436516253
STARLINK-5299,55277,-3647.656380522878,-994.4478457609252,5827.652326532392
STARLINK-5289,55278,5529.031892482713,-3019.9874185928575,2934.3831346139877
STARLINK-5331,55280,-3713.856887699685,3157.920846879393,-4959.725131971695
STARLINK-5298,55281,1331.33876360683,-2834.447127402993,6199.804810430781
STARLINK-5330,55282,3738.6067149158753,936.2736588508596,-5788.485183187504
STARLINK-5317,55283,3705.789512661791,-3167.334878733071,4949.636482147661
STARLINK-5337,55284,3513.07864003792,1058.329996606716,-5904.279227763417
STARLINK-5332,55285,-4063.9858347905233,5189.4353593020305,2205.712900759271
STARLINK-5338,55286,4254.102546554535,-4722.298983882036,2811.507555961115
STARLINK-5341,55287,-618.2382250248039,-3237.1965895698163,6114.321779214629
STARLINK-5311,55288,5061.365631381475,-2078.1263050019215,-4292.238141050788
STARLINK-5320,55289,2524.7269874372514,-4280.762384738802,4854.728768026936
STARLINK-5266,55290,5334.694644213342,-4444.774442846069,338.5035078859399
STARLINK-5327,55291,-1767.972562755189,-1611.3616581779738,6520.402488570617
STARLINK-5325,55292,3672.3315947558517,-212.5661830601639,-5902.098861415851
STARLINK-5287,55293,5017.105406181065,-2001.739765389675,-4379.798668079784
STARLINK-5286,55294,6484.664189703981,-1436.6918997271862,-2058.4330934439163
STARLINK-5293,55295,-5526.933439367893,3006.785145960776,-2961.64900300332
STARLINK-5285,55296,-2508.509554017123,4292.564800501177,-4862.886276784054
STARLINK-5284,55297,1766.5920400642397,1615.001632102204,-6529.526685557545
STARLINK-5270,55299,-4233.442191674946,4739.561599161184,-2823.5952905376325
STARLINK-5308,55300,-5317.927327815035,4466.058887441675,-347.8249670048675
STARLINK-5321,55302,-389.0088496823939,3187.2520480566104,-6168.987773680241
STARLINK-5322,55303,1250.2243846709537,2073.8151346238983,-6519.190013212063
STARLINK-5318,55304,-5589.504113320952,3515.7077047868042,2172.0712726381653
STARLINK-5316,55305,-5028.832917103049,1997.1059140387626,4359.419888664622
STARLINK-5295,55306,4096.2649595377725,-5122.015839607613,-2311.5908247517746
STARLINK-5288,55307,3551.2652166322646,-5973.066303768426,207.4305370007544
STARLINK-5315,55309,-2140.2008461339233,-1022.7824089761303,6527.484870186675
STARLINK-5309,55310,3330.0998437871217,-1330.5069744422638,-5959.111506953791
STARLINK-5312,55311,4017.5240546321907,-3490.43817304262,-4477.209220122143
STARLINK-5296,55312,-4065.6730536010714,5144.320703077595,2306.0240900863696
STARLINK-5313,55313,622.2488602230725,3243.9234112705212,-6120.15976805842
STARLINK-5305,55314,2138.9067593948494,1032.7824667283546,-6536.509037148277
STARLINK-4623,55315,5602.747003438737,-3491.1701128274726,-2184.0822617303693
STARLINK-5257,55316,-3321.2111371584538,1338.4817366440002,5952.211699974547
STARLINK-5265,55317,-988.3902301497121,4960.588395684764,-4773.153367683777
STARLINK-5180,55318,-2441.769452405576,5924.2320014400475,-2702.190488824701
STARLINK-5196,55319,-3527.475038891442,5987.744591553581,-216.75705018657962
STARLINK-5492,55331,-4899.929272981291,-1317.2312086013965,4610.16455403387
STARLINK-5491,55332,234.64020977195023,6624.913095657933,-1774.155767232538
STARLINK-5493,55333,-5302.810932949221,3298.1399898721693,2834.3305815821773
STARLINK-5652,55334,-5468.823566978508,1066.4682214527759,3995.6582750311227
STARLINK-5660,55335,-4415.690405405478,5089.121110679288,1287.3765222001648
STARLINK-5655,55336,-5106.43664735257,302.63364277304504,4562.097572735542
STARLINK-5667,55337,4707.605861635085,1747.012307873149,-4679.628760569681
STARLINK-5658,55338,-2931.838161637663,6188.315607467871,-432.64540308516223
STARLINK-5671,55339,-5157.506606102453,4036.823047485789,2036.5720228350472
STARLINK-5675,55340,5191.789076452674,-3639.5794595842694,-2626.8627506728894
STARLINK-5670,55341,-1708.2762193154554,6461.262056798992,-1562.8576938494937
STARLINK-5657,55342,297.1656474118413,6138.474527696643,-3055.204354987521
STARLINK-5661,55343,4357.292222686959,2475.047951542538,-4689.912614204329
STARLINK-5653,55345,2075.9750667610588,5691.226481840973,-3225.2081754322553
STARLINK-5631,55346,5271.206216949604,137.80232681431795,-4393.778259829643
STARLINK-5663,55347,5043.181929454313,929.8783280718926,-4562.43987200894
STARLINK-5609,55348,4204.094218699302,-5319.607464022705,-1056.02474504694
STARLINK-5666,55349,2641.730147462553,-6296.261362519707,673.1413635842481
STARLINK-5668,55350,3918.637502814829,3186.4598503317698,-4648.114338526675
STARLINK-5659,55351,4604.393367713902,-4827.826324978084,-1608.1835558400169
STARLINK-5547,55352,-3049.6503824058314,-4350.165736327168,4333.6703642578295
STARLINK-5608,55353,4861.022248983463,-4184.747978990924,-2440.4816893326283
STARLINK-5649,55354,5370.82899470583,-2957.683092363107,-3083.5111964327307
STARLINK-5647,55355,-632.1704695222558,-6012.928010087952,3236.081860485124
STARLINK-5651,55357,1383.7523479532836,-6475.841612916954,1788.2117468189383
STARLINK-5622,55358,3212.40612030758,-6061.688539172147,96.28660633184103
STARLINK-5641,55359,-3242.4674495210174,-3969.398693348469,4552.878358833023
STARLINK-5664,55360,3188.2792787250874,-5767.69849008944,1900.4412087730484
STARLINK-5665,55361,-555.3955804376233,-6536.26422910024,2002.32646415196
STARLINK-5574,55362,2498.581208662551,-6336.884972754086,-825.9463929211314
STARLINK-5627,55364,-1374.113418962685,-5508.9684550866805,3843.985551547148
STARLINK-5639,55365,5824.921075290338,-3318.1333118070493,-1466.8296157323464
STARLINK-5654,55366,3956.622300241779,-5043.723233863482,-2450.144091926555
STARLINK-5635,55367,-2770.3565062537396,6185.139824960938,1062.6533814652423
STARLINK-5625,55368,3042.7440970865646,-5988.859683366987,-1401.8840552411166
STARLINK-5644,55369,6039.428876944283,-1282.5183517983562,-2996.9012639689936
STARLINK-5027,55370,3792.246225706138,-5550.422766604809,1366.7196783380411
STARLINK-5590,55371,5432.5795450297965,899.0815548550639,-4097.061360563354
STARLINK-5568,55372,-3531.580785795226,5729.738291733008,-1336.0566117173425
STARLINK-5581,55373,-2176.9460131255014,5924.011834003516,-2695.1663356518293
STARLINK-5578,55374,-3498.0930339012716,5661.716127979162,-1674.8903572552942
STARLINK-5588,55375,-381.3441076468943,-5534.653368054448,4028.666961967876
STARLINK-5586,55376,-4148.117071842628,4776.8353660804905,2647.9002729097497
STARLINK-5567,55377,-5027.717908600852,4652.529435940985,377.61096063730264
STARLINK-5572,55378,4611.347334078835,2308.055617994946,-4529.945964960445
STARLINK-5569,55379,-5957.9573893301595,1565.5390176438675,3012.375840423974
STARLINK-5571,55380,4310.53376382736,2610.556534534001,-4717.078493831532
STARLINK-5575,55381,-4599.662815034764,5087.476577094885,-194.9201632931064
STARLINK-5576,55382,-5656.847383042942,3577.46286868954,1501.7180620338452
STARLINK-5531,55383,-4560.8618927150665,-2158.8022126328055,4639.671820536163
STARLINK-5537,55384,-5450.667897916223,-652.7103115626268,4107.201799778283
STARLINK-5556,55385,-5847.757703960565,2944.2990642995023,2043.1028164018364
STARLINK-5555,55386,-2908.2718292761156,5923.350105047221,-1882.7250450491308
STARLINK-5085,55392,-1331.9280594074478,2840.7120276026058,-6206.239111474029
STARLINK-4786,55393,6924.035864982713,-95.81801008906788,615.1924627163041
STARLINK-5274,55395,5329.900306613733,1610.2014642850288,-4166.855444086071
STARLINK-5283,55396,6631.967194267516,819.2117409154083,-1922.584562788426
STARLINK-5224,55397,-5490.318563567604,225.39146797507206,4253.112446148298
STARLINK-5275,55398,2077.88466941156,-2232.7925054889597,6240.293844059392
STARLINK-5276,55399,6160.574637210683,-998.5435325700261,3057.9234041434297
STARLINK-5632,55400,-3229.9357120128357,-2163.5856481733686,5756.993567392777
STARLINK-5076,55401,4458.604732340784,-1748.1691726911931,5033.15014048451
STARLINK-5071,55402,-6634.339744313424,-833.9603552150089,1899.0630084438947
STARLINK-5597,55403,-606.4983717108909,-2379.2026084773906,6496.701900246433
STARLINK-5607,55404,-6157.889500961831,984.2244785703539,-3077.920148683294
STARLINK-5623,55405,-5334.593540828714,-1622.8058775925467,4146.84951430446
STARLINK-5630,55406,-4454.7112668587915,1738.5850355393954,-5049.582110730362
STARLINK-5019,55407,-6922.510995319954,84.18905415403101,-646.3490885178932
STARLINK-5633,55410,2587.363017986778,-1462.9923519345175,6277.6874060228065
STARLINK-5605,55411,618.6788973261246,2384.384516546891,-6503.619779321083
STARLINK-5060,55413,4693.457386513582,-202.88289219941953,5117.962715955583
STARLINK-5620,55414,-4564.295310210755,-3339.364353959129,4037.636697380711
STARLINK-5624,55416,-6542.162903056524,-2223.839414643425,-775.8584716729005
STARLINK-5030,55418,-4702.560613582211,184.139320812734,-5121.773523279681
STARLINK-5629,55419,-6015.456189332664,-3008.737659961108,1756.156219741326
STARLINK-5604,55420,6507.0142508398,-2400.1345040612373,478.9452899674991
STARLINK-5598,55421,-6076.313235621206,-1097.708651885469,-3199.31097501919
STARLINK-5006,55422,88.62657151836544,-2501.2165434851217,6479.010692526511
STARLINK-5068,55423,2410.5184273950763,3171.6292727869545,-5700.658063984169
STARLINK-5615,55425,-2583.644637589993,1461.9276905301328,-6289.351910396181
STARLINK-5638,55426,6004.347635232709,3032.343069788634,-1762.7134129508397
STARLINK-5064,55428,6070.296994706261,1120.9219922244508,3192.6950610333947
STARLINK-5645,55429,4552.350253440915,3358.3538524421906,-4044.813876868984
STARLINK-5642,55430,-826.8492162999477,2420.812866341982,-6467.0887208155855
STARLINK-5643,55431,6532.985610630906,2249.64731390856,767.7123984565673
STARLINK-5637,55432,3301.1696088465324,4757.230470468773,-3851.4873137358577
STARLINK-5570,55433,-2832.3675635595987,602.5909404370908,-6322.90871201411
STARLINK-5621,55434,5397.515443058951,4288.792206149493,895.0317599280278
STARLINK-5626,55435,3232.670663002042,4737.139949562778,-3933.3753446100545
STARLINK-5640,55436,5301.7767002485225,3029.403018239107,3318.257200229925
STARLINK-5074,55438,3217.1925914967114,2159.385332831455,-5774.744725719255
STARLINK-5634,55439,4396.066830119362,1314.525202941583,5216.228387345666
STARLINK-5699,55449,326.05705112339984,5369.19913050227,-4263.778895585692
STARLINK-5686,55450,-1985.8528352329715,5703.86291890478,-3259.848237381532
STARLINK-5656,55451,2552.937895677558,4325.720509520856,-4678.0913891927985
STARLINK-5683,55452,5769.291768082166,698.0403904956203,-3652.15392724706
STARLINK-5684,55453,2361.288283559819,-5691.999645861926,3009.308030288693
STARLINK-5636,55454,-3551.645932158693,-3571.1716741876703,4650.541528750197
STARLINK-5680,55455,4463.4051153784185,2690.8089230570927,-4466.943029054312
STARLINK-5058,55456,-2184.5502180835324,-4547.397783441002,4642.374561356047
STARLINK-5682,55457,96.22775315939073,-5491.431538960783,4105.0878060065825
STARLINK-5020,55458,-5493.18956521986,4108.572172194658,-127.94985047664682
STARLINK-5669,55459,-6123.612468249504,368.3546659994642,3064.855304972742
STARLINK-5678,55460,-6229.446602679702,2400.880926751419,1575.1684203532507
STARLINK-5646,55461,-5189.330697904974,-1716.6094368805761,4139.249371918953
STARLINK-5673,55462,3709.397483325092,-5396.329261519665,2041.0535959444376
STARLINK-5677,55463,-4919.032007030574,4554.479759612499,-1606.2120016916604
STARLINK-5676,55464,-4165.7171323232415,-2993.679412696335,4548.659309633892
STARLINK-5674,55465,1622.803287574269,-5711.514505785223,3430.0383474129476
STARLINK-5628,55466,-6074.638166847101,3019.5988402825496,1019.8525255709962
STARLINK-5679,55467,5293.795938911973,-4348.44351938032,371.8811019057078
STARLINK-5672,55468,-5586.988333661492,-1033.5975610993123,3838.0924565038335
STARLINK-5681,55469,-675.5500780986263,-5256.264766954641,4349.62308599361
STARLINK-5708,55470,-6253.977235329059,1067.7774842828196,2604.17702330751
STARLINK-5711,55471,4294.905496788655,-5129.464108979654,1512.3350392180191
STARLINK-5705,55472,-5933.019771628675,2985.129331138094,1713.683191824355
STARLINK-5689,55474,-6074.414676615547,-843.6051557023313,3067.854560858695
STARLINK-5650,55475,-5071.897668319965,4567.0028487412765,-707.4257137228171
STARLINK-5685,55477,4099.076137409155,2959.885012749149,-4642.891821004323
STARLINK-5691,55478,-261.3813280147287,-5674.940686205403,3838.800529159371
STARLINK-5688,55479,-2547.5746387157265,-4376.476821983709,4620.832115096581
STARLINK-5690,55480,5892.293396803839,1172.320916213864,-3318.1396550027425
STARLINK-5694,55481,1970.2707831874743,-5365.671456774396,3785.9089726283696
STARLINK-5692,55483,4445.453484553457,2993.737998814352,-4287.318074070843
STARLINK-5696,55484,-4151.793247875862,-3255.934539214598,4377.218052177269
STARLINK-5695,55485,-2781.9726827757872,-4200.578823599221,4648.260936423753
STARLINK-5704,55486,-442.9988901018349,-5129.01044427161,4526.960195376442
STARLINK-5701,55487,5671.032394268274,-3741.948572439835,952.3135547029443
STARLINK-5706,55488,6318.003727402232,-2666.6237871716708,-216.39144863031058
STARLINK-5371,55489,4102.43994035396,-4876.9175028381205,2534.1107712744442
STARLINK-5373,55490,28.204469598429178,5234.227983760456,-4439.447139820003
STARLINK-5364,55491,4836.771932730756,-4860.565998404111,227.34561194606164
STARLINK-5013,55492,4701.7059576376005,-4562.49995998284,2030.090570199445
STARLINK-5362,55493,3134.3913474667493,3994.239616051836,-4618.446127321094
STARLINK-5344,55494,3438.5925710965503,-5118.918129542577,2999.8605024983544
STARLINK-5100,55495,1832.4509340156426,-5941.204735732925,2894.4368688751333
STARLINK-5363,55497,1181.1012756085802,-5368.763492054588,4096.333571323702
STARLINK-5365,55498,-4748.187045683915,-2704.957064072561,4140.145076205711
STARLINK-5366,55499,-3082.4885505570373,5230.714018600485,-3199.4278399289096
STARLINK-5141,55500,-1241.2084040292764,-4893.120962628209,4637.510529405004
STARLINK-5367,55501,-6577.8606759107115,1131.1658148083893,1580.8535391033631
STARLINK-5749,55569,-6670.083422488592,920.2891957880709,-1322.6314325950138
STARLINK-5737,55570,-3524.704466943345,-4324.205914689869,3987.6297904747266
STARLINK-5739,55571,1167.4181819737887,-4910.385688217197,4638.964645091869
STARLINK-5732,55572,2776.892441289083,-4500.202782090188,4362.97251411866
STARLINK-5738,55573,4854.6788384604315,-3387.2938019368726,3460.9706117514083
STARLINK-5747,55574,-3866.8625352466306,4013.2596219972115,-4005.3390198731067
STARLINK-5745,55575,-2956.0179680576794,-4629.34165063539,4103.284527040571
STARLINK-5751,55576,-6404.970886014847,2403.823237319928,507.35558622224363
STARLINK-5752,55577,-6840.399559125202,340.0838903203615,-405.6869585699975
STARLINK-5754,55579,2201.1771826611143,-4739.135720691568,4437.762483399793
STARLINK-5757,55580,-2341.4533848859605,5350.776454230524,-3604.9317838557786
STARLINK-5753,55581,-2373.72778739008,-4867.174024138517,4204.520728601637
STARLINK-5741,55582,-5650.188377389426,3294.415483644194,-2077.66812484264
STARLINK-5742,55583,3850.1762595433015,4166.219346641237,-3863.33816458778
STARLINK-5736,55584,-117.37863640422286,5019.833142473674,-4679.25744951175
STARLINK-5769,55585,6664.624731096521,515.0530200487774,-1553.642738401104
STARLINK-5767,55586,-6852.8235110735295,-282.1058239431679,166.91064832582106
STARLINK-5727,55587,-5399.228277686301,-3123.188989158106,2848.7063441236983
STARLINK-5728,55588,-6269.7709327614375,-2075.3104853583013,1850.70673082541
STARLINK-5697,55589,-295.77919419096713,-5011.732622554528,4667.81642749894
STARLINK-5762,55590,3718.380465632674,-4197.028587437637,3945.6247615126235
STARLINK-5760,55591,-4840.308805325796,-3583.1978329626304,3278.9452834998533
STARLINK-5759,55592,5119.681243944944,3357.7616305664346,-3101.0306224995043
STARLINK-5703,55593,3140.1137836320363,4472.169058974769,-4152.894762866568
STARLINK-5750,55594,6427.68799978174,1779.025508156469,-1617.4569757477848
STARLINK-5729,55596,5546.209156792602,-2926.887069027529,2775.2398182697502
STARLINK-5743,55597,-449.9626373786876,-5003.179252059247,4664.874875594966
STARLINK-5756,55598,1703.7629280934295,4755.556551648574,-4646.863358363294
STARLINK-5761,55599,3973.4242023544293,3782.247116814443,-4125.497564202025
STARLINK-5755,55600,-6734.6733235399615,-168.46804132387726,1293.5917882427148
STARLINK-5744,55601,731.1719604851083,4998.371953689207,-4645.7492923342625
STARLINK-5764,55602,5700.146841097331,2305.9014393037323,-3048.817846485679
STARLINK-5735,55603,-5908.4998610979255,-2007.1227545798813,2844.4677509404687
STARLINK-5748,55604,-6529.635319688531,1820.0591514296652,1051.7393557361088
STARLINK-5725,55605,-6641.696542245975,1670.5830791801677,-415.48681898504145
STARLINK-5700,55607,45.215861936162696,5052.433936845715,-4645.625928363428
STARLINK-5726,55608,2481.258410750499,4506.012698484315,-4547.268520115989
STARLINK-5719,55609,-2406.0371848657705,4929.719620786082,-4125.3103994282965
STARLINK-5722,55610,6115.394201821768,1733.006339821966,-2588.2540968093585
STARLINK-5730,55611,6727.968109005521,-1339.184214024896,141.7628059947455
STARLINK-5734,55612,5877.499063451858,-3023.58369540402,1834.1797050353998
STARLINK-5714,55614,-4965.288600755729,4399.070871090264,-1754.4730600609146
STARLINK-5712,55615,393.30126939258776,-5078.526651467254,4588.412721316704
STARLINK-5710,55616,-5453.561039758778,-2559.5802932763636,3275.864976419984
STARLINK-5721,55617,-2090.1704952869413,-4629.196388674741,4604.903062040733
STARLINK-5717,55618,-6558.1944085679015,-798.8767143465247,1843.391479785077
STARLINK-5720,55619,-6775.193432644036,1068.0300140669403,162.54520563694004
STARLINK-5718,55620,-6075.417382243727,2792.387295545133,-1543.0093704428252
STARLINK-5709,55621,-3598.000412717939,-3981.270962164978,4266.635505957846
STARLINK-5702,55622,-4556.4429330592375,4138.114415699425,-3036.6177917305467
STARLINK-5698,55623,-3179.3308726508635,4735.915964255746,-3817.0083820912137
STARLINK-5484,55628,736.5873931508518,2439.5166886623465,6460.648203912171
STARLINK-5497,55629,2809.9323579165557,712.1046186963347,6311.183160990867
STARLINK-5303,55630,-1465.992931915677,3809.294191489799,5620.289796929553
STARLINK-5558,55631,-2805.4677085802577,-713.5508053360959,-6323.73286253005
STARLINK-5546,55632,-4877.458544301766,4676.917981628245,1629.7672913807444
STARLINK-5498,55633,-5578.239175621545,4049.1192363240575,-913.6713218638421
STARLINK-5500,55634,-4831.406419691768,4687.848838408887,1732.38355825319
STARLINK-5495,55635,-1441.5863284044328,-2180.3676373714666,-6444.869506612883
STARLINK-5218,55636,-4458.0711018223865,1134.9373605625794,-5215.889295347431
STARLINK-5062,55637,-3900.9821434839296,5658.403828040053,-1054.7292110602148
STARLINK-5507,55638,-5430.001705216731,2804.44858830634,-3318.642106071779
STARLINK-5508,55639,89.74863128158619,-4113.928698314743,-5606.830954629579
STARLINK-5069,55640,1723.686181563433,-5550.069013667325,-3820.34394854929
STARLINK-5065,55641,-3056.1302752541646,6062.320789795556,1492.8948376978658
STARLINK-5483,55643,-167.6288447140952,4176.684571417874,5548.019017592128
STARLINK-5502,55644,-3771.1303636849043,2459.6349293327285,-5300.648122626022
STARLINK-5510,55647,3757.9384252554937,-2469.6248427650357,5294.92075039331
STARLINK-5501,55648,-2822.882460850281,158.23230615166491,-6353.974526934254
STARLINK-5469,55649,3877.9661802736823,-5674.247361841688,1044.7017713674632
STARLINK-5494,55650,142.56714499439704,-4170.88976740356,-5563.900959514468
STARLINK-5506,55651,-4151.113568163157,4392.257775698392,-3440.7904813563346
STARLINK-5487,55652,3031.9793220144606,-6074.869373027916,-1502.3748275707756
STARLINK-5067,55653,2813.2654063818622,-157.6554776763148,6347.7837193926525
STARLINK-5070,55654,-1746.2492487454942,5541.888649866331,3810.9232674270297
STARLINK-5267,55655,-1222.0320018165298,-4119.215768322826,-5468.108307267205
STARLINK-5328,55657,-2583.840361397516,955.8533084835625,-6385.854325953342
STARLINK-5307,55658,4132.804611845849,-4408.364540725074,3432.0861554418047
STARLINK-5477,55659,-2060.9976340323196,-1706.0501471536027,-6419.516242665006
STARLINK-5467,55660,-1747.5808445725372,6620.501774430708,-1210.004368327319
STARLINK-5475,55661,1761.7885501667383,-6619.4143393570475,1185.2163508805231
STARLINK-5479,55662,-1872.6984083039677,-2363.3373251131184,-6269.883662034316
STARLINK-5473,55663,2700.3423642788935,-3474.068017771386,5375.5071815284155
STARLINK-5480,55664,-209.11251068372582,-5883.344939348241,-3702.1309442213274
STARLINK-5474,55665,2575.754139440188,-953.3372749200166,6379.118812654755
STARLINK-5456,55667,219.3715343645611,5891.31067755087,3678.5989512913898
STARLINK-5455,55668,840.8670866122691,-6766.880330899258,-1361.4695136665882
STARLINK-5459,55669,2414.6885567454983,-5463.01781362177,3551.9226486695206
STARLINK-5423,55670,2061.112100141791,1707.9523354295407,6408.568327546424
STARLINK-5460,55671,-2416.8847673265977,5517.378636215072,-3475.681833634491
STARLINK-5463,55673,1233.8270789951803,4112.696679538269,5460.697420405332
STARLINK-5462,55674,-826.4994676542908,6771.577535478724,1336.275704974071
STARLINK-5232,55675,-2401.761863321649,5460.848921900173,-3574.168844009348
STARLINK-5300,55676,2556.5395001355073,3486.8687555491556,5437.117187404436
STARLINK-5324,55677,554.0656266978468,6798.056106488881,-1352.7214226262263
STARLINK-5592,55741,-5392.059534936787,1383.764402615971,4157.837777653808
STARLINK-5594,55742,-3303.7334473630394,2018.9586327953944,5766.346309411462
STARLINK-5602,55743,-709.2670121506143,2348.982991871763,6496.980583455212
STARLINK-5601,55744,-3208.164113237746,2038.527765389355,5813.654123660846
STARLINK-5579,55746,710.6261709681534,-2354.490376477271,-6505.5859008743055
STARLINK-5539,55747,-6913.865218804297,-389.4910025086404,-625.2541808246757
STARLINK-5580,55748,-6107.42251862716,-1261.2096844336168,-3077.2739659617937
STARLINK-5573,55750,-4389.467221389821,-1933.4873411241851,-5036.3580069339605
STARLINK-5577,55751,-6661.01649450782,537.7503245019581,1911.9886051555723
STARLINK-5613,55752,6917.5227665405255,354.70580708002944,596.2332550568642
STARLINK-5617,55753,599.5369109497875,-2360.173754814855,-6514.514962435658
STARLINK-5612,55754,5387.683707565894,-1406.1604392776967,-4167.007688102017
STARLINK-5614,55756,4388.187757072438,1916.7277916021576,5033.011246815017
STARLINK-5544,55757,3298.5173618546296,-2033.9513119022852,-5775.366151955643
STARLINK-5072,55758,6654.842403403598,-569.5992013748372,-1934.7008381122978
STARLINK-5532,55760,1991.040993850946,2309.9742827731357,6239.903282604781
STARLINK-5611,55761,-6634.972335335339,1971.0959035090868,-660.8913266104245
STARLINK-5603,55762,-2543.133030799306,-1563.8168096186885,-6281.470443517141
STARLINK-5593,55763,6118.02593566184,1232.759342040181,3057.6178552015963
STARLINK-5499,55764,-4686.0598401913,-397.450544831248,-5123.482850958555
STARLINK-5595,55765,-6122.174568675266,826.6719161646555,-3193.4033609739167
STARLINK-5599,55766,6124.709469515393,-2765.2137528743524,-1787.8319774589302
STARLINK-5606,55767,-6635.465336189859,1932.4169260105732,-762.3083264023901
STARLINK-5584,55769,2533.8327305643934,-3057.3285625676217,-5709.812172319967
STARLINK-5557,55770,4701.307446930135,-3149.78727598824,-4042.8536629136097
STARLINK-5591,55771,6627.5939157112225,-1962.7713335770122,743.308873195132
STARLINK-5835,55772,95.82822333875937,2471.577205543709,6489.377846226059
STARLINK-5833,55773,4.874450070120299,-2502.772295527831,-6489.039465759857
STARLINK-5812,55774,6120.703159042766,-854.6161216498714,3178.025620124382
STARLINK-5809,55775,4681.246406472089,381.2943891591146,5118.7266944474595
STARLINK-5814,55777,-11.506539783021186,2503.575882868774,6477.282658509851
STARLINK-5816,55778,-2542.2979619039415,3065.5440283497915,5690.84969203458
STARLINK-5817,55779,-733.4303154724211,-2451.1260067061,-6466.957378647812
STARLINK-5819,55780,-4689.449321768786,3163.174552140315,4035.365128665044
STARLINK-5820,55781,2529.5525275041646,1560.7957157998862,6276.940409239145
STARLINK-5826,55782,1377.6269355743816,-3760.129727711405,-5686.370336931953
STARLINK-5825,55783,1461.1448845504356,-3803.424410278635,-5636.315086571623
STARLINK-5797,55784,5458.498225213033,-2861.4553693804464,3211.2326361670125
STARLINK-5818,55785,3428.8532293797603,-4584.907358552206,-3948.2943160989116
STARLINK-5823,55786,5619.673946192867,-3366.788157436728,2404.061480716657
STARLINK-5811,55787,4878.649315147693,-4670.955265713102,-1653.9734344919743
STARLINK-5804,55788,5583.541223401572,-4044.595084533098,892.5966313446918
STARLINK-5815,55789,-3423.5600182615412,4596.593666246745,3928.6811181993717
STARLINK-5813,55790,-1372.7344343742427,3765.616717202193,5673.236793893941
STARLINK-5807,55791,4461.733454823206,-1132.5486853745654,5203.069103231791
STARLINK-5856,55914,3267.9552322405298,6133.756266510817,184.54301572497263
STARLINK-5859,55915,-2173.669468382756,945.9386335005104,6527.747080035269
STARLINK-5796,55916,2190.19375814068,6030.64744989903,2672.3150493050775
STARLINK-5867,55918,777.779675299223,5008.196540442095,4752.061273673143
STARLINK-5871,55919,-2122.865913626487,1040.504651389618,6530.07721164522
STARLINK-5862,55920,273.2015431036579,3214.737649627228,6150.615431796169
STARLINK-5861,55921,-3280.475643960536,-6126.515932867049,-212.4357769806954
STARLINK-5863,55922,-3861.9254338147284,-5298.409440272604,2307.1146923987876
STARLINK-5854,55923,-3855.0052053944405,-3665.530694665836,4469.402274937479
STARLINK-5849,55924,-1827.2930067472087,1538.4402964923574,6521.073405817306
STARLINK-5922,55925,-2199.5104679408746,-6020.0830494412585,-2698.0766855716297
STARLINK-5921,55926,-4918.6379247898685,-2220.9108143975363,4375.971445621762
STARLINK-5919,55927,693.1838742657876,-3298.985578353953,-6083.2021265690555
STARLINK-5930,55928,2176.3248091603436,-949.5778812767919,-6536.951159895553
STARLINK-5896,55930,3663.8642407556495,368.02401417620183,-5901.015920952846
STARLINK-5897,55931,3270.7832060884607,1461.263003103363,-5961.10781767514
STARLINK-5848,55932,-6428.215705488626,-1685.1219700689671,2037.423366256589
STARLINK-5852,55933,-5439.741151038452,-3736.7968242288057,2180.3287448104056
STARLINK-5927,55934,3595.684130915899,284.9774607650641,-5946.467641653076
STARLINK-5920,55935,-5130.971391472387,-4679.602145115747,-345.15267434558757
STARLINK-5882,55936,-5460.876535604414,-444.84221986200265,4272.547268612587
STARLINK-5913,55937,-4034.515291241263,-4908.689588397817,-2826.2368558053004
STARLINK-5909,55938,-2333.65308214075,-4392.691134314849,-4860.806231912438
STARLINK-5918,55939,1830.0237794459192,-1542.1800007231707,-6530.124302131245
STARLINK-5864,55940,-271.34288522538696,-3209.1390722756064,-6164.347364746754
STARLINK-5914,55941,-3647.513958018145,-366.87902163421273,5899.449778037724
STARLINK-5917,55942,4057.342711115809,4892.321826819681,2811.6444042234234
STARLINK-5932,55943,5456.061503684288,3713.5931963946377,-2190.5840948439
STARLINK-5926,55944,5148.931881600522,4659.35390987617,338.07921492860555
STARLINK-5925,55945,4894.936056729902,2138.8101128236976,-4453.474841818873
STARLINK-5857,55946,4931.154010249818,2205.4707569325437,-4380.377081761592
STARLINK-5900,55948,-1223.6923549479702,-2898.4293174294953,-6202.703550798499
STARLINK-5899,55949,-5392.075260758073,-3263.534111043665,-2938.5095003871384
STARLINK-5911,55950,1331.6113217328004,-2021.7511253911234,-6519.842237204407
STARLINK-5908,55951,2345.4926002252832,4379.251733034169,4856.675198748359
STARLINK-5893,55952,-1313.4914119679588,-2922.1310607442097,-6173.022897383453
STARLINK-5892,55954,3585.795718038925,3316.4256831611897,4940.640753740145
STARLINK-5878,55955,5462.023919889185,461.8936502140094,-4280.513247429306
STARLINK-5883,55956,-1341.4859759160647,2015.7138095696002,6508.963587411779
STARLINK-5884,55957,3675.6008975312675,-842.8784576253697,-5843.75151808133
STARLINK-5928,55958,6420.272672044359,1697.067341693231,-2063.207638900204
STARLINK-5929,55959,6400.839496660172,2672.892309991052,468.1989118638922
STARLINK-5938,55960,3591.6955008136533,-893.918695299508,-5888.143754829406
STARLINK-5933,55961,1208.549237536868,2884.009851990078,6201.494309270432
STARLINK-5906,55962,-3575.029739986772,-3331.7141943660395,-4948.466609855936
STARLINK-5924,55963,5405.841209326169,3241.3239069142955,2927.502804192122
STARLINK-5895,55964,-5904.9452005782405,-2404.894373959145,-2676.124421926138
STARLINK-5894,55965,-3680.5267197692456,847.2048122501528,5829.324554784327
STARLINK-5905,55986,710.5331924803321,6247.357518722292,-2751.0837006725083
STARLINK-5915,55987,-5484.544801492006,-3360.5850725895966,-2392.3616174670783
STARLINK-5916,55988,944.9939767944709,-5812.381513030088,3513.003759362888
STARLINK-5947,55989,-4563.744393121737,-5063.758859622751,-782.6266929209235
STARLINK-5946,55990,323.2188821553131,-5939.415348854539,3411.2710048182657
STARLINK-5948,55991,-5325.2288603629895,-4039.3613830590616,-1553.2505172391134
STARLINK-5969,55993,-3026.3008507968066,-6085.104134588242,935.1677520522561
STARLINK-5956,55994,-5666.539895213111,-1195.8284763059144,-3683.0614409001005
STARLINK-5903,55996,2976.728970036014,-4219.625788940028,4512.224280579083
STARLINK-5902,55998,1029.639303378998,-5625.790912642823,3782.4337669866864
STARLINK-5901,55999,-3816.7642460857196,3298.387257760768,-4654.66934001854
STARLINK-5910,56000,-4096.084778745434,-5500.736923613784,-191.03280284429303
STARLINK-5944,56001,-1099.0242658022842,-6414.168012120168,2165.8307380207266
STARLINK-5799,56002,-2410.2632172808085,-6246.332334818351,1492.4729334297365
STARLINK-5789,56003,18.34680317084766,6076.582954432937,-3191.0152207989254
STARLINK-5787,56004,-5240.354556331282,518.7531081513864,-4402.136909913505
STARLINK-5801,56005,2857.042415761589,-4429.972992904076,4383.616771606736
STARLINK-5794,56006,-3537.4038634648514,-5866.304703157297,-426.505067440581
STARLINK-5806,56007,-5250.9984385622165,-4002.7490423304534,-1871.1849965696385
STARLINK-5803,56008,-1079.9862281724363,-6283.475230528443,2527.1857150784317
STARLINK-5964,56009,-5400.913467638594,-3266.061505791081,-2694.1270672948554
STARLINK-5968,56010,-5692.365633504112,-1951.5394304602246,-3300.1452905589877
STARLINK-5936,56011,-399.21170488466396,5483.393118127791,-4108.704538195891
STARLINK-5940,56012,-6012.846152672194,-2916.5812593637997,-1554.3846489040734
STARLINK-5941,56013,-3271.21594021329,3934.1205694761898,-4575.025477001896
STARLINK-5942,56014,1839.9929851390593,5877.216896426019,-3029.104886610179
STARLINK-5939,56015,-5332.842996054102,1287.4656674784342,-4124.343668771165
STARLINK-5943,56016,12.843797475802402,-5610.942529307354,3940.4827126350197
STARLINK-5934,56017,6117.450978835346,1245.6951065222163,2835.676433347651
STARLINK-5945,56018,2232.143517317453,-4588.9537567088955,4577.5189231764325
STARLINK-5949,56019,5309.2691141600835,4342.699642679445,162.05712854575944
STARLINK-5912,56020,4152.5803260703115,-2943.0746912815184,4592.181242677018
STARLINK-5907,56021,5505.63123547328,-907.6900756541951,3984.1911535855397
STARLINK-5783,56022,-5805.475872578658,-3518.409237986079,-999.1677982734366
STARLINK-5771,56023,-3566.4202877626963,-5595.088492939085,1739.1170353219823
STARLINK-5772,56024,-4433.777693875511,2630.211099802518,-4531.433725024748
STARLINK-5766,56025,-2890.8919260585817,-5784.343154432955,2285.125605018951
STARLINK-5770,56026,-6156.717083119683,-1583.08321446163,-2585.0290028138734
STARLINK-5777,56027,-5508.258494389831,-4068.577777282888,-429.0720973193856
STARLINK-5779,56028,1108.0587095599255,5833.144127304873,-3442.661777989342
STARLINK-5774,56029,-5675.0546758344035,566.1444171717145,-3818.1181472214766
STARLINK-5781,56030,3217.822946409523,5697.925746632414,-2067.4969952049155
STARLINK-5785,56031,-3248.3407064795824,3839.867841907727,-4670.95672300117
STARLINK-5786,56032,5797.931784506682,-189.22201866774768,3655.224714864419
STARLINK-5782,56034,2918.9861953852933,-4100.846468607755,4654.127977124922
STARLINK-5792,56035,4892.248470923117,4794.066257138387,-411.6317405231583
STARLINK-5790,56036,6004.252760602974,534.4581279698177,3269.199140337218
STARLINK-5758,56037,-124.29252599089773,-5288.528816029694,4360.717061066939
STARLINK-5793,56038,-1484.1529313786095,-5874.432566776983,3210.7090579494784
STARLINK-5795,56039,-6439.919847531102,-395.57410521115,-2337.222949117805
STARLINK-5798,56040,-5595.07972650144,1589.723970659669,-3642.6647325149265
STARLINK-5800,56041,6003.338764479449,-629.4359862505124,3254.0314682185585
STARLINK-6109,56094,-1865.968392076606,5327.836191492891,3892.257570001596
STARLINK-6090,56095,-5656.946057027553,3713.300062313679,1125.9477680485595
STARLINK-6089,56096,559.2456269266887,5086.530841844943,4562.6061616197285
STARLINK-6077,56097,-3116.097545661368,6061.147946991011,-799.7974991975949
STARLINK-6088,56098,-4035.9053862703486,4848.233047427369,2691.4498353589543
STARLINK-6076,56100,-6604.945513203226,1456.7300150509143,-1156.9652724387608
STARLINK-6095,56101,-6033.31347542204,3217.5281298400246,562.468405376039
STARLINK-6075,56102,2155.8366942988455,4536.159597772122,4666.174810700853
STARLINK-6096,56103,-2634.6581934952387,5246.911169887363,3543.522751147871
STARLINK-6062,56104,-4649.439004768632,4537.25393251474,2200.6824652309647
STARLINK-6066,56105,2998.823137585017,-5168.326502998051,-3374.96537565484
STARLINK-6030,56107,-1764.6146501007672,-4707.214343431251,-4673.159856839982
STARLINK-6081,56108,3594.516232971486,3728.7674272376876,4491.653604525266
STARLINK-6083,56109,657.4423382735572,-5294.375879453931,-4318.037385528784
STARLINK-6082,56110,4343.509588547906,-4695.4406102155735,-2486.808269325628
STARLINK-6084,56111,-6510.91277774438,148.81417769632677,-2163.8468234417464
STARLINK-6080,56112,-3953.562488979329,-3486.33384046634,-4395.972773649404
STARLINK-6113,56113,-6510.825311586901,2086.0322404789526,-584.2736738015658
STARLINK-6101,56115,3125.42993813866,-5251.966141493034,-3122.6470293507123
STARLINK-6114,56116,-5610.158599416824,-1795.2838083486104,-3522.7368493907907
STARLINK-6107,56117,522.0857315366342,-5636.109902904624,-3880.832467467819
STARLINK-6091,56119,-5976.327633997607,-48.168200700263334,-3374.498393879296
STARLINK-6079,56120,-4903.928026520633,-2113.362867584056,-4311.998816203554
STARLINK-6092,56121,-3162.5721417772693,-3910.877693114302,-4669.944493936923
STARLINK-6094,56122,832.5434029842328,-5387.527462851467,-4170.290192257291
STARLINK-6115,56123,-3091.7098845658315,5608.9888147848305,2453.0508377645965
STARLINK-6126,56124,-1014.2112942656968,-5169.901294205538,-4398.752003214003
STARLINK-6119,56125,-4851.493953079018,4775.590507854868,848.5028294972377
STARLINK-6124,56126,5480.004168501495,-4127.921602290088,33.25287660892746
STARLINK-6104,56127,5982.617834864278,298.27863521588,3337.1491016519144
STARLINK-6122,56128,-5955.003521068065,3295.997259115649,-871.5589165518511
STARLINK-6121,56129,4822.2791040706925,-2041.7388946704868,4424.23526993685
STARLINK-6117,56130,6045.212172073599,-3022.6212802951945,1171.2945584330241
STARLINK-6120,56131,3410.5388881266495,-5540.694950985554,-2181.835156252894
STARLINK-6071,56132,-1670.0681789074285,5773.413820504543,3301.6869232320655
STARLINK-5566,56133,1379.858528099132,5010.048688766548,4471.317702807053
STARLINK-5564,56134,618.709175669725,5326.139609816792,4271.802023992795
STARLINK-5489,56136,4101.743106693986,3050.6765505766366,4567.856931327441
STARLINK-5090,56137,6245.820418478788,-1730.8936744107596,2243.3970642569534
STARLINK-4774,56138,-2479.012001667634,-4398.110118593121,-4649.3032120297
STARLINK-5375,56140,-6148.4606105466855,2689.219619153371,-1433.2417005924237
STARLINK-5377,56141,5806.135221941973,-3603.185385734008,607.5690687163274
STARLINK-5376,56142,-916.015717812751,5710.264605653586,3683.6159309538743
STARLINK-5016,56143,3478.798414893238,3759.788069601694,4605.917586091847
STARLINK-5374,56144,5843.798457632833,364.3262858040569,3568.504414222621
STARLINK-5111,56146,4587.500050158438,-4981.166509798521,-1103.5720478881142
STARLINK-5140,56147,-4917.227881241351,-202.1729228389131,-4536.968063836227
STARLINK-5089,56148,5186.623608089471,-1226.2572866555734,4312.417082818982
STARLINK-30107,56287,3766.005972486657,-3993.514205548301,-4120.705778353555
STARLINK-30106,56288,6221.527699743168,2892.0470111490845,31.236799537241332
STARLINK-30095,56289,-3775.196028962639,-4156.286682400577,-3947.9430239595754
STARLINK-30103,56290,6572.348457110065,1059.7207694334459,-1665.1904647325484
STARLINK-30113,56291,5028.818955396419,4333.672169601307,1725.7073731738715
STARLINK-30098,56292,6033.805012703981,-920.3938658788788,-3138.2667628544755
STARLINK-30049,56294,-1255.9133198036373,-5382.942799745716,-4069.0857274107148
STARLINK-30083,56295,4133.671942837621,-4025.7602019237925,-3716.261194059619
STARLINK-30089,56296,-4971.199972749705,-2856.8773159192356,-3771.80394967265
STARLINK-30086,56297,1916.0643040522873,-4638.313695676174,-4683.338515136123
STARLINK-30109,56298,2425.6028341993,5318.435314513065,3584.556071356967
STARLINK-30108,56299,3350.5852834157804,-4055.58492890288,-4408.23515359358
STARLINK-30104,56300,3400.396918733269,-3823.357649059369,-4575.412067905578
STARLINK-30101,56301,-6303.986300327931,-2701.62689787213,113.00897774864087
STARLINK-30111,56302,-3075.012858554289,4031.6234007230714,4613.778602539769
STARLINK-30099,56304,-745.5960272623176,5045.7498812247295,4580.312138348025
STARLINK-30094,56305,3151.3105414287556,5186.717109730474,3191.783326748905
STARLINK-30112,56306,-4974.632569530888,2474.429639581492,4015.900076828538
STARLINK-6038,56317,-6019.176842603582,1179.8961321491292,-3233.782340882758
STARLINK-5954,56318,3702.817974147307,-202.5580857257729,5844.505264274087
STARLINK-6039,56319,-5970.4475829848,2100.7025627239136,2814.20116301173
STARLINK-5988,56320,-404.2379027845848,1043.0612536941783,6827.572214153793
STARLINK-5876,56321,-2928.3332799232658,1599.6657024122578,6063.381106497308
STARLINK-6033,56322,403.4383248015065,-1043.6338281533717,-6845.381828172889
STARLINK-6035,56323,-2965.2034448694526,7.1038613573543,-6269.970422803448
STARLINK-6034,56324,5059.837056311936,-722.5364713091376,4669.666470316255
STARLINK-5981,56325,6649.66697296802,-1837.5644186101988,652.1144250676967
STARLINK-5980,56326,-2104.0724008630395,1481.6326807866415,6423.844025273548
STARLINK-5997,56327,6524.276089412165,-2044.5625855611813,-1146.1915082518462
STARLINK-5992,56328,-3745.677889620785,220.5627363365383,-5833.255308257422
STARLINK-5984,56329,-6334.961075207227,1967.041371371957,2000.5650297777352
STARLINK-5991,56331,1091.936810973524,605.0628547349075,6805.905393333808
STARLINK-5093,56332,4979.489923589061,-2033.7104310307711,-4378.177569922303
STARLINK-5553,56333,4377.516607615762,-1858.2475152635213,-5048.8239165283185
STARLINK-5548,56334,6027.6356374887755,-1178.3907642725687,3201.653042694183
STARLINK-5559,56335,-1312.87830441393,1250.4171591130607,6677.944730103624
STARLINK-5562,56336,2103.5953274079425,-1480.2579663510337,-6442.140584549581
STARLINK-5561,56337,6321.1078090661385,-1506.6596485626183,2399.667316200841
STARLINK-5554,56338,-4405.362082950208,549.9898477760203,-5328.408246672066
STARLINK-5552,56339,-6532.079067098538,2031.6261889519528,1103.671701784627
STARLINK-5540,56340,1267.3198491031426,-1243.6865304579196,-6705.0882809005925
STARLINK-5543,56341,5955.64995771634,-2110.6476404081495,-2857.045050708887
STARLINK-5955,56342,-5552.003168097074,1977.3279695688268,3636.8892532354894
STARLINK-5976,56343,2921.5154818793258,-1605.1079815065973,-6082.735109215488
STARLINK-5974,56344,471.0829173941294,797.214716691471,6856.801282384547
STARLINK-5979,56345,2953.1391319152426,-9.127943100252143,6259.076678297644
STARLINK-5837,56346,-6651.799364129233,1824.2843325946653,-686.3663020625876
STARLINK-5829,56347,-6682.2834850961435,1823.1075580344323,234.77183310090786
STARLINK-5888,56348,-5003.78427828882,2042.123468825981,4331.300082185624
STARLINK-5887,56349,-5554.6314121961,1058.5441076109453,-4014.1405556103396
STARLINK-5886,56350,-4391.2384866714265,1851.6935945730208,5020.995794394528
STARLINK-5891,56351,-479.79996601684763,-796.403579729552,-6873.8819078923425
STARLINK-5885,56352,5561.260555047936,-1072.695119981297,3983.8218529778
STARLINK-5874,56353,4423.127573496108,-565.2821771405995,5294.8310360649775
STARLINK-5877,56354,6577.112208448643,-1569.7750120173716,1513.0403083542533
STARLINK-5533,56355,6569.381309574123,-1629.4527998654182,674.0354553928622
STARLINK-5535,56356,-2182.8544115281516,-299.1223091464522,-6576.74116682173
STARLINK-5538,56357,2185.9722554810514,298.94543845990364,6558.193597047745
STARLINK-5482,56358,-6317.651121133643,1491.4835534646954,-2436.8962408413236
STARLINK-5551,56359,-3670.0415745932223,1822.1982700618335,5578.319307137923
STARLINK-5549,56360,-6573.170910046456,1552.097389552859,-1564.894693782201
STARLINK-5550,56361,-1330.0206972521642,-534.6934634671799,-6786.438648073846
STARLINK-5972,56362,-5052.577495602175,723.7845973536587,-4694.8671563921525
STARLINK-6156,56374,-6706.513923534265,-93.51817621029669,1437.477697203318
STARLINK-6158,56375,2693.2675620145674,4949.384833663267,3905.7331258083045
STARLINK-6188,56376,-3703.272711546661,3852.524031860803,4294.875614585259
STARLINK-6189,56377,-4953.998688495003,2896.9269829647124,3752.090937505975
STARLINK-6191,56378,257.7377632512089,5100.451792840554,4573.245174347474
STARLINK-6157,56379,4122.099327614212,4475.802666210919,3162.3065785342556
STARLINK-6159,56381,-5036.654262719821,-3962.8064870098274,-2454.8244417132405
STARLINK-6160,56382,-2300.5865066253014,-5040.551711015947,-4050.436922624832
STARLINK-6166,56383,149.33086376032884,-5068.600855769132,-4625.503393361617
STARLINK-6153,56384,1802.5320127407383,-4702.50833281265,-4662.92971948787
STARLINK-6173,56385,5236.868632931399,-2646.3245251208623,-3559.118868468317
STARLINK-5836,56386,-3046.6289517095342,-4883.015100984898,-3739.440663901774
STARLINK-6178,56387,1089.189454013537,5128.025077249655,4417.7347894056675
STARLINK-6176,56388,-6721.783451056879,-1339.9490516041305,306.6698464697217
STARLINK-6145,56389,-679.423830630464,-5136.246974408412,-4501.476300301244
STARLINK-6298,56391,-1401.4400054447492,4815.109233653321,4673.620956063196
STARLINK-6301,56392,439.4133235417208,5017.825921096931,4650.429321434781
STARLINK-6303,56393,6436.339742363824,-876.1062583815184,-2213.671074521259
STARLINK-6305,56394,3236.5132999998664,-4363.830849535261,-4194.247787226785
STARLINK-6273,56395,6690.568459704199,-925.2005302907925,-1210.418605768292
STARLINK-6302,56396,-3971.350684758842,-4180.371931970138,-3723.0651436007192
STARLINK-6271,56397,5949.52795559958,2642.448181420447,2158.9703711890816
STARLINK-6288,56398,-5721.704972711228,-2894.263145922452,-2446.5348167330394
STARLINK-6277,56399,-1682.2311608031011,-4905.193987440788,-4497.0300124678315
STARLINK-6267,56400,-6700.193152857628,-1219.6380416315765,-838.663463111355
STARLINK-6287,56404,2095.5007031469586,4828.63878722545,4392.442167121455
STARLINK-6285,56405,-6853.709715350847,3.6881423496781918,310.5160715107108
STARLINK-6283,56406,6824.501122284978,-311.8323339172235,-643.3618055367132
STARLINK-6282,56407,-404.60781036246027,4998.728711378256,4673.709537565926
STARLINK-6289,56408,2470.0887037711445,-4636.591178305838,-4416.92434757247
STARLINK-6241,56409,3629.407551425984,4346.069824186385,3866.583873839895
STARLINK-6281,56410,5711.043909886125,-2671.514002485694,-2710.389667180141
STARLINK-6279,56411,5484.821529319981,3147.0924501034333,2654.5834382938174
STARLINK-6278,56412,-2483.658341612363,-4734.147547169228,-4304.239307175122
STARLINK-6258,56413,6124.38667708769,-2099.1570924680577,-2276.066145270248
STARLINK-5136,56414,-4286.128060866487,3816.13034888821,3752.844981332757
STARLINK-6260,56416,-4897.03087314534,-3343.204209323223,-3456.5965347934884
STARLINK-6261,56417,-6140.678384428237,-2370.97087793136,-1939.9372415088571
STARLINK-5356,56418,5180.650536635118,3082.7631496160475,3267.8627950876125
STARLINK-5350,56419,-2067.0371496628713,4734.922084630637,4506.640622651729
STARLINK-6272,56420,6847.041581693254,-405.96770379848766,150.2250209745264
STARLINK-6270,56421,216.26038638325116,-5021.498449110016,-4674.35561107909
STARLINK-6236,56422,3621.6061714659127,-4405.098216362052,-3819.143279621594
STARLINK-6239,56423,6314.711878759691,-2190.8478625834114,-1553.3134921249473
STARLINK-6242,56424,-1239.3892675042462,-4900.991648321344,-4642.525943612578
STARLINK-6224,56425,1274.8477921439637,-4988.47875110085,-4538.005825362431
STARLINK-5352,56426,-6805.4544349819835,-361.0715958528434,-815.4417916143834
STARLINK-5724,56427,-6848.181999083533,65.95845707467339,-420.201915654054
STARLINK-6238,56428,-3594.8884095251487,-4152.1770769165605,-4115.631990561781
STARLINK-6264,56429,-5454.1742930217215,-2850.2281931736406,-3037.8674703736892
STARLINK-5990,56448,422.72700120461013,-5935.259952087705,3589.71439333341
STARLINK-5993,56449,-2529.7399268151844,-1020.3901367749983,-6397.548691000122
STARLINK-5970,56450,1368.0579514289623,-4148.583396934244,5401.486666502998
STARLINK-5985,56451,-2545.7580965178045,-3572.37799721568,-5396.766930934602
STARLINK-5986,56452,-2174.0954935881855,-5551.243820388614,-3580.775338889704
STARLINK-5935,56453,-1472.4851347295273,-6685.605844260153,-1218.4393650292925
STARLINK-5959,56454,2533.487617290974,1054.4001084361967,6380.263015808953
STARLINK-5987,56455,2553.948481016815,3577.355212823208,5379.319983373605
STARLINK-5995,56456,1401.764103021407,-4063.237894386468,5457.33900811982
STARLINK-5994,56457,2128.5366509912246,-1629.712222325174,6407.02891476147
STARLINK-6050,56458,462.1823798370014,-5880.34945348969,3674.0825556285176
STARLINK-6048,56459,-411.65367721481255,5928.168953962784,-3612.5291094958147
STARLINK-6047,56460,2187.741156761156,5551.0154905138625,3562.2338177722213
STARLINK-6037,56461,-1395.0744152259492,4057.410676046542,-5473.308709334622
STARLINK-6045,56462,4360.877837500769,1233.5701418502567,5265.303548671804
STARLINK-6051,56463,-548.08131606282,-6801.296166706638,1329.009041744506
STARLINK-6043,56464,1486.794558661945,6685.294531119725,1191.8992298502396
STARLINK-6054,56465,-92.90087567044209,-3097.2856563216906,6215.141375265639
STARLINK-6053,56466,-451.255117670416,5873.336165639602,-3696.367963913661
STARLINK-6055,56467,2800.90529507126,266.5822001871368,6349.925919991365
STARLINK-5998,56468,-2128.8289110726255,1624.7586225598416,-6418.289736290004
STARLINK-5518,56469,-1487.8806863395337,-5630.926324855178,3790.4288645110837
STARLINK-5523,56470,1526.2496233990091,-2127.1504654871337,6432.764898925396
STARLINK-5521,56471,3650.4670279612824,2618.4352412336457,5298.744247189757
STARLINK-5038,56472,3639.594266161822,5828.373538452819,1052.761310127886
STARLINK-5524,56474,21.458271327814387,-4197.0754531395605,5535.378378435396
STARLINK-5541,56475,2778.5887205627396,6195.979477069243,-1496.7570775619195
STARLINK-5545,56476,3945.4369864361975,4572.6106226576385,3437.500829445648
STARLINK-5534,56477,-2763.2626969591465,-164.14398336049925,-6379.870905817765
STARLINK-6041,56478,1495.4523791949007,5620.313736481947,-3812.966520223439
STARLINK-6044,56479,-3663.700286397811,-5813.630008909308,-1062.4685848052693
STARLINK-6214,56480,640.3439331824354,2611.127102414752,-6287.499978075757
STARLINK-6222,56481,-3663.233971123248,-2606.4506949618144,-5306.1000574991685
STARLINK-6220,56482,-15.029232264659022,4192.3112572335485,-5549.145432347928
STARLINK-5868,56483,-1526.8403312988894,2125.6145115041827,-6443.339122052953
STARLINK-6221,56484,-2807.170200735029,-260.59450260436154,-6357.5269382691595
STARLINK-6210,56485,-2804.2521803502423,-6184.774415747024,1485.514850965152
STARLINK-6196,56487,2825.3741023729654,-606.7912503275841,6315.393981257326
STARLINK-6204,56488,1316.2405252818137,3889.8765130779143,-5613.043776932376
STARLINK-5923,56489,-4401.269365949635,-1311.3086730288778,-5222.5855325794355
STARLINK-5873,56490,4661.832872148869,4894.471462454142,-1631.852272709984
STARLINK-5842,56491,-5306.728752556593,-3023.532970893663,-3325.601836357702
STARLINK-5846,56492,-5405.6758929643975,-4275.146331800842,-922.1987949349949
STARLINK-5841,56493,-2419.2155424557536,-3166.300798621645,5690.006083011623
STARLINK-5530,56494,-5417.598299865804,-4237.19880514981,-1021.9970680363375
STARLINK-5529,56495,-3242.7016242972263,-4733.095637128296,3920.0908498463195
STARLINK-5526,56496,-1308.9219695420247,-3869.712380350103,5618.923256338334
STARLINK-5527,56497,729.6242341913141,-2492.257455462222,6441.882574495342
STARLINK-5522,56498,-4681.014411582226,-4875.801936093394,1623.5293763543589
STARLINK-5775,56503,234.27875422124595,5336.467533758443,4298.039151202819
STARLINK-5716,56504,6393.149477253708,2316.3002808104575,-916.227515560115
STARLINK-5763,56505,-4243.689463981458,-4941.256225368284,-2160.588323272263
STARLINK-5340,56506,5069.340443195676,-2675.304751442414,-3774.1284532953664
STARLINK-5333,56507,-6299.238106144189,-1749.8782136576615,-2086.6041163906125
STARLINK-5335,56508,-6298.031986301109,-41.32176173149956,2714.68095659729
STARLINK-5334,56509,-1359.6136308987102,4878.207366098615,4621.001921492414
STARLINK-5339,56510,-5279.018073446132,1948.7665100035183,3917.261004120664
STARLINK-5351,56511,2567.2794051720784,5413.952090803679,3334.5622948413916
STARLINK-5349,56512,-3563.0296107784784,3654.8921577647443,4577.569961957917
STARLINK-5329,56513,4547.416344717196,4761.854274877998,1920.8390384819486
STARLINK-5348,56515,5918.887451125685,3461.122577269432,240.141342453234
STARLINK-5342,56516,1027.9824857279937,5444.6466764261,4039.2438628017912
STARLINK-5345,56517,5029.665337162074,-2259.694778904978,-4087.117292940643
STARLINK-5346,56518,6484.968225269609,1698.669078302935,-1466.7235266152454
STARLINK-6313,56519,1739.7936104915877,-4729.848542731112,-4659.348019496652
STARLINK-6344,56520,6174.248612076515,-303.45602675220033,-2980.993752483106
STARLINK-6333,56521,776.8856456459853,-5149.063408571602,-4471.444728062977
STARLINK-6327,56522,3877.480472422234,-3409.6937286454295,-4522.387452951826
STARLINK-6328,56523,-6436.946117934562,-2039.0435971551613,1210.003965570235
STARLINK-6323,56524,-4815.291194701264,-4608.834023262034,-1631.6957651432913
STARLINK-6329,56525,-2830.6829620782664,4142.64148065878,4675.045091536995
STARLINK-6317,56526,-6057.674442785196,-3220.6076389312816,67.63184931304754
STARLINK-6335,56527,-8.81575144519744,-5377.7168391460555,-4264.718863778162
STARLINK-6337,56528,4306.797655764163,-2946.1183949716396,-4458.601234153555
STARLINK-6307,56529,-3246.3367466644877,-4931.020301353312,-3500.552341320641
STARLINK-6318,56530,-2893.0310297054357,4484.010613225217,4304.971011694907
STARLINK-6280,56531,-2188.797383728907,4561.492681868006,4625.686768404815
STARLINK-6319,56532,-5932.996312276198,1774.7667311686241,2945.355729278458
STARLINK-6310,56533,-4444.115246135021,-4329.8032587417865,-2933.5199969183645
STARLINK-6308,56534,-4356.459137757417,3396.624023465173,4060.9103527856205
STARLINK-6309,56535,-1925.1433562361256,-5924.128591024293,-2880.5611081656316
STARLINK-6312,56536,-6050.813708857533,-1209.4784415889185,2992.815083348955
STARLINK-6311,56537,-3864.121329723232,-5504.39597559429,-1363.0989839398474
STARLINK-6314,56538,-5985.9364607766265,-3040.629486204033,-1417.3253825115116
STARLINK-6135,56539,-4047.5505159782288,3015.072805260926,4639.155093753547
STARLINK-6136,56540,-2130.246491830065,4660.070684306737,4554.177283211619
STARLINK-6249,56541,6114.120638564471,928.0037053804233,-2974.6219411646
STARLINK-6266,56542,-5414.464823752139,967.7046120651944,4093.381712601356
STARLINK-6226,56544,-1800.5940125870975,-5815.111582649325,-3169.037756532216
STARLINK-6086,56545,3523.419406407658,5560.981901680109,1924.96041444223
STARLINK-6187,56546,6018.828255792189,2960.4488001021778,-1445.7095674069312
STARLINK-6291,56547,-4213.3779363076155,2879.876119084212,4577.02285618456
STARLINK-6244,56548,5957.56101214035,206.32543252341364,-3401.089306179779
STARLINK-6263,56549,-2290.6383033330185,4513.9696908188325,4622.744657207813
STARLINK-6255,56550,5714.120205836524,-505.64402216838465,-3769.0171111391824
STARLINK-6199,56551,2179.3632288338094,5814.731930200476,2909.9728676076825
STARLINK-5802,56552,5507.335073307856,4078.8600104196794,-329.8239084253384
STARLINK-6074,56553,-6168.24043866236,-1281.4537299486,2709.4950952495246
STARLINK-6295,56554,6148.124183549771,2300.799601940362,-2000.119627123728
STARLINK-6252,56555,-3827.504710139972,-5436.155290727382,-1698.8930094295918
STARLINK-5302,56556,-5566.863664499473,857.347834344071,3909.2682761621836
STARLINK-6265,56557,-61.10833340416151,5537.815149187109,4041.57306730704
STARLINK-6286,56558,71.916716048163,5672.920961742493,3850.523416517885
STARLINK-30122,56688,4997.88800930697,-898.8236189355847,-4616.717646428716
STARLINK-30129,56689,-938.0565833092376,6795.058577390631,117.2250843730457
STARLINK-30124,56690,2088.9387530542003,5990.155337733511,-2618.178471905507
STARLINK-30036,56692,-2118.383202540815,6401.690130365703,1259.368945904949
STARLINK-30067,56693,908.9272203575968,6613.558749721503,-1589.1358181830933
STARLINK-30126,56694,-4592.535764671028,2713.578374618729,4306.482317636958
STARLINK-30121,56695,2637.2940214471178,5538.27479294461,-3078.083003128348
STARLINK-30130,56697,-5009.334400132914,28.309487179884187,4681.677464491088
STARLINK-30068,56698,4988.539240592051,2637.1912354968767,-3907.5643348045837
STARLINK-30127,56699,4842.643039022469,1389.0236250585212,-4661.791001886242
STARLINK-30053,56700,2695.200477153623,5913.860183713283,-2204.9865709629385
STARLINK-30125,56701,1598.44208736058,6574.231380917364,-1141.6988081451425
STARLINK-30117,56702,4733.930074121296,-2527.948490282341,-4276.923213844791
STARLINK-30132,56703,-652.3256015187433,-6804.9777037037275,569.8625676924904
STARLINK-30066,56704,-4589.994804493984,2500.4975633122212,4435.780800724027
STARLINK-30080,56705,-3967.91446890461,3571.525941730074,4301.900346578007
STARLINK-30079,56706,3144.0677688496544,5002.934910486576,-3491.8841417073368
STARLINK-30070,56707,3191.6755720585033,5444.800210440016,-2696.1633574832153
STARLINK-30071,56708,5004.55785916576,162.03691180878891,-4692.851655521667
STARLINK-30085,56709,-4750.5695211181455,-2444.070886487577,4296.588824730982
STARLINK-6197,56767,2268.3208398778506,-5019.9369674394,-4136.592770055613
STARLINK-6198,56768,-2398.6098477334112,-4657.72190212956,4562.852730806564
STARLINK-6342,56770,921.781728976598,-4900.474276968652,4837.531020293651
STARLINK-6275,56772,2449.442838340568,-5924.733802261608,2683.1729745618986
STARLINK-6296,56773,3845.489153852623,3666.4278577881983,-4487.672190965222
STARLINK-6190,56774,-4015.56837027768,3499.9004647122297,4461.224387123633
STARLINK-6292,56775,3852.177512290073,5295.139649456296,-2341.765581453529
STARLINK-6274,56776,-39.82890571906504,-6464.623433472694,-2562.60925904148
STARLINK-5582,56777,-2668.437754551035,2258.6998088105825,6001.837696602758
STARLINK-6304,56778,938.7732897811187,-5067.545169970332,-4669.361192211416
STARLINK-6231,56779,1038.1003419259553,6874.372622847167,59.40695190037377
STARLINK-5963,56780,-2349.962868857282,-276.95090286272335,6529.955974857451
STARLINK-5989,56781,1336.8708248399519,-6822.076689701483,66.09403103874006
STARLINK-6352,56782,1776.6613329947554,-2899.8220840892754,-6066.7377021308375
STARLINK-6357,56783,2561.2061842226726,2353.622780929157,-6022.5860603573565
STARLINK-6354,56784,2345.607650403008,-295.43628503719077,-6540.606766846536
STARLINK-5931,56785,-700.3107598435929,-5094.617741888353,4671.426532452073
STARLINK-6341,56786,2389.1091750665214,4651.835861702478,-4585.119195990909
STARLINK-6326,56787,-2342.6740773098027,293.1712048160809,6531.1491893841385
STARLINK-6336,56788,1855.2016983664969,6237.491551788502,-2452.0018939192464
STARLINK-6345,56790,-756.9231175073303,3217.6417629290945,6108.863003007237
STARLINK-5977,56791,-318.6479811973623,6451.718933451479,-2575.532294765822
STARLINK-6046,56792,-1639.0901884536463,-2964.583701093053,6063.399328544826
STARLINK-6052,56793,2662.927371012728,-2253.07910312802,-6016.528697186616
STARLINK-6060,56794,64.44140385198547,6462.834247141734,2556.6468806889548
STARLINK-6061,56795,-1897.1903337152378,-6191.572580793654,2523.695347690191
STARLINK-6049,56796,343.01759870220957,-6448.70700196851,2569.1630533875505
STARLINK-6058,56797,-2329.7293237912495,-386.07790450259296,6531.279735280735
STARLINK-5953,56799,2590.4076456735284,-4545.912340306445,-4581.222491127445
STARLINK-6036,56800,2124.3293217618984,-6155.8749560737715,-2439.434870412516
STARLINK-6087,56801,-2565.9275814175285,-2368.1143071546144,6004.047543574777
STARLINK-6029,56803,2333.259346083095,383.67938116449886,-6540.261564962375
STARLINK-6069,56804,-1763.8747542530414,2902.9060033580317,6058.202294874867
STARLINK-6064,56805,-918.3719086399966,5068.94225075526,4661.713677407683
STARLINK-6072,56806,751.0147123590889,-3218.5352405882563,-6119.605026008089
STARLINK-6073,56807,-1869.229747831559,-6238.81699176566,2426.751740048789
STARLINK-6042,56808,-4577.956622729646,-583.6537901023671,5192.410254869992
STARLINK-6040,56809,-2099.957075559399,6163.378219048019,2431.7766464094134
STARLINK-6031,56810,1651.474050352469,2963.8408964269006,-6071.120132561134
STARLINK-6065,56812,-2564.458117424892,-2258.645309396679,6046.756980485608
STARLINK-6056,56813,-2559.8898936091728,4635.990423373439,4497.696862667759
STARLINK-6059,56814,-1309.0715992365347,6828.16102310519,-77.16573940284361
STARLINK-6067,56816,-1055.5843478185357,-6871.419178114617,-78.40599620383801
STARLINK-6028,56818,-2571.313475697941,4556.106431573652,4571.819670403227
STARLINK-30119,56823,-2498.20429693632,6320.516437935573,-947.294214203253
STARLINK-30120,56824,3841.661462599323,3755.542132886058,4259.065250339599
STARLINK-30084,56825,4993.575979209847,648.3017133269902,4652.499854832616
STARLINK-30114,56826,-4866.598401701965,3007.762779498465,-3792.782695673074
STARLINK-30151,56827,-4412.540577015211,-2660.7467235539016,-4534.064832880599
STARLINK-30152,56828,-5063.174902368467,-221.13840829357787,-4626.112073151232
STARLINK-30128,56832,1409.9454927760262,-6193.946556317636,2584.1792942005045
STARLINK-30131,56833,-4943.218919783553,994.0524483600246,-4671.671538195924
STARLINK-30069,56834,-4672.3309954981305,-2069.6135356174145,-4583.446301056027
STARLINK-30144,56835,-1898.2211623528044,6453.7854286650945,-1220.1009202789623
STARLINK-30142,56836,-3904.7597534577662,4883.741153057063,-2828.7996149472065
STARLINK-30133,56837,4813.424297873438,1477.6932048426174,4651.9543149876345
STARLINK-30123,56838,3643.2552357469494,5220.109879096343,-2564.407342009833
STARLINK-30076,56839,-4059.9431740561786,-3400.56868132125,-4364.74304280825
STARLINK-30073,56840,-2935.936630548353,-4745.36143610129,3984.051087099913
STARLINK-30078,56841,-5364.864437152135,361.2172160551061,-4265.124985789046
STARLINK-30135,56842,-3955.135589437381,4993.990853379597,-2552.893635270447
STARLINK-30137,56843,359.9199413814084,-6774.66612742238,-1027.576077064525
STARLINK-30136,56844,-4920.5873732553755,-1054.844792145486,-4667.306972793657
STARLINK-6206,56876,-5051.543077935771,128.5865696620402,-4644.773392924331
STARLINK-6209,56877,3520.682140110247,5379.046779502266,2389.576303346795
STARLINK-6182,56878,-3785.1859089018126,4045.126625401257,-4051.189571039142
STARLINK-5707,56879,-2316.1715935146244,5751.126075492492,-2943.8215186621796
STARLINK-6177,56880,189.34112819046578,-6754.925234118097,1179.790773956089
STARLINK-5853,56881,-535.5737620121507,6688.076829356131,-1442.776216569138
STARLINK-6175,56882,3089.4406786475474,-4969.838485230887,3573.6900458154887
STARLINK-6171,56883,5006.131791364102,-503.5923903162405,4656.6574180868065
STARLINK-5515,56884,2517.7025503593413,6238.854762444702,1335.9720117018187
STARLINK-5095,56885,4339.842918841718,-2945.2969738879274,4416.071248617259
STARLINK-5496,56886,3943.4820281949787,4826.595984147175,2862.1776687480665
STARLINK-6180,56887,4615.571216696649,-2407.780624535444,4461.156968676758
STARLINK-6181,56888,-4888.5317478209345,-2141.9695140081976,-4315.365278928768
STARLINK-6169,56889,4607.352033834483,3504.460939732177,3674.958202442854
STARLINK-5528,56890,2016.9702994537356,-6084.975969344133,2437.536915749632
STARLINK-6213,56891,5073.470236179375,1153.3634391404498,4464.733639168078
STARLINK-6219,56892,-542.8307007799598,6753.320979354525,-1090.6521165263432
STARLINK-6216,56893,4854.902139774186,-1354.477638299962,4647.028623775694
STARLINK-6144,56894,-1032.6043743725563,-6775.638652479912,-319.0648898942569
STARLINK-6208,56895,-2321.8753293736786,5884.674424310591,-2661.1420923851165
STARLINK-6202,56896,-3785.853322044308,4219.8620201420945,-3868.9334867265216
STARLINK-6200,56897,-4486.983578497052,2777.686894799541,-4388.79727951821
STARLINK-6205,56898,-4536.083287867622,2361.1275434940108,-4578.296402231217
STARLINK-6203,56899,3990.741360519851,4947.898411807808,2574.538238581222
STARLINK-6207,56900,4853.764047566184,4070.17387798718,2628.305935278717
STARLINK-6185,56901,-4974.109416623852,-2530.859394481185,-3995.071707241577
STARLINK-6195,56902,5259.717680196037,2677.8492535962782,3490.165293857649
STARLINK-6192,56903,4896.446819894698,-1138.3784163497437,4660.673436114398
STARLINK-6193,56904,-2993.1086011545985,4508.107353754456,-4222.435824644915
STARLINK-6183,56905,4193.857380425229,-2832.1588130684595,4624.767518088658
STARLINK-6098,56906,832.6399035356495,-6103.6179933423855,3013.1720257032207
STARLINK-6110,56907,2691.2566803852033,-4795.30333001422,4095.7798491002504
STARLINK-6186,56908,-5006.817508537866,-3732.68452988912,-2845.614514561744
STARLINK-5999,56909,5270.709844749093,312.2787817074993,4373.3992250553465
STARLINK-6179,56910,-5013.519809733654,914.5590061959272,-4597.698822207861
STARLINK-6116,56911,-2386.1110709562154,-6419.137345395984,396.1353022668473
STARLINK-5805,56912,-1174.6848601230488,5951.0421560895165,-3211.291736742422
STARLINK-5950,56913,-3965.3226692032745,-5443.182830623536,-1315.7687660551053
STARLINK-5961,56914,4577.373109848409,-2074.128420996135,4661.451016032462
STARLINK-5965,56915,-5372.5541085791765,-1517.649085637634,-3991.2001890740935
STARLINK-5973,56916,-5332.3825607157405,-2286.897686674572,-3665.3045870558108
STARLINK-5971,56917,794.8647229501111,6583.096591729013,-1767.1875904636909
STARLINK-5951,56918,-1782.0992593968826,-6554.358950314026,962.702176734853
STARLINK-5966,56919,3250.986695893136,-4193.262341510539,4342.034764202579
STARLINK-5960,56920,-4731.275994493141,-4369.884246896793,-2370.3008885010095
STARLINK-5958,56921,1480.8274362387142,-5749.953399622855,3430.293672533877
STARLINK-5937,56922,3715.4701124619805,5668.026215677249,1062.9975668762938
STARLINK-5952,56923,-3490.167692755689,-5858.993789007192,-753.6695049421232
STARLINK-5731,56924,2063.5060784478733,6510.676501822064,-659.0728922477098
STARLINK-5733,56925,-4396.190082861446,2471.8452629789117,-4655.545451245813
STARLINK-5746,56926,-5221.156288774433,62.54453041860086,-4454.722329573005
STARLINK-5808,56927,6493.533494273707,-2073.779884239282,-784.9074515473949
STARLINK-5850,57049,-2671.279509179678,-5106.196753377942,-3727.9190568127124
STARLINK-5845,57050,2934.9103450153143,4842.944253825888,3865.3602478104794
STARLINK-5839,57051,-1949.4275423537688,6578.123969371794,-48.74573488276167
STARLINK-5860,57052,-3556.8652116629937,5606.186373484737,-1735.52511260764
STARLINK-5865,57053,3323.1061432210877,-5829.260636028801,1424.3385042589227
STARLINK-5881,57054,-2524.0470847193037,6350.500217128664,-621.3026618284163
STARLINK-6237,57055,-73.06541587427317,6659.287257055073,1650.1733082997898
STARLINK-6353,57056,-3990.09699787452,5110.124539029928,-2250.7391000351545
STARLINK-6223,57057,-1349.7270937046376,6706.9675032249115,517.3139502116545
STARLINK-6217,57058,-4925.517463407748,3157.757092244315,-3587.515510407771
STARLINK-6211,57059,-4681.809673435135,3877.9892929229795,-3185.4951282178313
STARLINK-6227,57060,-4984.226271575538,-823.8888780092213,-4646.356052618859
STARLINK-5869,57061,1206.909867043336,6076.066802461014,2942.4362918918555
STARLINK-5536,57062,-342.4305747427751,-6834.1646269291205,-508.80145506924373
STARLINK-5832,57063,4870.538986841554,1248.4418649510515,4659.807438975769
STARLINK-5822,57064,1790.2670288208549,5847.280030880034,3103.264328587202
STARLINK-5830,57065,5087.614359354339,-2970.1625057384704,3509.1437685760197
STARLINK-5827,57066,3892.0680522926127,3552.771673121731,4385.629857596926
STARLINK-5824,57067,4535.888133489244,-4227.41713472681,2929.1787217510932
STARLINK-5844,57068,2839.1145464341153,-6223.673799996764,512.1391812614181
STARLINK-5821,57069,-1226.1205488531805,6690.901813019608,-903.7748136232522
STARLINK-5828,57070,-2123.822355537988,-6161.747337779443,-2148.4448884341273
STARLINK-5834,57071,-4747.395361838083,2431.1060030393,-4319.790694045314
STARLINK-5843,57072,-4642.640465338957,-2521.9473047084384,-4380.668517457628
STARLINK-5838,57073,-3626.533872843605,-4657.7695513324525,-3500.50742586105
STARLINK-5773,57074,4241.906419168357,-4944.890105799481,2144.1568929385403
STARLINK-5542,57075,1252.8133437750296,6616.769108257553,1305.9498765724225
STARLINK-6155,57076,-5033.3703963698445,-45.90354218735395,-4665.815963572985
STARLINK-6194,57077,-2909.703318481437,5689.441973744836,-2502.7038904211104
STARLINK-6245,57079,4751.736342472825,2136.935219225139,4455.592661190642
STARLINK-6243,57080,-4195.643083879546,3922.2127334249662,-3757.5982653575484
STARLINK-6184,57081,4621.06151596487,-2814.466296232209,4210.301504852476
STARLINK-6248,57082,2931.639436363451,5509.798961036432,2842.746471004268
STARLINK-6253,57083,-949.2287061785353,-6709.948924090134,-1072.1604452900444
STARLINK-6240,57084,5025.26161804424,-366.0467534989631,4648.382072319143
STARLINK-6232,57085,646.1502889652829,6789.056082047634,745.6228257873001
STARLINK-6247,57086,3589.3560536243526,-4890.973196245804,3197.2131428540056
STARLINK-6251,57087,2402.3648191041134,5974.9814538678365,2359.797124264448
STARLINK-6257,57088,2081.245271318205,-6294.763497692958,1757.3501206872688
STARLINK-6259,57089,3999.3016038665046,-4253.7471074343375,3595.1971246561975
STARLINK-6254,57090,3839.7960189151145,4344.20720456736,3659.8229861176005
STARLINK-6262,57091,5009.606982133199,482.16958163898227,4654.644946675059
STARLINK-6225,57092,4515.164392340567,2918.4193282385077,4254.103648642332
STARLINK-6229,57093,2623.751629731923,-5915.134174476364,2272.2359940750657
STARLINK-6235,57094,922.7774433679543,-6764.083600688101,667.3227619005925
STARLINK-6132,57101,-4374.571076061481,3850.087819979569,3613.495250219691
STARLINK-6111,57102,-1600.0672552003139,6634.287709009975,696.3341304698322
STARLINK-6130,57104,-3194.181172772469,5614.847709870331,2304.2016016054804
STARLINK-6097,57105,-346.1529410910751,6834.701141023608,-495.77443073739755
STARLINK-6118,57106,-4651.92087616239,3113.010956265886,3959.505153575292
STARLINK-6131,57107,1845.626060449577,-6535.264628143689,-984.5502758481276
STARLINK-6099,57108,-5035.271657572334,699.8217556992233,4599.55210123103
STARLINK-6139,57109,5030.199030717493,-1131.0138007029077,-4531.444797458774
STARLINK-6134,57110,-4744.369760133597,-1782.9109845586104,4616.763510294363
STARLINK-6140,57111,-3367.489253819489,-4712.043656385023,3670.7658757195886
STARLINK-6141,57112,-3640.8259693633872,5102.921804306423,2781.5116594478673
STARLINK-6142,57113,33.51030298738056,-6820.353449461578,738.6910627687695
STARLINK-6125,57114,-1803.4559674920952,-6174.727020776886,2379.4845790312825
STARLINK-6085,57115,1233.1367953907695,-6669.019202876379,-1232.9816930965917
STARLINK-6129,57116,3409.839490042827,-5371.391479254872,-2573.642488141429
STARLINK-6148,57117,2934.4503693641063,-5844.157120819599,-2078.8393558071207
STARLINK-6150,57119,277.16907859036206,6772.27217184037,-1068.7194406016729
STARLINK-6147,57120,-4181.50677853045,-3355.1935014175765,4273.489324320467
STARLINK-6152,57121,3838.764274940915,-4811.020988329058,-3036.563271176304
STARLINK-6149,57122,3594.801059494799,4382.198917012914,-3871.0812718195493
STARLINK-6154,57123,-4982.319491545381,1534.1676273903456,4452.596359733098
STARLINK-6146,57124,-4912.543096520362,-979.5805876529487,4680.940425902523
STARLINK-6100,57125,-2522.0054722921127,-6269.092164717865,1182.0085510925194
STARLINK-6167,57126,5043.237859210674,-292.5860378132691,-4647.318793306066
STARLINK-6165,57127,-1197.640964999046,-6495.8354526158355,1849.3036806020334
STARLINK-6163,57128,2404.5734163643488,-6239.913464100938,-1539.9134100996584
STARLINK-6170,57129,4937.715192000115,-843.8295623872664,-4692.096777092419
STARLINK-6172,57130,651.8708040406634,-6828.309840416787,162.27936501676476
STARLINK-6162,57131,2825.017845700835,-5156.285418374599,-3540.853194883301
STARLINK-6128,57132,-2884.3876640721173,-5283.377970733652,3284.8846994179216
STARLINK-6143,57133,-3948.677908016258,-4886.710634610618,2749.0358898642476
STARLINK-6133,57134,4163.873420139111,-3206.403235794196,-4415.05560454172
STARLINK-6127,57135,490.7924823978682,-6639.956851215379,-1661.80175065277
STARLINK-6112,57136,1105.4973671929545,-6410.473066267508,-2186.6555730113732
STARLINK-5347,57137,4491.869656520062,-2447.1777348342157,-4576.760466189911
STARLINK-5336,57138,-760.0332307514819,-6797.963251057191,-537.3974005192204
STARLINK-5355,57139,3772.0156931553533,-3918.679781858428,-4186.648288988376
STARLINK-5357,57141,3339.1326782572423,-4550.245492860633,-3903.223347122856
STARLINK-5361,57142,1710.0345226585803,-6080.701388772909,-2683.9414588815
STARLINK-5358,57143,-138.62788006074422,-6770.650196001048,-1106.1314737627658
STARLINK-5150,57144,2280.538129716747,-5664.423516058041,-3133.4119406718946
STARLINK-5768,57145,-3081.0835859598915,4883.076188495979,3698.145272892448
STARLINK-5791,57146,-1965.6178536166676,-6543.4094907521885,618.9395806789674
STARLINK-5765,57147,1669.343078296913,6644.319608026334,-374.9789764002241
STARLINK-5788,57148,3286.516550232256,5668.769420950546,-2039.1236691710603
STARLINK-5778,57149,4657.465309097978,4600.730779798782,-2066.9247098990113
STARLINK-5780,57150,-3071.8846600956285,5219.01946301023,3216.6698020585095
STARLINK-5776,57151,-5031.221131121594,67.89433102131605,4638.34526386499
STARLINK-6164,57152,-3520.0416478894217,-5437.750691483345,2253.334438738365
STARLINK-5879,57153,1150.2523734270535,6629.676210393176,1335.0677716368814
STARLINK-6106,57154,-1410.4043314381652,6267.419818394864,2401.962076727741
STARLINK-6108,57155,5041.058908522872,1654.11251586599,-4355.046595109828
STARLINK-6137,57156,4464.132989004674,3924.145202745083,-3430.768800299471
STARLINK-5525,57218,1316.4275808944633,5424.482418957407,-3993.084032712249
STARLINK-5520,57219,2961.627854805895,5406.028641131216,-3016.9951559101237
STARLINK-5880,57220,5735.689047586071,3745.499338864939,-393.34628969265685
STARLINK-5875,57221,6173.766962446001,2541.9025650181484,-166.690093687148
STARLINK-5870,57222,-5983.825710159036,950.1530980331876,-3223.5711846106547
STARLINK-5519,57223,-3819.9330799668114,3451.907244426864,-4538.891232155217
STARLINK-5983,57224,-4618.314462869591,2810.3090620466155,-4227.92162324904
STARLINK-6294,57225,-5047.83278830302,-4380.821723371551,1542.3670634736307
STARLINK-6350,57226,2967.2991036615194,-4089.9535106463286,4632.859825751809
STARLINK-5996,57227,-1679.6234714609084,4775.667499507256,-4634.3485001872405
STARLINK-6230,57228,-5529.129772728046,-3921.3069207181466,1051.6701040511507
STARLINK-6233,57229,671.894829460435,-5104.119189094077,4526.986358396068
STARLINK-6250,57230,-929.0220149280201,-5405.800285758321,4113.533925259506
STARLINK-5840,57231,4883.737981679383,-2509.6872729254133,4105.745467865467
STARLINK-5872,57232,6358.391412921504,55.477175129753334,2570.4930465377074
STARLINK-5866,57233,6068.9442972784,3195.5266863722504,-174.86040722313436
STARLINK-6368,57234,-6268.387448089978,283.4123880737705,-2778.8867991088914
STARLINK-6360,57235,4778.641657349909,4563.682504489811,-1851.3771148950334
STARLINK-6315,57236,-6067.292732383559,1492.0055634099692,-2839.2448778617895
STARLINK-6365,57237,-284.45040203402874,5204.25843958773,-4465.158279583419
STARLINK-6334,57238,1581.5500581759375,5165.051656331073,-4234.396851421812
STARLINK-6330,57239,-5153.771506422462,2220.2753402296207,-3950.7216704500943
STARLINK-6351,57240,6681.394864506365,52.16121003593097,1554.5159055925697
STARLINK-6349,57241,-4589.829838399695,3179.98444960031,-3991.1089917885306
STARLINK-6306,57242,-889.870921380764,4955.4857795359585,-4664.459439668317
STARLINK-6346,57243,-3249.8453334394685,4076.8332156104448,-4464.0335289330305
STARLINK-5610,57244,6009.074059845734,3045.748888014054,-1306.211264763915
STARLINK-5587,57245,3839.303053196069,4681.52008958755,-3232.358470426112
STARLINK-5049,57246,6579.184815866256,1939.2551707145255,-171.56771654752615
STARLINK-5039,57247,5884.1473214066355,-1795.9872024631527,3030.0022659811443
STARLINK-5514,57248,4292.499075725846,-3419.508853291154,4109.956820872678
STARLINK-5517,57249,2118.993226612849,-4586.341159188255,4634.165816013473
STARLINK-5488,57250,-5809.17841362982,-3304.9657836135193,1543.2045901267163
STARLINK-5513,57251,-342.75752672669313,-5134.561184609626,4529.903384290696
STARLINK-5511,57252,6241.260150393779,-1198.4842611218621,2578.2128293028263
STARLINK-5516,57253,-4175.824313456252,-4514.624328612234,3034.550403860164
STARLINK-5490,57254,2889.8209403636747,-4260.281567270294,4527.954312083128
STARLINK-5481,57255,4899.388285783609,-2919.7474132138927,3805.9561379300694
STARLINK-5512,57256,-6725.925531802287,-399.80883919061966,-1299.4447684641984
STARLINK-5503,57257,-6659.926269975541,-1641.3825989499908,-163.61453098525806
STARLINK-5476,57258,-1979.6167388508266,-5115.417784632308,4113.296288158642
STARLINK-5026,57260,-3476.023410979922,-4793.777578238921,3457.7488255656863
STARLINK-5485,57261,2859.3687248000947,5314.485463034187,-3268.637006631177
STARLINK-5504,57262,488.2492634364844,-5027.03008297935,4635.787793069965
STARLINK-5509,57263,533.9119565055414,5356.515603162172,-4257.631356612703
STARLINK-5858,57264,-5345.004989720824,-3765.282672626764,2072.9824270171794
STARLINK-30198,57290,3290.891741860853,-3788.9062913490466,-4688.152167679943
STARLINK-30239,57291,4988.283845124104,-1907.057435267381,-4313.28983517561
STARLINK-30235,57294,1942.726017965239,-4727.715626406704,-4580.562886807109
STARLINK-30236,57300,-314.30313292060976,-5630.762907545905,-3910.964493796466
STARLINK-30201,57301,-5325.233636800499,-4326.44666968284,-0.6507828210178253
STARLINK-30233,57302,-2517.4582030003403,-5776.95411167837,-2718.178058734161
STARLINK-30184,57310,6116.421972167621,2725.0454652380263,1489.4645340676468
STARLINK-6290,57328,2952.052523498006,6183.3284142435305,-366.0745059715655
STARLINK-6138,57329,508.4370032762241,-6310.906977960289,-2647.777857789537
STARLINK-6212,57330,5270.521282025849,624.6756244851945,-4352.928373801942
STARLINK-6234,57331,4674.531561630995,-1799.5950056252989,-4692.240944905437
STARLINK-5831,57332,3927.290960296369,-3295.5570128613535,-4564.440672795759
STARLINK-5585,57333,2363.593921696899,-5158.591026573811,-3860.7332474402892
STARLINK-5589,57334,-1443.329600901338,-6624.370741741278,-1056.2454126305013
STARLINK-6316,57335,-4588.934926887693,1994.7229070955038,4684.152318806891
STARLINK-6320,57336,-5375.01939427081,-1982.333974877603,3767.94071611894
STARLINK-6322,57337,-4502.444241751343,-4630.434258485401,2306.84021284145
STARLINK-6374,57338,-5046.919139559325,-3329.3704791030873,3236.2498922302184
STARLINK-6332,57339,-3190.601462976407,-6035.687062888132,673.4283816763235
STARLINK-6321,57340,-2065.0359732304614,5417.6189141146515,3660.9291744030434
STARLINK-6377,57341,3396.2254990132037,-4174.022041832319,-4260.683104164461
STARLINK-6375,57342,-2672.3657975266074,-6314.07569869766,-257.99491167760476
STARLINK-6379,57343,-4811.8302402208665,1409.4049861439396,4674.881054312848
STARLINK-6380,57344,4347.7884779062015,4905.044294840393,-2033.174119286199
STARLINK-6373,57345,4257.20331699225,-2781.73016864638,-4610.009612936998
STARLINK-6359,57346,-4210.40257991456,2748.0593421320586,4659.905467749688
STARLINK-6378,57347,1724.8196065828433,-5789.037921852606,-3257.795681578723
STARLINK-6372,57348,-4882.7355201784785,-4117.698005429807,2498.082645069652
STARLINK-6376,57349,4766.501640792527,-1597.0400238110656,-4673.001306678663
STARLINK-6362,57350,3187.017701000427,-4036.738042490605,-4544.787592304736
STARLINK-6331,57351,2978.845371328084,6180.770215409586,-7.812005112742611
STARLINK-6297,57352,5267.971258348031,-439.4354927234383,-4377.6294756924035
STARLINK-6324,57353,2434.437543635932,-4972.998457086453,-4055.659686166146
STARLINK-6293,57354,5579.651187697034,1121.7438424048603,-3835.599553910981
STARLINK-6276,57355,-3814.992249892509,-5699.820713024524,169.86455488308843
STARLINK-6355,57356,630.9550400620341,-5896.098290211207,-3455.9348845924587
STARLINK-5600,57357,1103.5588876551622,6348.485337999273,2348.7430169824124
STARLINK-6299,57358,-5504.7565308930725,-2985.9176481512613,2795.085130541744
STARLINK-6347,57359,4635.373614585381,-1983.049774048624,-4657.214480189218
STARLINK-6348,57360,-4827.526701682729,1588.313441656974,4600.758548228096
STARLINK-6340,57361,-3288.433943201888,-6008.226729860508,-403.39362795058776
STARLINK-6343,57362,-3462.1005940794757,3711.093018421547,4608.2050949686545
STARLINK-6356,57363,-5539.453064844972,-740.5121236745055,3971.2066461321865
STARLINK-6338,57364,-1644.441524211895,5323.0111710898145,3999.161330709223
STARLINK-5007,57365,5553.523887018942,2643.1275711237918,-3044.495331040897
STARLINK-6174,57366,4899.368637471138,4542.337126156794,-1565.687615305047
STARLINK-6215,57367,-6116.607042330289,-2608.5898502032774,1682.567357961009
STARLINK-6218,57368,5464.979522998317,346.8353218529361,-4136.851006736466
STARLINK-6168,57369,-611.856988663855,5882.8157458748165,3465.695128238611
STARLINK-5353,57370,3729.7170647541634,-3398.579457161211,-4652.954973462222
STARLINK-6032,57371,3578.876868452902,5851.520753705468,141.97260455327697
STARLINK-5975,57372,-2062.034236597506,-6358.321816214727,-1553.7119300044042
STARLINK-6370,57373,1307.5359374824172,-5550.646738078385,-3819.418049163304
STARLINK-6369,57374,439.1927182119743,-5427.504999691198,-4178.06149235676
STARLINK-6363,57375,1971.0771514389537,-5118.098561732269,-4126.62902178641
STARLINK-6367,57376,3592.940168590138,5823.321073053526,497.2468112539291
STARLINK-6358,57377,1409.4065032695883,-5609.4371944636,-3699.286148676753
STARLINK-6364,57378,-633.0794567155448,-5410.611953025571,-4174.86688302145
STARLINK-6361,57379,1741.0866680086892,6275.352777310027,2152.008907554559
STARLINK-6366,57380,-2922.8524396244206,-5366.2650630147255,-3124.9493407824016
STARLINK-6371,57381,2641.9241423503067,-4285.579648410541,-4664.848199537376
STARLINK-30240,57404,4409.207000680359,4977.229315720741,-1696.8846912301274
STARLINK-30195,57406,642.1266636809602,-6366.253825528711,-2471.865055914696
STARLINK-30207,57407,5542.481918201021,-144.2392406394716,-4045.4773186662474
STARLINK-30205,57408,526.0683639654936,-6182.938055382872,-2931.196973297258
STARLINK-30222,57409,492.8430427303305,6469.001713478912,2224.4111410673463
STARLINK-30172,57410,-2129.425678918161,5234.940142906084,3881.871695599643
STARLINK-30214,57411,-833.7034057015517,6026.177010643294,3164.3791408792376
STARLINK-30182,57412,3499.901962457181,5874.947596696931,-561.3800118960902
STARLINK-30191,57413,0.8605083196996697,-5022.262924882318,-4677.756495256969
STARLINK-30193,57414,-3940.017961051337,-5479.202160870477,949.3735874933745
STARLINK-30208,57415,1793.0432943510993,6521.048658314076,1146.7464121291314
STARLINK-30224,57416,4764.822592885121,4407.537277724996,-2228.6947220631737
STARLINK-30043,57417,5041.251014033726,3780.4296844520895,-2719.0884239092784
STARLINK-30221,57418,-3640.090694693105,-5597.2659101557765,1570.8193344775739
STARLINK-30188,57432,3744.0574592549297,5165.052263672691,-2530.283050855716
STARLINK-30105,57433,5720.31404855844,3716.0137570775387,-741.9149781515137
STARLINK-30102,57434,-1411.003983683413,6137.4595843638035,2714.9465951720686
STARLINK-30158,57438,-163.72550774582336,6643.526536387656,1697.895468749963
STARLINK-30160,57441,-4306.6304311758495,3043.0627742348356,4380.830274589246
STARLINK-30146,57442,1701.6398460275027,6646.891341723914,1.9892089289267034
STARLINK-30197,57443,-5131.518968565192,-1465.3932948905256,4303.932690042209
STARLINK-30181,57444,-4851.864050722946,1232.6917561681566,4684.469962265423
STARLINK-30215,57445,4524.385977243409,4075.35203371481,-3165.9570797147485
STARLINK-30162,57446,-2703.2948750575,4709.559519697894,4184.8829091511
STARLINK-30178,57447,3338.7132589053576,5749.9916051056825,-1697.5567898609481
STARLINK-30196,57448,-4615.477527440056,-3588.0603613134485,3582.73756243506
STARLINK-30225,57449,-5074.208051555734,-1252.178055447637,4435.34225064116
STARLINK-30217,57450,-1489.854852116568,5677.912316532378,3543.7101180475283
STARLINK-30216,57451,3352.158252748218,-4375.587094620068,-4090.00907664534
STARLINK-30165,57457,5268.847423100884,-4237.246697777978,1158.9842595817217
STARLINK-30140,57458,-808.6553503723408,5359.101157234774,-4210.269328530667
STARLINK-30077,57460,-6186.183054908715,-205.43452878713413,2951.8924658232872
STARLINK-30229,57461,-6444.14047698094,2351.808392046731,110.0683189890557
STARLINK-30088,57462,2853.053675760233,-5372.03538267448,3166.09892954753
STARLINK-30091,57463,2892.6466955953724,-5472.510890280079,2463.755750096684
STARLINK-30116,57465,6438.162592112863,-2084.3892492314076,-1137.9266334271929
STARLINK-30092,57467,5690.93147731422,-3785.223727306894,597.9185640295198
STARLINK-30039,57468,4188.714758766202,-4952.863588762978,2228.1411806053525
STARLINK-30171,57469,1628.19886774752,4757.982072616905,-4670.480106461267
STARLINK-30186,57470,-3814.6268531605683,4842.6248506877955,-2948.6436982494606
STARLINK-30204,57472,4254.446430919329,3076.805629528193,-4420.700480986034
STARLINK-30155,57475,-6375.495676546032,469.0070151565112,2483.592967282873
STARLINK-30161,57476,-6361.14815098887,2413.071537466486,879.849164923164
STARLINK-30176,57477,-5487.203632204988,4031.954385838007,-844.4758651035839
STARLINK-30154,57495,1365.56463135408,5090.507511587944,-4396.9130095851915
STARLINK-30145,57496,6796.049502101801,684.5178353632449,640.5201128811107
STARLINK-30226,57497,6367.899684713679,-1173.2755434481644,2262.4987767174825
STARLINK-30203,57498,-1947.2293593779234,4680.118902425984,-4627.6719086314015
STARLINK-30169,57499,-1738.8115973155411,-4815.136658863968,4559.168043905433
STARLINK-30164,57500,6734.002780761984,1311.9858555281935,54.47767721762894
STARLINK-30072,57501,-2575.6858172633365,-4932.262095167287,4005.777816311401
STARLINK-30230,57503,6305.130860639898,2476.7526089721523,-1093.4217092088243
STARLINK-30213,57504,-6142.010078713859,-2750.5267376052875,1327.8603107025733
STARLINK-30227,57505,-4505.660140128745,-3865.3421027603886,3433.7144736057453
STARLINK-30212,57506,-6775.60491064941,-1008.7604963949003,-386.04222644191594
STARLINK-30219,57507,6315.131465470563,-1316.8422846390927,2297.240031840514
STARLINK-30074,57508,3831.8433344296695,-3823.4234296524896,4205.597403134893
STARLINK-30082,57509,3680.1741550681795,4599.847480848382,-3521.42203351581
STARLINK-30153,57510,-6214.447652185569,1502.8572424304634,-2494.067025557424
STARLINK-30147,57511,-1149.9178150864782,4892.161534108118,-4675.087066155275
STARLINK-30157,57512,5964.949111436629,1719.079880226848,-2927.3740157548245
STARLINK-30168,57513,-3480.5074194525237,4040.630594316699,-4320.689297836062
STARLINK-30231,57514,5499.836695480607,3486.7855846314683,-2166.041436110195
STARLINK-30081,57515,-5348.291151265465,2649.7973130390924,-3387.323413756486
STARLINK-30149,57516,2941.882436999286,4839.959283278333,-3877.6619855616923
STARLINK-30259,57521,-6490.902980740364,-1460.861561277114,1667.9841801658101
STARLINK-30256,57522,1333.3259094892042,4898.482132507013,-4621.169705814216
STARLINK-30261,57523,-3542.4658207579046,4379.425719322018,-3920.4631774412974
STARLINK-30260,57524,-5246.115919274749,-3103.785195266114,3141.047816363748
STARLINK-30253,57525,-6287.385493442612,2149.6354201040363,-1713.6989059256246
STARLINK-30257,57526,-6850.927684761666,367.49717081746667,-25.971170443968848
STARLINK-30250,57527,-4868.5400413679145,3646.3114614107994,-3176.804810495617
STARLINK-30269,57528,5516.694984426008,2872.9657803897026,-2900.6544318482747
STARLINK-30266,57529,3182.2423351811103,-4525.690879456179,4049.9302673082298
STARLINK-30270,57530,6446.788676854616,-1875.2156723071478,1405.463683015683
STARLINK-30268,57531,3691.846964804467,4156.885467245143,-4025.268452065445
STARLINK-30251,57532,5160.683170555129,-3436.7007681863847,2930.216400003635
STARLINK-30254,57533,343.73879201557946,-6821.75703720835,-651.6280079743166
STARLINK-30264,57534,-2046.9761603054478,-5366.254917155772,-3756.6260444703325
STARLINK-30166,57602,-4794.02470351367,-3304.3135416394607,-3635.538300449486
STARLINK-30223,57603,848.7521562915701,6778.113147053561,1075.2980154268166
STARLINK-30218,57604,744.9459006215963,6782.503151859832,-716.7824913978286
STARLINK-30138,57605,2541.6746962926986,6290.718564580649,1016.891615336841
STARLINK-30255,57606,-5104.561039179268,-108.55919227316083,-4588.439921642173
STARLINK-30252,57607,3330.0718326555675,-3998.037917592418,4463.442202659801
STARLINK-30258,57608,2584.8826249423296,-5357.936558513735,3410.9219017294076
STARLINK-30174,57609,-2839.609840617455,-6115.963104321025,-1274.6947450670602
STARLINK-30248,57610,145.49781460206376,-6680.880629958839,1549.228108837908
STARLINK-30052,57611,-4186.1740063398565,-4661.14260233031,-2801.4742531316992
STARLINK-30245,57612,-475.70016036256794,-6768.905697732132,1005.9007729514024
STARLINK-30041,57613,-4529.777959691825,-4005.6111108057635,-3249.117278838219
STARLINK-30244,57614,-4991.091549856825,719.1793460044443,-4657.799379927109
STARLINK-30246,57615,-4209.044300513229,3098.735907924759,-4448.013983100742
STARLINK-30075,57616,784.3418108719599,-6486.614688015905,2085.970954649812
STARLINK-30148,57617,-2304.5111738380133,-6421.815200518064,-725.6141629279235
STARLINK-30249,57618,-3795.2915489405154,-5221.232077165255,-2330.304235721567
STARLINK-30141,57620,-4798.723935277293,1546.0153013900995,-4657.749183043386
STARLINK-30150,57621,-5141.467778741122,-949.6168514457526,-4446.4454903204205
STARLINK-30056,57622,-2856.8467589526817,5074.053116413821,-3632.665555227711
STARLINK-30100,57623,-1124.6304769269766,6357.683443595383,-2325.718185639088
STARLINK-30309,57632,661.0112994326122,6815.760822030825,420.9536169396303
STARLINK-30306,57633,2414.8875018322337,6075.442311847239,2072.3215888761997
STARLINK-30323,57634,-5103.051153199127,-1764.3825278594509,-4238.643101104536
STARLINK-30329,57635,4524.097700353859,3103.2733732713855,4112.827871937516
STARLINK-30330,57636,5011.035961856836,700.0724873893505,4627.49764267994
STARLINK-30311,57637,1467.9030345295903,-6508.207817432818,1594.489378230458
STARLINK-30328,57638,-3344.4002744418267,-5713.777412081855,-1804.979506954554
STARLINK-30326,57639,-4170.862687636214,3724.866693269786,-3979.884523423289
STARLINK-30324,57640,3428.0438972310703,5103.024573582645,3037.659916260466
STARLINK-30312,57641,3972.9895563468026,-4066.8244951127153,3832.5025276662627
STARLINK-30263,57642,-382.5450772228118,-6850.371893111847,-112.88564433751804
STARLINK-30280,57643,-3658.3430944311667,-4827.285125625045,-3227.316392297816
STARLINK-30247,57644,-2161.826040247569,-6262.527787299145,-1788.0908230307275
STARLINK-30277,57645,5293.92707308817,577.496929015228,-4330.264453758477
STARLINK-30265,57646,2584.797793865772,-5792.828929742437,2606.336038558776
STARLINK-30286,57647,-4659.25451633714,-2743.6461799308813,-4226.991106674593
STARLINK-30243,57648,-1169.599576941452,6640.2318791147345,-1276.4791981243875
STARLINK-30299,57650,-5035.163613815858,-281.5571777556638,-4656.143573953366
STARLINK-30294,57651,-1098.7475009273196,-6757.2384518112785,443.85677934017593
STARLINK-30276,57652,-2871.039120639888,5555.969670612031,-2826.425175838915
STARLINK-30289,57653,4008.5539523627904,-3488.3124894439447,4332.142213355735
STARLINK-30267,57663,-4338.105132337295,4979.843182487213,1824.9657689829903
STARLINK-30298,57665,-3784.0927028330807,5667.70319039765,721.7565160681147
STARLINK-30301,57666,-6800.517501648649,469.9195624860503,-610.68844275178
STARLINK-30275,57667,3947.1518934489422,1288.0071590358743,-5459.805973095132
STARLINK-30278,57668,2046.397881740205,4120.723439267301,-5086.723924824017
STARLINK-30271,57669,-813.9159875487527,-5239.98644200502,4324.923147089924
STARLINK-30322,57670,3633.445822334838,1905.811559831056,-5496.5804348545325
STARLINK-30296,57671,-3462.337033497022,5912.033340101008,193.52021948317363
STARLINK-30274,57672,-3622.850090879145,-1907.6196462262974,5485.746922332105
STARLINK-30316,57673,-1349.380046198392,6239.737245691302,-2502.9327741245643
STARLINK-30313,57676,-4439.200072421857,-21.452126439542784,5211.403251552699
STARLINK-30303,57677,627.1313166356637,5388.399034208167,-4196.380562756309
STARLINK-30320,57678,-155.0222081413679,-6369.698525949591,2482.5026747930547
STARLINK-30321,57679,4435.699615544701,28.678687133730378,-5231.715916372732
STARLINK-30283,57680,-4812.728400831299,3595.989960962395,3289.4109899410623
STARLINK-30273,57681,-2818.0935039940737,-3181.3659731802545,5360.781398176185
STARLINK-30297,57682,-4850.94143903335,1872.5934599038062,4455.001603925398
STARLINK-30295,57683,-2266.5867862210966,6301.644347974925,-1469.1981127664303
STARLINK-30288,57698,-3806.3872166390806,-3474.4647715402543,-4533.931516205615
STARLINK-30347,57699,1188.6040885209673,6340.550573938182,2329.832734543552
STARLINK-30332,57700,-694.3107856161001,6352.1077370964895,2491.103188041625
STARLINK-30345,57701,2470.1419967334855,5023.460341775771,3958.283576401364
STARLINK-30333,57702,-5249.603859463029,2737.150858291176,-3472.095463412616
STARLINK-30336,57703,4764.263801604353,1623.8890355147305,4651.8182251860535
STARLINK-30346,57704,-3156.7731710900853,6074.871120564245,-456.93841257706674
STARLINK-30327,57707,4786.5078004730585,-1470.7465390945315,4631.159999770332
STARLINK-30315,57708,3550.8816254728663,3833.294250652481,4433.834574489988
STARLINK-30287,57709,-1384.2654873010115,6600.8623382059795,1251.2093301575605
STARLINK-30335,57710,576.9727184527788,6237.222156053193,2791.613618849747
STARLINK-30318,57711,-4504.073137860999,4730.496576399225,-2104.333886138624
STARLINK-30348,57712,5186.049283799239,-3086.865817639932,3256.719390622668
STARLINK-30349,57713,2892.464576468272,-6220.139376753019,131.11726943465706
STARLINK-30341,57714,2539.5174865194463,4844.490887995238,4133.722824301731
STARLINK-30300,57715,5334.103704918218,-813.5415797706116,4231.315801236013
STARLINK-30281,57716,-2177.468049460758,-5263.898555949914,-3825.5986866567523
STARLINK-30325,57717,4322.46310267465,-5012.604251946766,1801.1127643366349
STARLINK-30338,57718,-255.95368154987182,-6346.768923586442,-2598.0525728455927
STARLINK-30334,57719,1698.5072906519792,-6570.572542563018,-1016.0757625650602
STARLINK-30375,57732,6527.180855009685,-1150.0767560116997,1766.2818880179404
STARLINK-30310,57733,-406.5933256203958,-5006.881855879285,-4678.686947503023
STARLINK-30365,57734,-6723.733490158698,1366.3418273580892,-25.651001889351548
STARLINK-30371,57735,3122.2317613892037,-4587.828089819559,-4043.179303179858
STARLINK-30352,57736,2047.623213531987,-4871.261954602815,-4382.6522608049945
STARLINK-30344,57737,-6807.467813144044,-1166.4320590606158,-491.30364001909015
STARLINK-30351,57738,3967.6412888842406,-4501.075116022294,-3330.9697439071615
STARLINK-30242,57739,4478.607247792242,2561.0668893670454,4512.899429052445
STARLINK-30331,57740,1227.9496383102203,6539.966736847438,1664.5675891198778
STARLINK-30364,57741,5187.28917131257,-3776.9630074900383,-2432.498498834022
STARLINK-30308,57742,-6058.802884349292,-1726.4116136174605,-2722.920875043075
STARLINK-30361,57743,1698.6882244502594,-5075.941262104431,-4295.922390194306
STARLINK-30363,57744,-4938.889833437539,-2457.2731162163154,-4083.579530142069
STARLINK-30362,57745,4852.800091283669,3100.9021423312997,3721.5783753555093
STARLINK-30350,57746,-6264.359115670393,-1147.3938870639158,-2557.6016864166663
STARLINK-30307,57747,-5450.238006207256,3531.832262510246,2200.100221317966
STARLINK-30356,57748,6765.09032375401,-1093.1418066831748,327.1695534395676
STARLINK-30366,57749,-6827.365494439803,675.3565720266067,-292.5275919827362
STARLINK-30357,57750,5476.645445013933,-3216.8657999068855,-2598.611575034842
STARLINK-30370,57751,-4849.725522675115,-2482.8277235659934,-4154.639260039879
STARLINK-30368,57752,-2101.182761978772,5012.127313278186,4178.895615003821
STARLINK-30343,57753,6593.064824145319,-1605.5667457492295,-1017.5505317683322
STARLINK-30397,57771,-6069.3096084817325,1774.3897621596482,2655.3951864540104
STARLINK-30354,57772,6668.429618813802,1613.5902843504055,27.520783886757236
STARLINK-30383,57773,6172.826968053861,2753.163064518541,1171.7582346551546
STARLINK-30384,57774,6765.699456208522,1001.1803844706325,-551.7180571856933
STARLINK-30305,57775,-4546.594681432891,3373.9569167220557,3867.4918216255346
STARLINK-30360,57776,-3879.8838693744096,3820.38713167261,4165.730292707647
STARLINK-30355,57777,-6328.640330737653,-2505.0098749488766,-868.1398456637105
STARLINK-30385,57778,6532.038150085625,1464.7350845147603,1496.1675113368303
STARLINK-30359,57779,3427.59783446656,-4378.794370662217,-4023.308443074787
STARLINK-30380,57780,365.4537192664288,-5018.821549685151,-4668.381620512439
STARLINK-30369,57781,2830.2149455838303,-4367.531263851268,-4474.743608900916
STARLINK-30376,57782,6726.406474825465,-264.2511868322107,-1331.6842799985154
STARLINK-30389,57783,5786.841972937487,3258.2734106183475,1715.4743887474283
STARLINK-30388,57784,5879.019469244048,-2080.1096027713475,-2866.13222837826
STARLINK-30381,57785,-4311.828784901384,-4268.351373275495,-3208.0107980184694
STARLINK-30382,57786,6665.855198211754,1578.8838285628342,377.19422160846506
STARLINK-30378,57787,-6774.8158835248005,-72.00385745618121,1075.2349737005695
STARLINK-30387,57788,6847.7426867934055,-366.99952325932395,-214.2352666163217
STARLINK-30372,57789,-5190.873300014939,-1346.3342945134284,-4281.027073890762
STARLINK-30367,57791,-2106.7532720198046,-4982.079792138593,-4225.061529990015
STARLINK-30374,57809,283.37815336779437,5946.483707376724,3402.8696838295696
STARLINK-30394,57810,5772.977563192488,2803.8115769618857,-2433.3479489636716
STARLINK-30379,57811,5735.1041256528515,640.4179148514806,-3715.274929258466
STARLINK-30395,57812,4920.522472806685,-1626.0659671907702,-4500.704510935658
STARLINK-30403,57813,3967.251470476397,-3068.831593608267,-4688.646901725417
STARLINK-30413,57814,-3718.791581498653,3353.9246813614614,4681.330959439272
STARLINK-30398,57815,-2031.3574561187293,-6160.712760825256,-2240.8359048670873
STARLINK-30386,57816,-3863.9955176768626,-5637.557059517339,-605.7879743639895
STARLINK-30391,57817,-5187.392886959471,-4345.719287841111,1124.461100278313
STARLINK-30401,57818,-5682.064719774541,-3152.7438773265776,2198.8364010368564
STARLINK-30390,57819,-5777.507151043497,-1017.605652313662,3548.372898400801
STARLINK-30409,57820,4149.585397186578,5452.654996373513,339.26623133684865
STARLINK-30415,57821,-1851.6479078771395,4996.002813279518,4313.5111329378315
STARLINK-30407,57823,-5680.709569617066,1658.5192583693001,-3475.1288175134314
STARLINK-30408,57824,2376.77411544059,6113.030520929645,2007.078307232126
STARLINK-30377,57825,1706.4337328342758,6150.355328648878,2509.5334855158426
STARLINK-30422,57826,3447.5883715406244,-3659.2429745023164,-4672.87828321805
STARLINK-30402,57827,5848.412711590668,2106.9264865903833,-2908.376824011781
STARLINK-30411,57828,5363.079791687333,4052.8033468906697,-1378.8835100285103
STARLINK-30418,57829,3609.6296937271227,5761.886586226668,911.9332519064491
STARLINK-30285,57840,-6642.189015381035,-1649.248016530129,-290.4456213176929
STARLINK-30410,57841,-4746.333288795397,2142.3519914348,-4456.4572971313355
STARLINK-30435,57842,5641.995339064811,3261.489824183195,-2116.5669881173503
STARLINK-30423,57843,717.1983101919268,4317.770454711343,-5274.826108804671
STARLINK-30292,57844,-6535.236509631992,-244.6116045846877,-2059.6140007598856
STARLINK-30416,57847,-2233.8119198455615,3580.4586538492367,-5401.4680911447285
STARLINK-30426,57848,-6564.273435961418,-1970.5600230151817,75.70023952686616
STARLINK-30430,57849,3522.137193420354,4214.663686821777,-4098.784075418652
STARLINK-30425,57850,-6635.800386340285,-709.1542976040528,-1570.525678317155
STARLINK-30405,57851,-6319.501609200459,270.72526741318336,-2635.7779743681044
STARLINK-30431,57852,-5018.814004291616,1904.6267884962251,-4268.304839388889
STARLINK-30404,57853,-6356.966082396556,197.75628028160716,-2562.6634467473687
STARLINK-30412,57854,-1597.3965380088496,3815.7081965641373,-5470.864842271774
STARLINK-30392,57855,-3465.653828562406,2996.9797882110297,-5104.160794318352
STARLINK-30291,57856,-3530.4273931198695,-4188.854025059862,4101.105291895417
STARLINK-30424,57857,6024.003390166258,-2570.2017831794083,2012.177450159814
STARLINK-30290,57858,2397.183236620629,4368.673217256605,-4712.428386617575
STARLINK-30414,57859,421.40058825762696,4288.203629678215,-5336.444421668374
STARLINK-30272,57860,-5649.9315464178935,-3239.0453526318383,2113.6647013213606
STARLINK-30432,57864,2076.9439248247736,5851.431418481681,-2923.23692842853
STARLINK-30427,57865,3610.7134040066144,4200.730637247891,-4052.8883789477854
STARLINK-30393,57866,-1584.1724856665674,6667.3946131070425,318.12847856472706
STARLINK-30439,57867,4658.678652432957,1984.6352422709856,-4635.046429206686
STARLINK-30442,57868,5085.163740249157,-639.8797269459958,-4568.605967818503
STARLINK-30441,57869,263.2050227343804,6714.704703765827,-1391.0761252551902
STARLINK-30460,57870,4978.440837318293,-2165.1154146557938,-4200.0381439091
STARLINK-30444,57871,2997.3264085680053,-5933.2643830884,-1704.6119940303054
STARLINK-30446,57872,-4905.145179433837,-1642.4564428286267,4498.371133051566
STARLINK-30445,57873,4276.942098033391,-4332.175595603523,-3170.226849324415
STARLINK-30447,57874,-5057.870683168092,189.27034896719584,4623.849395137819
STARLINK-30434,57875,-548.1581667958537,-6625.446683918427,1689.9815356826866
STARLINK-30429,57876,-2336.2322493604984,-5620.526592040677,3158.6053401654963
STARLINK-30284,57877,5406.983356413234,1609.6403461791763,-3906.835725786734
STARLINK-30433,57878,-4420.460211159866,3994.020545255357,3395.9957036711194
STARLINK-30358,57879,-3228.5756361532385,5711.012330026069,2001.2610727104866
STARLINK-30436,57880,-360.34986475056024,6801.467869375506,-834.1024838193539
STARLINK-30339,57882,-4949.8795628695125,-740.2139744465626,4686.61180402348
STARLINK-30282,57883,-4895.625372193258,2520.844842310817,4084.8205485076114
STARLINK-30340,57884,-2713.7971864738743,6129.30417108977,1455.4343698865036
STARLINK-30279,57885,-4080.1347940482024,4642.881774510123,2970.3210688299982
STARLINK-30465,57891,4751.862285836638,1913.5124568313183,-4567.764863758818
STARLINK-30470,57892,-2274.144320096389,6153.508996627743,-2013.2107667880348
STARLINK-30473,57893,1962.628995938104,-6163.060707589334,2280.439833647886
STARLINK-30443,57894,5131.870687982131,1179.8615302606854,-4402.677795087113
STARLINK-30467,57895,-194.69400802435547,5956.733611644118,-3403.20629765416
STARLINK-30469,57896,5789.513519190743,-1083.5865438272242,-3522.942557264732
STARLINK-30474,57897,5797.254870351527,-2537.1635569998352,-2656.031875308787
STARLINK-30479,57898,5156.97130878343,-4396.2872558668205,-1078.4288923118465
STARLINK-30481,57899,3792.890105572893,-5676.299141768359,674.8754263986511
STARLINK-30457,57900,-4957.3670889932355,-1539.5016086640305,4477.972017788927
STARLINK-30472,57901,3066.0588221301396,4094.786180314195,-4576.882549331397
STARLINK-30462,57902,-202.24046794033504,-5811.147480285806,3633.8664563942857
STARLINK-30449,57903,2593.3569351006386,4457.998824938524,-4528.209924521075
STARLINK-30466,57904,-2256.4689125785744,-4705.1442930503335,4446.009605801413
STARLINK-30428,57906,-3496.776272504719,-3598.356000238609,4670.636118873806
STARLINK-30482,57907,-5751.911142812918,2883.713084122536,2374.785099400775
STARLINK-30464,57908,-5869.547613131117,836.7924971327756,3444.7189139009697
STARLINK-30463,57909,-3540.7497669029635,5796.5644639746615,-974.5330841889231
STARLINK-30453,57910,-4817.501674541019,-1704.432666641731,4569.876530523262
STARLINK-30478,57911,1231.2666943361412,5372.427140697549,-4088.5582134822744
STARLINK-30477,57912,1127.1714450406553,5531.648355586371,-3902.7061986382246
STARLINK-30450,57913,-6122.196502952646,1012.1720005995262,2919.375876042643
STARLINK-30483,57914,4934.26168753591,-3673.680999971592,-3041.6017538352394
STARLINK-30454,57915,-5069.750667676223,4612.460293439165,-313.718932711374
STARLINK-30501,57917,-4075.6420892628084,5332.764559373745,-1427.7071651138847
STARLINK-30499,57918,3955.614734399371,3971.3696545466296,3948.520577098186
STARLINK-30496,57919,2369.6153918268587,4470.580613842219,-4638.204502558851
STARLINK-30485,57920,4272.718429664801,2821.4092088587317,-4570.853714645243
STARLINK-30492,57921,6076.389636454126,-636.8777437501248,-3127.312744233426
STARLINK-30440,57923,-530.5427097428661,-5375.75070609423,4222.0966010195525
STARLINK-30487,57924,6274.477786230479,-2065.2734181858327,-1860.1377318098798
STARLINK-30452,57925,-2010.1460398332342,-4681.3705747760705,4587.714902631974
STARLINK-30468,57926,-3990.0318479657813,5285.748031571917,-1800.2101087219949
STARLINK-30448,57928,3864.180497663809,3298.3332281879075,-4615.251132331225
STARLINK-30476,57930,5183.923386676643,2468.0323873590355,-3462.8320408630107
STARLINK-30488,57931,5397.529379746799,1388.9604163150466,-4005.9513130860255
STARLINK-30471,57932,-5416.818144368668,-1132.6808483585578,4047.2798886859478
STARLINK-30461,57933,-3977.2246900181053,-3127.606450320702,4625.571454249201
STARLINK-30712,57935,4226.882409170923,495.5840516557196,5346.045451494193
STARLINK-30716,57936,-3228.604734219341,6041.4431042735205,-230.2991243969179
STARLINK-30400,57937,-4435.968758135804,147.59656937315168,-5212.739084123681
STARLINK-30710,57938,-2070.3340103784712,6512.1567094836855,-347.85907200535917
STARLINK-30714,57939,-617.7452463623853,6155.336092825728,2941.602133920766
STARLINK-30711,57940,-2017.2782917320687,6392.50709424472,1421.2508090551398
STARLINK-30715,57941,4145.713868547386,403.4000487090532,5432.305148690773
STARLINK-30455,57942,839.0863643358717,5351.348808116056,4189.33537301289
STARLINK-30456,57943,-4141.353422183776,5145.104538861008,-1841.3212246325827
STARLINK-30708,57944,62.204771425468486,-5960.574581666867,-3364.216330828611
STARLINK-30705,57945,-891.8632661368383,-5360.886681738485,-4162.840728045747
STARLINK-30704,57946,936.8001853441474,-3995.235669065198,-5480.208211011454
STARLINK-30706,57947,3039.3819115255137,2981.282164424175,5344.587971162009
STARLINK-30707,57949,4057.6451645498437,-5173.25599209904,1883.6366598104887
STARLINK-30701,57950,-2390.2919750979845,6352.917662196424,851.1054102658964
STARLINK-30399,57951,4571.01497357556,-801.5776189518413,5016.484425342383
STARLINK-30713,57952,-3998.2861895905794,-1144.9019120762598,-5438.58901768254
STARLINK-30700,57953,-1261.355406728487,6675.496018392865,899.6796949909743
STARLINK-30703,57954,4359.877318489275,-1526.2781892701346,5036.190828210916
STARLINK-30702,57955,-1283.8575477685529,6672.671544066014,796.3087550902846
STARLINK-30396,57964,-1816.6936260574885,-4686.959608079407,4661.083529198235
STARLINK-30524,57965,2116.4451280189915,-5465.838614863722,3558.421450417505
STARLINK-30521,57966,-2468.625318415766,5452.6057869998795,-3357.0766312245723
STARLINK-30528,57967,-155.6331687977582,5340.576224280038,-4308.1038327354
STARLINK-30495,57968,6300.888103471638,-113.14834125410839,-2717.9064767677223
STARLINK-30494,57970,-6512.864505587148,1203.8359726745118,1783.4918771256935
STARLINK-30498,57971,5313.783552255423,1878.9533879143478,-3916.6119982342343
STARLINK-30505,57972,-231.94941060162017,-5239.680821169495,4414.068567282677
STARLINK-30502,57973,3615.180727807859,3612.850091230884,-4581.255511634212
STARLINK-30489,57974,5733.96229428646,1225.8038130309333,-3567.0197349276814
STARLINK-30503,57975,-3947.766037658112,-3344.4254986917194,4497.534939432075
STARLINK-30512,57976,2192.2792649761427,4513.956473528719,-4682.480639798382
STARLINK-30509,57977,2236.379204969293,-5044.809156892706,4069.3325762928016
STARLINK-30511,57978,-1889.7578003656486,-4668.486957559471,4651.062240094783
STARLINK-30508,57979,-4113.7092740314165,-3578.986862690711,4156.31321202656
STARLINK-30510,57981,6802.516699108684,-765.4272076237829,-469.8578481833888
STARLINK-30507,57982,6251.1284161590365,-2535.380922988919,1254.6108218568902
STARLINK-30515,57983,4862.834662994138,-3948.8079639945845,2791.9803189659247
STARLINK-30516,57984,2824.5823056743156,-4835.813456049444,3956.728841858915
STARLINK-30519,57985,-6164.7699646823885,-1419.9671855987895,2648.2922406010994
STARLINK-30537,57991,-3590.8973200458145,3692.966030718084,-4536.348285013499
STARLINK-30534,57992,-4807.816509437659,-4455.706027337724,-2029.511135446921
STARLINK-30536,57993,-1875.482714517942,5370.248409049776,-3840.269154819654
STARLINK-30538,57994,2080.032875547486,6456.241306791703,-1037.7265225102963
STARLINK-30517,57995,5375.407167671992,502.2145347318487,4226.692482159004
STARLINK-30523,57997,112.30371487994235,6343.928719993166,-2615.690842423462
STARLINK-30531,57998,-4513.4126165729795,2224.9662779783644,-4667.390332461113
STARLINK-30552,57999,1551.3279013589276,-5599.369588706298,3641.315130842044
STARLINK-30545,58000,-468.1810336722681,-6410.87288750889,2391.5185650047583
STARLINK-30535,58001,-2412.7376236480213,-6374.859012296344,775.0743680789085
STARLINK-30540,58002,-5430.786722939574,-2446.5512104440363,-3409.511302508321
STARLINK-30539,58004,-5097.657300719068,-3831.6980066404694,-2538.8887183862084
STARLINK-30530,58005,-5121.5031132393415,705.1538488489323,-4515.037943353082
STARLINK-30526,58006,2788.446321427392,5658.198984544576,-2683.544756385849
STARLINK-30527,58007,6637.360620514893,-238.66498073711634,-1727.7499210157569
STARLINK-30522,58008,4668.864537312523,-1884.9427640705874,4652.4617064591985
STARLINK-30486,58009,-5477.724521435911,-1680.2831315363621,-3779.204685608954
STARLINK-30520,58010,-3064.542908036328,4315.400776556049,-4370.063143127812
STARLINK-30497,58011,-3529.9803894599245,-5872.108994221935,-361.58452587471
STARLINK-30525,58012,-5323.756122532445,-105.37591151291042,-4331.096049949514
STARLINK-30514,58028,-6615.333092602381,1645.9882121320968,703.3849883765993
STARLINK-30518,58029,-2816.7159241879936,4067.5354733290965,4732.913335226765
STARLINK-30549,58030,5833.616915466899,-2738.8253705126203,-2342.1030008843754
STARLINK-30556,58031,-3630.5039269135095,3493.8344091614517,4617.776431679375
STARLINK-30561,58032,2811.7578746249524,-4069.874451105294,-4750.620496150275
STARLINK-30562,58033,-4163.330305105337,-328.95561118097584,5424.03783666864
STARLINK-30565,58034,1495.2209778216932,-4203.357228166109,-5209.845398264344
STARLINK-30438,58035,-6535.101608968141,-438.50854323303327,-2027.9194529567224
STARLINK-30437,58036,-5848.223563414252,2728.865660039814,2299.4130467400546
STARLINK-30533,58037,1516.2409780505084,-5765.992415032717,-3362.967723294305
STARLINK-30560,58038,3555.3113996312372,3061.3202479941338,4986.0152974769235
STARLINK-30555,58040,-2587.061225558296,4447.262523107558,4499.253149706358
STARLINK-30542,58041,-5278.204483196345,-2059.1628383556877,-3864.5820390192093
STARLINK-30563,58042,-4646.423408438355,-2414.558109022666,-4429.036327799719
STARLINK-30564,58043,817.7419569321316,-4204.366381974448,-5356.251901603289
STARLINK-30547,58044,3437.9547822431696,4874.716185481072,-3357.3828877268725
STARLINK-30550,58045,3081.582428568846,4213.10750141886,4413.586887836016
STARLINK-30548,58046,-4019.7694794840127,726.6990199909691,5477.23116751561
STARLINK-30529,58047,-2626.55386510536,-5937.234657950359,2187.5905786536246
STARLINK-30554,58048,-931.5490612597348,6248.025542826349,2650.2880469067322
STARLINK-30568,58051,6341.786574675605,2617.1180895114317,54.265215852353606
STARLINK-30575,58052,5258.643278836921,4102.168828474893,-1614.9352814551041
STARLINK-30577,58053,-5490.700031413584,-3872.254901908648,1381.3752582185932
STARLINK-30566,58054,-1554.6475957985442,-5323.467497185437,4029.18215741105
STARLINK-30544,58055,5081.349615527029,-2451.6164338124,3896.2546167801206
STARLINK-30553,58056,-3074.764175350866,-5142.2411597064465,3334.2735224094504
STARLINK-30541,58057,889.1278694324708,-4993.8188746934175,4611.557230026631
STARLINK-30573,58058,-4988.269828391369,-4296.446522501232,1924.7008744905136
STARLINK-30582,58059,6277.33619398687,-580.7340200340539,2700.2517068884813
STARLINK-30558,58060,1148.318296424483,5334.036324982747,-4162.785745091576
STARLINK-30579,58061,6608.667654514636,1162.1566304133994,-1437.7795379491515
STARLINK-30588,58062,-6226.627224752595,-2869.234168521171,252.6069644427135
STARLINK-30585,58063,-6127.945396694767,895.8198320423603,-2957.582552044583
STARLINK-30587,58064,3201.3935423982402,-3990.947360896982,4563.328629495457
STARLINK-30576,58065,-6456.3907852564325,-2299.421217072994,-321.7111760895549
STARLINK-30571,58066,-1283.6632193464666,4881.265207063071,-4650.5606233375765
STARLINK-30567,58067,3420.6389639083704,5069.727365770945,-3114.373729778757
STARLINK-30569,58068,-6532.095669183554,-1697.759356864737,-1236.8345915264244
STARLINK-30480,58069,464.2059699293709,6350.198708889323,2548.1789255152803
STARLINK-30532,58070,-6622.28944715819,-1060.8995489052031,-1448.6237095346378
STARLINK-30506,58072,-3546.2692583639987,3770.7103549025983,-4506.623466273381
STARLINK-30604,58075,-4859.374588751423,1311.2354572698302,-4665.866587236783
STARLINK-30500,58076,147.63046365858847,6664.164135693154,-1630.0379695744134
STARLINK-30613,58077,-2885.672384059146,4885.804837533739,-3861.375868663901
STARLINK-30597,58078,-4862.507701866946,-3466.0595963158526,-3384.3179266073184
STARLINK-30598,58079,-1131.403583368746,6226.943088501755,-2653.8744103299127
STARLINK-30603,58080,785.8681411391259,6731.240763629219,-1077.311076432333
STARLINK-30602,58081,1209.278910710412,-6291.689643674513,2458.854059100576
STARLINK-30610,58082,2584.8011502610434,-5199.778780447976,3646.5635315832765
STARLINK-30551,58083,-1723.1047155942,6011.652419454196,-2827.179634072494
STARLINK-30586,58084,139.1920005417763,6737.380537115469,-1294.0650481469386
STARLINK-30609,58085,1988.8912414129884,6552.570406981474,422.28722957681754
STARLINK-30583,58086,3562.7843252978764,5482.190987585291,2072.179501054646
STARLINK-30557,58087,4657.476591215451,3670.2563422199837,3443.712182863248
STARLINK-30591,58088,-4255.2114692989335,-4772.713268376821,-2492.5980478425545
STARLINK-30584,58089,-3850.3495005247078,3615.7957718186635,-4382.801203808877
STARLINK-30590,58090,5125.321713856197,539.1144655939119,4520.693449959322
STARLINK-30608,58091,3125.7776592267624,5985.908679250054,1206.0145823964087
STARLINK-30615,58092,-2857.2167961847485,-6163.682088691182,-965.289724412369
STARLINK-30578,58093,-4255.046776812532,2882.858799857456,-4548.312911311375
STARLINK-30574,58094,-5050.921710578644,507.5377091084389,-4620.666273441666
STARLINK-30570,58095,-1721.2662263703855,5882.726280725076,-3088.7293652037797
STARLINK-30581,58096,3605.681796790778,5569.573873013512,1742.2698540154845
STARLINK-30594,58097,4081.3648401932546,3292.9168061465334,-4404.002740517539
STARLINK-30614,58098,4115.97265880834,3151.8628969739298,-4490.453107305028
STARLINK-30607,58099,4396.0418809659095,400.99747596609865,-5249.875785049898
STARLINK-30600,58100,-4065.9253665599704,505.20421229391565,5468.36915793235
STARLINK-30605,58101,3343.7235222132945,5253.793360741151,-2870.226355724279
STARLINK-30592,58102,-3231.8710393643582,3131.90710097138,5143.6328046020835
STARLINK-30589,58103,-4104.677889743523,-3136.8754565857466,4493.893596159497
STARLINK-30617,58104,-4215.711720701196,-2232.185608353459,4896.311567672237
STARLINK-30616,58105,4078.6724579319657,5166.473743813351,-1874.6541773581896
STARLINK-30612,58106,-4751.752614397733,-2690.2634045076175,4111.694960116605
STARLINK-30421,58107,1324.7701626346677,-4942.269977145352,-4548.57839722977
STARLINK-30611,58108,-4313.4034654683155,-4761.749980918413,2340.833908900305
STARLINK-30606,58109,-2618.4328807389597,4252.151877257753,4666.065988322176
STARLINK-30596,58110,-1309.7251795586496,5800.5691138422535,3398.5015801323384
STARLINK-30595,58111,72.87404491467497,-6574.241538021537,-1946.2923960235646
STARLINK-30593,58112,1337.2262581961047,-5807.685427340693,-3392.59891929363
STARLINK-30353,58113,-2370.453819792358,-6286.257201432886,1348.524949759453
STARLINK-30572,58114,2483.858276841018,-4508.627103972808,-4532.21263097419
STARLINK-30580,58115,-36.230549331531506,6567.411161702715,1952.5155382019998
STARLINK-30493,58116,-1209.7279366600715,-6739.728804414023,-304.7870714809368
STARLINK-30601,58117,-3321.529952788268,-5246.748852145004,2892.0855224173006
STARLINK-30795,58118,5673.796775448213,-643.9328382845063,3794.573138238655
STARLINK-30765,58119,212.91655092933462,-6021.338506316002,-3286.7545683758144
STARLINK-30768,58120,5774.645204023689,-2149.0883430884037,3009.918724667147
STARLINK-30799,58121,-1866.0159963139065,-5051.271586193521,-4254.210910334926
STARLINK-30759,58122,902.548482853098,-6170.841727685406,-2866.8768661886465
STARLINK-30781,58123,-1199.5115909259328,-5450.756820616828,-3994.7481921381095
STARLINK-30754,58124,-3739.480779818699,-3373.558445785882,-4663.6115549515835
STARLINK-30766,58125,-1347.766979674476,6306.787794585142,2333.815529940848
STARLINK-30767,58126,-2655.453277927622,6195.176893435892,1275.8260361484963
STARLINK-30790,58127,-3425.5940096148956,-3708.445705350498,-4669.821006131506
STARLINK-30787,58128,-2024.954999288475,6298.06086938366,1811.0740264751144
STARLINK-30756,58129,-5085.863079458143,-1256.6943022919365,-4433.376267933074
STARLINK-30783,58130,-4723.0040696801725,4876.407106599898,-1004.3054625662579
STARLINK-30757,58131,-5551.747616421338,3097.771473984623,-2584.4764075675926
STARLINK-30770,58132,-5764.666914991996,2487.381623671453,-2772.6387575043886
STARLINK-30758,58133,-4294.639035540435,5334.335236460365,-433.37228519104144
STARLINK-30761,58134,-5142.421406935465,4373.784910581414,-1229.962057126037
STARLINK-30772,58135,-3158.3829051602806,-4000.0456010226612,-4597.297455461205
STARLINK-30776,58136,-5015.445532685028,4301.488473651251,-1726.0554415976078
STARLINK-30782,58137,-4327.7082419989065,5323.496706670537,-85.1755196005517
STARLINK-30769,58138,4941.523164524707,-4659.447388542549,964.3832488967549
STARLINK-30775,58139,5692.037587875727,-2853.140945029628,2548.4014109192435
STARLINK-30780,58140,2295.2881203340903,-6194.753559293248,-1856.835964168335
STARLINK-30802,58150,1239.607152518532,4376.17854087949,-5127.627402405533
STARLINK-30834,58151,-4813.621526427393,4856.860788766246,459.7162224358165
STARLINK-30833,58152,3421.8012282603054,-5693.631106357538,1661.165359414348
STARLINK-30831,58153,5490.222562186522,-2726.2311958068312,-3063.891959189585
STARLINK-30797,58154,-3795.60717337472,5580.011176311959,-1206.5618689347225
STARLINK-30804,58155,3428.0803881193833,2294.882447112974,-5474.229508366504
STARLINK-30784,58156,-5394.844881126959,3688.4370859531186,2057.9653540820623
STARLINK-30803,58157,-4936.990561451173,272.8369681518239,4729.564742169315
STARLINK-30829,58158,4947.989228628718,-243.7112478694131,-4736.808237782583
STARLINK-30788,58159,-1183.941127967639,5595.782911361758,-3775.351272385921
STARLINK-30779,58160,-3389.904942988679,5717.65287873329,-1662.3499694322843
STARLINK-30773,58161,5387.217279922877,-3677.2188983631304,-2113.865812984514
STARLINK-30816,58162,5462.906831868195,-2174.4094279439537,-3529.866810953706
STARLINK-30763,58163,3470.9907083064213,-5907.250969830062,-202.50704427978226
STARLINK-30815,58164,-5467.221662565101,2757.545587757516,3060.095870994455
STARLINK-30814,58165,-2420.2187310078484,5810.147562543664,-2721.3543135524874
STARLINK-30789,58166,4818.609954653928,-4850.599674169404,-491.06973702581024
STARLINK-30811,58167,4911.241460784448,-4703.840813340285,-827.4791149650863
STARLINK-30812,58168,-838.1760075467075,5487.49891044019,-4027.518987343323
STARLINK-30771,58169,5037.416608721991,-462.024365818208,-4631.55968723026
STARLINK-30764,58170,4151.078964364195,1290.856103169836,-5305.277739298162
STARLINK-30752,58171,2872.17626881397,2940.783886313658,-5490.8554930499595
STARLINK-30753,58175,-1029.2344704026889,5822.864267792841,3471.676212429739
STARLINK-30824,58176,1226.0098011677326,5144.082233986193,4364.792725069259
STARLINK-30791,58177,-2989.773851442082,-4053.3606844488827,-4662.501678964698
STARLINK-30810,58178,4053.6118019935175,-5387.701707813017,-1277.1535398686956
STARLINK-30819,58179,-4351.110883042095,5206.040179840557,1013.3904208841999
STARLINK-30806,58180,-5002.2604511571635,-1771.3632889552205,-4326.966060692809
STARLINK-30821,58181,-5821.1870060104375,-121.32326781671544,-3633.9718931371794
STARLINK-30778,58182,-6123.557246526725,1322.6871992282292,-2802.51997932908
STARLINK-30809,58183,6111.942069747333,-2376.8210137012306,2010.6629657602616
STARLINK-30801,58184,5458.043084492577,-4140.724029639129,364.81806214606195
STARLINK-30793,58185,-4864.611480503594,4818.162043551704,426.14509722132806
STARLINK-30755,58186,-2302.948404065966,-4552.191758044883,-4590.9884919087535
STARLINK-30760,58187,-3153.198785527068,5716.351757367441,2103.363539544396
STARLINK-30826,58188,-5274.670214009128,4386.096705744527,-128.25602456773973
STARLINK-30796,58189,-93.61791350327861,-5598.387629185158,-3969.633911952758
STARLINK-30820,58190,2121.590801020118,-5890.707679098528,-2811.5801074268934
STARLINK-30785,58191,469.6108091301152,5456.607649926847,4124.630951968479
STARLINK-30807,58192,-3792.2258343758563,5499.323424004822,1559.3057429527735
STARLINK-30822,58193,5373.788527409568,1189.038953314087,4086.7219412707914
STARLINK-30830,58194,1399.7243934162493,-5880.86580437715,-3249.8819955680474
STARLINK-30827,58195,3463.0934322982844,-5639.485222736666,-1815.8594911079138
STARLINK-30798,58196,2646.1888169748227,4305.670154354008,4630.860871826902
STARLINK-30762,58197,6089.250266682489,-951.472456830868,3005.455432467749
STARLINK-30800,58206,-6806.268510119591,-704.049650146114,495.60134719661386
STARLINK-30845,58207,6434.451426429462,2245.455146442487,-1229.0599091834313
STARLINK-30841,58208,-3622.651116192381,-4580.267115511416,-3605.8084663203667
STARLINK-30839,58209,-2424.5507767082604,4526.311044589789,4541.836031096017
STARLINK-30846,58210,-5132.308776877796,2884.293657648294,3515.479840324707
STARLINK-30838,58211,3969.0994727663146,4416.4915454606935,3427.638622107986
STARLINK-30837,58212,-6403.669120006083,1176.9168761379815,2156.7639111352773
STARLINK-30813,58213,5702.490861841686,3216.073057537029,2044.8175835541745
STARLINK-30805,58214,-807.3439459227278,4948.05132598479,4675.28848774267
STARLINK-30851,58215,1690.7608676563564,5023.402827935113,4350.4698779008
STARLINK-30818,58217,5198.205632066289,3675.5929970680786,2550.5608398129443
STARLINK-30794,58218,51.67650178954692,5050.07630393294,4635.234533603012
STARLINK-30835,58219,6258.827558982624,-1493.7139945800143,-2385.0505908591845
STARLINK-30792,58220,-6287.957168292642,-2831.8068858545766,540.5285080351847
STARLINK-30836,58221,3561.890256144481,-4027.308158042898,-4271.169077080826
STARLINK-30855,58222,-5454.359157346489,-3479.700574333826,-2288.378304819972
STARLINK-30840,58223,-6561.994429759054,-1897.5300114289014,-646.1234687348617
STARLINK-30875,58224,3252.876785423227,4692.412713542271,3798.6537519049757
STARLINK-30872,58225,-5020.783457137489,1544.9745857639764,-4416.801032464644
STARLINK-30865,58226,5338.514777999652,3095.9223690225754,2989.9590178444732
STARLINK-30874,58227,1214.362591043715,-4875.59975208693,-4675.609995441017
STARLINK-30871,58228,-1294.0163416593286,-5069.733224409374,-4442.047414863067
STARLINK-30861,58230,1922.8105162478428,-6552.342285689754,-536.429465012173
STARLINK-30867,58231,4375.579672798995,2772.032123640137,-4503.499800314513
STARLINK-30880,58232,3190.798877088707,4780.533218317262,-3751.5509126830066
STARLINK-30777,58233,-2193.016692251813,6444.456102444205,848.5341978027404
STARLINK-30860,58234,1495.9962373284575,6240.152325312213,-2433.168153848648
STARLINK-30853,58236,-3698.6010998274555,5226.937844216539,2457.3548200631303
STARLINK-30866,58237,1900.152322625944,-6565.239014985178,-604.6276963935928
STARLINK-30817,58238,-4708.189291624556,3299.3048610132532,3737.9196648207203
STARLINK-30847,58239,-5081.951437099862,927.5668521790955,4507.293310533459
STARLINK-30848,58240,1305.7881949399305,-6735.7573861430365,-26.840941057396094
STARLINK-30843,58241,-4768.4321856686465,-1577.212934390626,4664.896624662082
STARLINK-30877,58242,3460.350815126962,-5489.379338225216,-2233.916131379802
STARLINK-30864,58243,-2888.0484353084275,-5101.715971034709,3555.0263006810465
STARLINK-30854,58244,-4198.648192326059,-3138.326113956352,4417.524019810841
STARLINK-30849,58245,-1171.0039652960327,-6389.689827416812,2199.640710794993
STARLINK-30886,58246,2470.0931747122454,-6292.430098149614,-1178.1646492094449
STARLINK-30850,58247,691.3309048575588,-6803.2148218683515,553.3693827331443
STARLINK-30823,58248,-1769.6440244424007,-6053.5367447209,2693.1841538254534
STARLINK-30873,58249,70.66065585088577,-6767.438252494222,1120.092094453275
STARLINK-30808,58250,-4539.016398682352,-2312.8079872467465,4584.178474527012
STARLINK-30881,58251,-3374.4667131727188,-4519.832445662734,3897.6174233720844
STARLINK-30883,58252,4575.990849493109,-3650.7984612431014,-3583.14909056934
STARLINK-30907,58352,-6643.673360362878,1712.083076086289,-28.41493457743248
STARLINK-30896,58353,-6187.212306360908,585.0470355796036,2898.6318388963145
STARLINK-30832,58354,-5779.328071561616,-2021.7990150774865,3088.3260884645465
STARLINK-30903,58355,-6132.75782745574,2844.7721730475146,-1175.178883437673
STARLINK-30905,58356,-4687.8461358117665,4201.381744383144,-2733.6449276364483
STARLINK-30842,58357,2843.677125933372,-5346.611771043303,3213.0050654340866
STARLINK-30858,58358,-6652.259541616917,-153.55784438364205,1665.1891562457574
STARLINK-30878,58359,-804.9821675141719,5092.664005074396,-4530.78676066176
STARLINK-30897,58360,6818.787003227606,594.1188483987706,-478.12353077315163
STARLINK-30885,58361,-2597.832181216551,4991.357320046082,-3929.9462705154547
STARLINK-30890,58362,-157.17743603071236,5103.60253563895,-4585.716596041685
STARLINK-30909,58363,2302.647020567124,4526.402020484874,-4617.468588769942
STARLINK-30904,58364,-6885.328422524256,346.6551662460386,-546.6240448155371
STARLINK-30918,58365,6573.8049214770845,488.8274898998494,-1907.5442497276172
STARLINK-30892,58366,4424.971324176673,3356.4497618845216,-4032.5491537506423
STARLINK-30891,58367,5952.331551612464,-3076.600146816907,1473.0531118548167
STARLINK-30889,58368,6716.021494969706,-1385.7138192724424,-235.50055174152004
STARLINK-30870,58369,4383.12441445938,-4352.018593520092,2979.039017486817
STARLINK-30888,58370,-6751.712317133138,481.17587185039054,1113.653925569225
STARLINK-30859,58371,594.3964589529484,-5124.111645804094,4516.035685911304
STARLINK-30884,58372,-245.54930367603365,-5045.687242292027,4631.024341355669
STARLINK-30852,58373,-5737.6894262614205,3348.688239608142,-1718.81287806305
STARLINK-30911,58374,1080.268038020312,-6650.457272781117,1181.4506669183818
STARLINK-30894,58375,941.2625238445762,6592.083987700141,1561.2145179491804
STARLINK-30910,58376,-3350.433546254277,-3806.096683002376,-4599.714558625977
STARLINK-30914,58377,-574.2878259784525,-6741.858507329882,-1022.2458320973573
STARLINK-30920,58378,1732.7078916346975,6575.063544729699,855.0231961830804
STARLINK-30882,58379,-1519.3318922990552,6447.643789886026,-1719.178945889932
STARLINK-30915,58380,6445.461158672489,-1128.0335631205578,1990.8413227647052
STARLINK-30923,58381,-1435.8705362359033,-6301.698667056096,-2250.2135475005957
STARLINK-30927,58382,1728.868240488976,6090.16395736477,2584.150083524535
STARLINK-30921,58383,-3431.0886594814096,3996.495371385248,-4372.7438801769695
STARLINK-30825,58384,-1382.9377924796415,-6371.713971451376,-2080.621190253194
STARLINK-30930,58385,4098.150395447789,-805.9513471957001,5407.673798549948
STARLINK-30929,58386,3179.025305774687,-4544.060624775991,3996.7790405150367
STARLINK-30898,58387,4087.231487291302,564.7296964861524,5446.2598432132745
STARLINK-30913,58388,117.83969467612626,6823.139208107536,476.81661652487765
STARLINK-30938,58389,-1497.9584826030123,6513.106085161333,-1471.4711150627231
STARLINK-30868,58390,-2257.863588670841,5857.1661121749985,-2728.289007691316
STARLINK-30916,58391,3066.5096777302974,4368.7223080727,4269.628275388168
STARLINK-30939,58393,-4124.153986498764,114.50159461492437,-5463.6998394074
STARLINK-30887,58394,3953.442042176717,-2158.7634544969947,5138.84146233995
STARLINK-30934,58395,-716.9738608091561,6775.740714670968,-624.2388235675753
STARLINK-30964,58402,1290.883925406665,6089.274348337235,-2890.644294107998
STARLINK-30844,58403,3224.318293444072,-3886.497986065663,4635.745848332476
STARLINK-30876,58404,4802.414734706888,-1905.6900271959685,4505.74276670131
STARLINK-30952,58405,5525.6989708848205,3787.685586152405,1475.832014723195
STARLINK-30925,58406,5871.271891582053,2497.9245813653883,2516.7987794216424
STARLINK-30954,58407,-2271.3853063102897,4680.289370916467,-4476.824101193471
STARLINK-30906,58408,-4129.532507804983,-5477.459785730655,133.12023165253686
STARLINK-30940,58409,-3086.469500005238,5063.766785450338,3441.7978421395524
STARLINK-30933,58410,2219.360834785134,6368.096052579367,-1268.7402434777414
STARLINK-30919,58411,-4156.684694897321,-5429.821007513743,550.5346950847796
STARLINK-30924,58412,-3756.7757198338,3596.7606582620324,4393.415549060723
STARLINK-30931,58413,-1316.9466735482724,5032.666176944406,-4477.678370557064
STARLINK-30922,58414,5725.532689737421,336.98672478401204,3756.7874990040136
STARLINK-30949,58415,4385.973144895591,5270.888617058113,-239.9341184904826
STARLINK-30967,58416,2664.083384758486,6030.936746249883,-1904.0834970662568
STARLINK-30955,58417,-2988.553302973441,-5943.55731005949,1670.575283368698
STARLINK-30895,58418,-881.1107322887586,5490.986947002964,-4021.533177661639
STARLINK-30917,58419,5506.3710332392,-1450.7073877621942,-3832.1958385201665
STARLINK-30899,58420,-5662.755607067213,-3474.085990110025,-1720.8172079549336
STARLINK-30902,58421,598.5855143969341,5985.162149272928,-3304.664266348158
STARLINK-30912,58422,4990.175055870458,-440.71787134860404,-4692.308931980739
STARLINK-30900,58423,-2947.8680800137913,4143.639560518682,-4609.005474198845
STARLINK-30908,58424,-1585.6751826787056,5121.807018457163,-4282.464207789744
STARLINK-30869,58437,5006.16927544767,-1953.0909724887701,4255.95717982944
STARLINK-30969,58438,5952.349089316773,-86.93019064976492,3402.9391237964755
STARLINK-30951,58439,3090.5329380950307,-3959.2379709204592,4666.462026557126
STARLINK-30950,58440,-3264.709492107533,3963.2910739123436,4542.604485935228
STARLINK-30942,58441,-6218.476763022927,-948.3488522789501,-2744.034635484249
STARLINK-30959,58442,-2767.833239293673,4203.23792386976,-4667.222342267985
STARLINK-30971,58443,-5838.366343957869,-3537.9451005194446,-689.9932651029224
STARLINK-30963,58444,-553.6252869084349,5339.27238561315,-4277.409039139549
STARLINK-30961,58445,1735.5366436063491,5757.31488657731,-3308.696096489531
STARLINK-30975,58446,1025.6604173965984,5709.131112215251,-3670.417892977217
STARLINK-30976,58447,6151.906025181773,2646.5264596363677,1486.3409696558551
STARLINK-30926,58448,-5835.585603768588,463.73423034118844,-3582.524102896247
STARLINK-30943,58449,-951.2518745150089,-5097.797689924397,4482.364072452939
STARLINK-30946,58450,6244.462017327996,1989.307897495811,2022.9661500179732
STARLINK-30944,58451,3792.3191831276413,5398.56959498356,-1889.2291605336773
STARLINK-30928,58452,5323.299802979008,4323.179163872706,-230.1510166372581
STARLINK-30957,58453,3149.6601988832917,5604.168813737088,-2402.2926444718332
STARLINK-30966,58454,4888.619832961414,4749.602043016988,-791.9400168728712
STARLINK-30935,58455,-2830.3713476132975,-5680.762989899912,2599.081924610168
STARLINK-30958,58457,-4611.675438921663,2501.562782482748,-4425.435101721717
STARLINK-30962,58458,-6270.416702280114,-1638.6920346541447,-2256.3604089305522
STARLINK-30977,58459,-4641.334469132851,-4945.101593837802,1029.7579477599265
STARLINK-30947,58473,4615.86878507936,4748.361164092393,1787.521262328641
STARLINK-30941,58475,5188.016779988285,3514.8171815208075,2788.4384384190967
STARLINK-30980,58476,5453.873923073844,1323.7593648853162,3939.2383538556273
STARLINK-30965,58477,-4599.870530128576,2255.010950346731,-4567.426340711546
STARLINK-30990,58478,3242.435718757365,6045.68543907,97.69978536732236
STARLINK-30984,58480,-3007.3871506581245,-6139.7714722104665,564.2345421615211
STARLINK-30956,58481,929.0553976544355,-5190.598632459503,4382.242006340586
STARLINK-30997,58482,3261.512294739749,6030.529388483636,-264.46299817637566
STARLINK-30994,58483,185.63026558870365,-6603.500467968014,-1789.957334034861
STARLINK-30991,58484,-2404.8608090862267,-6323.693319454278,1132.771605999163
STARLINK-30979,58485,5542.2687261045285,2211.329261208497,3379.398522164698
STARLINK-31005,58486,4267.389510985946,5296.415953259926,893.321173611032
STARLINK-30987,58487,5265.092108836967,3624.038398031975,2486.081983749854
STARLINK-31000,58488,748.2237060313288,6373.157667045786,-2433.4086838861526
STARLINK-30993,58489,2691.301515289656,6257.771814755394,-824.7307759690298
STARLINK-30978,58490,-2576.272529212723,4697.775020449428,-4290.165558318466
STARLINK-30953,58491,1021.5291479059892,6782.024962387014,-189.444335016325
STARLINK-30986,58492,-4182.650074584454,2801.3971706494053,-4665.888858815016
STARLINK-30985,58493,-5577.500609115483,-1816.1330255464645,-3563.230428052429
STARLINK-30981,58494,-5178.254859696485,-3906.903187320303,-2240.4317178913075
STARLINK-31002,58495,5326.404011031178,-129.07474761421201,4314.949091370073
STARLINK-31026,58508,-1517.7748180497383,-6031.902893324964,-2901.439012332078
STARLINK-31020,58509,3769.0050156806196,-5372.4453917417395,1993.226016270983
STARLINK-30989,58510,-4377.704382063952,-2868.429752528712,-4438.358850586038
STARLINK-30968,58511,-5023.051686051161,-417.3594219884128,-4658.5214318431335
STARLINK-30982,58512,-4986.021784243937,2044.3359486912777,-4250.485714955573
STARLINK-30998,58513,-4584.569308510632,3574.5435166852817,-3647.818623510262
STARLINK-30983,58514,3213.8959296530647,-5679.6735023279225,2110.0877088354623
STARLINK-31017,58515,5937.927055158021,1481.663995589704,-3105.2266256137787
STARLINK-31028,58516,-1275.9540786701523,6738.416676740112,-221.22698099722967
STARLINK-31011,58517,-2961.8363621392577,5894.289566571515,-1890.887775855349
STARLINK-31021,58518,-3158.3893693601244,-4900.036099589026,-3621.386134374418
STARLINK-31010,58519,-1502.1936782383784,-6287.172131433732,-2304.0507162975223
STARLINK-31003,58520,-3439.18653384983,5434.58809294369,-2394.5203859226767
STARLINK-31015,58521,-1878.379239199194,6550.485558718259,-801.4752353654904
STARLINK-30932,58523,1800.2571999116378,6120.2446149681655,2518.3370583775745
STARLINK-30992,58524,3389.2404059342134,4617.30295725488,3766.391172281504
STARLINK-30948,58525,4211.176543648304,3252.672518499125,4323.159543454241
STARLINK-31013,58526,2625.930670238043,-6371.617412934112,-524.2091434642502
STARLINK-31001,58527,1575.6947721652805,-6660.598798557478,472.0757857545417
STARLINK-31004,58528,4952.5883800782985,862.2854067278379,4660.646509017569
STARLINK-30988,58529,5025.641918793723,-1643.929108347874,4363.777818675821
STARLINK-31009,58530,4418.221464790587,-3927.4931587425467,3474.0169696364387
STARLINK-31012,58531,238.12695657865913,4302.2753460653175,5320.034268193511
STARLINK-31035,58532,4898.068875852711,641.0204387231164,4722.5285938176
STARLINK-31036,58533,3028.028185308212,-4747.9065262416,-3892.3994933269955
STARLINK-30936,58534,-3234.742865182719,-2693.8892265352333,-5409.633843347553
STARLINK-31032,58535,-1201.8907925232106,4668.531092105085,4844.167124893474
STARLINK-31037,58536,-6405.984987771907,1662.084438122459,-1742.8446266285123
STARLINK-31041,58537,-5405.407641769365,3902.211223730444,1527.307305640717
STARLINK-31014,58538,1833.6547444980495,-4741.556972509745,-4585.115230509802
STARLINK-31055,58539,6382.214275620143,-2148.2422996507844,1202.5088453498274
STARLINK-31019,58540,-5108.394378697674,-1184.4326620631764,-4401.045775055418
STARLINK-31045,58541,4879.891115269157,4636.428262664819,-1302.523681966615
STARLINK-31030,58542,6170.719167463875,-2952.2443523235033,116.64163588347733
STARLINK-31049,58543,5704.594480963514,-3647.339964262672,-992.1374644368848
STARLINK-31048,58544,-5955.643435539721,3332.4894988208603,627.4778161950857
STARLINK-31057,58545,4089.6113628545577,-4566.564526689183,-3044.919497421405
STARLINK-31050,58546,-5785.210624098443,-229.22598573868785,-3652.1774496845496
STARLINK-31063,58547,-5370.741439152255,-123.29250313088673,-4263.123510209683
STARLINK-31016,58548,-4944.38629359537,4184.350891069463,2231.8879975106074
STARLINK-31053,58549,557.8591045761781,-4539.849515669146,-5094.322594572783
STARLINK-31056,58550,-3481.002762171985,4648.483117170283,3630.4129274601214
STARLINK-30999,58551,5543.54141030684,-4028.2034303393457,-167.54334353603716
STARLINK-31046,58552,-6222.345631783934,730.4991160739391,-2756.8083745106114
STARLINK-31044,58589,-569.2107108200632,-5018.799684333718,-4646.716187651463
STARLINK-31062,58590,3524.172963897433,3990.2766120767837,4319.265482777901
STARLINK-31096,58592,2544.361601464723,-5041.424901386877,-3850.1447667145544
STARLINK-31094,58593,4048.223394423186,3581.979627750305,4215.392325075474
STARLINK-31075,58594,-6551.560772068922,2029.9061650778222,161.67093234976463
STARLINK-30857,58595,6621.47579377763,164.16417489248482,1782.45441780328
STARLINK-31059,58596,-5639.646843151997,-3188.2228963986267,2251.156187959944
STARLINK-31087,58597,-5540.9464809075325,3604.1273928323712,1832.373175149127
STARLINK-31079,58598,4440.158873846712,-4699.2757676898445,1862.6633828891756
STARLINK-31052,58600,-3783.3908608793845,4698.6733733582105,3260.0647194600074
STARLINK-31074,58601,-1503.7285075930197,5162.448766149026,4252.304051954416
STARLINK-31071,58602,-6786.513634839401,-920.8852906561671,401.3962016425893
STARLINK-31080,58603,983.7216282048335,4927.521553751416,4663.106905713753
STARLINK-31088,58604,2574.033999284678,4397.298156884558,4586.346785862261
STARLINK-31038,58605,-6693.179204848283,1063.8931820906084,-931.2830822955186
STARLINK-31082,58606,4654.081010835832,3117.631921933152,3951.8284849037723
STARLINK-31069,58607,6731.1041962146455,-477.758173468006,1232.685586396754
STARLINK-31067,58608,6441.070017394098,-2313.8258423994703,-491.7049053671195
STARLINK-31085,58609,5295.438136015107,-3812.6831187731777,-2123.9548182841017
STARLINK-31089,58610,-2967.114290349558,-4227.989419452134,-4519.757441688728
STARLINK-31061,58611,4097.465787044758,-4557.312891829975,-3088.4879050734744
STARLINK-31054,58619,-4432.433382201305,-5009.833564317166,-1529.476121871791
STARLINK-31134,58621,-547.3312528735701,6133.650751146126,-3030.0463706276996
STARLINK-31133,58622,-2975.759005377987,-6179.102648088679,174.20115307459818
STARLINK-31068,58623,-1125.0267907733917,-6509.550631714614,1845.3388474979672
STARLINK-31129,58624,228.58513665067088,-6234.410802330868,2846.8932488436417
STARLINK-30774,58625,2173.03975666986,-5138.995567215968,3985.0179509426566
STARLINK-31086,58626,1471.8600870164896,6508.242743591284,-1603.3349222599895
STARLINK-31065,58627,5367.7140634104835,2823.173241674274,3198.7751590147154
STARLINK-31092,58628,3840.2094905231024,-3342.001644566954,4591.229929072571
STARLINK-31091,58629,-5203.833676166282,-3037.6814923941956,-3286.0441387860906
STARLINK-31084,58630,-4373.972731045298,-4945.861020014308,-1865.8605172975308
STARLINK-31064,58631,-3520.5359847742316,3881.263578865692,-4433.70588562092
STARLINK-31081,58632,-481.2332228587268,-6529.041557134631,2045.1004176388146
STARLINK-31022,58633,130.43998396171165,6471.626858181848,-2279.4103915426645
STARLINK-31025,58634,3775.322332991509,5691.961543686974,639.1027502987004
STARLINK-31018,58635,-4837.00170269588,1508.0382098639204,-4631.421445390435
STARLINK-31008,58636,-4075.0539397248117,3004.6823570484635,-4634.788827037454
STARLINK-31077,58637,-5428.234361911597,-891.6939897973294,-4104.765849958264
STARLINK-31078,58638,-5287.837534452096,-3166.4573519375067,-3020.9373713014456
STARLINK-31070,58639,-2478.685059664285,4903.742540714193,-4113.633163083386
STARLINK-31090,58640,-3591.146842614917,-5832.620452183295,384.5442054373582
STARLINK-31113,58668,-5090.844894541802,-735.5508975083222,-4544.768890265144
STARLINK-31128,58669,107.99873715827076,6800.024051122657,-912.4277786174612
STARLINK-31083,58670,-4739.207287824274,-3128.590956840502,-3855.3215987481244
STARLINK-30828,58671,4294.040818391454,4192.921464943491,3317.855855022459
STARLINK-31104,58672,-2966.071526396522,4512.7101855950605,-4139.738398187904
STARLINK-31131,58673,-4926.74858621675,1110.608713870286,-4646.406076216793
STARLINK-31124,58674,-4758.176004098668,1766.1410091578587,-4619.959230328402
STARLINK-31126,58675,-2250.932731600933,-6393.207830329509,-1068.678683000901
STARLINK-31066,58676,2976.692978358844,5921.934751299428,1765.3895754528237
STARLINK-31058,58677,-4175.448048791924,3316.3071719208892,-4320.377551864853
STARLINK-31125,58678,4826.793384401623,2751.410318450782,4018.143431972177
STARLINK-31110,58679,-2846.2342980669678,5245.043868251236,-3391.2435914239777
STARLINK-31112,58680,741.5032797038299,6813.0481323326485,-332.6637236607921
STARLINK-31147,58681,5072.485032307775,307.81241255333674,4600.957569592555
STARLINK-31144,58682,-3295.885443655218,-5623.31576179721,-2146.6130850231084
STARLINK-31095,58683,1433.681135447095,-6330.523179695091,2216.0158040549604
STARLINK-31107,58684,-1638.26945286194,-6638.536351501007,-563.9486255694401
STARLINK-31121,58685,-4474.996298950252,-3850.2740199512846,-3499.6767682535337
STARLINK-31137,58686,4981.864399118081,1973.2899949581235,4274.068939574096
STARLINK-31106,58689,3017.9618711834523,5858.8709118927745,1898.9891552311497
STARLINK-11072 [DTC],58705,5512.861914694807,-3493.3934326776503,1668.9525262679729
STARLINK-11075 [DTC],58706,-6142.174217816012,2747.54877544761,-373.66053731730636
STARLINK-11077 [DTC],58707,372.7001547744479,-4294.3669136055605,5169.107951118892
STARLINK-11079 [DTC],58708,6434.9373752544,-1779.535952525697,-922.3292546494474
STARLINK-11076 [DTC],58709,5876.448440674198,335.35557833883337,-3288.3019279344485
STARLINK-11078 [DTC],58710,3984.1365010974923,2369.237869196271,-4897.351546506987
STARLINK-31031,58711,-4398.544590929405,-1320.5138697599346,5060.593371971926
STARLINK-31029,58712,1840.0577024360302,-5244.845314531734,4000.3116588791186
STARLINK-30973,58713,-1730.7610430982172,-3795.6802251399627,5427.592206777525
STARLINK-31100,58714,-3360.904918327836,-2505.1468138081377,5412.089716617216
STARLINK-31102,58715,5396.407650698664,-262.5438838131701,-4203.9727699558525
STARLINK-31098,58716,-4294.026532676135,-1497.0218404786058,5117.596375058583
STARLINK-31093,58717,-5952.975147828194,2173.451751569639,2601.6137632462414
STARLINK-31097,58718,-5571.793089150691,620.5868509225007,3933.0093579860472
STARLINK-31051,58719,-5901.391781859532,3107.4382220836883,1572.02056093511
STARLINK-31027,58720,-3528.932316808336,5679.652405514836,769.2737030403367
STARLINK-30972,58721,-2297.1647616926675,-3400.771568827831,5478.78365656636
STARLINK-31040,58722,-1617.9114636493098,5221.275439173348,-4121.3540739209
STARLINK-31033,58723,-5328.341033780668,84.06032576034015,4300.203334746993
STARLINK-30893,58724,-5690.500819272766,3690.727439931014,890.7289552951197
STARLINK-30856,58725,-3840.867305613036,-2018.9675777467937,5294.968214578589
STARLINK-31115,58729,5869.732428611673,-415.29837583410784,-3531.5807598530196
STARLINK-31180,58732,-6010.522679361232,52.64846797536447,3300.2846374073174
STARLINK-31164,58733,2837.9845832958276,-4133.740585772607,-4687.180706277128
STARLINK-31152,58734,607.6012639709274,-5271.067128991695,-4353.584940705396
STARLINK-31157,58735,-1694.4526784988693,-5695.526801811737,-3434.163028997555
STARLINK-31076,58736,-3775.2257635923775,-5353.351916798919,-2046.0929399864008
STARLINK-31101,58737,-6287.950291581103,-1331.5569120590387,2392.2475543397413
STARLINK-31108,58738,-5342.689436532171,-4287.997311552062,-381.38797846289555
STARLINK-31042,58739,-5729.886911150695,762.7476592644625,3688.1877852813764
STARLINK-31159,58740,3509.8523745487523,-3621.3719448368065,-4656.076369004075
STARLINK-31148,58741,-938.9753795592145,-5638.846191318429,-3798.485415949644
STARLINK-31151,58742,-4899.162097173177,-4710.398819203052,-942.6370882913334
STARLINK-31156,58743,-5995.277715509213,-3244.868404995612,772.1529911802985
STARLINK-31167,58744,5266.270287232508,1746.0031979285986,4027.346562337109
STARLINK-31176,58745,-3166.456708125474,3886.11673211724,4676.152345742424
STARLINK-31181,58746,2774.5788814622956,-4620.822681012422,4236.176446701734
STARLINK-31183,58747,1326.269794141434,5686.022691726658,3595.314098443871
STARLINK-31165,58748,-1002.9465749115997,5125.372170886308,4440.978989560173
STARLINK-31160,58749,5860.7539094677895,3529.246127832473,-521.684688817236
STARLINK-31179,58750,2789.198995342435,5628.435715827735,2752.218446240729
STARLINK-31127,58765,-3420.6520580747056,5444.430901082413,-2382.720921558243
STARLINK-31114,58766,95.20792631265337,6489.683527025077,2193.4902354829633
STARLINK-31140,58767,-3612.2600367581003,-2174.65398459788,-5397.380780529199
STARLINK-31146,58769,-4270.704762238623,251.59633561257354,-5361.580565049049
STARLINK-31143,58770,-3776.33080022271,-1746.8100702762097,-5453.272580165068
STARLINK-31135,58771,-3619.4256897827627,4927.634163641022,-3105.0802715879404
STARLINK-31136,58772,-1797.4436019850662,-5143.820051627839,-4145.3659740673
STARLINK-31073,58773,-2440.1890889292104,6356.4820890820965,-793.9031362973906
STARLINK-31122,58774,78.80953391008404,6398.881752131286,2444.6536400605346
STARLINK-31123,58775,2886.184465230165,3675.2191693284303,4987.427514199306
STARLINK-31117,58776,2916.808484727238,3596.848508934164,5042.589226757388
STARLINK-31132,58777,-719.8618582448755,-4296.465361311175,5275.274282504144
STARLINK-31120,58778,-4337.403818589425,856.495836790785,-5227.809674978622
STARLINK-31142,58779,2199.643370868453,4654.100523518658,4515.341230669429
STARLINK-31099,58781,962.413740523209,5877.303888472966,3383.232332997874
STARLINK-31047,58783,3929.03465489183,-1946.9666617255268,5241.170403451817
STARLINK-31039,58784,-1656.4526510280825,6643.23810499575,312.9517667947255
STARLINK-31034,58785,1713.310137815442,4015.080229110848,-5274.1632777084715
STARLINK-31024,58786,532.0137511551657,6278.044330328988,2688.8857101057106
STARLINK-31189,58787,6442.062052058464,-2360.6942401742144,-84.69315466808229
STARLINK-31185,58788,5556.868843600451,2047.9506382647023,3456.236300793191
STARLINK-31166,58789,-1977.6923596360268,-4626.389948211727,-4668.833918653179
STARLINK-31187,58790,5053.01057729646,2627.732707153932,3818.9886581253913
STARLINK-31162,58791,-1170.7517583058718,-4898.311140250897,-4663.3913116480335
STARLINK-31184,58793,2068.3139676762494,-5218.308026026901,-3949.8740194280517
STARLINK-31192,58794,3843.110386345763,3641.764349379125,4354.837320223093
STARLINK-31161,58795,446.65666694284204,-5211.479381403454,-4443.893545952262
STARLINK-31195,58796,6532.066958325499,167.63995380559385,2083.537382829346
STARLINK-31193,58797,-4780.916458763236,-2886.078352837858,-3990.083236595495
STARLINK-31168,58798,-6126.114072823418,-1151.954907633183,-2871.388315029025
STARLINK-31191,58800,4237.9367202239655,-4634.788106428253,-2765.215016606449
STARLINK-31170,58801,-6555.056432195889,2017.434633971901,-205.41263431093483
STARLINK-31141,58803,-2511.2376801763935,5142.825009136807,3775.71343335277
STARLINK-31188,58804,-5612.419586990032,3641.40072481184,1515.1719933418108
STARLINK-31138,58806,-4549.574444681147,4452.952869753152,2551.8562074575734
STARLINK-31163,58807,6608.73140943817,-1773.8649670618088,484.6895261041529
STARLINK-31174,58808,6680.764208225267,-1106.9707871244339,1094.0376560279105
STARLINK-31169,58809,-6012.406058296587,3158.162612940935,967.1377578311043
STARLINK-31233,58826,-2810.9390427137823,-3264.499179883932,5320.375254193185
STARLINK-31271,58827,105.13344702808678,5818.261200439192,-3628.418013926248
STARLINK-31222,58828,4503.601397866742,-451.9407081642931,-5153.4747145270785
STARLINK-31258,58829,-4507.554701150793,462.4991701185784,5131.92206776827
STARLINK-31253,58830,-4714.85363207562,1906.5370585713815,4578.150522899016
STARLINK-31232,58831,-2577.8511011793694,-3607.7969184571143,5209.964681652832
STARLINK-31263,58832,3535.2111767201122,2304.4203908695877,-5391.212576949832
STARLINK-31171,58834,3806.4211822883,2230.399799226294,-5251.478264193622
STARLINK-31246,58835,-1506.015518280742,-4786.8194957237865,4658.119725819752
STARLINK-31251,58836,-4097.78577024277,-839.468451656192,5418.774078855187
STARLINK-31249,58838,-4759.758475639768,2946.7519837350433,3945.005728231111
STARLINK-31250,58839,2259.7292607591676,4586.223488439634,-4552.827396173848
STARLINK-31248,58840,4537.366222186072,-5077.590512174206,-670.8130960291254
STARLINK-31236,58841,-3708.365246260351,5666.939390174365,1045.2921294801454
STARLINK-31228,58842,-4441.39022651146,4507.7178720460615,2624.1685263984095
STARLINK-31280,58843,-2642.184344815496,6295.630694580707,-615.153860905672
STARLINK-31269,58844,6092.928282900686,3138.235481361539,-114.30807442649622
STARLINK-31264,58845,2870.2371810374993,-3102.465145239485,5384.956785065768
STARLINK-31273,58846,-1331.3988816580477,6348.63738403766,-2222.7053066915823
STARLINK-31262,58847,-1541.1434445033262,-4707.716310159572,4726.401084969671
STARLINK-31238,58853,-3744.145938909337,-5683.74883655942,858.9069504974748
STARLINK-31158,58854,-5302.296618139211,-2749.5437568453663,3368.557956668076
STARLINK-31237,58855,-1444.5010455515423,-6552.069498546855,-1438.8711719941557
STARLINK-31244,58856,-5148.251713122395,392.87384629324004,4510.144053352606
STARLINK-31226,58858,1132.656407885903,6557.36637414583,1661.9104153325786
STARLINK-31197,58859,5224.163298155059,3098.6696003239467,-3195.983152272552
STARLINK-31213,58860,-4908.733781438227,1198.70931347832,4632.754802462687
STARLINK-31199,58861,-5387.404855612579,-1218.0635663972464,4062.124391821558
STARLINK-31200,58862,-5303.445293628064,-386.57015438994546,4326.990457054551
STARLINK-31149,58863,4008.6637100102394,-3086.9519694551523,-4637.949280599475
STARLINK-31242,58864,-3765.4767175867228,3452.0691396440748,4571.513912257867
STARLINK-31223,58865,-3265.9141693936963,4108.1219459283475,4411.497805557315
STARLINK-31219,58866,-808.6300943322032,-6524.465315908784,-1967.5366211410203
STARLINK-31198,58867,-4578.485537230603,-4717.695966267651,1957.4321028368536
STARLINK-31196,58868,5350.799727520441,810.226775546572,-4217.662101291445
STARLINK-31203,58869,-5393.336756610438,-2878.2710554575115,3107.1908794893584
STARLINK-31201,58870,2999.7699373660726,-4405.236863064321,-4324.213351549539
STARLINK-31214,58871,-3246.678118248744,-6037.01208577668,293.4552770546298
STARLINK-31215,58872,-4193.807758073161,-5238.7980473165335,1420.6992734157761
STARLINK-31177,58873,-2085.8393296286945,-6479.478082529493,-868.3042171309207
STARLINK-30945,58874,2388.705229359477,6408.852724011568,536.2039411436531
STARLINK-31212,58875,1176.7630443693192,-5856.756647884287,-3376.828619642784
STARLINK-31306,58876,-3686.0694268631905,1906.2896295678063,-5445.525203710217
STARLINK-31326,58877,-5099.780903140825,-3776.4016454620037,-2585.2733057341825
STARLINK-31300,58878,-2692.6157625350993,-6006.561516344422,1857.294165604927
STARLINK-31296,58879,-6224.768916574989,-2772.8692330386793,-747.040770636499
STARLINK-31328,58880,-5394.761340596203,-4223.807183068184,-199.04123475831602
STARLINK-31260,58881,-2863.966586595438,3018.5458757870656,-5436.811629731646
STARLINK-31323,58882,-3543.489870747365,-5799.197005496684,781.0178595975458
STARLINK-31209,58883,5034.6552270765105,1110.887021867803,4486.905166489526
STARLINK-31315,58884,-4886.020560242878,-4369.182414888241,1997.1074330976812
STARLINK-31318,58885,-4134.954129764494,-5456.6688914931965,-235.03069643262123
STARLINK-31320,58886,4977.794056430857,4288.753537569628,1898.1994479891168
STARLINK-31321,58887,-4356.227506387653,720.4946604857985,-5232.454300071119
STARLINK-31007,58889,-1729.2931247635684,-5966.071840523223,2858.591817531025
STARLINK-31230,58890,4763.786486665725,46.05838740240214,4899.518219061938
STARLINK-31245,58891,-6710.08120382584,-445.2610411717067,-1268.3925890611167
STARLINK-31255,58893,4637.499835811708,-93.15331320680909,5018.516482028782
STARLINK-31243,58894,-2344.1951055889044,-6057.178517159397,2167.5671121002097
STARLINK-31218,58895,2172.2482299264952,-3777.1111643437466,5274.580798924676
STARLINK-31190,58897,-94.81769496939678,-5454.9771197756745,4131.851079543981
STARLINK-31317,58931,-5043.870558710604,189.3010219094055,-4624.7990151511995
STARLINK-31378,58932,2881.969112390818,-2940.2147209440905,5463.346825952696
STARLINK-31350,58933,-284.3321348908575,4731.289906013758,-4957.189843830411
STARLINK-31337,58934,-2008.150974221706,3678.28246556748,-5429.881047666816
STARLINK-31362,58935,-5077.786922208658,-4603.740617358714,26.70836373990805
STARLINK-31383,58936,-4771.144436339525,-4886.249195712506,580.7562639226394
STARLINK-31390,58937,-3092.3195341326095,-5494.175641801809,2679.850157174639
STARLINK-31377,58938,-4412.990788152332,-5119.381338279295,1131.418601837866
STARLINK-31372,58939,-1481.3267711281947,-5365.689841500469,3989.474821191778
STARLINK-31371,58940,-901.7692229461342,-5209.807552607021,4351.277161623333
STARLINK-31345,58941,-853.7276078680588,4433.4119286851055,-5163.451782505111
STARLINK-31354,58942,-5748.309610342206,-1774.6128552169118,-3281.90826495526
STARLINK-31346,58943,331.5745476052691,4916.469995398879,-4767.805925818457
STARLINK-31336,58944,-4010.000072492612,-5299.192057720895,1669.141133679042
STARLINK-31359,58945,4237.929922115861,-3073.594070719719,4413.547439641771
STARLINK-31331,58946,-2159.340614995465,-5441.112569769066,3546.592560055841
STARLINK-31116,58947,-4290.239800282054,-5154.844990762796,1386.4069370842467
STARLINK-31311,58948,3988.0440902328064,5215.19040682163,-1977.1441572890883
STARLINK-31294,58949,-5534.667268082856,-3898.791901620047,-1078.4724899390503
STARLINK-31330,58951,4045.553988057904,-1820.0453270985079,5197.83767833166
STARLINK-31293,58952,-5570.793253362764,-3847.1540462615912,-1051.608309405962
STARLINK-31373,58965,4750.889790110225,-1451.3113860117742,4712.031893492284
STARLINK-31449,58966,5484.80094258623,-505.0126068063157,4068.741383350641
STARLINK-31314,58967,2684.0830257694815,-3187.1685471379583,5431.22992445249
STARLINK-31356,58968,-4868.179848981426,2848.0039797001227,-3901.6516105492806
STARLINK-31335,58969,-5892.75683117593,113.09348777421916,-3481.46165313028
STARLINK-31368,58970,3251.4185214459644,-2797.153925699959,5335.502481784548
STARLINK-31333,58971,5531.689932287411,3369.6260024278913,-2249.180451120653
STARLINK-31351,58972,-5867.734052884088,-3523.510017180823,361.45684195215273
STARLINK-31365,58973,-6171.28262061201,-962.2330115721552,-2830.645194786324
STARLINK-31361,58974,-6308.861934439748,-2350.300538840544,-1294.2692827364417
STARLINK-31369,58975,-5467.958084391046,515.7596591380293,-4107.404159035524
STARLINK-31324,58976,-4256.307346467358,1955.183108481856,-5010.394702269362
STARLINK-31358,58977,4279.758172837453,-1936.6828084155054,4980.452769579785
STARLINK-31355,58978,-2671.5200578195,3201.398856387792,-5446.080646743639
STARLINK-31380,58979,-839.4166830437835,4162.083041058702,-5386.937215204592
STARLINK-31353,58980,-2076.6823763069815,3560.646403464017,-5482.490977265618
STARLINK-31339,58981,2584.1555666605427,-3248.6255408570178,5427.5200022321105
STARLINK-31384,58983,5434.948899766811,-621.0241834173513,4098.471464611261
STARLINK-31379,58984,5848.714456287035,3557.157541928238,-356.64779549743946
STARLINK-31385,58985,-4400.549223909689,1964.2522042832888,-4862.836610789463
STARLINK-31229,58986,6157.151650424287,990.9207425244701,2835.27960362671
STARLINK-31468,58998,-2184.182895864005,4167.525933274213,4973.327140298742
STARLINK-31440,58999,-839.2420090695202,4208.143836078841,5333.837653650842
STARLINK-31529,59000,6761.291671444435,-877.2717645890964,693.919536448709
STARLINK-31431,59002,-5683.5427878314595,-1685.0693431752072,-3447.4863485153064
STARLINK-31435,59004,-163.8870242733121,4164.396998993832,5430.799385737755
STARLINK-31484,59005,1884.0214862567896,3778.2305912084207,5388.703060168096
STARLINK-31450,59006,5684.701578013614,1649.617194809465,3445.551016740176
STARLINK-31456,59007,3754.2300483876197,3045.7249117005213,4848.249922000489
STARLINK-31460,59008,-1897.0797821719148,-3788.0070066308026,-5394.336669249966
STARLINK-31488,59009,1213.2886705006904,3947.8465758649127,5459.300700394014
STARLINK-31528,59010,-5021.40807033914,3307.4090967453817,3280.529209228681
STARLINK-31491,59011,-4538.405632564858,3549.299103135437,3702.843316009799
STARLINK-31465,59012,-6422.90546059609,2015.8184080179096,1274.5752267223047
STARLINK-31389,59013,-5461.376664937786,3027.1003296039676,2816.2004637260775
STARLINK-31454,59014,-6794.489600332845,818.3628749811736,-385.57874729145425
STARLINK-31521,59015,-6778.755570115032,394.57217236011644,-941.6405913504211
STARLINK-31526,59016,5148.004770264209,479.3609026380273,4482.592915311005
STARLINK-31406,59017,-6464.630258958434,1688.4672773563132,-1480.2796761771717
STARLINK-31527,59018,-3760.7932634681997,-3064.834465382629,-4848.309288407462
STARLINK-31436,59019,-4003.274899048263,3757.9446685545336,4092.1302210123213
STARLINK-30996,59023,-2073.852546831083,4578.275510234699,-4673.440339737089
STARLINK-31006,59024,-6483.689421139074,1757.0329415325152,1386.9195556728216
STARLINK-31178,59025,4089.8533089071802,4819.795035314232,-2673.0857007207615
STARLINK-30863,59027,2450.3250982839513,-4396.7779582927915,4653.882739686123
STARLINK-31206,59028,6015.944174953265,-2644.4688139697673,-1977.387080042334
STARLINK-31224,59029,-5900.942076306187,-3395.1440810529034,841.2900808300043
STARLINK-31186,59030,5694.092240854294,3666.8642305791436,-1103.5827316359794
STARLINK-31211,59031,-3767.94478752923,-4929.327048079914,2920.621007423351
STARLINK-30862,59032,5594.657500883248,-2351.183626769406,3193.1850380141314
STARLINK-31210,59033,137.4167021035006,5174.392804353801,-4507.270657310637
STARLINK-31231,59034,-2263.2713165409527,4509.3944926860195,-4652.909271907074
STARLINK-31207,59035,-4403.173690074432,3219.649619389247,-4165.562416821497
STARLINK-31217,59036,-2222.471097249795,6474.004215430209,465.8098887396874
STARLINK-31208,59037,63.04214018044866,-5195.47003688411,4472.1706775708335
STARLINK-31235,59038,-5495.926512666022,2115.208132467016,-3523.1068567797074
STARLINK-31220,59039,-4804.680613590968,2739.210753449026,-4062.6259832414544
STARLINK-31225,59040,-4899.746135574833,-4231.891176340925,2264.0738936046305
STARLINK-31240,59041,6557.143506610023,2001.8523649459953,256.78145541198126
STARLINK-31202,59042,4955.0983664443775,4180.367193771873,-2239.5908043685595
STARLINK-31234,59043,4610.223339284856,4434.621337573868,-2486.001659564811
STARLINK-31153,59044,-6505.440283478455,235.80657334985952,-2169.5907754469845
STARLINK-31241,59045,6041.8633329850245,3127.5678597503606,-894.2328968203319
STARLINK-31205,59046,2534.3992710108596,5154.265513407617,-3757.408644803503
STARLINK-31265,59074,-5715.702178002788,2094.4846793221395,3157.706440905117
STARLINK-31276,59075,5680.078312966111,-2460.610041717415,-2963.641657762642
STARLINK-31259,59076,5084.05035796527,-4371.723918366821,-1459.484014945688
STARLINK-31281,59077,3796.6464414635525,-5708.9907547106195,255.4382146586858
STARLINK-31274,59078,-4919.586616238142,4642.725421748694,1139.5641844416755
STARLINK-31257,59079,-2760.9749354112555,-4375.607024075296,4499.950304525101
STARLINK-31292,59081,1995.171841029502,-6270.707490191844,1934.491257555865
STARLINK-31286,59082,-91.79773981685504,-5977.453951315155,3359.4162951230005
STARLINK-31252,59083,-5607.314503597599,-3827.0098858923557,984.7186337597828
STARLINK-31261,59084,-2322.7820345245864,6227.680103032873,-1705.8190433334462
STARLINK-31290,59085,5035.256448129713,-3415.391464482759,-3175.39031070004
STARLINK-31279,59086,4621.230282858026,2075.802289123626,-4631.092577880068
STARLINK-31266,59087,-2125.901690083498,-4895.236917562928,4305.167671022761
STARLINK-31313,59088,-3363.159101117495,-3778.865732171616,4627.14945698752
STARLINK-31307,59089,-1462.5426779581169,-5337.738692344737,4046.7501417944554
STARLINK-31316,59090,-5068.722076473493,-417.4644380071645,4596.877513121745
STARLINK-31310,59092,5738.588738727703,-1713.127455614123,-3352.359248499677
STARLINK-31343,59093,1808.1906173544633,5114.127083837782,-4205.346431424038
STARLINK-31295,59095,-5600.018479121013,580.5698584172067,3909.4601138055446
STARLINK-31291,59096,-5150.374516195747,-957.7079009641028,4423.56458058028
STARLINK-31312,59152,-3007.526317998067,-6033.525111543004,1266.653482956412
STARLINK-31308,59153,-2037.8157103748827,5034.167403361449,-4195.571996729265
STARLINK-31270,59154,557.2947982039213,6580.959536692561,1850.876532493965
STARLINK-31341,59155,5058.44711693825,413.5130732222016,4608.07289958366
STARLINK-31338,59156,4284.739301998154,2819.558921769098,4548.549011488284
STARLINK-31334,59157,1182.9010171619714,6208.10947517851,2662.9608497755435
STARLINK-31297,59158,2368.26767984765,5536.927218128608,3282.9069043476406
STARLINK-31182,59159,-262.4317681102261,-6677.466115414559,-1558.2223230959544
STARLINK-31327,59160,3413.581846361512,4405.662021881927,3994.033901716015
STARLINK-31256,59161,-2101.478904478988,-5778.256680324656,-3049.597203051026
STARLINK-31272,59162,-3648.6213047045635,-4100.176157758205,-4121.413806167599
STARLINK-31278,59163,-4702.859875319113,-1876.6464167171291,-4633.431648591051
STARLINK-31309,59164,-5128.969521952816,623.6200773576227,-4518.545297577878
STARLINK-31325,59165,-5027.776292491665,2250.909773645353,-4096.697896252921
STARLINK-31342,59166,-4319.045604023084,4395.7062392579555,-3019.675038454546
STARLINK-31298,59167,-3026.710136776825,5966.113642933678,-1527.3682029385538
STARLINK-31322,59168,4957.396634589809,-2646.0667318024402,3928.1473358626586
STARLINK-31329,59169,4562.160053559763,2259.304219259318,4591.272150821408
STARLINK-31340,59170,4981.250111776963,-1098.6021369135435,4580.073011926393
STARLINK-31344,59171,5106.123427153257,-209.7561264017241,4571.506610370195
STARLINK-31348,59172,-1451.9058278289806,5422.727558917642,-3948.1520918337364
STARLINK-31289,59173,-1322.889624730681,6729.992508818778,175.89164187262404
STARLINK-31283,59174,-4723.890954191582,1888.2173988462607,-4607.323005132365
STARLINK-31439,59178,-2720.979663056094,-5968.726230273208,-2013.6221472690568
STARLINK-31410,59179,-1573.9975626375601,-6556.473607580705,-1276.444494047748
STARLINK-31395,59180,-3372.7875462801844,5021.850840163803,-3242.6204191430656
STARLINK-31486,59181,-4075.906686556297,-4347.282704257904,-3403.955552265817
STARLINK-31411,59182,1870.699078416396,6424.468989397349,1510.1861048853284
STARLINK-31382,59184,-562.8165833999406,6795.573070988322,-764.6385586111146
STARLINK-31394,59185,5039.608113968312,-340.00237359046395,4633.894075422351
STARLINK-31403,59186,-1825.2313344961926,5554.11512399137,-3595.5045569924087
STARLINK-31514,59187,265.0026606302718,-6841.141804854764,441.47215117160647
STARLINK-31478,59188,4327.6129978827275,-3368.956074885582,4114.148704275734
STARLINK-31498,59189,-4980.927692385647,-1113.6856942786706,-4590.092161020027
STARLINK-31563,59190,4223.697468034734,3853.393695326604,3784.6019798247717
STARLINK-31551,59191,39.02305371417508,6835.827609355495,-588.6313453146369
STARLINK-31536,59192,3108.838089431853,-5302.510527082115,3040.7011376621
STARLINK-31548,59193,-4492.798754539256,2997.365310128412,-4235.115461085458
STARLINK-31542,59194,-1762.946253652103,6364.596425456836,-1864.3643925915665
STARLINK-31554,59195,-3185.67714746282,-5391.615801372647,-2806.3538944608404
STARLINK-31558,59196,61.868376413435456,6858.4708502028025,-186.71843085958912
STARLINK-31275,59197,-4373.689026458947,-3502.1912656654094,-3961.066216211296
STARLINK-31590,59198,-4910.306238230836,1401.488424909555,-4585.4309015376575
STARLINK-31567,59199,4925.637867233022,1537.0256265245266,4514.223465368128
STARLINK-31503,59200,4957.889825677532,-1003.0228381506362,4626.032091017093
STARLINK-31603,59201,-1623.047924309337,4904.843642785304,4493.7710662923
STARLINK-31602,59202,4113.6466853138245,-713.6660443725211,-5426.319075933606
STARLINK-31577,59203,-1702.474572643027,4693.808897331876,4666.663210597058
STARLINK-31522,59204,-2452.2600550650473,3936.7827197759557,5035.820125444644
STARLINK-31586,59205,-669.3119326457398,-6375.375917231479,-2434.3757312359685
STARLINK-31247,59206,-4566.441607500746,-2955.8318183830547,4159.807051694962
STARLINK-31591,59207,3611.708477576222,-1943.5832291442528,-5482.05709707319
STARLINK-31576,59208,2154.2883388467453,-4225.499819462417,-4937.492456260736
STARLINK-31601,59209,1072.9265245052825,6386.171031017875,2198.740768722859
STARLINK-31520,59210,-4211.100991915203,-4559.627494159331,2898.4797008395676
STARLINK-31496,59211,-5144.85860057725,-3274.7065328056797,3118.3042859048733
STARLINK-31492,59212,-722.7919659644754,5676.000126537368,3764.155307330145
STARLINK-31517,59213,1283.5948937883334,-5124.180492609002,-4354.301690354353
STARLINK-31604,59214,2946.8260082100987,-3143.2571081240103,-5320.741282144199
STARLINK-31434,59215,147.62426559338138,6063.526759604201,3155.609295840123
STARLINK-31417,59216,-1173.6414454833593,5322.255867335238,4146.294847142113
STARLINK-31499,59217,4423.362577306481,4190.512946823595,-3118.9939260796277
STARLINK-31421,59218,1986.8596337357776,6450.892731976397,1109.7649371913683
STARLINK-31518,59219,4650.36292521274,1928.1397720154805,-4639.167223007353
STARLINK-31523,59220,364.4563338946674,-5809.985343307614,-3601.282477034987
STARLINK-31516,59221,3478.218869314811,5793.840339110515,-1077.7365136316923
STARLINK-31490,59222,-2043.6547097823086,4448.171103255244,4787.13238952519
STARLINK-31420,59223,-3186.4452694679844,2799.802675995891,5373.168362190203
STARLINK-31305,59232,-850.6356859725867,-5322.197750315038,-4249.879946383076
STARLINK-31459,59233,-6143.927444977216,1974.0651787666422,-2334.390507438841
STARLINK-31438,59234,2210.3058731799547,4799.917153903061,4369.4505083318745
STARLINK-31467,59235,-6023.131814331533,591.8582700644328,-3236.497727045732
STARLINK-31444,59236,3042.101475961113,-4390.944287483903,4256.884788845494
STARLINK-31505,59237,-5628.905196281511,3864.0472814128407,-686.2854443486037
STARLINK-31494,59238,664.5472675114117,-5777.196412316006,-3645.3666802385856
STARLINK-31303,59239,5291.723942017506,-4103.984112054102,1484.110852718105
STARLINK-31408,59240,3314.183552569983,3772.9785134036015,4664.6223310181595
STARLINK-31427,59241,4968.468967562652,1890.664826136264,4329.784138349382
STARLINK-31423,59242,1958.231299860329,4750.908786170749,4536.40230725217
STARLINK-31433,59243,-5176.527622701998,-1548.8744104027548,-4232.569248637841
STARLINK-31285,59244,2819.908158992664,-5800.87910061041,-2344.290552328523
STARLINK-31284,59246,-3631.247488458428,-3493.2482234151835,-4660.337106706971
STARLINK-31424,59247,-6039.077279117019,1945.3980623716295,-2616.508735946945
STARLINK-31405,59248,-2481.0526052879127,5833.864062501925,2615.822996636378
STARLINK-31426,59249,-285.74017334394466,5676.703452365005,3834.595092820333
STARLINK-31407,59250,-5420.64123922801,3809.9580584937553,-1787.1925302734069
STARLINK-31393,59252,-658.9716616652621,6231.419895416734,2785.9146685158785
STARLINK-31425,59253,-1598.1735498264,-4967.49444884115,-4458.578361609471
STARLINK-31659,59254,1739.91782460423,-6170.240968571556,-2397.3993508454037
STARLINK-31629,59255,-2216.512944812171,-5527.485262283769,3383.9621057795885
STARLINK-31652,59256,3684.651033545132,-3368.917410377746,-4696.015257492994
STARLINK-31637,59258,3902.7557835079374,-2512.3025690412696,-5049.755813394439
STARLINK-31506,59259,-1076.0958509315878,-6487.352285167932,1922.97871335609
STARLINK-31639,59261,4107.198580828469,-449.84468130361273,-5469.465692563988
STARLINK-31598,59263,-2953.1786180822737,5040.25047356693,3553.299217643991
STARLINK-31645,59264,-3926.1133279440323,-1587.340210201141,5378.297281304783
STARLINK-31646,59265,-3903.926659315872,2519.082710189469,5028.325918887405
STARLINK-31648,59266,1380.460857375585,-6574.527668998286,-1369.3590102533406
STARLINK-31579,59267,-3396.5824140359823,-3488.449734640262,4813.805480860268
STARLINK-31627,59268,-863.0061576952077,6764.562683146677,605.0141618973853
STARLINK-31609,59269,-4104.281598924818,507.62525775815647,5454.999930697916
STARLINK-31616,59270,-3612.1178003291598,3617.7347133374624,4549.305506775066
STARLINK-31630,59271,3472.6290661758285,-2711.5487734044887,-5240.306519071676
STARLINK-31623,59272,1499.9593859699082,6236.5459446044915,-2423.5093529179026
STARLINK-31595,59273,163.09969711536843,-6845.8096076878055,287.56471599359026
STARLINK-31463,59296,5483.886133987142,4071.2590676935292,-655.8080627555174
STARLINK-31487,59297,-551.9162921090094,5573.204927437676,3955.1112927541435
STARLINK-31386,59298,-5778.85728253421,-3198.1927868283433,1851.8823001015169
STARLINK-31409,59299,-6041.5478414962545,-554.1615292624338,3196.877739814572
STARLINK-31489,59300,918.9763967250796,-5409.757515190001,-4122.917964333996
STARLINK-31502,59301,3931.799178023504,-3190.014508467166,-4634.445576261234
STARLINK-31447,59302,-5958.996103586271,-1845.1352147755742,2849.867956574895
STARLINK-31504,59303,-4402.882845419709,2519.931933287638,4610.720390124758
STARLINK-31474,59304,-4734.1066950659415,2231.3966046227715,4428.421706538086
STARLINK-31500,59305,-5555.070343563326,365.0746307387845,4001.952332511612
STARLINK-31480,59306,-3290.317528900769,-5821.964997112189,-1537.905974729253
STARLINK-31282,59307,-2657.4732208579326,4338.166071822027,4595.511083137025
STARLINK-31485,59308,1627.7962378679106,6055.022808519396,2778.093239418042
STARLINK-31455,59309,2261.0630035388936,5932.979406969551,2592.712072025287
STARLINK-31475,59310,809.9754931243288,5856.475726091539,3473.1412879443137
STARLINK-31445,59312,-3014.9397169059403,4130.060146640578,4567.215370341351
STARLINK-31495,59313,-3725.503908240294,3377.6475933313222,4631.841980576618
STARLINK-31477,59314,2908.0493399980937,5710.28681347923,2444.241021700273
STARLINK-31446,59315,2969.220014869628,-4082.8842615043263,-4648.765711287031
STARLINK-31479,59316,2178.2430860921622,-4780.282585736272,-4417.413907355691
STARLINK-31349,59317,-4861.974370884,-4837.6048459184285,165.8333134358281
STARLINK-31464,59318,-1262.5100500756398,-6021.265465110706,-3041.56529529479
STARLINK-31402,59320,-253.0726761241678,5801.438548256842,3634.4964286042427
STARLINK-31578,59321,-5468.0692995855425,2921.2722456929805,2931.6974363821128
STARLINK-31530,59322,5884.261949027666,-3199.3173912874768,-642.2740681632861
STARLINK-31565,59323,6437.603489619694,2187.2183892869316,911.9600106596954
STARLINK-31570,59324,-6302.9146531184215,1806.4127118949182,2010.5985663692618
STARLINK-31611,59325,-5931.607423741851,2360.457646403365,2512.08402201972
STARLINK-31632,59326,5717.072508072099,-2079.7551236012628,-3178.496319684028
STARLINK-31599,59327,4321.557564366947,3986.7926587734937,3528.0083106980137
STARLINK-31614,59328,785.6109732346044,-4973.2342919264765,-4665.567045014076
STARLINK-31493,59329,6779.229230246996,904.9867276568949,542.9152834842114
STARLINK-31634,59330,-4631.629231348288,-3820.09060876945,-3325.3140720664305
STARLINK-31633,59331,-3269.639782045565,-4496.791928167543,-4024.554184880332
STARLINK-31594,59332,4024.266443247966,-3635.5606113473164,-4206.444188600519
STARLINK-31572,59333,2560.9672123067057,-4421.197061617748,-4584.614806167069
STARLINK-31573,59334,-4920.5199364778055,3396.2325423899024,3356.4895181483726
STARLINK-31588,59335,-1236.1601710673117,4909.569865153364,4621.708674710587
STARLINK-31596,59336,1269.4546254312754,4956.236992573029,4563.6457285735
STARLINK-31612,59337,4626.365960704788,-3601.4356872268672,-3567.3206672938995
STARLINK-31550,59338,-6771.897267406958,605.9195062088892,915.9210529049284
STARLINK-31473,59339,6600.203594870552,1503.3410965099467,1109.5539831493006
STARLINK-31562,59340,-5133.9537736707,-4031.8865819429807,-2116.9769191277564
STARLINK-31600,59341,6802.23242087404,372.2587427965954,-819.5998982336008
STARLINK-31628,59342,-874.750357152465,-5004.079018630331,-4616.135500499362
STARLINK-31605,59348,-135.02763867623747,-6414.190576880795,-2436.5431413216866
STARLINK-31532,59349,-4898.073857955339,1029.244362380982,4683.437650900192
STARLINK-31593,59350,4202.060026115129,-2997.2035684481507,-4524.682835653125
STARLINK-31555,59351,-2563.183379211814,5274.071649080712,3553.880398888383
STARLINK-31561,59352,4803.242095619561,-1427.7793400149162,-4690.660534939479
STARLINK-31413,59353,-808.4795049654317,-6757.696534785661,-876.6619728290646
STARLINK-31422,59354,5138.391422947849,1040.523782109976,-4429.972927379821
STARLINK-31416,59355,-4005.868075076275,3376.323804003436,4419.67052853108
STARLINK-31552,59356,4787.07694641,3378.279980166371,-3574.387955561088
STARLINK-31557,59357,3422.2049908302,5802.643079932665,-1305.49160934091
STARLINK-31559,59358,-4001.2919142824067,-5006.123442808054,2442.220242152072
STARLINK-31501,59359,2287.7628831520583,6441.884247493531,-590.5633936551915
STARLINK-31549,59360,1106.0680743784528,-6292.914688448017,-2505.19600672443
STARLINK-31560,59361,-797.7425073238949,6440.525886328335,2219.5509480259393
STARLINK-31571,59362,465.4319488715603,6747.9744985202715,1140.3854704631517
STARLINK-31553,59363,-3691.8536824314665,3660.3619250600786,4468.873796856798
STARLINK-31547,59364,-5147.285770159742,-3459.7588759409955,2926.318485488828
STARLINK-31537,59365,3789.795553933102,5269.168843585656,-2229.0568002824575
STARLINK-31451,59366,2845.6637817045225,-4979.313658629196,-3770.4653458751645
STARLINK-31428,59367,-2566.6760702333872,-6307.978372526225,828.4964033103867
STARLINK-31419,59368,-4672.740409789619,-3733.9636133260447,3354.4815961842896
STARLINK-31583,59369,3980.5872219135003,5466.243454138727,-1165.404960552995
STARLINK-31461,59370,5039.858885125406,-806.7777060978256,-4588.89563887446
STARLINK-31641,59374,6263.423554048574,822.4771763597646,-2634.608046459401
STARLINK-31430,59375,-6419.5894641099785,2059.0660168676663,-1174.5140774449376
STARLINK-31695,59376,-6693.712407667274,462.55064523619194,1327.5589048914437
STARLINK-31716,59377,-3938.252274571756,-1286.5847447865622,5449.30909815742
STARLINK-31710,59378,-255.10621184164643,-4120.850662620168,5444.485505841566
STARLINK-31698,59379,6230.759041062792,-2465.1880582579743,1374.124156194383
STARLINK-31680,59380,6602.488259442288,-1691.4125781357386,589.4726497650597
STARLINK-31713,59381,5639.937636396205,1617.6910405089052,-3526.1232026829184
STARLINK-31705,59382,-4054.943762788013,-2750.8894613107127,4764.3297537291355
STARLINK-31715,59384,-3880.918782539908,3950.917664246788,-4045.358602545286
STARLINK-31717,59385,1118.3763945210178,-4260.472440571479,5224.278448794723
STARLINK-31688,59386,6765.663702709216,-875.8358359086191,-524.8618881155178
STARLINK-31714,59387,4705.614390655103,-3644.870627482692,3363.4616261233195
STARLINK-31643,59388,3630.299612506396,-4019.163278411594,4170.064334798844
STARLINK-31647,59389,4586.7309317210675,2430.568518842677,-4463.350907160099
STARLINK-31649,59390,-5053.3188261840305,-2040.6138172052022,4125.939426599682
STARLINK-31644,59391,-6719.362256319237,1285.0597056053823,-81.57611997338851
STARLINK-31626,59392,-5358.872931081226,3281.772232224951,-2744.970483394459
STARLINK-31443,59393,427.03568137588206,-4492.924992855271,5131.034518499651
STARLINK-31607,59394,-6047.845374498418,2681.9779402468125,-1761.5217651410637
STARLINK-31608,59397,6589.168447421353,0.333529655979949,-1849.7880112555101
STARLINK-31534,59398,-4599.942748231089,-5076.173163836137,-386.57556393813263
STARLINK-31544,59399,2470.4082562300136,-4604.69147405333,4437.907890805003
STARLINK-31545,59400,-5221.892540402976,968.2263554519484,-4350.169969236915
STARLINK-31507,59401,-2809.1107641456997,4318.1686832052865,-4535.049341828136
STARLINK-31543,59402,5358.609029042662,-568.0116728721757,4238.550968505652
STARLINK-31366,59403,3300.462451214574,5931.43429785608,-1007.8517304394192
STARLINK-31374,59404,-4072.3015694919263,4023.15854519346,-3785.710740980275
STARLINK-31400,59405,-5579.146549881758,-3425.284978379174,-2058.86689742937
STARLINK-31391,59406,-5791.489438891072,-1344.553758852215,-3426.1160507467594
STARLINK-31387,59407,4200.757731837513,-2771.6774509984994,4654.684304180627
STARLINK-31396,59409,-1146.93187322843,5196.537377846808,-4334.585991036417
STARLINK-31412,59410,1356.3467253216934,6209.135292412112,-2589.727487507026
STARLINK-31483,59411,5648.573880429435,3114.886917949923,2331.26127227742
STARLINK-31568,59412,5792.91819385453,1692.4376888002387,3255.9892888649297
STARLINK-31615,59413,5263.271647580129,4364.134754291679,566.3112451817361
STARLINK-31457,59414,5813.902317672169,3230.513441436882,1676.4237548752587
STARLINK-31398,59415,-768.5021687417873,5651.427236178924,-3817.695755968486
STARLINK-31399,59416,-3956.3869240039003,3107.923761960888,-4668.9633139905245
STARLINK-31401,59417,3849.047566428391,5562.744547345678,-1152.5968010587333
STARLINK-31414,59418,4793.686535269764,4858.167570974579,703.1227483371586
STARLINK-31415,59419,-1699.6900425502513,-6230.46361814033,2308.8258782225
STARLINK-31466,59420,417.9574301309,-5806.62106275883,3621.993762678973
STARLINK-11087 [DTC],59421,1880.1733457339783,-4486.69071509715,-4668.93414613283
STARLINK-11090 [DTC],59422,6347.0852802477675,-760.7026717591965,2123.8092382325713
STARLINK-11093 [DTC],59423,6143.555184196538,-2736.5056148064273,-433.5423162048854
STARLINK-11083 [DTC],59424,4532.018040839215,-4076.269441487018,-2881.0690791209713
STARLINK-11085 [DTC],59425,5096.4316446773355,1378.3700140710882,4177.194958875558
STARLINK-11089 [DTC],59426,-1190.3877432023298,-3877.8662625001625,-5386.535643394233
STARLINK-31757,59427,-3174.219906406907,-4150.712407632722,4405.99206395488
STARLINK-31773,59429,-5447.885742578175,1503.297360658209,-3884.776724579144
STARLINK-31772,59430,-4203.402806782894,2641.5547447471113,-4732.275360736819
STARLINK-31613,59431,-5988.795105830884,-2789.609781291406,1768.073565932569
STARLINK-31780,59432,-1911.542182493661,-4284.305377640084,4969.378317531892
STARLINK-31740,59433,-6120.1106364630705,646.8151507573007,-3024.689701821756
STARLINK-31580,59434,-2251.33181374626,3578.8444706509795,-5400.81653375767
STARLINK-31696,59435,-6660.144491634379,-423.01497658127965,-1516.3651934794402
STARLINK-31700,59436,-2440.6297322581445,3538.501242075483,-5344.921073287817
STARLINK-31706,59437,-5813.285554591254,1080.8778184258201,-3473.659765447224
STARLINK-31711,59438,-4937.744571319393,2096.27344009271,-4253.016905001274
STARLINK-31708,59439,-5586.931305453882,1501.4513999606256,-3682.8184478231033
STARLINK-31693,59441,6536.44723983923,1990.1088177715774,-503.61367330923946
STARLINK-31622,59456,-5901.487211965666,-3498.413865660595,51.48384615380057
STARLINK-31319,59457,5794.563955600635,-1256.6625404155773,3443.030414533598
STARLINK-31625,59458,-1086.0082077409027,-5513.021204405026,3929.244249128619
STARLINK-31631,59459,4190.884203876695,4894.912188808676,-2360.4294278766474
STARLINK-31620,59460,2245.203926253893,-4490.010314021933,4667.840888849564
STARLINK-31511,59462,-4565.241685493322,-4814.4225122684875,1739.1460527537233
STARLINK-31364,59463,6478.540472443943,2032.1477427720456,978.8391121995619
STARLINK-31597,59464,1279.087835084393,-4943.649650468658,4573.854213380153
STARLINK-31621,59465,-2608.3413129892774,-5480.017953272037,3191.2021124853745
STARLINK-31462,59466,5208.101565550003,-1971.5476786297845,4001.250331526132
STARLINK-31592,59467,-6439.739952831058,-1706.2499450345283,-1645.6188730924273
STARLINK-31267,59468,-3204.5879715423903,-5222.706944191401,3078.592580173838
STARLINK-31381,59469,-2478.60896572432,-5386.081649967891,3444.4929082539593
STARLINK-31546,59470,6496.439134187887,727.6514942825929,2075.6756112211583
STARLINK-31575,59471,4298.6237105984865,-3092.426955238166,4354.383876523731
STARLINK-31610,59473,6417.166255806315,2028.5966285356244,1329.6509895909278
STARLINK-31581,59474,6609.935969990971,1395.6527150951058,1191.1727500769252
STARLINK-31566,59475,6230.010776088949,20.509849024471077,2867.341642083913
STARLINK-31515,59476,3474.043294887766,-3710.2201511100657,4600.2815523186555
STARLINK-31531,59477,-1573.43016846881,5397.87913086408,-3936.552878186506
STARLINK-31753,59484,5234.186392520893,-4173.469574611516,1496.0750523998875
STARLINK-31733,59486,-3770.3149170006195,5027.172083401041,-2757.8618743827933
STARLINK-31657,59487,5493.961839848665,1810.3870247788,-3693.8900779977753
STARLINK-31754,59488,-368.9896225967777,5166.209112350013,-4503.520220471105
STARLINK-31638,59489,5007.928401354686,2421.5073937317957,-4020.7083993196993
STARLINK-31670,59490,3713.5381240768656,-4645.430918902901,3413.76647802875
STARLINK-31712,59491,2989.048503935193,-4876.87371171894,3778.8481496152826
STARLINK-31684,59492,2076.2363958752476,4587.911475791144,-4663.962335304587
STARLINK-31678,59493,5837.956301138577,1745.9610396143719,-3158.7273906814507
STARLINK-31744,59494,4270.053925285381,3372.0514453997253,-4182.552530316268
STARLINK-31719,59495,-2024.6105890577658,-4582.927472388822,4678.870784219678
STARLINK-31728,59496,6547.676151895868,-795.1756876543307,-1893.7662712101783
STARLINK-31720,59497,-6193.39080577758,2949.3358447057567,-127.04458022530444
STARLINK-31731,59498,-4396.206379329771,4752.295561209718,-2275.6177339528
STARLINK-31742,59499,814.3986150340024,5040.377671869164,-4587.537086580274
STARLINK-31512,59500,-4986.689865360974,3863.5371895801995,2690.50054750643
STARLINK-31458,59501,3819.900563323943,3520.2662955114706,-4486.036742409272
STARLINK-31357,59502,-5715.075729120013,-1495.5643182216945,3480.912975366769
STARLINK-31508,59503,-6509.600294408334,476.32197876294236,2106.43532943819
STARLINK-31535,59504,6646.872897822701,-128.2343955463283,-1704.0055780061878
STARLINK-31533,59505,-5467.5791286774365,3949.0819519324496,-1260.963437957404
STARLINK-31524,59506,674.7208577475341,-5498.780171081881,4039.038295311104
STARLINK-31635,59511,-4078.1483394756,5471.482477895883,-716.6423964997637
STARLINK-31650,59512,2580.0404495545695,-5991.51387989726,2118.4725897638477
STARLINK-31658,59513,-293.0085157622247,6854.180175865024,-100.40700485503834
STARLINK-31669,59515,1355.1386945815566,5207.016382247263,-4261.469150516777
STARLINK-31671,59516,-3048.874862084456,-4007.4988993716765,4651.771795465925
STARLINK-31674,59517,5794.075897550493,-444.4995798602289,-3652.0293092176857
STARLINK-31679,59519,4038.828600625683,2973.662236783282,-4686.083112908296
STARLINK-31370,59520,-1705.287333650505,-4991.562445549204,4379.173131337631
STARLINK-31404,59521,-5710.5628025785145,92.01639337614007,3793.3265210722852
STARLINK-31453,59522,4637.061046712629,1907.7061456612269,-4686.512175829968
STARLINK-31476,59523,472.2436045690325,-5887.493895296155,3482.619652140313
STARLINK-31538,59525,3357.684343601405,3731.790348380319,-4680.694245081986
STARLINK-31564,59526,-817.3144629236149,5977.489230998134,-3272.3781602459817
STARLINK-31452,59527,-4695.987934764748,-2101.141703740543,4531.069905099026
STARLINK-31513,59529,-4052.328756674856,-2948.890606499859,4676.929067622742
STARLINK-31392,59530,4359.9128352192,-5278.369038835814,446.04750196252627
STARLINK-31619,59531,4902.759490587924,1763.6070614818684,-4467.611544677194
STARLINK-31509,59533,-5952.84210713847,2269.1181372033548,2539.8425688069783
STARLINK-31734,59534,-5861.096270314141,3565.8575951672624,65.87327320099526
STARLINK-31738,59535,2403.8922666915373,4408.463148516257,-4678.872251431314
STARLINK-31721,59536,3342.8293439646986,3915.2641009114336,-4539.344784079356
STARLINK-31737,59537,6323.507906295151,-2655.810738423476,188.39588807393633
STARLINK-31539,59539,1007.2280853553456,-5275.669159990885,4262.761589625545
STARLINK-31397,59540,-6218.733515938099,-818.2898821505058,2772.4809658154777
STARLINK-31481,59541,-4893.657352090324,4331.9370900727,-2092.5440701191937
STARLINK-31540,59542,5187.212778634904,2370.7920183147735,-3817.7874046706
STARLINK-31574,59543,-1447.5810873802736,-4803.823346889971,4671.497951976785
STARLINK-31556,59544,-2988.094160738089,-4122.898452886135,4589.979178006922
STARLINK-31582,59545,-6656.765299982872,1119.966080189602,1219.750470824293
STARLINK-31519,59546,-1400.0612955006209,5299.477814842038,-4130.846954379676
STARLINK-31736,59547,4772.445154659383,-4617.264225536546,1718.6040782589157
STARLINK-31675,59548,6345.2465254166855,490.4776235615944,-2567.833318717102
STARLINK-31722,59549,-3649.165399139647,4945.711237979518,-3053.9066574858703
STARLINK-31741,59550,1042.246646360223,4939.458167107175,-4650.244952665919
STARLINK-31699,59551,6639.272350711287,-800.4182692997981,-1539.7487322683264
STARLINK-31750,59552,3307.4896287594215,-5032.291411092729,3280.0179751605
STARLINK-31723,59553,5169.538887888304,-4111.483805639957,1848.6941591752668
STARLINK-31724,59554,696.7419381975621,-6283.652122071676,2658.1553419786906
STARLINK-31730,59555,-6210.429542029671,2877.4014300218937,-467.53488458963113
STARLINK-31718,59556,-4931.64235238942,-2656.1034215398045,3953.8060067404194
STARLINK-31747,59564,6710.322178318733,-1317.1576486375345,552.1230284123806
STARLINK-31388,59565,-6849.854187902137,-328.0303703726147,-215.83423026880166
STARLINK-31332,59566,6834.653894810449,609.3901529666656,-97.50106497035836
STARLINK-31689,59567,-5883.57752944042,-2631.471056942617,2344.0298922397897
STARLINK-31471,59568,5882.49489135087,-2368.605336461967,2611.809436669629
STARLINK-31470,59569,-2760.425731141845,-4614.956720231581,4252.7722284971105
STARLINK-31587,59570,-6350.443265926625,-2120.1813664948513,1492.9770171489492
STARLINK-31606,59571,936.8976265241374,5010.930469226815,-4595.162715197378
STARLINK-31666,59572,776.0338007542233,-5000.128988166435,4624.722267078333
STARLINK-31683,59573,5405.2906775868105,-2896.6731485273917,3069.663107030938
STARLINK-31751,59574,-5124.462700334963,3140.910512210556,-3313.2301108393344
STARLINK-31510,59575,-4208.2904444928245,-3997.1163392153917,3650.2593623233774
STARLINK-31663,59576,-6422.170496674701,1507.6647743192752,-1890.7014023450988
STARLINK-31692,59577,6327.012981493885,-1724.7913959035816,1953.184337951343
STARLINK-31685,59578,3327.5190586102067,4505.563639225654,-3966.2400003800813
STARLINK-31686,59579,5264.715203370932,3395.575817520209,-2801.993292507268
STARLINK-31668,59580,-1574.1405995554558,4842.609969428277,-4602.594935671913
STARLINK-31690,59581,6562.630615498317,-1214.7559635417124,1579.930190337675
STARLINK-31701,59582,-1365.6347056519735,-4971.993920746313,4518.067794877271
STARLINK-31697,59583,6750.71536819355,-628.0457560654726,1049.4950895037891
STARLINK-31662,59584,-4990.68432018422,-3624.2360238279502,2996.826778288471
STARLINK-31702,59585,-4525.31717635877,3601.8176111004814,-3694.8174716578255
STARLINK-31704,59586,5668.867273632841,-2987.9499802264154,-2259.399290048034
STARLINK-31770,59601,-6320.769710470735,-1010.305974538584,-2474.86719171083
STARLINK-31778,59602,-6110.606610888483,312.24151048737093,-3109.5864075867335
STARLINK-31776,59603,-6217.636203716093,-2285.330143539989,-1791.2834027777487
STARLINK-31765,59604,5638.883709594626,-1320.746438915482,3671.4232007937076
STARLINK-31767,59605,-5120.665763565448,-4486.394391755715,843.57454730649
STARLINK-31782,59606,-4041.1894089085736,3126.0362083346567,-4583.504779942707
STARLINK-31755,59607,-2034.8565453933627,4672.044267151594,-4597.16680546428
STARLINK-31585,59608,-4444.280748712779,2881.5834814085765,-4364.417681696575
STARLINK-31667,59609,-2434.069292929756,4398.417042142075,-4673.141568682926
STARLINK-31729,59610,-6353.3343272294915,-2361.545919131499,-1068.6178519970188
STARLINK-31448,59611,490.70699994065296,-5213.3557871029725,4425.423256419807
STARLINK-31748,59612,6055.011546981159,3221.7109477034455,187.53209092087957
STARLINK-31746,59613,218.22404700143633,5575.658103323228,-3996.6959815779073
STARLINK-31762,59614,-3393.2681619646905,-5426.519855628274,2464.2699838475105
STARLINK-31768,59616,-1997.716467810861,-5640.619839543092,3348.805623419784
STARLINK-31769,59617,-5653.915313353734,1067.8084299501666,-3741.483914158397
STARLINK-31784,59618,-6059.15236654081,-251.45390335823683,-3213.3654183908693
STARLINK-31777,59619,-5083.262465069106,1849.8589976591186,-4224.046401923387
STARLINK-31758,59621,690.7046245415072,5460.888826008176,-4099.8872466421535
STARLINK-31774,59622,-3315.2338920783354,-5335.618654163959,2751.4768026191123
STARLINK-31763,59623,-4225.370623739688,3000.5932558392265,-4500.148400674962
STARLINK-31749,59631,-5799.4877396250595,3287.4100019962934,-1629.4846415309014
STARLINK-31781,59632,5516.580134753598,-2659.5692177210344,3084.774407850639
STARLINK-31541,59633,-590.9225088330112,6096.773828736221,3084.274818268012
STARLINK-31797,59634,3121.034952429454,3953.8690591600534,4649.744867374241
STARLINK-31798,59635,-2835.8877522827634,-4198.078712864882,-4630.3327275647935
STARLINK-31802,59636,1494.919678338624,-5982.613034399843,-3012.2603004585258
STARLINK-31791,59637,-3180.995413488402,5816.0415453257365,1760.114480427011
STARLINK-31727,59638,-4570.761283641984,-2374.895674052248,-4536.311452766748
STARLINK-31807,59639,-707.8214058040072,-5462.747948925347,-4095.8766492587806
STARLINK-31806,59640,6026.230149459893,-1603.9962025069574,2853.1665783706103
STARLINK-31804,59641,-4821.040344852303,4881.1616525212075,66.08254581092734
STARLINK-31660,59642,306.49361072002455,-6848.437834740301,-276.4577968529849
STARLINK-31800,59643,2885.5331677572985,-5882.698760174767,-2039.2253622543858
STARLINK-31789,59644,1062.755005287675,5310.378270912997,4203.3073564916
STARLINK-31795,59645,-1705.757612894036,-6644.279026165501,-133.44589001361967
STARLINK-31796,59646,4302.589762023268,2712.3582700318766,4596.638068116087
STARLINK-31801,59647,-5691.688732250631,-233.06671143403287,-3828.4298249839417
STARLINK-31787,59650,5537.737782406064,596.2395800042169,4000.1811136791516
STARLINK-31277,59651,5695.919999723325,-3588.659466326857,1316.77901456553
STARLINK-31799,59652,-3253.7757813757016,5999.007212836323,702.6381992984664
STARLINK-31764,59653,-1171.1546448466897,5963.9366006306245,3173.732072569954
STARLINK-31589,59654,5697.327756929093,3804.704536003932,374.9826546589917
STARLINK-31665,59655,5819.127409791407,-713.2083910828542,3557.060558487481
STARLINK-31912,59656,-4067.391920827756,-5286.099049778698,1598.5773865411036
STARLINK-31904,59657,1670.0082275326147,-4863.226486827707,4533.736374426404
STARLINK-31858,59658,2459.7593976417947,5726.656701614842,-2873.367777581241
STARLINK-31881,59659,-1486.204168864322,4905.502234908242,-4565.116492645495
STARLINK-31885,59660,2584.656710198242,-4309.071322483992,4663.207690025156
STARLINK-31880,59661,6219.191920473855,2658.713032534334,1148.1559249768065
STARLINK-31886,59662,-2112.819353394764,-5762.745948881124,3058.461505271613
STARLINK-31909,59663,-3435.361678316466,3689.73669285942,-4657.825038736171
STARLINK-31910,59664,4375.9114060422435,5112.718668090345,-1342.2546273870898
STARLINK-31902,59666,-5521.468256495636,-4070.576321943583,-125.65972000818893
STARLINK-31913,59667,5330.145752723503,4283.603934937543,-573.3425081358534
STARLINK-31866,59668,-4960.928474708559,2298.1801698948375,-4148.79708689914
STARLINK-31917,59669,3737.4471146006817,-3411.8246720391326,4623.948284593416
STARLINK-31860,59670,4511.051436590044,-2686.4473133546226,4409.585985746757
STARLINK-31854,59671,-6813.010154335488,309.395134908564,-753.6875747969345
STARLINK-31842,59672,316.7508039585236,-5341.795331493205,4285.8184986857605
STARLINK-31871,59673,6141.461932822702,622.4257259295418,2987.454652093872
STARLINK-31875,59674,6345.259289700157,1353.0122128907983,2225.279727228437
STARLINK-31877,59675,-611.1845515695328,-5654.704262681111,3830.163019064114
STARLINK-31884,59676,5299.104039011946,-1494.6165062337363,4083.906606003759
STARLINK-32108,59682,-4059.6590027487046,-5498.3658917828,-603.3862638770283
STARLINK-32080,59683,-1289.1706550345593,5636.86608605174,-3701.007512887213
STARLINK-32091,59684,-5816.149581701148,-690.6058596379945,-3577.3933297122367
STARLINK-32085,59685,1701.574418828626,-5251.119307457599,4066.201650993141
STARLINK-32100,59686,-5480.855027009772,1183.7421385507646,-3957.679779123972
STARLINK-32089,59687,5559.386989832226,3033.2591072960854,2634.328793288857
STARLINK-32103,59688,6016.850139289356,1904.6703396584815,2683.939160919758
STARLINK-32105,59689,3850.504286301707,5679.50343291267,-79.31314354426883
STARLINK-32106,59690,-3604.1812290902344,-5731.793073514932,1102.0564994373265
STARLINK-32090,59691,-3162.9838957632096,4128.217915194285,-4479.4300310843
STARLINK-32088,59693,-5832.307828540145,-2835.8112726157347,-2246.0747449570813
STARLINK-32107,59694,-5614.126180098305,-2676.9386301769755,-2901.102925483804
STARLINK-32104,59695,-5713.362213868431,-2765.46689298623,-2608.995356261805
STARLINK-32094,59696,-5541.697167176732,-422.13134912931554,-4027.8696081856147
STARLINK-32099,59697,5102.068641325474,4291.392688096048,1614.6265505821893
STARLINK-32096,59698,3547.4032287502446,-3617.7500779949646,4617.2106696904075
STARLINK-32102,59699,5619.340910955196,849.8783258821267,3836.9033683047787
STARLINK-32092,59700,-1744.3104837739252,-6327.676498570046,1990.5080657567378
STARLINK-32093,59701,-369.1357254635958,-6172.716821882946,2964.435286296813
STARLINK-32087,59702,4913.6079616654,-1496.6392129668532,4539.986933019907
STARLINK-32086,59703,2069.2582564645636,6299.451385141206,-1770.4011750155091
STARLINK-32098,59704,-4928.272250212708,-4571.746792489358,-1377.9506804392474
STARLINK-11107 [DTC],59708,5370.517453818902,-353.79280617342704,4044.5209646862336
STARLINK-11088 [DTC],59709,5504.739979788275,3845.8185359493114,-576.4636032640101
STARLINK-11092 [DTC],59710,3624.734624679597,4829.06621197772,-2998.901459201278
STARLINK-11082 [DTC],59711,909.9568822164597,4710.834169904177,-4738.25898462439
STARLINK-11108 [DTC],59712,-2020.3486481619877,3513.245320458337,-5389.453718357732
STARLINK-11100 [DTC],59713,-4485.638223980169,1515.128510578592,-4801.346819635457
STARLINK-11094 [DTC],59714,-5922.364634831395,-821.1728899311311,-3115.5591665675156
STARLINK-11101 [DTC],59715,-4719.376016505909,-4436.734516148586,1849.1760075896204
STARLINK-11099 [DTC],59716,-6007.227376223604,-2970.1422793243764,-713.1294070583275
STARLINK-11084 [DTC],59717,-2348.6622799738357,-4889.013205553184,3988.778247484633
STARLINK-11103 [DTC],59718,574.7393258315501,-4217.839912518259,5213.5691112121485
STARLINK-11096 [DTC],59719,6125.921226346651,1977.8811750079535,1983.509723220053
STARLINK-11095 [DTC],59720,3360.029607969969,-2578.8950138500627,5230.38552574575
STARLINK-31834,59721,3180.47386896059,-2589.2923688645546,-5492.177438214311
STARLINK-31843,59722,1047.4687071230476,-4651.447248048277,-4923.438432348196
STARLINK-31766,59723,1883.3994672548401,-3979.6666464038835,-5258.712896152031
STARLINK-31836,59724,-5316.171351054806,-2575.584609167049,3457.3944387089814
STARLINK-31820,59725,-3173.3796539525033,2584.789703326604,5481.346528820523
STARLINK-31642,59726,-1008.8476879545433,4655.698304846563,4910.957934427277
STARLINK-31827,59727,4707.445613041047,-2.941250430096106,-4982.134326295126
STARLINK-31472,59730,6847.583294538459,262.65317022324183,329.80496407522793
STARLINK-31817,59731,-1474.032964518959,4910.611824522349,4551.06246206618
STARLINK-31833,59733,1864.1334085392684,-4841.518159867169,-4493.653657202275
STARLINK-31849,59734,6384.864166698315,-2190.5298502298992,-1231.8122798764673
STARLINK-31661,59735,5044.465243521526,3079.0415680198016,3476.894020425451
STARLINK-31707,59736,6228.926936707207,2058.9537214657507,2000.3207212103646
STARLINK-31821,59737,5340.049400973612,-3182.078351476728,-2908.1835203554383
STARLINK-31819,59738,6743.209559455815,-967.4766817220648,-821.4243074017755
STARLINK-31726,59739,-3798.5894016311086,4208.741934642488,3856.667346445299
STARLINK-31759,59740,-5055.591077451648,-3377.569786991742,-3183.443061544909
STARLINK-31818,59741,-638.3668119530481,-4997.219863127979,-4661.451417254632
STARLINK-31816,59742,-6809.830114410744,-594.6284178716073,-594.2341782259751
STARLINK-31809,59743,6367.034148111379,1424.8408558756728,2113.8863907422683
STARLINK-31779,59744,1049.790290407387,4947.913244513517,4629.090622507022
STARLINK-31805,59745,-5605.315093822254,2940.875786366531,2639.9564192454473
STARLINK-31681,59746,6831.844759862484,-413.2198801175632,469.98509492455656
STARLINK-31636,59747,2666.2702937900585,4601.078133560889,4327.316804254532
STARLINK-31640,59748,6230.097225638009,-2139.5191279995947,-1922.8378854614582
STARLINK-31677,59749,-3051.562176818852,-4486.898603840619,-4202.1934524171575
STARLINK-31783,59750,-6399.108256136525,-1793.6186028002758,-1710.9749727597798
STARLINK-31808,59751,-6656.586618353534,1273.4965873783528,1062.218814235496
STARLINK-31822,59752,4773.721971238274,3567.8120322070677,3391.355958834311
STARLINK-11118 [DTC],59754,2366.066782901607,-5556.8138386182045,-2996.217943935015
STARLINK-11132 [DTC],59755,4032.1861151013927,-18.313451668733286,-5405.102031299726
STARLINK-11131 [DTC],59756,3535.3439620938757,3111.5619547034194,-4825.982354054177
STARLINK-11114 [DTC],59757,2234.715460447587,5529.085804862415,-3144.778439504347
STARLINK-11105 [DTC],59758,425.2175564621492,6685.189692078888,-739.5509395675155
STARLINK-11097 [DTC],59759,-1481.9915228744337,6308.681695223851,1838.3647812834774
STARLINK-11098 [DTC],59760,-3055.232392348465,4473.707290407639,3997.0629520604075
STARLINK-11117 [DTC],59761,-3920.2080895566965,1631.1489393636725,5222.1575737813655
STARLINK-11110 [DTC],59762,-3894.136113823417,-1594.6146826096713,5252.736853222172
STARLINK-11104 [DTC],59763,-2976.4545937620296,-4459.046051783231,4072.6935187419167
STARLINK-11111 [DTC],59764,-3446.9932997897404,3279.3789488883594,4718.917639203393
STARLINK-11106 [DTC],59765,-1376.459381546863,-6298.2818125995345,1952.6449678575793
STARLINK-31739,59766,4703.109014345609,-1424.680892371839,4767.408074212953
STARLINK-31828,59767,-4704.38738383269,907.1472977690056,-4901.702491806856
STARLINK-31826,59768,4080.9879035721124,-5024.471957126963,2116.481996644066
STARLINK-31830,59769,-1376.4347181367446,-4795.161334555617,-4706.435025995702
STARLINK-31829,59770,2882.767005976231,-6184.835762204695,-659.3294497887318
STARLINK-31786,59771,-3125.2823786739614,-2789.205980941771,-5430.9803452520755
STARLINK-31835,59772,-3661.187696143666,-1899.8895152545608,-5474.597496494427
STARLINK-31363,59782,1488.7042224560337,5294.8378108601955,4093.045998963403
STARLINK-31868,59783,2296.5979092008956,5242.95124812586,3774.258288937544
STARLINK-31848,59784,-5682.398217542497,-3637.1721908117293,-1251.0320369725969
STARLINK-31890,59785,-6544.425632233842,-2005.9489193616434,466.02602861757885
STARLINK-31862,59786,6324.029815058163,-259.5728368988136,-2652.6867689681653
STARLINK-31870,59787,6561.221793763074,1697.011299767505,-1072.6635029260135
STARLINK-31888,59788,4087.3527245146297,-3321.3391965711157,-4401.20899630304
STARLINK-31863,59789,5226.42348379409,-2186.63316382819,-3874.179130698111
STARLINK-31873,59790,-450.4573295366758,-5304.185589839756,-4332.545854643101
STARLINK-31865,59791,-2786.7171116240615,-5272.540187934861,-3397.871254018136
STARLINK-31823,59794,-4751.353510462119,-4529.540519389868,-1999.0475649669904
STARLINK-31916,59795,-6073.623282964107,-3175.2064264454543,-330.15006253612785
STARLINK-31907,59797,-6505.505781542177,-2013.828299133457,828.2433920128146
STARLINK-31687,59798,4468.664588126808,4706.002457954697,2218.227267382352
STARLINK-31810,59799,-3750.2578533353008,3567.9323404513857,4495.010615022479
STARLINK-31812,59800,-6411.634285412064,-82.63698593370586,2436.017649701643
STARLINK-31815,59801,-5451.426396155737,1867.5785845887829,3717.829762031778
STARLINK-31814,59802,5906.727419769542,3440.9463159115794,575.7451437761373
STARLINK-31794,59803,865.4643498822034,5353.782616800906,4195.219552968402
STARLINK-31824,59804,-1543.835343688299,4784.841858033119,4660.622474326299
STARLINK-31947,59835,2673.89564798028,5812.226288514617,-2481.549921155419
STARLINK-31929,59836,-4725.60140265858,-2232.511618193437,4436.69512889468
STARLINK-31927,59837,3781.111476074956,-4498.070202805646,-3545.5423875659667
STARLINK-31855,59838,959.1819817013286,6738.610615853882,-864.204857479424
STARLINK-31887,59839,-4999.350450033091,260.7645483699697,4682.74368880003
STARLINK-31852,59841,1715.8775715182203,-6205.615513180242,-2375.724554085247
STARLINK-31906,59842,593.4096063806882,-6813.903356486924,-546.9964594367758
STARLINK-31857,59843,-2049.0895223221264,6245.094243915604,1960.015422455316
STARLINK-31851,59844,4019.3007158356554,4104.986284039868,-3753.1178115965995
STARLINK-31903,59845,4904.481607972077,-1066.114700965457,-4681.928023002671
STARLINK-31922,59846,-246.2681907995171,6850.99747431712,269.39221308810477
STARLINK-31889,59847,-4324.869050865049,3473.4765317783786,4029.335041020102
STARLINK-31859,59848,3333.880671729823,-4769.354747651567,-3639.573833694641
STARLINK-31895,59849,4824.877133339484,1853.3341598865513,-4515.404363295467
STARLINK-31899,59850,4985.2047580301305,-669.7389605144288,-4671.482716929723
STARLINK-31896,59851,4474.588994470033,-3081.5348022093503,-4194.412320009883
STARLINK-31892,59853,-2907.680101444672,-5573.934796523642,2740.977247378164
STARLINK-31891,59854,-4182.000078349146,-3750.24150163528,3931.4873501748493
STARLINK-31882,59855,4471.6949837179545,-2681.556164273086,-4463.5818238009915
STARLINK-31691,59856,-3558.723183158742,4796.119260780653,3368.9950556177073
STARLINK-31569,59857,2344.423492039951,-6065.874817494749,-2192.6595442967937
STARLINK-31654,59858,-4305.343846363254,3254.2415101020138,4227.288045123849
STARLINK-31442,59859,-2688.999995522272,6060.0084639653305,1758.9341674536315
STARLINK-31651,59860,3388.258037761851,-5239.761058644608,-2859.599841057217
STARLINK-31584,59862,4956.039722370641,803.6110706189595,-4680.349938531228
STARLINK-31950,59863,16.82119382347319,-6849.627792342292,396.3336482919558
STARLINK-31931,59864,-4955.624412979287,1329.6024407122259,4546.013573418247
STARLINK-31938,59865,2106.1963133125505,6112.785328748533,-2299.0070554708936
STARLINK-31941,59866,3812.008746173994,-3736.174326104678,-4315.565474361448
STARLINK-31952,59867,-1805.3248844812788,-6284.456378368337,2070.815144295089
STARLINK-31921,59868,363.3916663545769,6090.637235914889,3129.791891977249
STARLINK-31760,59869,-4897.396580966903,-1170.2306543861594,4652.069153607802
STARLINK-31945,59870,-4897.308927580653,-1445.0179448471038,4575.420895514268
STARLINK-31937,59871,3343.2034876697016,-4938.747176960019,-3396.4007680158347
STARLINK-31940,59873,-3440.8970348689495,-5188.135780866371,2875.982684852216
STARLINK-31933,59874,4493.307657732487,-3289.4416094952153,-4011.872458616745
STARLINK-31936,59875,1884.7823741706663,-5302.191402069591,-3929.17722789757
STARLINK-31935,59876,-4170.910982429153,-3554.6676099681963,4120.312720755922
STARLINK-31934,59877,3164.526120519115,5324.026065987352,-2954.507192597652
STARLINK-31943,59878,-2815.4102267951116,-5591.201890915064,2662.683266794066
STARLINK-31926,59879,-4961.199893640015,645.3247444663544,4686.537176898707
STARLINK-31919,59880,1820.6665440715428,-6483.362112081882,-1318.3769186673228
STARLINK-31974,59885,-5510.880534847682,748.6080576347207,-4021.5258000467343
STARLINK-31975,59886,-5556.523467278678,2281.449845933112,-3319.6798504083417
STARLINK-31976,59887,5453.796548093841,-3464.2914251679085,2299.479631403751
STARLINK-31965,59888,-2063.9305887714468,6381.066239172545,1436.325748311527
STARLINK-31969,59889,-5252.023156697902,-221.76182567945685,-4412.903962843011
STARLINK-31951,59890,340.722338811074,-6288.8318543334835,-2723.915947303753
STARLINK-31949,59891,-4829.150582343676,-1603.4601099501463,-4605.8688593087245
STARLINK-31977,59892,3421.8778505791543,-5906.203657460024,689.5524305850214
STARLINK-31963,59893,-3767.465157582569,5729.668073978967,-234.07007563979946
STARLINK-31961,59894,-4622.511466630434,-1989.976625026968,-4667.336581380603
STARLINK-31964,59895,4812.1519944914135,-4597.837856054504,1657.0381254159938
STARLINK-31905,59896,-4210.056148956493,5289.905708360786,-1174.8490219744226
STARLINK-31928,59897,1994.655053767946,5146.93893931269,4066.6277427570767
STARLINK-31953,59898,-5186.344511877466,3579.5515482704,-2718.6172160844367
STARLINK-31942,59899,-1689.1578020191746,-5381.548221849942,-3910.3320768284393
STARLINK-31676,59900,-4999.571622514873,4297.344372181282,-1905.5970172164555
STARLINK-31908,59901,-3317.6667487591017,-4124.701656691553,-4368.446993697387
STARLINK-31914,59902,-27.522708358347618,6185.739078383859,2960.8480836424574
STARLINK-31850,59903,2937.045139409228,-6172.401216482088,-591.3347050506409
STARLINK-31924,59904,-3490.9443951739395,-3749.3213894697387,-4567.532447935156
STARLINK-31898,59905,-5459.292977243574,2148.1569160203894,-3561.8545439950535
STARLINK-31861,59906,-915.1846513048145,-6074.920512806252,-3060.39329179713
STARLINK-31920,59907,5096.373791463045,378.8638892051679,4443.424173248959
STARLINK-31872,59922,-1841.3478979201652,5585.067395449171,-3538.3903695621566
STARLINK-31972,59923,-5755.362413974816,-957.2108075963545,3602.0798862792294
STARLINK-31958,59924,-5375.774670240772,4148.011477233829,976.0860761781563
STARLINK-31959,59925,6199.493288576096,-705.595718995652,-2858.7860570073944
STARLINK-31957,59926,4625.690301950736,2590.584084254848,-4359.2104944795565
STARLINK-31968,59927,6388.62260425641,-1432.0776997965572,-2056.7367946037084
STARLINK-31970,59928,-4349.286896102011,-2888.960491782121,4442.702610541268
STARLINK-31932,59929,-459.9717047036189,5560.100044966134,-3997.858395697982
STARLINK-31956,59930,-849.039770584201,-5120.938365005822,4477.6725932468935
STARLINK-31960,59931,6221.575043170238,-2738.565692636746,-937.8986180022998
STARLINK-31432,59932,-6060.525735940818,-261.0963684606873,3199.0291563858023
STARLINK-31853,59933,-3080.518166005539,-3964.24907685674,4669.246899409217
STARLINK-31971,59934,1818.2261647338305,4750.752662219722,-4608.456916103768
STARLINK-31962,59936,-3316.4931903983106,5389.337953355337,-2655.5026299492647
STARLINK-31879,59937,2745.096637343486,4197.777658041635,-4685.658186220658
STARLINK-31876,59938,1467.7801559014567,-5586.7470375953235,3694.767448863591
STARLINK-31955,59939,5139.138700714724,1950.5428109660475,-4110.212365453144
STARLINK-31946,59940,488.00397676793796,5238.547452287166,-4407.7444280992395
STARLINK-31948,59941,-2711.505944906102,5631.363053941278,-2834.6642257814933
STARLINK-31900,59942,5906.053944966364,619.9141313383427,-3440.969106656224
STARLINK-31973,59943,-6138.045063817725,2994.9797330065608,645.1014317762587
STARLINK-31966,59944,-6376.731564199618,1100.0870725079699,2272.5088027222446
STARLINK-11145 [DTC],59945,-1696.0342369055481,5404.381994803808,-3656.871987046342
STARLINK-11113 [DTC],59947,971.7820578891785,4344.76772423747,-5064.519636281858
STARLINK-11123 [DTC],59948,-5358.71730498911,3901.2384096364262,1205.287830661296
STARLINK-11138 [DTC],59949,390.3884677583796,-5022.445336481055,4465.574128521377
STARLINK-11130 [DTC],59950,-5499.124121529138,1645.114189536401,3520.3187129750672
STARLINK-11124 [DTC],59952,-2253.2397252005726,-3389.6731153736364,5359.611640937477
STARLINK-11133 [DTC],59954,4810.107149416333,-4719.4328590889345,40.13543161020606
STARLINK-11144 [DTC],59955,5582.126804219491,-2856.925883443428,-2476.190270679196
STARLINK-11134 [DTC],59956,5075.416032628603,-335.1678369381187,-4427.033471962762
STARLINK-11142 [DTC],59957,3415.8326258859283,2257.1720085820743,-5358.252296679865
STARLINK-31995,59958,-891.2857282497374,4493.194344811777,5087.713607146513
STARLINK-31989,59959,-5422.200521828329,-1047.585913701153,-4045.5235259102133
STARLINK-31856,59960,-2370.006727334937,-3432.5208557090905,-5428.768816282332
STARLINK-31993,59961,-6360.450961238922,2518.1916826408014,-122.30911739781827
STARLINK-31980,59962,-3563.634759193701,-2727.850123728884,-5170.541329992767
STARLINK-31991,59963,-1660.2423881504124,4575.6055288575335,4800.44336905367
STARLINK-31979,59964,-6040.684603244024,-120.10902619169762,-3217.047496061954
STARLINK-31978,60016,4921.555558564005,2179.9750202890673,4226.101414964704
STARLINK-31987,60017,6436.495718453764,380.2950400047648,2302.6200573348947
STARLINK-31984,60018,-2978.2720757677016,-3352.9991721338674,-5189.768080215361
STARLINK-31986,60019,2973.34915233855,-4148.213229711822,-4581.356937174095
STARLINK-31883,60020,-6726.747848087061,452.0073032744578,-1241.4542088044698
STARLINK-31967,60021,-5154.796416371782,3472.632375819355,2850.1531300442516
STARLINK-31982,60022,-6689.643182240471,1394.9633131834505,-335.951171836081
STARLINK-31992,60023,5543.07202142347,-3135.440403364924,-2541.906323619278
STARLINK-31990,60024,6617.54308752923,-1739.2111917502368,-415.3727174808931
STARLINK-31939,60026,2968.010519520957,3339.242786778223,5187.497695726778
STARLINK-32012,60027,4649.227298467542,2389.024172633794,4423.393361754487
STARLINK-32008,60028,6207.77204596203,796.9343979886085,2783.9864537748535
STARLINK-32006,60029,5905.438295729483,-2826.731633180465,-2036.561003260054
STARLINK-32011,60030,-5907.543608822446,2898.0632513235905,1864.8363603723326
STARLINK-31878,60031,-4286.204816573896,4753.320198893012,-2424.7045219487673
STARLINK-32017,60032,4097.922603440873,-3870.3177733478424,-3907.562183663424
STARLINK-32005,60034,6720.771597168062,-491.44048821712397,1244.4536471848992
STARLINK-31981,60035,-1042.2274243598258,-3986.294933118636,-5483.729426446459
STARLINK-31985,60036,1028.0925272317434,-4263.971246798271,-5273.161614910544
STARLINK-31918,60037,1006.882830413352,3985.3960704415695,5473.795952635039
STARLINK-11129 [DTC],60038,2393.68292269601,-4791.310053941196,4079.046669378406
STARLINK-11140 [DTC],60039,4787.114966210308,-4310.900740549064,1968.0676347985877
STARLINK-11122 [DTC],60040,6081.415658157602,-2843.3356151422627,-594.5200119106369
STARLINK-11149 [DTC],60041,5987.5941816215745,-735.3237010777808,-3010.3408408095743
STARLINK-11120 [DTC],60042,4508.195317499893,1574.2153100018745,-4761.144669959509
STARLINK-11086 [DTC],60043,2032.4364806948624,3490.3124445107246,-5400.09531633369
STARLINK-11148 [DTC],60044,-925.2042201168888,4632.073779037482,-4812.004908018361
STARLINK-11116 [DTC],60045,-3667.7853018584838,4717.54444987864,-3121.686828888073
STARLINK-11155 [DTC],60046,-5581.61584837617,3712.9105357777216,-693.2874460827152
STARLINK-11163 [DTC],60047,-6196.82491260157,1881.037357237145,1854.5287305332745
STARLINK-11135 [DTC],60048,-535.2172285207893,-4192.89966193863,5236.448428424412
STARLINK-11151 [DTC],60049,-5400.146345326474,-399.4005166061277,4001.0378934409214
STARLINK-11137 [DTC],60050,-3366.9608408240306,-2586.3443397654332,5222.442788337032
STARLINK-31811,60051,-102.92148699487741,4154.717973193673,5434.140167704523
STARLINK-31775,60052,5454.77532535096,-3053.6032748558796,-2818.1078524940326
STARLINK-31793,60053,2162.307614267896,-4163.3612995063,-5003.074209396754
STARLINK-31735,60054,6789.956497348219,-854.9742567809217,376.17949195527984
STARLINK-31788,60055,6537.300290998169,423.81032543297755,2006.3217729226683
STARLINK-31825,60056,6415.105542588628,-2050.3849666939323,-1283.173249890719
STARLINK-31437,60057,3989.27252334376,-3782.439361940063,-4100.776484678954
STARLINK-11181 [DTC],60059,2254.0187086872984,-4579.263570293906,-4405.981317744211
STARLINK-11176 [DTC],60060,3658.8279258390526,-1842.9838911942782,-5356.340783727148
STARLINK-11167 [DTC],60061,4233.32574678778,1317.4765896131344,-5080.888991391537
STARLINK-11166 [DTC],60062,3844.2882285122155,4173.200326101137,-3642.606433324668
STARLINK-11165 [DTC],60063,2575.046487733776,6077.992655807088,-1363.301436065541
STARLINK-11169 [DTC],60064,718.7552412293339,6585.909995734251,1224.797460495293
STARLINK-11102 [DTC],60065,-1303.7004826949972,5582.264857422467,3532.212998575468
STARLINK-11141 [DTC],60066,-3020.7188168184975,3313.4185279494386,5019.989775841231
STARLINK-11153 [DTC],60067,-4051.897366863111,274.5480121629641,5366.758806968806
STARLINK-11170 [DTC],60068,-4136.08584435479,-2833.91960841753,4492.307851155564
STARLINK-11171 [DTC],60069,-3273.388389842036,-5288.983186261012,2583.5120184038324
STARLINK-11186 [DTC],60070,-1657.1249054001971,-6531.643135712008,74.87138328684348
STARLINK-11184 [DTC],60071,357.1649804847904,-6264.417639222964,-2466.1482043898027
STARLINK-32032,60077,-3366.931548779492,-3977.6199895167047,-4439.379796162769
STARLINK-31441,60091,-86.72497691406282,5282.989654620733,4355.564758364525
STARLINK-32044,60092,-5021.236314850852,658.3601652509838,-4625.554123397379
STARLINK-31239,60093,61.34566112291512,-5262.03297003118,-4397.978594301498
STARLINK-32007,60094,4778.571344280043,-22.51546417619091,4883.7554865726115
STARLINK-32028,60095,4212.771050469713,1129.6856258694352,5276.4645317512495
STARLINK-32016,60096,2191.050722689296,-5889.147578798075,-2745.918201064435
STARLINK-32003,60097,-2193.0890843394527,5900.186224153988,2703.5002803136676
STARLINK-32026,60098,2554.25093122183,3315.9640919897693,5416.940098577129
STARLINK-31732,60099,-2555.123182843948,-3332.3924578866395,-5423.270695096711
STARLINK-31996,60100,-5229.991667775836,3890.591601484132,-2125.7943629891383
STARLINK-31999,60101,611.5835642113384,-5506.898570065626,-4041.764916469942
STARLINK-31954,60102,3565.6873416510366,-5731.0309821294495,-1199.5200905824927
STARLINK-32013,60103,4612.2101244077685,-5049.298041197032,454.3315299094271
STARLINK-32009,60104,-1020.7881195826199,-4622.796774657764,-4962.713900543201
STARLINK-32018,60105,5029.830172187992,-665.8212551322589,4598.311964766874
STARLINK-32045,60106,5380.241938096521,-2372.985511252311,3512.7831119137527
STARLINK-32035,60107,1005.8607708670545,4636.228989835217,4936.334914500351
STARLINK-32042,60108,-3571.6066330627004,5735.9601295573275,1141.452013791296
STARLINK-32040,60109,-3456.1033912638686,-2276.112000107655,-5470.118850664007
STARLINK-32001,60110,-5370.528030466207,2391.3351169464077,-3531.113358831007
STARLINK-32015,60111,-4207.995638394873,-1140.0652648341045,-5294.9034034907
STARLINK-32024,60112,-4607.47358180391,5050.018074738951,-506.3872423354455
STARLINK-11201 [DTC],60113,3955.245078940572,-4176.600809751021,-3517.3073329273825
STARLINK-11198 [DTC],60114,4293.4438955622845,-1338.9717865654998,-5024.121777193397
STARLINK-11112 [DTC],60115,3654.692523416202,1793.1608720592212,-5375.945764046053
STARLINK-11210 [DTC],60116,2161.2281346818127,4553.274817744291,-4479.694275850333
STARLINK-11203 [DTC],60117,213.7837905380978,6222.381394165586,-2585.425577685144
STARLINK-11177 [DTC],60118,-1800.7196928873186,6493.372193878745,-81.87902772974522
STARLINK-11127 [DTC],60119,-3402.9594516190314,5276.166836899902,2440.7960510149846
STARLINK-11164 [DTC],60120,-4225.327594717431,2840.032046028573,4404.458567792238
STARLINK-11119 [DTC],60121,-1234.0533162789704,-5547.885764122161,3610.320417760743
STARLINK-11157 [DTC],60122,-2999.5729147692573,-3267.449641134304,5062.309738645768
STARLINK-11162 [DTC],60123,814.5531723522897,-6555.25370391692,1323.877129032825
STARLINK-11161 [DTC],60124,2714.547654293111,-6049.538803991603,-1208.3851340603726
STARLINK-11160 [DTC],60125,-4079.574880218282,-233.94914544940454,5347.513411392038
STARLINK-31846,60126,-3981.0820953854936,5455.441516190302,-1150.6486333067917
STARLINK-31840,60127,-4818.368092390023,3528.4113129689276,-3360.983782551738
STARLINK-31813,60128,2318.110724265132,-6316.820093531449,-1288.53475665762
STARLINK-31845,60129,3391.5130776951455,2385.89275092221,5446.745834923811
STARLINK-31838,60130,-1902.908209323952,-4326.824602719463,-4963.7913576748815
STARLINK-31785,60131,3946.829558847699,-5476.494389176846,1152.7509846669047
STARLINK-31792,60132,-3559.7321361111417,5806.49244062142,-778.3086312966803
STARLINK-32043,60135,53.960135520190924,5313.939727690064,-4315.335554372545
STARLINK-32112,60136,1126.1894168882006,5745.019809016982,-3547.7724712287672
STARLINK-32050,60137,-4490.228630310105,560.4013913848573,-5137.802395538846
STARLINK-32025,60138,2520.5878544286775,-3350.6658802621714,5395.451042042686
STARLINK-31694,60140,3895.668208747709,5600.33166172487,-528.9025043783346
STARLINK-32036,60141,5264.44812782579,3446.2206722671413,2677.5231170408283
STARLINK-32031,60142,3415.198083720258,-2302.180653406764,5452.333613310885
STARLINK-32027,60143,1521.335301422372,-4264.306804185906,5118.509041121402
STARLINK-32033,60144,4746.781991932023,4833.191655625165,995.0095780744685
STARLINK-32029,60145,-3542.211569241264,-5750.886561766834,1079.5636392587003
STARLINK-32127,60146,-1681.6490549917987,-5855.155662249188,3104.726692965996
STARLINK-32019,60147,-2664.017621570014,-5924.405752724326,2138.417757254348
STARLINK-32021,60148,-4785.503046330438,642.5901915648494,-4864.511900869935
STARLINK-32022,60149,-2992.601876959082,2844.4610107193957,-5461.3251677786075
STARLINK-32014,60150,4863.758230124804,4641.457014723018,1273.877456964937
STARLINK-32004,60151,3088.6273572140285,5889.9655520173255,-1613.9847229776992
STARLINK-32147,60152,-2045.3617362720997,3835.162298304164,-5289.762122784734
STARLINK-32131,60153,-622.0394192344224,-5544.431763813022,3950.009434693001
STARLINK-32145,60154,456.3851049059304,-5008.931907278351,4627.56884628835
STARLINK-32137,60155,-4979.814188299242,-641.8381551338268,-4653.68180613495
STARLINK-32048,60156,-5190.34208285286,-3891.61857967392,-2181.5300832689986
STARLINK-32129,60157,-5336.125923947084,-2913.9673171422205,-3144.2680395908365
STARLINK-11168 [DTC],60183,-2265.592583131454,3402.793731323426,5346.502317880136
STARLINK-11187 [DTC],60184,-4321.395215455134,976.0022173342646,5067.150585002748
STARLINK-11180 [DTC],60185,-5415.74810310269,-1702.138294830165,3620.7590360244894
STARLINK-11197 [DTC],60186,-5266.937223115629,-3978.9659768424945,1347.5734874777193
STARLINK-11194 [DTC],60187,-3908.5461591563517,-5348.651339406556,-1243.5732387231985
STARLINK-11189 [DTC],60188,-1635.4998871659973,-5522.126457255803,-3505.7099097358614
STARLINK-11183 [DTC],60189,983.1710052346571,-4399.279930337354,-5015.119773491562
STARLINK-11179 [DTC],60190,3377.5032054961007,-2275.167775877367,-5374.7172469228335
STARLINK-11175 [DTC],60191,5005.3239069091305,368.7010992156979,-4503.050211146586
STARLINK-11173 [DTC],60192,5489.805236334939,2924.53704532337,-2599.5219554844366
STARLINK-11172 [DTC],60193,4718.8493042192995,4809.622756859468,-98.45440911590974
STARLINK-11152 [DTC],60194,2866.1533646873463,5592.406658093153,2424.3074332864726
STARLINK-11193 [DTC],60195,353.25338735234266,5091.772754627964,4389.955378065827
STARLINK-31869,60196,-5070.125102081662,-1342.1110499246918,-4412.2950217993075
STARLINK-32023,60197,-4863.591600955204,-500.38968018434804,-4792.162183287102
STARLINK-32046,60198,2327.089807480325,6063.135879971791,-2184.8282394609473
STARLINK-32049,60199,144.34304213560185,5448.107370520567,-4142.291550567104
STARLINK-32002,60200,-4022.7782225829974,1351.9695355450592,-5382.64165570456
STARLINK-32020,60201,-2187.863264184202,3773.724705492684,-5287.4925367017795
STARLINK-32041,60202,76.99617968720662,5455.820230385085,-4147.364904018785
STARLINK-32138,60255,4129.282724665273,-5002.826556000648,-2207.9918490979458
STARLINK-32212,60256,6068.185507986181,-1932.5061041666172,2524.6050353637547
STARLINK-32166,60257,5253.776900806594,-4342.873884242443,-730.9188460018789
STARLINK-32200,60258,5847.74078068856,-941.6256542312602,3439.6380555315377
STARLINK-32207,60259,5381.148102788348,113.62043411656052,4233.582964553126
STARLINK-32125,60260,3611.6115092374434,-5136.5066803981035,-2755.6664475437133
STARLINK-32160,60261,6087.005912794736,-2416.8073954478236,2012.9075798386293
STARLINK-32163,60262,886.2444401123743,4259.500315707114,5279.572886540056
STARLINK-32148,60263,-894.282992140205,-4256.800898364816,-5297.696595135504
STARLINK-32121,60264,-4291.751725949837,4924.999554068834,2050.4301580614606
STARLINK-32120,60265,2385.607099690564,-5171.0478937085745,-3826.320241085713
STARLINK-32205,60266,-5664.779250355138,3847.427105717406,-180.1634091348689
STARLINK-32158,60267,-4704.892531919884,-1136.8586588660569,-4860.469111347706
STARLINK-32167,60268,3101.0637827271626,-5199.148134226168,-3221.381464832135
STARLINK-32144,60269,5235.192858039752,302.2152358296694,4396.677456400744
STARLINK-32211,60270,5936.309086395627,-3294.1104854397813,936.3577027920338
STARLINK-32164,60271,4920.3390150362475,-4602.136147168952,-1268.7015368137781
STARLINK-32128,60272,-3307.2309502178564,-2631.526156604958,-5402.274101567475
STARLINK-32206,60273,5643.037180131601,-414.35718590548447,3858.6467792463163
STARLINK-32155,60274,-6054.772476292023,1947.296772665067,-2550.1299728504646
STARLINK-32152,60275,-1639.6177989441192,-3850.8301641995386,-5434.178117073131
STARLINK-32154,60276,1990.7668598811465,-5166.6012717192525,-4046.076261695258
STARLINK-32135,60277,-5831.032342344338,926.0423177097058,-3488.8164510845127
STARLINK-32156,60278,-2226.1241959805675,-3473.351313208048,-5479.592279785838
STARLINK-32010,60279,-702.7681097118457,-4346.907655415915,-5252.908477776219
STARLINK-32118,60280,1400.2124850244563,-5065.331861131545,-4407.087061930224
STARLINK-32038,60281,175.16611069610587,-4717.287491121911,-4976.1115994168085
STARLINK-32113,60282,-436.4394324608173,-4471.658520979214,-5182.175086440684
STARLINK-32037,60283,-5150.09920545768,-494.92717502729204,-4495.207761153871
STARLINK-32123,60284,-3143.5110781159474,5745.575116276639,2012.540694467037
STARLINK-32122,60285,-5980.1246340504495,1433.465016080695,-3034.770744899163
STARLINK-31656,60286,4520.226243241249,-4847.4275725888165,-1755.2991312406455
STARLINK-32114,60287,-6042.063196665829,1796.2933644764473,-2687.763840779703
STARLINK-31997,60288,5963.067394072541,-1464.0249860742776,3036.3254051057534
STARLINK-32000,60289,6024.074441742541,-1823.1414718440294,2693.3883661567256
STARLINK-32141,60290,-4265.736801579296,-1678.891558167422,-5101.858840633936
STARLINK-32142,60291,5749.777270661608,-3704.33626460608,440.50570835938987
STARLINK-32149,60292,-3397.554385160632,-2549.8982687187627,-5379.539278869888
STARLINK-32159,60293,6019.963677007994,-2894.5357799721764,1528.7928847470946
STARLINK-32150,60294,-5253.598222125929,-324.95405623717625,-4389.893686815782
STARLINK-32126,60295,1795.3086265772965,-5131.831009288394,-4173.40030599773
STARLINK-32143,60296,5645.646033695702,-3875.1663241480114,173.58060505411788
STARLINK-32034,60297,3224.9212637332002,2685.4097253522195,5402.484368548674
STARLINK-32124,60298,6042.8288335743655,-1982.529024044739,2534.6811714990263
STARLINK-32151,60299,3024.1474259208226,2998.008683275588,5359.99937158198
STARLINK-32134,60300,-5059.840747057462,-641.7610411752743,-4585.62187386478
STARLINK-11147 [DTC],60301,4458.455943845789,-1513.485140500398,-4826.889880011522
STARLINK-11128 [DTC],60302,5905.021525403341,830.7236922761215,-3145.6460124904925
STARLINK-11227 [DTC],60303,6001.758594893791,2970.7452926805336,-755.9628462303134
STARLINK-11224 [DTC],60304,4719.924323091707,4445.388650693561,1826.9360519899844
STARLINK-11115 [DTC],60305,2356.564055791367,4892.868530506906,3979.252003379288
STARLINK-11109 [DTC],60306,-544.7517679782195,4221.141320943799,5213.8122232779015
STARLINK-11223 [DTC],60307,-5350.47044426472,346.9092165031738,4072.165723848706
STARLINK-11192 [DTC],60308,-3325.2823559151643,2583.527846606732,5250.364771386598
STARLINK-11213 [DTC],60309,-6139.477714008559,-1952.6648812257051,1966.86238499605
STARLINK-11200 [DTC],60310,-5523.838574093818,-3813.9125490097686,-601.8645906179231
STARLINK-11206 [DTC],60312,-917.4998645260853,-4709.723281941646,-4737.512365712956
STARLINK-11205 [DTC],60313,1988.880586296449,-3515.797051610338,-5399.499155333558
STARLINK-32191,60314,-4710.339516422181,1480.3044736314475,-4760.530560259101
STARLINK-32194,60315,3442.5945884897815,4854.433328094,-3407.606003637818
STARLINK-32192,60316,-1079.2396585705278,-4732.5383577045395,4828.624523634934
STARLINK-32189,60317,2298.2753436081143,4903.415860176586,-4208.92103726306
STARLINK-32190,60318,-3233.302010574188,2810.263118625624,-5356.714229848484
STARLINK-32182,60319,2570.5997357815804,4909.698950168945,-4038.9618576662147
STARLINK-32199,60320,-1491.1341795077496,3869.432849923394,-5463.370920795977
STARLINK-32198,60321,3955.6106977545796,4755.989334571421,-2959.3958747412053
STARLINK-31745,60329,-3433.1440372428983,4056.67928859958,4311.093193007438
STARLINK-32153,60330,-5543.96410073208,-1667.0261479542098,-3676.2244545233243
STARLINK-32203,60331,188.76928221707706,-4364.990273021152,-5270.875080459653
STARLINK-32171,60332,-6683.567254112244,1498.0627263720219,46.05945178975842
STARLINK-32133,60333,-2344.280310842683,-3606.353833382485,-5342.4305277393305
STARLINK-32132,60334,1678.3520988187774,-4265.575673370732,-5101.985577483316
STARLINK-32168,60335,3566.33908652284,-4019.870478952007,-4260.783806606675
STARLINK-32079,60336,5122.316494498213,-3407.137002145942,-3029.5187315153744
STARLINK-32078,60338,6448.404893653237,-2114.3374618342336,-971.5868509768509
STARLINK-32175,60339,6723.129664224601,-1326.1190435944436,135.24201276317024
STARLINK-32176,60340,6621.792907839008,-62.19182404415898,1759.788033357437
STARLINK-32185,60341,4130.477452947461,2739.1495607013744,4724.071919157228
STARLINK-32221,60342,5544.80820432908,1632.30793286011,3674.059857250403
STARLINK-32083,60343,5911.145970655196,1217.6264451387015,3239.525457948047
STARLINK-32077,60344,2338.890929693607,3593.1781031493733,5336.56098761034
STARLINK-32075,60345,-360.0033636600194,4212.4157831718385,5384.09351378615
STARLINK-32082,60346,335.0968868470645,4118.548483690955,5457.777504726622
STARLINK-32084,60347,-6423.293864012731,-394.6435207687708,-2352.720901216453
STARLINK-32081,60348,567.2696999311377,-4243.117293996493,-5353.325738414933
STARLINK-32181,60349,-6378.839042101116,-329.85421143016515,-2457.7967663074996
STARLINK-32076,60350,3422.610505476805,-4082.660152186538,-4311.916332033238
STARLINK-32097,60351,-5824.686616718546,-1187.1327399201066,-3393.5377059265734
STARLINK-32285,60355,-4769.194455771334,692.097748022878,-4879.9959288400805
STARLINK-32278,60356,-5520.269158963582,-975.1347047610086,-3950.6243654121927
STARLINK-32287,60358,-5794.038040801803,-2552.024191964366,-2633.8419391744465
STARLINK-32290,60359,-5669.5656605190015,-1519.821123947746,-3546.364694720245
STARLINK-32275,60360,-4166.106957599466,-5206.504613630711,1557.3807098845791
STARLINK-32227,60361,-5336.565892602455,-4270.744349604874,-521.2573700818959
STARLINK-32256,60362,-5761.734994890248,-2046.9181376687052,-3104.303703167609
STARLINK-32267,60363,-3571.6971659068486,-5420.781565074409,2190.8176258348976
STARLINK-32270,60364,4775.547849590293,-638.1524400984628,4857.941420995199
STARLINK-32188,60365,-416.44614291425626,4660.85214310378,-5008.392273295644
STARLINK-32230,60366,-2569.1358040118043,-5503.8530848145265,3165.727293093451
STARLINK-32243,60367,5545.902463789859,3881.260089766741,1039.385205014582
STARLINK-32271,60368,-5681.575991063621,-3481.7961692116123,-1613.09213604216
STARLINK-32220,60370,-322.30659311732416,-5000.671747067763,4666.002662411668
STARLINK-32263,60371,-3549.9258401016054,2290.066372957285,-5403.617089186952
STARLINK-32268,60372,-5767.018718832269,-3034.1895543146393,-2132.073735014873
STARLINK-32223,60373,4267.493494373561,5177.922108723276,-1384.5188267777453
STARLINK-32180,60374,-2888.7263668136197,2943.9805691072993,-5474.826509266554
STARLINK-32281,60375,1466.4500277289992,5349.555591184586,-4032.803874048496
STARLINK-32277,60376,-2035.364766290268,-5460.366463082256,3598.4911414442417
STARLINK-32269,60377,5732.06163911853,1796.0417733078605,3282.132370941931
STARLINK-11228 [DTC],60398,5574.386898446939,-3713.7965402792497,-746.324794907072
STARLINK-11182 [DTC],60399,3390.097585559928,2593.0027076252704,5204.404011731687
STARLINK-11234 [DTC],60400,581.2414818165321,4184.125943636581,5239.54241259652
STARLINK-11232 [DTC],60401,-2351.0956234548657,4817.343390855781,4073.134524298458
STARLINK-11139 [DTC],60402,-4760.553776687587,4345.961650223149,1955.9884056590104
STARLINK-11158 [DTC],60403,-6086.643686884908,2841.747518319108,-545.7764240108476
STARLINK-11199 [DTC],60404,-6009.550973246131,735.9971873743566,-2966.575429669
STARLINK-11081 [DTC],60405,-4539.156803108592,-1573.1709381686844,-4731.2026654602405
STARLINK-11150 [DTC],60406,-2041.065469110577,-3501.3182235775726,-5389.212099912312
STARLINK-11136 [DTC],60407,912.0389867594446,-4630.440892983701,-4815.936190342778
STARLINK-11196 [DTC],60408,3658.730636742533,-4710.185947144048,-3143.876679886766
STARLINK-11174 [DTC],60409,6210.428884149898,-1867.0366744416795,1823.190801882888
STARLINK-11191 [DTC],60410,5419.930731381262,411.72963285437964,3973.2713811101016
STARLINK-32244,60411,-6282.755688647767,2703.0020003928817,366.7301338628486
STARLINK-32186,60412,6125.665643260207,-3047.2718951209663,-28.965720613931722
STARLINK-32178,60413,5527.1941573128115,565.7550627517628,-3998.9230571945773
STARLINK-32234,60414,-4967.592317216845,-1352.1730085616923,4507.548752014294
STARLINK-32265,60415,6363.755902853108,-2245.2180416791903,-1133.9583844431677
STARLINK-32197,60416,-5712.1979312790945,682.3291051973661,3707.8338729531797
STARLINK-32255,60417,-5188.793354326215,-1038.1273501723629,4326.556298438528
STARLINK-32236,60418,-5835.5298578739275,-80.11398684177385,3560.393768594269
STARLINK-32250,60425,2113.3031440959526,-5872.166403380727,2794.297727354548
STARLINK-32226,60426,-1100.1832226702584,-4534.660084310675,4992.885328303727
STARLINK-32254,60427,3060.29637052812,-5848.765711109388,1789.0826971592555
STARLINK-32193,60428,-3606.0380768528976,-2016.455723526522,5445.751442100586
STARLINK-32242,60429,-1773.651661099206,-4017.364627864026,5251.568542782381
STARLINK-32196,60430,3912.80210135508,-5592.835667042535,458.91761984235484
STARLINK-32232,60431,-3637.7185729070084,-1982.2097284338008,5449.498753229879
STARLINK-32246,60432,1966.9968915732782,-5865.61671937092,2940.3274822222993
STARLINK-32183,60433,2933.154845331915,-5878.002523564294,1946.0989055553061
STARLINK-32233,60434,2186.87059847625,-5943.535797926836,2578.762593791663
STARLINK-32222,60435,5283.486106103609,-2375.063420464909,-3647.220607627443
STARLINK-32229,60436,4125.76370263213,1175.0254437832273,-5335.896918910573
STARLINK-32241,60437,-966.0881113319404,-4685.142403905505,4880.706175008758
STARLINK-32240,60438,3374.145355735382,2328.12025521137,-5483.650854678631
STARLINK-32231,60439,3106.6388436617362,-5890.218134126258,1558.8325201233322
STARLINK-32195,60440,1495.1189227268694,4306.495616502662,-5107.94003294768
STARLINK-32177,60441,-2634.968936465528,5967.634024187373,-2070.263986895282
STARLINK-32252,60442,2484.405496096182,3387.0534683046803,-5406.442638543812
STARLINK-32237,60443,99.5077967836096,-5326.642958129664,4282.010234803223
STARLINK-32249,60444,5250.650572518686,-3421.450989752037,-2751.4689609155803
STARLINK-32228,60445,-5125.7391324291775,3924.46456415594,2256.3709889105444
STARLINK-32247,60446,-3071.970217682091,6118.332650804601,-348.94300606752404
STARLINK-32101,60447,-4220.767609898598,5383.606434285881,97.79554477656858
STARLINK-31844,60583,-5926.500974588226,-1988.993032321376,-2806.8575148267646
STARLINK-32204,60584,4941.571119851618,4655.368129501566,-855.2495707998555
STARLINK-32130,60585,5804.980264526521,1573.2277292124033,3277.3816861214686
STARLINK-32173,60586,-4603.862985301124,-4860.099566833758,1402.4287090476116
STARLINK-31911,60587,3232.1238868724217,5282.781340137538,-2914.293883083083
STARLINK-31994,60588,-1599.8368814359242,-5173.6232632844185,4170.581283062179
STARLINK-32169,60589,1574.3751923513178,-3939.4991395334464,5372.515651827767
STARLINK-32209,60590,-5956.241847060905,-2803.5009579786047,-1872.3260515393508
STARLINK-32170,60591,4135.214268054139,-1661.206041423099,5197.063480927574
STARLINK-31497,60592,-1404.031760814568,4015.297760123096,-5364.717846391741
STARLINK-32161,60593,-2539.2178802177054,3238.654845870194,-5471.529227852721
STARLINK-32210,60594,5434.265851092953,294.3936673640143,4135.8101552467215
STARLINK-32202,60595,2184.1823814337026,5353.570755203199,-3679.3853666979808
STARLINK-31930,60596,5853.4118931017865,3272.1020230363306,1347.437255707444
STARLINK-32162,60597,2688.4437706088747,-3116.31581723539,5469.899486115308
STARLINK-32208,60598,988.3540462564561,-4293.359854352266,5239.684040383296
STARLINK-32165,60599,5211.322147836826,-43.204509869270716,4441.460871499675
STARLINK-31923,60600,5113.185478503443,4549.599192313369,-377.9485046293154
STARLINK-31988,60601,5512.82318792456,4043.2930091985254,257.1901064689386
STARLINK-31983,60602,-5173.150500335058,263.5331893396696,-4476.555619665099
STARLINK-31874,60603,2153.94147955453,5277.618319834176,-3790.60404553476
STARLINK-32039,60604,-5323.163945923172,-424.14688257040314,-4303.479880774306
STARLINK-11247 [DTC],60720,1575.6916150244692,-3908.3226900871514,-5264.539445512822
STARLINK-11259 [DTC],60721,4447.272211933973,-2971.7772524260768,-4104.9273640820875
STARLINK-11188 [DTC],60722,6286.702692849083,-1364.1292280288437,-2012.4884419624036
STARLINK-11272 [DTC],60723,5561.388100175015,2352.7088281421125,2980.7333400666844
STARLINK-11261 [DTC],60724,6692.953343632833,556.5429746686544,544.5804768772499
STARLINK-11263 [DTC],60725,3151.459241900213,3608.8372082178644,4727.866451184921
STARLINK-11235 [DTC],60726,19.30670394270923,4037.9195023378466,5384.3096181374185
STARLINK-11080 [DTC],60727,-3117.8316975576035,3542.873968708362,4800.06788396108
STARLINK-11249 [DTC],60728,-5537.831327481462,2237.86266540318,3110.9401244300934
STARLINK-11146 [DTC],60729,-6687.642603879985,423.20076995199344,706.9893173062808
STARLINK-11255 [DTC],60730,-6309.048670148853,-1484.683330071996,-1852.2601154815266
STARLINK-11254 [DTC],60731,-4479.451129030147,-3064.154052388664,-4001.1840711200857
STARLINK-11266 [DTC],60732,-1635.1614695161863,-3938.2604387775664,-5223.776088971862
STARLINK-32253,60733,-1277.2861325411143,4036.2658919533937,-5396.115695852245
STARLINK-32179,60734,-4564.313790238955,-3107.9161330008055,4050.2294585084965
STARLINK-32289,60737,3233.7935891764237,-3592.9821895647,4848.605383468707
STARLINK-32304,60738,4895.160439009725,-2833.4863239796337,3861.0191296261105
STARLINK-32235,60739,6109.865617378726,-1811.865896405684,2513.697343347297
STARLINK-32315,60740,6759.52918242169,-626.697829069413,937.89244132619
STARLINK-11242 [DTC],60903,-6488.982007831711,-1817.047788214462,35.71272417612825
STARLINK-11256 [DTC],60904,-5265.139772279493,-3411.372672430053,-2467.0822446222846
STARLINK-11159 [DTC],60905,232.51096474225298,-4103.8902392043465,-5345.526038457776
STARLINK-11264 [DTC],60906,3251.0811996529574,-3010.828518762066,-5082.949463518333
STARLINK-11226 [DTC],60907,5527.483793628265,-1234.4855846123194,-3657.7258049853845
STARLINK-11229 [DTC],60908,6542.712181362217,818.5254296614917,-1398.1883781219042
STARLINK-11265 [DTC],60909,-2838.474384331774,-4263.883025217293,-4384.8970118867255
STARLINK-11250 [DTC],60910,6060.459197880737,2690.3601284490833,1190.472617211536
STARLINK-11190 [DTC],60911,4187.546946094686,3942.2437055366395,3501.8451017489174
STARLINK-11225 [DTC],60912,1320.929354244536,4289.761871293364,5015.914381352065
STARLINK-11273 [DTC],60913,-1803.7989730435243,3654.255481033783,5356.3308197461365
STARLINK-11271 [DTC],60915,-6225.96848004442,216.93468084749335,2560.043749688533
STARLINK-32371,60916,4747.184373936789,-2129.241703660421,4444.718803956159
STARLINK-32369,60917,6320.7596149645715,-265.65327132714714,2617.1946964600234
STARLINK-32317,60918,1097.8499579790705,4365.326965026409,-5175.1729070425445
STARLINK-32367,60919,5886.042643215506,3031.20143967942,-1781.6744993597945
STARLINK-32345,60920,1757.8559250195938,4393.193898966901,-4964.841242275416
STARLINK-32356,60921,6642.571893160077,1647.7723072265508,270.4473988711857
STARLINK-32274,60922,-6685.917827468808,-1128.8533273714563,-1009.8767396526819
STARLINK-32373,60923,-4021.6869972478203,2653.48162195,-4881.167340369449
STARLINK-11239 [DTC],60924,5242.354064479063,4009.7194059349345,1353.720521658715
STARLINK-11245 [DTC],60925,-1000.5686651184776,4400.343783158231,-5010.758067636911
STARLINK-11244 [DTC],60926,-5029.0942779769075,-357.24495715848053,-4477.397255252557
STARLINK-11243 [DTC],60927,-3401.6354179110926,2280.7801565188693,-5357.205685964697
STARLINK-11238 [DTC],60928,-5509.5265487257575,-2913.690489871237,-2569.494257834509
STARLINK-11240 [DTC],60929,-4729.0961249655165,-4800.084663532765,-73.02041640023823
STARLINK-11251 [DTC],60930,-2853.903396787035,-5586.492453626183,2451.2629820614643
STARLINK-11204 [DTC],60931,-329.54961584803874,-5085.422462159485,4398.470865682007
STARLINK-11246 [DTC],60932,2270.9993852225903,-3420.1461294998853,5332.903142048891
STARLINK-11207 [DTC],60933,4349.578820051163,-978.5745189550247,5042.377567636623
STARLINK-11237 [DTC],60934,5440.053491992937,1698.1586333618993,3586.0133543916213
STARLINK-11253 [DTC],60935,3879.0882167706395,5375.469028544427,-1218.76984943086
STARLINK-11241 [DTC],60936,1622.2973646859366,5516.587158036724,-3520.548738824699
STARLINK-32259,60937,-5717.3987436798,-3273.290035760299,1881.2875550192389
STARLINK-32262,60938,-3173.9078742916677,3682.0463167541557,4588.692603508074
STARLINK-32258,60939,-5452.269301089361,-782.1713438916391,4047.340935764756
STARLINK-32251,60940,4894.912601790627,4762.5290648455575,400.8154361095997
STARLINK-32224,60941,4592.923349009036,-898.3146353990994,-4996.972265621411
STARLINK-32184,60942,-4223.650768729118,1428.4613617479447,5178.560525618178
STARLINK-32288,60943,-3344.3313036765253,2455.573047338738,5428.842460577948
STARLINK-32276,60944,-2804.8945791634474,-5499.042440828711,-2958.681279710326
STARLINK-11289 [DTC],60991,6088.312698556839,-2567.32333894259,1314.3494227507047
STARLINK-11282 [DTC],60992,-1833.3966542054957,-3662.2414136618127,5340.7182534802905
STARLINK-11283 [DTC],60993,3295.995156650322,3064.964589486781,-5021.348609538271
STARLINK-11267 [DTC],60994,261.17626118519706,4073.907324774821,-5367.245258800748
STARLINK-11269 [DTC],60995,-2826.365779779217,4160.334156162312,-4491.1375544371
STARLINK-11281 [DTC],60996,-5293.676403162479,3291.6128204890088,-2568.4472998739184
STARLINK-11260 [DTC],60997,-4845.360771208111,4557.81086918566,-1087.4129526926383
STARLINK-11287 [DTC],60998,-6523.649116651723,1687.159783980318,-85.12890518720032
STARLINK-11270 [DTC],60999,-6258.708155844587,-337.5291393628288,2461.658749555573
STARLINK-11290 [DTC],61000,-4566.415235256467,-2254.01591961452,4403.011801961396
STARLINK-11274 [DTC],61001,1333.4144481059059,-4240.569956822704,5054.172734791352
STARLINK-11288 [DTC],61002,4204.443343994891,-3842.3968384208783,3591.645567730557
STARLINK-32279,61003,4081.9517837401027,2338.993425291931,4956.518608389387
STARLINK-32336,61004,6255.628650428015,-356.1871535338713,2738.980552996111
STARLINK-32284,61005,2985.1605496976763,3085.290494064852,5316.133770811777
STARLINK-32282,61006,3904.3237404734077,-4422.404249272248,-3473.6905738410305
STARLINK-32360,61007,4840.449489987712,-4743.133824744733,-948.141460298381
STARLINK-32340,61008,5757.2033291922235,572.3204345644683,3641.2588231217574
STARLINK-32347,61010,6172.34729914488,-2916.5780314390586,-462.5121159037171
STARLINK-11286 [DTC],61050,5251.638707821194,3428.550252090678,-2471.0858395048062
STARLINK-11252 [DTC],61051,2823.472617431724,4246.4823534336865,-4411.205109957024
STARLINK-11230 [DTC],61053,-3275.7009058945105,3022.9104095465987,-5060.008861791139
STARLINK-11294 [DTC],61054,-5554.47708886136,1253.6849952068585,-3609.8048928914604
STARLINK-11268 [DTC],61055,-6558.368193697527,-794.8879543048112,-1337.0879212651425
STARLINK-11156 [DTC],61056,3409.025512081695,-2954.231191842831,4998.76356083668
STARLINK-11231 [DTC],61057,-4176.334334831887,-3956.562771288972,3499.6159118616483
STARLINK-11299 [DTC],61058,-1337.2380475709379,-4300.36688761957,5002.119084415199
STARLINK-11154 [DTC],61059,1804.7566249926858,-3660.5317365993665,5351.49447127108
STARLINK-11297 [DTC],61060,4535.301395849751,-2183.942330355928,4469.751059355616
STARLINK-11233 [DTC],61061,6228.6309323494725,-204.143207646801,2554.400748916741
STARLINK-11236 [DTC],61062,6487.432353661577,1823.2229819221714,45.316213262212344
STARLINK-32350,61063,4511.901350554721,-2940.499450612441,-4239.562238503111
STARLINK-32378,61064,1826.4279340899714,-3902.2813704748182,-5331.094004009138
STARLINK-32321,61065,2694.3623767918484,3885.176047271118,4952.019571353494
STARLINK-32381,61066,6767.175123848549,892.3084978131319,614.0285194717926
STARLINK-32385,61068,-4015.4528579548587,-3476.7211929667455,-4332.428833850139
STARLINK-32380,61069,-1214.4110028137854,-4092.583549218235,-5362.749144631049
STARLINK-32375,61070,4459.0962310227505,3295.6128198713513,4018.7468374573273
STARLINK-11209 [DTC],61200,-4609.144415351911,-929.3667079226213,4817.123455431618
STARLINK-11257 [DTC],61201,-4689.649877772254,-3683.1949106824,3129.576821679018
STARLINK-11309 [DTC],61202,-3689.668734459711,-5592.518948443304,714.7816196727289
STARLINK-11292 [DTC],61203,-1850.2757945655135,-6211.334982752879,-1853.0995251342679
STARLINK-11302 [DTC],61204,414.58385263904165,-5412.984826959614,-3998.7197397038326
STARLINK-11277 [DTC],61205,4177.645554462082,-568.1523683143556,-5262.802182841625
STARLINK-11279 [DTC],61206,4811.40236097068,2361.1495697185965,-4091.0985124638623
STARLINK-11091 [DTC],61207,2592.6996772985012,-3373.7096036067,-5231.3640756289415
STARLINK-11291 [DTC],61208,4348.9430954721665,4754.956638367416,-1979.528300116384
STARLINK-11304 [DTC],61209,2888.590296388013,6058.563494649968,589.6356902564826
STARLINK-11307 [DTC],61210,736.5179425294727,5996.004725423731,2976.0789625244506
STARLINK-11298 [DTC],61211,-1548.9046945060886,4530.602405871676,4730.973067295059
STARLINK-11310 [DTC],61212,-3471.5317381788786,2039.9234739274975,5392.954779693471
STARLINK-32386,61213,357.64984695031166,-5157.924885121085,4470.170237656468
STARLINK-32392,61214,-4256.170687982947,-5348.120243708718,-313.8431441902448
STARLINK-32436,61215,3104.5853534281764,5949.257988957009,-1341.62727502451
STARLINK-32425,61216,4409.726355201447,-558.6612984986793,5206.714617512176
STARLINK-32342,61217,4666.155387085726,4841.956956463041,1318.466066174878
STARLINK-32423,61218,5031.532305464136,4004.832390031279,2362.650602784544
STARLINK-32248,61219,4109.632148477112,5475.0169719701535,224.5230573892994
STARLINK-11300 [DTC],61243,1519.5806522849343,4473.744326563764,4794.932627901661
STARLINK-11276 [DTC],61244,-824.4733068694741,5914.877460364583,3112.168111643089
STARLINK-11280 [DTC],61245,-4450.597898894146,4713.563061412943,-1850.7278994911167
STARLINK-11308 [DTC],61246,-2978.378223772773,6002.078462517906,712.7257673408067
STARLINK-11305 [DTC],61247,-4903.555562786581,2339.0670817909036,-3993.525540608386
STARLINK-11317 [DTC],61248,-4235.736126366178,-568.9504609218361,-5216.081443263869
STARLINK-11293 [DTC],61249,-2604.8006130528297,-3345.979761950662,-5243.1688018643345
STARLINK-11319 [DTC],61251,1962.2363398125087,-6127.047322177872,-2011.810366676783
STARLINK-11318 [DTC],61252,3801.149591206217,-5541.289668439961,486.0756762452309
STARLINK-11311 [DTC],61253,4827.122705205143,-3636.1905157506,2971.8346274471
STARLINK-11306 [DTC],61254,4712.869170636086,-922.4400720408512,4716.974430743731
STARLINK-11313 [DTC],61255,3519.9537881502,2003.2779013760003,5375.100748537562
STARLINK-32431,61256,3623.5891072097547,-5069.997661361912,-2830.7279640485644
STARLINK-32432,61257,4352.968748204692,-1690.5764291253406,-5006.543574728102
STARLINK-32382,61258,1459.506593345234,5468.738782898446,-3850.26886736442
STARLINK-32435,61259,-3813.705203876968,4628.113803239851,3283.3660261627942
STARLINK-32474,61260,-1007.7133011442581,-5823.570703914962,3436.536610271966
STARLINK-32447,61261,1594.3672899723692,-6642.532481502269,370.42530499496127
STARLINK-32446,61262,-3319.254871639556,5506.858249583681,2328.57140727836
STARLINK-32174,61509,-5597.576752837276,-3738.1604505377336,1215.810697960702
STARLINK-32139,61510,-4796.988740718485,-4615.265088811184,1606.44150596253
STARLINK-32140,61511,3022.158204608025,-2799.1743056297155,-5478.907603652362
STARLINK-32201,61512,-4940.814740386567,320.13950785227036,4710.723856063899
STARLINK-32030,61513,780.7285079370633,-4954.419937077036,-4677.986159973989
STARLINK-31837,61514,5078.463539810768,1574.4187194984418,-4332.354881643074
STARLINK-32136,61515,-3014.7716384513956,2798.226946161171,5466.011102474296
STARLINK-32047,61516,-1420.652102649686,-5936.821360527458,-3113.6957237917013
STARLINK-31756,61517,-3905.3854088113635,1479.975765963161,5423.948915078368
STARLINK-32172,61518,882.1710839527697,-4847.752732190995,-4764.691255049751
STARLINK-32338,61519,5383.930673490999,2646.632510143895,-3203.4897095754163
STARLINK-32306,61520,-5189.483621057923,-2467.1762200737817,3717.924417742166
STARLINK-32297,61521,-744.6128414514291,4952.633715438242,4668.894505274439
STARLINK-32260,61522,-5069.531739269164,-3869.24678942982,2485.8708072179147
STARLINK-32305,61523,2264.02536569271,-3684.1575356893572,-5324.24107234151
STARLINK-32296,61524,4572.909477404,-185.42627672520072,-5102.761351115682
STARLINK-32298,61525,-3455.0908161524635,-5856.408793440427,-835.4317527250183
STARLINK-32293,61526,-5056.5014138414,-1577.7396128419907,4339.468451728811
STARLINK-32313,61527,-4754.4330678129345,-4656.025031578659,1633.1635220889139
STARLINK-32319,61528,-5137.579133659518,-2163.051382207903,3977.8130881841066
STARLINK-32351,61529,5297.155240077222,3287.788979827212,-2855.398466785315
STARLINK-32261,61530,-881.3366927988423,4854.874415376288,4740.164500609962
STARLINK-32358,61531,-2828.444271759335,-5811.823223888636,-2112.5778759592868
STARLINK-11354 [DTC],61532,-1499.0214965775656,-4466.273097998127,4807.816377692119
STARLINK-11323 [DTC],61533,2979.1972624939485,-6001.674849821837,710.6803122398057
STARLINK-11338 [DTC],61534,852.9017722331031,-5915.584693650401,3102.4553975519098
STARLINK-11362 [DTC],61535,4885.545559185491,-2340.17765194198,-4014.9764078744874
STARLINK-11295 [DTC],61536,4448.945746656986,-4701.460658848876,-1883.0014058989545
STARLINK-11325 [DTC],61538,2570.177485288249,3352.9396019311066,-5255.690574539403
STARLINK-11332 [DTC],61539,359.3113268235451,5358.2635815137055,-4077.4161381206904
STARLINK-11350 [DTC],61540,-1934.7723342282393,6152.192323433343,-1964.8237144747604
STARLINK-11357 [DTC],61541,-3836.1359565294197,5511.328954959045,559.3515859549535
STARLINK-11322 [DTC],61542,-4813.747326899291,3640.2516212358273,2988.161220863554
STARLINK-11364 [DTC],61543,-4692.588779342018,930.431311393231,4735.493015028934
STARLINK-11349 [DTC],61544,-3496.8257054720207,-1995.1741965093079,5393.188370218838
STARLINK-32406,61545,-3922.2866051228643,4484.816862653386,-3370.551350207814
STARLINK-32445,61546,1668.8345546679473,-6631.06791708947,-243.49980057609693
STARLINK-32411,61547,465.6795108134825,6189.85308131791,2867.70283141354
STARLINK-32424,61548,-935.7326993191592,-5911.273254718612,-3322.291712738037
STARLINK-32389,61549,3768.3175013989403,1736.403102797874,5444.753607740583
STARLINK-32476,61550,-3209.009710467754,-3074.180321318906,-5208.290901650871
STARLINK-32366,61551,3674.19636702763,-4970.907911006334,2922.7200471724086
STARLINK-11356 [DTC],61574,1619.1860744233238,3943.909978304473,-5224.640406821709
STARLINK-11376 [DTC],61575,-1608.0857647773137,3913.2520080750833,-5251.162722677564
STARLINK-11372 [DTC],61576,-4469.226178583356,2988.1021697004994,-4069.5561317439856
STARLINK-11375 [DTC],61577,-6301.313408115402,1382.1838353260473,-1954.5289342731007
STARLINK-11285 [DTC],61578,-6688.881679885027,-536.7760611731603,607.437346631759
STARLINK-11275 [DTC],61579,-5542.319838020171,-2334.331914382038,3030.801242760467
STARLINK-11342 [DTC],61580,-3128.8102121099696,-3595.6831908061868,4753.221175523765
STARLINK-11374 [DTC],61581,-7.8327763742552605,-4037.963856950114,5383.941136459749
STARLINK-11373 [DTC],61582,3116.483112023158,-3537.82738328454,4804.307108360985
STARLINK-11368 [DTC],61583,5549.283868548755,-2217.199384537366,3104.831148163069
STARLINK-11370 [DTC],61584,6688.354556646235,-405.1270902703082,709.4906049427966
STARLINK-11361 [DTC],61585,6290.1401680023255,1524.5475889277109,-1881.8554890265643
STARLINK-11360 [DTC],61586,4470.337568377979,3076.7344228731326,-4002.169265576347
STARLINK-32353,61587,6421.941049619702,-1236.8398145486863,1999.271914209018
STARLINK-32325,61588,-932.5436423003534,-4055.890742363966,-5436.863155722586
STARLINK-32416,61589,2119.185436870036,3546.240593919402,5442.700194933611
STARLINK-32413,61590,-6331.600907630681,752.8737261969146,-2488.3965627425064
STARLINK-32409,61591,2008.8369115984792,-5283.909947870136,-3861.468300273853
STARLINK-32422,61592,5935.750807780652,-2503.076686501479,2295.760499975235
STARLINK-32397,61593,-735.8100050343479,-4152.757743225078,-5393.104605651742
STARLINK-32302,61621,3891.0052371439187,-5148.558100017052,-2334.5622135901986
STARLINK-32364,61622,-2125.1546404878154,-4565.943028745026,-4664.623519608288
STARLINK-32331,61623,-6511.548904835743,796.7513968547515,-2013.5627468266339
STARLINK-32398,61624,-6407.758491789216,766.754956020538,-2334.660734674897
STARLINK-32365,61625,2520.8529470182534,-5493.904641567874,-3252.407224340718
STARLINK-32333,61626,-3481.077264803988,5155.968592201477,2880.4604706184496
STARLINK-32399,61627,4652.226452979797,2430.5189505338726,4410.948802524886
STARLINK-32421,61628,-5703.024026489017,3787.60046969565,436.8726148680213
STARLINK-32403,61629,-5681.488502368943,-1262.2722681881783,-3639.995010600676
STARLINK-32390,61630,-2148.313769962531,5509.807066782356,3469.7932085449097
STARLINK-32348,61631,-6307.517733020753,2677.355326268231,-354.9815845100259
STARLINK-32455,61632,1188.0256924913176,4934.775131957863,4608.39173970125
STARLINK-32396,61633,-5250.29393943682,4201.09795811481,1355.538714813057
STARLINK-32355,61634,2744.7444609123886,4224.809656142346,4649.355802250424
STARLINK-32370,61635,5489.8817939825385,-4055.12205148046,-705.2730946347044
STARLINK-32405,61636,4657.477304882307,2764.32040881925,4203.700304006393
STARLINK-32419,61637,-4215.158312088934,4987.949764620509,2095.969316009267
STARLINK-32320,61638,6017.287389376189,873.2882448444436,3171.0461033178835
STARLINK-32341,61639,-6414.268822718411,2078.11326886388,-1275.748649916888
STARLINK-32339,61640,6337.384996061581,-2425.8608669863415,1005.6184378595337
STARLINK-32327,61641,245.6368931154349,-5395.950533826623,-4232.402110088256
STARLINK-32264,61642,1461.629947512094,-5746.772569073305,-3247.6887521159683
STARLINK-32337,61643,-4186.547329805912,-3123.4903451775963,-4453.2758016579955
STARLINK-32238,61661,6837.990779587161,61.234493849282984,-474.98036601618287
STARLINK-32310,61662,2255.511268477522,-3811.037438396714,-5231.474267153218
STARLINK-32308,61663,-5492.74284020303,2331.386013708951,3337.713044389462
STARLINK-32301,61664,-6023.220843961869,-2162.56087959905,-2449.286815793078
STARLINK-32439,61665,2049.0243533682833,-3846.963528924072,-5295.824180086726
STARLINK-32428,61666,-6770.797086774001,371.50472531602463,991.4408990580303
STARLINK-32414,61667,6768.920110106888,-355.519491915881,-1026.1251910270755
STARLINK-32441,61668,5411.597997300519,2722.7216729127013,3196.465363871653
STARLINK-32400,61669,-5107.069516037483,2675.1837327191633,3696.8262533220036
STARLINK-32449,61670,2041.3302201414986,3999.2053765532514,5167.821956833777
STARLINK-32453,61671,-5423.341480149063,2312.8097729761353,3485.7896558313964
STARLINK-32443,61672,-6154.444317523248,1579.5845591232608,2560.6938430346795
STARLINK-32417,61673,-3659.691263887487,-3600.8937251084717,-4541.541494401144
STARLINK-32326,61674,-775.8132060919996,-4113.774783180077,-5427.725066742309
STARLINK-32294,61675,6458.417335443392,-1161.7067199458484,-1971.7953344594266
STARLINK-32309,61676,3207.439426071685,3690.3912774067608,4775.050173703202
STARLINK-32323,61677,-2566.7946584084298,-3853.2347369419617,-5043.561025273471
STARLINK-32363,61678,1505.988159200331,-3981.4108557036743,-5362.173790175689
STARLINK-32395,61679,1376.0511693138683,-3978.8890213577242,-5414.728236518251
STARLINK-32412,61680,-6835.263396389693,-435.55882104269455,-83.34272189327677
STARLINK-32426,61681,3321.6954144188976,-3467.8990306100627,-4897.314650122624
STARLINK-32429,61682,-3954.6151116346145,-3490.007224610658,-4372.509669296627
STARLINK-11335 [DTC],61687,-2383.5926961507935,5555.2365312192405,-2985.0241208747816
STARLINK-11344 [DTC],61688,-3633.7005809406073,3154.882249047818,-4723.3534368866685
STARLINK-11312 [DTC],61689,-4059.8444134876327,17.126074703611902,-5384.16421473382
STARLINK-11340 [DTC],61690,-3560.9422666421033,-3107.595790670775,-4809.50918365976
STARLINK-11339 [DTC],61691,-429.73848716400556,-6685.1419291068405,-738.0100656552777
STARLINK-11315 [DTC],61692,-2244.821138706359,-5536.543053454935,-3123.486720880679
STARLINK-11366 [DTC],61693,1495.6584978303276,-6306.940869248483,1833.421027954803
STARLINK-11348 [DTC],61694,3072.538290821846,-4481.95766055485,3974.8875815539227
STARLINK-11327 [DTC],61695,3948.011888137362,-1626.756381807807,5202.411411539787
STARLINK-11341 [DTC],61696,3920.784979809528,1598.2709013857723,5232.145456351216
STARLINK-11346 [DTC],61697,2994.5295088559874,4463.263382930163,4054.9626934134153
STARLINK-11296 [DTC],61699,-536.3092857243541,6690.895373653617,-605.4384286470024
STARLINK-32349,61700,1182.9724115297643,-5312.347700699996,-4173.421350543141
STARLINK-32461,61701,4622.093204711733,3128.9497582815325,-3963.2898922242257
STARLINK-32299,61702,2780.7978217252544,6251.404812371354,4.313553972849367
STARLINK-32387,61704,-4549.394941358895,-3690.1575681698037,3524.4177254056103
STARLINK-32515,61705,-4566.530299412859,-1719.3238751567285,4802.760538307526
STARLINK-32533,61706,-4664.384369323365,-2547.7667496303534,4297.276809437192
STARLINK-32376,61707,-578.9531895756528,-4253.331446164272,-5349.787089177138
STARLINK-32402,61708,-5839.199282392937,1178.5998615866383,3355.483037557911
STARLINK-32314,61709,-6640.722384843361,-1691.7897936828056,-133.6199096335082
STARLINK-32404,61710,6658.399547086378,422.58518546593183,-1579.5626165202586
STARLINK-32312,61711,-4309.995076305736,-3858.90543152077,-3682.976392858875
STARLINK-32343,61712,4327.111028669654,3863.205658009946,3641.1186973739773
STARLINK-32467,61713,-2884.251133661572,3327.582672615897,5225.560941058671
STARLINK-32440,61714,-6679.411140845246,-548.9733543614324,1367.3565318178994
STARLINK-32459,61715,-6076.337310902872,876.5977616592781,3036.9875876072438
STARLINK-32465,61716,4718.511327647317,3693.29343514996,3294.2872605403218
STARLINK-32457,61717,-6669.463769649049,-437.8619630627275,1508.7998088545767
STARLINK-32591,61718,5980.336914259017,1956.7262466584054,2676.0867091760138
STARLINK-32344,61719,6640.382783889206,1696.3589960151746,82.89227717574892
STARLINK-32322,61720,1097.8402292284072,4282.471961707196,5210.590150002767
STARLINK-32469,61721,-6004.352504122782,-2795.7402998242546,-1771.5727109884258
STARLINK-32438,61722,6591.048422672909,1817.7096441737199,256.5792153736734
STARLINK-32540,61723,-4389.068342303899,4281.932833124764,3024.7876716967367
STARLINK-32528,61724,-4042.174480032577,2716.7560101866634,4794.593300969624
STARLINK-32573,61725,6013.281855497541,2799.1236328588448,1718.8203760085316
STARLINK-32478,61726,2581.171692567992,4253.22290438515,4703.109422218401
STARLINK-32511,61727,-1437.069917531183,3862.615893980089,5465.733961876458
STARLINK-32475,61728,-4942.553911168265,2085.829485952128,4255.5483511234215
STARLINK-32442,61729,-3343.8982868374446,3117.5376297260364,5095.830962418282
STARLINK-32362,61845,2497.818659281527,-4415.339304460278,-4622.151618864836
STARLINK-32472,61846,1540.426722373466,5932.958015712473,3074.414197460214
STARLINK-32352,61847,4821.030069771913,-2030.207650564367,-4443.002929283051
STARLINK-32427,61848,-3253.897361055911,-5738.940930581962,-1889.5206667731893
STARLINK-32346,61849,-4887.599350082136,-4810.72160463596,-210.64971362396759
STARLINK-32330,61850,-1047.806636111806,5549.645823698932,3888.63876248533
STARLINK-32379,61851,5843.4640053924095,122.21193847844106,-3597.675881683356
STARLINK-32433,61852,1065.5033420698926,6224.730973845657,2674.407551745175
STARLINK-32394,61853,2401.080554684833,6207.689489128766,1658.39499389678
STARLINK-32486,61854,4132.2410834596985,5476.605178584741,-56.05499513618609
STARLINK-32391,61855,5283.596938719061,4019.401851681281,-1737.8583841699426
STARLINK-32483,61856,5730.638903559374,2010.4016609826688,-3196.6486268476983
STARLINK-32451,61857,4350.552629772495,-2515.2378317447724,-4675.265681540832
STARLINK-32556,61858,5405.344435072582,-268.13957565781567,-4221.612521510639
STARLINK-32466,61859,3310.6130602467347,-3841.8605789105527,-4625.1871263038975
STARLINK-32316,61860,5021.529222222594,4601.017120789818,-835.5945560316221
STARLINK-32415,61861,-702.973932874255,-6186.079954032201,-2887.3106144038125
STARLINK-32393,61862,1401.526323640565,-5375.070080901596,-4031.434593378677
STARLINK-32324,61863,-4340.071819915394,-5301.330513679159,359.5651210082498
STARLINK-32318,61864,-5691.655490265487,-2359.5982023718398,3010.377069881582
STARLINK-32401,61865,-5494.2507171055595,-116.74224724812228,4098.403467796507
STARLINK-32588,61866,-5387.595138275021,-3732.5836544030785,2021.8005729743431
STARLINK-32569,61867,-4561.6826286255755,2156.9768465372745,4642.216690075443
STARLINK-11402 [DTC],61874,-2615.6163535148075,3392.4883979799315,-5207.391906843447
STARLINK-11316 [DTC],61875,-426.14608056656186,5402.897316047372,-4011.253443611494
STARLINK-11321 [DTC],61877,-4813.5646029221525,-2367.1743059859405,-4085.046264443396
STARLINK-11314 [DTC],61878,-4337.913456469583,-4758.509089871873,-1993.9168433141785
STARLINK-11324 [DTC],61879,-2862.586400215536,-6072.69868501189,572.5207089543052
STARLINK-11328 [DTC],61880,-742.4438313562655,-5988.360647555487,2989.153185824031
STARLINK-11329 [DTC],61881,1564.4747749382009,-4524.896041437523,4731.6187186490015
STARLINK-11398 [DTC],61882,3499.611335786159,-2038.1998686013183,5375.116831519162
STARLINK-11383 [DTC],61883,4721.3250675330455,3676.756351690804,3089.075497222737
STARLINK-11359 [DTC],61884,4644.796545415909,932.4503861317403,4781.987461147126
STARLINK-11301 [DTC],61885,3716.6317884702853,5578.701812042338,683.2847725965205
STARLINK-11351 [DTC],61886,1858.5971476066134,6201.163842308438,-1880.3813068016746
STARLINK-32410,61887,-5183.157825331097,-4444.399019562591,-444.33770934228744
STARLINK-32377,61888,-4472.139862845214,-4940.639555597084,-1556.6209489218202
STARLINK-32292,61889,-5226.37010201579,97.92201679372108,4403.449113985032
STARLINK-32501,61890,2025.6992231923518,5260.151516264154,3867.0922055877663
STARLINK-32383,61891,-1543.4596455891608,3906.01002560349,5390.063581534034
STARLINK-32239,61892,1015.7014187449121,5115.0683460907385,4418.407045736969
STARLINK-32489,61893,-1440.2437708857021,-5151.448615612629,-4272.23719644825
STARLINK-32303,61912,-5012.530739129615,-150.5710581243863,4675.1556176794165
STARLINK-32434,61913,3997.4166956790755,3704.627148261204,-4174.330862347571
STARLINK-32460,61914,4763.663397282465,-2716.4524378467477,-4123.915915673713
STARLINK-32559,61915,-580.2276304020401,-6707.7789921894555,1315.692104436184
STARLINK-32541,61916,2583.9177031433373,5406.806268996987,-3345.569162863384
STARLINK-32544,61917,-3797.906829333092,-4065.208360938637,4007.1081206418794
STARLINK-32555,61918,5074.794595952205,-1348.3051399872793,-4416.4016955087045
STARLINK-32547,61919,4527.086632324588,-3463.2310153804533,-3818.3224323258714
STARLINK-32616,61920,-4084.842174661603,4437.872470528691,3261.1687851373845
STARLINK-32605,61921,-2346.2279581007683,-5777.782944941346,2854.8827430448923
STARLINK-32579,61922,849.1487811033985,6525.482907951879,-1945.8613481017755
STARLINK-32537,61923,4830.061853900256,-2923.331551684595,-3904.3481459251025
STARLINK-32564,61924,4873.197851795432,1165.8896685298391,-4689.49206976655
STARLINK-32536,61925,3914.382467856273,-4955.037286567939,-2689.5553872132414
STARLINK-32624,61926,4977.363734712494,568.532330140601,-4691.264809751927
STARLINK-32622,61927,4239.638411855648,-4127.736352725749,-3474.644287538587
STARLINK-32620,61928,-4863.249434279642,2316.6993631617547,4241.565332902019
STARLINK-32609,61929,-4491.257285375733,-2597.2265034662005,4481.289273099425
STARLINK-32567,61930,-2662.8660450838806,5959.621454172183,2103.9990265324
STARLINK-32420,61931,1264.1715114746307,-6731.84937694008,-402.12607381422845
STARLINK-32354,61932,4000.746737779548,3533.138583059117,-4313.633458199715
STARLINK-32361,61933,4622.872395025865,2208.699450430523,-4568.046395403785
STARLINK-32500,61935,-1032.1084714662188,6777.646338366648,-255.35477084154823
STARLINK-11407 [DTC],61939,-4264.767279916321,-1336.102395254675,-5048.718682317054
STARLINK-11337 [DTC],61940,-3866.9651832754,-4187.3127169907575,-3600.3862191605876
STARLINK-11353 [DTC],61941,-2588.6098339390223,-6079.579438554574,-1328.6673373660215
STARLINK-11320 [DTC],61942,-669.3067740511735,-6593.188867797706,1204.7007216862537
STARLINK-11425 [DTC],61943,1358.188093914918,-5582.248499371795,3507.935792512165
STARLINK-11422 [DTC],61944,3080.1540072863777,-3279.600518354966,5005.629448236617
STARLINK-11421 [DTC],61945,4084.3235185084272,-255.02473722334557,5342.536725750453
STARLINK-11410 [DTC],61946,4163.685196442999,2853.991113684059,4452.9667225078265
STARLINK-11390 [DTC],61947,3290.5537552028973,5298.323645139339,2541.622924861709
STARLINK-11414 [DTC],61948,-3691.3431407550856,1822.0408202918034,-5340.584695664781
STARLINK-11424 [DTC],61949,-2278.897258806657,4563.147449557101,-4409.642054240944
STARLINK-11423 [DTC],61950,1662.1736142871182,6529.25904845128,42.995016933483654
STARLINK-11395 [DTC],61951,-345.76219268076807,6264.624868686223,-2465.4034472155545
STARLINK-32572,61952,-2295.3529210581123,-6066.573140479845,-2221.461864485757
STARLINK-32585,61953,-2054.5124062742952,3720.347082073907,5294.7528535327265
STARLINK-32574,61954,-3128.7689662851203,2590.0905592943304,5440.0093948617405
STARLINK-32583,61955,5082.066316073598,912.1755334299401,-4427.649118327072
STARLINK-32273,61956,-4255.336746165944,-5349.487078813089,480.2722610508209
STARLINK-32359,61957,3798.5116233516533,5561.215133266411,912.1433085674772
STARLINK-32566,61958,-5337.616023930161,-3360.0252062894897,2525.32402030492
STARLINK-32499,61959,-6163.974108707224,2428.0210995190196,1771.7322026834402
STARLINK-32372,61960,-2524.282114729805,4766.742263694014,4231.825756646929
STARLINK-32452,61961,4221.690587173914,3578.5948309455057,4048.0896730564364
STARLINK-32458,61962,-6689.135351776511,771.8286407968341,-1321.7558866387592
STARLINK-32487,61963,4322.775551065239,-4053.7649797020863,-3461.791304811106
STARLINK-32513,61964,-2727.7675322103482,-4296.608809597063,-4603.778610423413
STARLINK-32514,61965,5862.412706754344,2022.6260312378358,2928.3151280564425
STARLINK-32498,61966,5409.73107909856,-3850.113568487428,-1736.002505355106
STARLINK-32518,61967,-2422.288900465559,-4515.984199879692,-4565.07205369897
STARLINK-32471,61968,368.2835329846437,5024.8276288896795,4649.3735579953445
STARLINK-32450,61969,2782.1784363773095,4364.515897055795,4498.836774544036
STARLINK-32613,61970,-5920.675956671054,-2336.9966537718055,-2564.8765894052945
STARLINK-32610,61971,-2070.1505057089685,-4723.3140720962965,-4529.107982678973
STARLINK-32612,61972,-4280.820905807408,-3783.932673233087,-3802.897841418907
STARLINK-32601,61973,-4660.1108846626275,3861.1002309960863,3224.037107658833
STARLINK-32593,61974,-6826.475379839953,669.4166453395223,178.5400247053591
STARLINK-32586,61975,5944.617029986026,-2712.536176242824,-2095.9978392076973
STARLINK-32611,61976,6774.904401183024,-992.6595166419393,-434.57785435134883
STARLINK-32607,61977,443.0772328794174,-5033.075818591882,-4645.660565612194
STARLINK-32606,61978,1616.682374525132,4819.700205928496,4596.863953053463
STARLINK-32578,61979,2439.5386747820035,4603.556084538174,4456.639074690376
STARLINK-32517,61980,-6766.765950432916,-575.1357068668115,-978.2674059712361
STARLINK-32522,61981,6685.452478878128,851.9679335164719,1277.020048176168
STARLINK-32560,61982,-54.817198461935725,5025.91590777095,4661.557169372412
STARLINK-11433 [DTC],62008,-822.9526285402137,6552.922397509534,1327.8557627378304
STARLINK-11262 [DTC],62009,-2189.10292942019,-4537.677492366466,-4480.402919601574
STARLINK-11326 [DTC],62010,4254.473784393681,-2830.0280666761037,4382.234044951848
STARLINK-11330 [DTC],62011,-209.06428503639134,-6223.7116388693885,-2580.1100442465663
STARLINK-11363 [DTC],62012,3015.5105673658613,3279.3189334617514,5044.842963957797
STARLINK-11377 [DTC],62013,1236.2024894714034,5553.604600302002,3600.5452852953017
STARLINK-11385 [DTC],62014,1818.7422630365716,-6487.558493768472,-86.90185557075736
STARLINK-11396 [DTC],62015,-2699.6332702583163,6045.694385232953,-1260.0373623510798
STARLINK-11393 [DTC],62016,-3955.844098380628,4139.369778377766,-3559.4576871158906
STARLINK-11343 [DTC],62017,3429.6703749876433,-5263.298509244397,2427.1472470131107
STARLINK-11411 [DTC],62018,4105.812127167181,248.6022314052087,5326.423472532077
STARLINK-11404 [DTC],62019,-3677.378617577691,-1804.476770320276,-5356.303551956953
STARLINK-11378 [DTC],62020,-4301.491993327776,1305.7577524852727,-5025.366456997716
STARLINK-32520,62021,2159.892888149274,-5150.102133317377,-3979.8160510706825
STARLINK-32539,62022,-3742.066499367724,-5412.662033202004,1908.1446129188569
STARLINK-32334,62023,-1561.0454470716913,-6653.3802445826905,518.1262917322181
STARLINK-32504,62024,-3815.4847748045513,1689.0075232208683,5426.517020911177
STARLINK-32493,62025,-1868.2086264047157,5388.190364714333,3769.1565769530835
STARLINK-32561,62026,-2132.0925281290247,5147.215586725664,3982.025007897954
STARLINK-32512,62027,-3724.738717681669,-4162.218175504394,3962.2171272769415
STARLINK-32637,62032,2317.43058211358,6455.516244647059,-149.18316551279625
STARLINK-32582,62033,-3037.089321061968,-5900.951734949817,1734.422644460763
STARLINK-32615,62034,-4401.835611034215,-4569.616168888549,2606.3197507228383
STARLINK-32592,62035,-223.3219289973898,6716.892470353785,1373.7720335340944
STARLINK-32225,62036,-5114.643853579341,-2437.6929652895747,3859.7624065328328
STARLINK-32595,62037,-4639.705718431362,2018.808732705852,4625.314694911628
STARLINK-32477,62038,-5250.949963316473,-4124.192262635507,557.5148542572651
STARLINK-32480,62039,-5197.3062590468535,-841.8376469860373,4392.421870880681
STARLINK-32510,62040,4915.613665600617,2466.470739603105,-4105.118653531165
STARLINK-32456,62041,-4734.019784605126,1621.8952484720696,4685.0850875496535
STARLINK-32509,62042,-2023.741373834947,-6554.811663599133,-93.51502382573182
STARLINK-32491,62043,4119.212711046162,4592.631668913392,-3004.415628380348
STARLINK-32577,62044,-4837.106501605023,-2839.4696402895706,3943.1904544792274
STARLINK-32618,62045,-4957.279011768341,-3191.4876889940965,3501.7593990362384
STARLINK-32598,62046,-872.9420477747116,6268.981554101204,2638.9349439594616
STARLINK-32630,62047,-3571.046588840526,4243.708099924821,4031.015085310031
STARLINK-32599,62048,-2052.592334992291,5859.3160672153035,2913.4954019426127
STARLINK-32473,62049,-3130.1340076665515,-6013.452198982176,1052.2341876080277
STARLINK-32492,62050,-1361.3272490068764,-6724.029114433966,40.50270422335154
STARLINK-32496,62051,2784.578381567259,6086.438613230868,-1513.5017769767553
STARLINK-32495,62052,5057.224765419818,34.46787660655906,-4637.945874248955
STARLINK-32494,62053,-4305.563873342849,-4276.844241347073,3195.9665584906033
STARLINK-32408,62054,-1413.4028526607856,-6679.557175763857,-675.5417671942647
STARLINK-32571,62055,-2608.220343853774,5058.639167991756,3823.3943823372174
STARLINK-11465 [DTC],62057,-375.96645349428417,5033.079097998555,4453.433472286915
STARLINK-11426 [DTC],62058,-2944.9244225385705,5505.8311596178655,2520.742168212655
STARLINK-11454 [DTC],62059,1694.6451306931801,-5416.090234294284,-3638.088582117202
STARLINK-11473 [DTC],62060,-3426.5710336556394,-2284.193341034282,-5338.769235209777
STARLINK-11429 [DTC],62061,3983.591813828815,-5258.8330454847555,-1374.6088674131388
STARLINK-11470 [DTC],62062,5361.041767206353,-3894.80130722211,1209.11975164364
STARLINK-11427 [DTC],62063,-965.1741644303295,-4348.187130684611,-5061.83284761112
STARLINK-11456 [DTC],62064,2256.510320254306,3412.8933697486327,5343.761814062981
STARLINK-11474 [DTC],62065,-4816.558349702889,4711.7230744283015,21.921251649466036
STARLINK-11463 [DTC],62066,5504.428740057681,-1626.9564124654862,3518.7941149247213
STARLINK-11472 [DTC],62067,-5621.0216737626115,2792.5856442768245,-2456.643781556791
STARLINK-11467 [DTC],62068,4378.983177939487,1012.296544714419,5009.337565177299
STARLINK-11460 [DTC],62069,-5107.994825708307,302.4838961285221,-4390.165653510114
STARLINK-32604,62070,4015.7920829612262,-4104.216272080457,-3726.859753552778
STARLINK-32553,62071,2357.1686828044744,-6378.495685568428,-760.7511254997207
STARLINK-32603,62072,-2597.999439476293,-4079.6402354670718,4827.961654009705
STARLINK-32444,62073,3963.275085597012,1024.9648405028952,-5488.073064346515
STARLINK-32619,62074,4241.935866357098,-342.06182949180743,-5362.779799033993
STARLINK-32580,62075,-234.46625064461418,-6794.08818668542,866.2968784359679
STARLINK-32617,62076,2560.307781226801,5096.513028840938,-3807.726052735144
STARLINK-11384 [DTC],62088,3551.233149825782,4254.032731239074,-3829.32957463305
STARLINK-11379 [DTC],62089,254.10095427620465,4931.208341242689,-4581.947035922973
STARLINK-11387 [DTC],62090,-3156.414567622711,4304.110969980747,-4115.491431425063
STARLINK-11389 [DTC],62091,-5693.544055261124,2538.21077046397,-2552.470788878394
STARLINK-11388 [DTC],62092,-6730.598863415705,-38.82681706366511,-177.91702426902995
STARLINK-11345 [DTC],62093,-5969.470025026003,-2368.3776126548246,2021.5203094271508
STARLINK-11381 [DTC],62094,-3597.031258706763,-4214.975738727752,3818.748985081121
STARLINK-11369 [DTC],62095,-271.5123783875389,-4923.92771104813,4577.924647550369
STARLINK-11303 [DTC],62096,3278.1095591324984,-4255.513336197045,4051.4593659907678
STARLINK-11367 [DTC],62097,5725.328318590462,-2513.8291217987157,2489.3934793480266
STARLINK-11386 [DTC],62098,6729.186731787645,-53.19434495567429,215.30867072561063
STARLINK-11380 [DTC],62099,5946.13851059486,2383.3201612175976,-2080.4508543307797
STARLINK-33566,62100,6038.085532682477,2684.0161272197906,1839.229338186314
STARLINK-33545,62101,-6027.276329423917,1180.8344569092276,3051.131352030088
STARLINK-33562,62102,-172.77632022054266,5139.839126584513,4533.478928000403
STARLINK-33554,62103,-6635.743843605133,-746.5749340901203,1568.9923597760928
STARLINK-33555,62104,6587.007905285855,428.74105542390885,-1873.469523498173
STARLINK-33559,62107,6460.282977559832,2301.0428348965197,-198.44754306956622
STARLINK-33553,62108,3719.872784328469,4910.531398271457,3011.4230560674205
STARLINK-33556,62109,-4607.272159496671,2959.9153839130618,4127.757061394443
STARLINK-33551,62110,5461.913906167588,3865.8054469681883,1507.0662659726468
STARLINK-32311,62114,5311.713517229918,-152.9332370643563,4331.008312785591
STARLINK-32470,62115,5815.183549231136,-2830.1519064247145,2281.5707603064907
STARLINK-32502,62116,-3888.96761620494,-3194.76653590738,-4667.504835658189
STARLINK-32521,62117,2940.747425996292,-6054.336960816504,-1334.123166201632
STARLINK-32549,62118,2303.1470599233216,4659.010754868254,4467.927118670087
STARLINK-32535,62119,-5814.176496374605,1760.4051841801215,-3194.0799334162243
STARLINK-32548,62120,-5208.2152723525805,4386.916292295696,-847.2632731558866
STARLINK-32525,62121,5027.6761812731975,1497.878111752576,4412.737030955324
STARLINK-32628,62122,2286.6428197608725,-6088.960630753487,-2191.1994940201666
STARLINK-32626,62123,-5883.0481792584915,1131.529035677218,-3347.2974847392757
STARLINK-32608,62124,5014.4075216489755,-4643.275452554414,600.3944752122138
STARLINK-32488,62125,-3838.555040851102,5618.737874170013,868.134006450517
STARLINK-32490,62126,3562.3626779079227,3547.373909472793,4658.915466335406
STARLINK-32557,62127,2325.9807870627237,-6341.388672673941,-1209.0165514985583
STARLINK-32568,62128,-5226.220983464085,-1124.2651162824786,-4302.289032524526
STARLINK-32462,62129,-4700.900641992302,-2011.3306440062818,-4576.100053921672
STARLINK-32463,62130,5811.598966156497,-764.5524353304149,3557.8044084423823
STARLINK-32550,62131,-5875.181631839807,2557.760354406209,-2452.108708661164
STARLINK-32507,62132,205.12461628066913,5774.1312113339845,3693.7530220701547
STARLINK-32245,62133,-2011.2514961440627,-4862.818656014984,-4406.007343355631
STARLINK-32546,62134,-5618.423886342772,253.35074131782025,-3928.852436413944
STARLINK-32545,62135,-1943.3205654328876,6094.872919799195,2472.0740620242154
STARLINK-32554,62136,3516.4729983708285,-5779.656962176379,-1142.8258275810324
STARLINK-32570,62137,162.35335816725467,-5880.829767543484,-3533.7337064708736
STARLINK-32529,62139,-3047.7071799385712,-4050.456043153868,-4625.605482601437
STARLINK-32464,62140,-6145.91765026828,-601.1979776834436,-2993.1774721781526
STARLINK-32482,62141,3997.9180919774108,3354.235085690746,4444.114953502745
STARLINK-32454,62142,781.0902331575296,4991.987922026921,4633.418120846776
STARLINK-32485,62143,-286.17036475094267,5253.403104977255,4394.825700118559
STARLINK-32388,62144,-1696.2734977387195,5225.287877908825,4101.971161659118
STARLINK-32374,62145,2412.696428938886,-5381.867959345862,-3509.723456290833
STARLINK-32384,62146,1635.100454026354,-5428.638652030957,-3868.1108308093667
STARLINK-32295,62147,-4380.34855738927,-3039.991192477031,-4320.800582671885
STARLINK-32479,62148,6185.860274939448,-2964.675067279569,63.01085802892189
STARLINK-32468,62149,6401.819901424473,-2380.4952893850163,640.771009148727
STARLINK-32629,62150,-4735.547734810642,4601.070895492252,1859.489869830352
STARLINK-32644,62151,-3740.849540081519,-3573.068677188628,-4508.981179183535
STARLINK-32623,62152,5292.537635301517,2176.3202983155875,3775.7079077043913
STARLINK-32639,62153,-2298.609494344575,-4470.763102618471,-4675.156698007228
STARLINK-32625,62154,-5840.259939331052,-1223.0307602114856,-3391.2702874219303
STARLINK-32635,62155,3117.9334949505233,4091.374391477659,4532.098190789827
STARLINK-32532,62156,5613.118413037192,1560.848944291081,3613.3215826749897
STARLINK-32503,62157,-3920.5167958514535,4750.60488674151,3015.621131247968
STARLINK-32508,62158,5480.291926876776,-3984.4379209528674,-1080.4822995248137
STARLINK-32524,62159,5858.920092007447,-3462.520129081545,-869.9721879580233
STARLINK-32484,62160,-5436.747683620499,-1854.1130941562647,-3756.682970208844
STARLINK-32497,62161,6386.013200768721,220.92893149672963,2489.559180927086
STARLINK-32526,62162,6577.46055031417,-1742.273886243465,869.2216125376235
STARLINK-32523,62165,803.6444791795611,-6751.2952346254315,-1459.1678574880605
STARLINK-32551,62166,1269.3421120754915,4026.591551582546,5516.254382059117
STARLINK-32506,62167,-2596.6011411428326,1056.9257343276126,-6364.385659500298
STARLINK-32562,62168,2697.316304411939,-3568.4228640619026,5314.404014220167
STARLINK-32558,62169,1729.3371427570812,-6646.067046872993,1078.9425596863653
STARLINK-32538,62170,-1261.7095706102648,-4025.0171101433707,-5529.552682518534
STARLINK-32257,62171,-1717.370123534644,6645.7490853194295,-1110.51180315027
STARLINK-32407,62172,2087.4237032956376,1605.1327300538744,6426.575219664662
STARLINK-32575,62173,-1785.1018056123464,4878.147698986656,-4623.774683371646
STARLINK-32552,62174,-789.403653572449,6755.319656769434,1436.0956687059586
STARLINK-32534,62175,-2087.013638508082,-1605.1094897859793,-6436.783368361896
STARLINK-32516,62176,-248.59581407742007,-5829.233567473906,-3784.500585610669
STARLINK-32542,62177,2396.9428108369852,-5525.313486162345,3466.925797590183
STARLINK-32600,62178,-1585.1640924764265,-4942.950267042468,-4628.262764178859
STARLINK-32584,62179,2587.235479806574,-1060.2143454576612,6357.2687970721245
STARLINK-32587,62180,267.04315117414905,5837.300929754771,3760.614016067421
STARLINK-32602,62181,1795.4143390422926,-4883.7265813970635,4604.253647356534
STARLINK-32565,62182,-2689.4559514479474,3561.0466159846324,-5334.303129342818
STARLINK-32589,62183,-2716.71340219962,3466.442473073788,-5382.3752421926265
STARLINK-32581,62184,1594.2881189154634,4950.368495008988,4606.992027739318
STARLINK-32686,62192,-4941.556769458546,-1873.0209185784263,4368.28356010035
STARLINK-32688,62193,-874.8054383934884,6694.827145224496,1211.9354150473237
STARLINK-32684,62194,-2427.2619866857676,-6134.903699468693,1873.7724833040877
STARLINK-32672,62195,-4803.706131834638,1673.0944826265136,4594.28196760446
STARLINK-32682,62196,-5588.622433603868,-3083.9970493428314,2509.158937811108
STARLINK-32663,62197,4710.727960240997,-2115.999494907148,-4520.617162196018
STARLINK-32640,62198,-4522.263425681457,-3226.435964108498,4020.6181884737107
STARLINK-32653,62199,1048.9018174082375,6777.298963256895,194.00970368730282
STARLINK-32647,62200,375.5335134963494,6850.2886613186965,48.77369872396007
STARLINK-32667,62201,1157.6926819210933,-6591.145214321753,-1517.583786562772
STARLINK-32655,62202,4642.300686533224,2837.7742908872547,-4182.701001301419
STARLINK-32665,62203,-2611.4209947288236,5698.1747272117245,2781.573690344296
STARLINK-32664,62204,2956.060145548401,6043.968011355572,-850.7954073177604
STARLINK-32660,62205,-2591.0059971512524,-6333.301557114975,494.5741854185591
STARLINK-32448,62206,-646.6039488699357,-6827.572619406638,157.19810703096562
STARLINK-32430,62207,3231.315519102643,5569.117551544313,-2374.3521597839685
STARLINK-32675,62208,-3975.708683529252,3944.613538253097,3955.0702670841933
STARLINK-32671,62209,2864.3835273742816,-5483.405802612198,-2969.843559687764
STARLINK-32670,62210,-4998.12660788623,-826.8073606962557,4619.241767684604
STARLINK-32642,62211,-3853.7804396583583,-4608.15544020403,3307.6935366782313
STARLINK-32668,62212,4400.239859750905,3773.4318833248926,-3668.96207895986
STARLINK-32669,62213,5013.64021308191,395.232121680942,-4667.367072673108
STARLINK-32666,62214,4156.23749136084,-3626.9480386822956,-4082.236407996756
STARLINK-32662,62215,3639.5546557298476,4904.8692819239395,-3125.458043055251
STARLINK-11394 [DTC],62218,2919.0715454996753,-4151.756158437445,-4437.19509826734
STARLINK-11490 [DTC],62219,-154.39332497442368,-4098.872563950878,-5350.436455891207
STARLINK-11466 [DTC],62220,-5549.107256130976,-1401.0900199346747,-3562.1876201805258
STARLINK-11468 [DTC],62221,-6094.188692746248,2525.344114301716,1364.1479288957464
STARLINK-11488 [DTC],62222,-3288.2156020913576,-3075.322685483687,-5019.058073835168
STARLINK-11483 [DTC],62223,1751.8823565813025,3695.9409475732177,5343.297685418285
STARLINK-11492 [DTC],62224,-6591.399791947314,624.2036491742979,-1259.8067918135607
STARLINK-11471 [DTC],62225,4492.9219202895765,2315.152088853555,4446.208927198514
STARLINK-11475 [DTC],62226,6235.138153692278,386.5907703442432,2513.5159668340543
STARLINK-11469 [DTC],62227,5344.300447257329,-3258.7257645446925,-2500.1846427836554
STARLINK-11476 [DTC],62228,-1383.980354419403,4248.334928853995,5032.750988605076
STARLINK-11485 [DTC],62229,6535.338496342311,-1635.1121658445552,-10.7370070855794
STARLINK-11481 [DTC],62230,-4259.084849799288,3789.92234322925,3580.8117308690817
STARLINK-32650,62231,-1230.416627788464,-4363.134407396544,5124.613370530533
STARLINK-32636,62232,1884.7863015543082,3879.6738649577933,-5332.880241655594
STARLINK-32643,62233,-4849.326696069885,2273.4242332469557,4259.410279418755
STARLINK-32652,62234,2934.8546682403603,-5779.226002522563,2219.209187212801
STARLINK-32631,62235,1337.528975931815,-6269.67698114635,2401.9213179188555
STARLINK-32641,62236,379.8222040179888,-5928.682556805725,3407.4210160917673
STARLINK-32632,62262,1219.0162910531508,-5584.2671064712395,3764.516024139472
STARLINK-11496 [DTC],62267,4147.78640129365,4431.888001092525,-2919.6810240956593
STARLINK-11501 [DTC],62268,-4167.211012021925,-4402.016061323709,2926.167651774525
STARLINK-11491 [DTC],62269,-1049.327728721764,-5070.94310869462,4296.467388231993
STARLINK-11479 [DTC],62270,-6539.582960744034,-16.30167794094891,-1608.7487505080373
STARLINK-11489 [DTC],62271,5290.851722194768,-2332.525899462806,3442.4586568944997
STARLINK-11494 [DTC],62272,861.6451847460747,5081.5042406357525,-4335.964766428103
STARLINK-11333 [DTC],62273,6117.171593198613,2683.646464746763,-849.0760060128631
STARLINK-11504 [DTC],62274,-2388.3021351847165,4383.066420662612,-4526.325141262238
STARLINK-11495 [DTC],62275,2387.879422959284,-4370.86276214897,4522.983115313578
STARLINK-11498 [DTC],62276,-6182.074704584309,-2556.3527210702923,766.3919445859453
STARLINK-11484 [DTC],62277,-5149.717349223399,2515.9132888092086,-3539.4305376109155
STARLINK-11487 [DTC],62278,6550.197562976163,138.08235826011193,1547.382532573767
STARLINK-11499 [DTC],62279,1814.0765097509313,-4590.4557046036525,4571.390210584639
STARLINK-33548,62280,563.6052257339171,-5064.3147155523175,-4597.381760108443
STARLINK-33544,62281,6239.668117888161,365.2556570243226,-2831.502092199375
STARLINK-33560,62282,393.6968636922018,5462.417755744697,4129.5437197454285
STARLINK-33547,62283,2926.064510059753,-4160.030025139008,-4608.946168058969
STARLINK-33563,62284,4031.876823510788,5149.370372655456,2066.6151490475
STARLINK-33550,62285,-1930.0307865742918,4656.455512672336,4646.360310473966
STARLINK-33564,62286,5538.184524044834,4026.9496044183275,422.7625280865997
STARLINK-33546,62287,1939.6152785839806,5592.454092719294,3462.1744726112656
STARLINK-33565,62288,-988.2437913413519,4945.41563215124,4643.119211353205
STARLINK-33549,62289,6315.929608744183,2342.4301552321795,-1302.259348600921
STARLINK-32648,62301,865.9511774712894,6578.812032226748,-1673.5234702943035
STARLINK-32594,62302,3549.7247888658253,-4971.269571146875,-3089.0671129366337
STARLINK-32621,62303,-4085.8334252005097,-225.83450437497635,5487.364486753543
STARLINK-32597,62304,2865.1120106494395,4601.2997548228495,-4201.725213356282
STARLINK-32649,62305,618.3842673463125,6128.285409463564,-2985.101504048691
STARLINK-32633,62306,-3249.6622049119774,-2912.6245702923256,5258.375870169301
STARLINK-32646,62307,-3606.6892732071074,-2908.789952437741,5039.8041968850375
STARLINK-32706,62308,-4179.370233851066,3555.968108346901,4075.3127491782116
STARLINK-32678,62309,-3437.915265194727,-3378.9237136476413,4846.525362939234
STARLINK-32696,62310,-2685.7298833660025,6156.84968974738,1289.5334778302158
STARLINK-32700,62311,3397.8433098096734,3490.6045433603167,-4827.827922573794
STARLINK-32698,62312,2946.593174658158,3530.7120406246104,-5071.535169216413
STARLINK-32634,62313,-4027.897623383561,-909.1378827679775,5459.539836452219
STARLINK-32651,62314,-4269.342596841165,521.7294160730017,5313.027669610248
STARLINK-32627,62315,-4125.816699421445,-316.5835067061336,5437.38351870884
STARLINK-32596,62316,-1123.4734853202337,6686.277000726099,-925.0643305206049
STARLINK-32519,62317,882.1195855251829,-6755.709549501513,-717.4227329869702
STARLINK-32527,62319,-673.1144448227163,-6680.819323922707,1367.0683652831626
STARLINK-32481,62320,-2863.978928420094,-4619.9363674772085,4164.9728114042155
STARLINK-32645,62321,-3787.289869990044,-2260.4772430469557,5235.423244462479
STARLINK-32654,62322,-1947.3590835895425,6555.637492654928,190.60190774474665
STARLINK-11444 [DTC],62409,-3320.6486770502174,5804.524726544165,784.419852474665
STARLINK-11493 [DTC],62410,-609.1916580238624,6030.731537310542,2925.5886238078747
STARLINK-11453 [DTC],62411,703.0566253431226,-6066.729015768933,-2837.6844916850787
STARLINK-11441 [DTC],62413,5596.67065871152,-1107.4953107677627,3567.691218681639
STARLINK-11445 [DTC],62414,3407.991806263346,-5770.076081743316,-652.0715494337734
STARLINK-11355 [DTC],62415,5192.890910374731,-3923.5135627598697,1707.7606767604418
STARLINK-11446 [DTC],62416,2163.2056855118985,4761.410034753443,4232.204619093268
STARLINK-11428 [DTC],62417,-5608.147313781255,1041.8489051750535,-3581.8798955134466
STARLINK-11447 [DTC],62418,4517.489253792569,2089.9259326328884,4525.411927682894
STARLINK-11434 [DTC],62420,-5212.305229851363,3919.722799704292,-1678.0108467721757
STARLINK-11461 [DTC],62421,-4538.344953876599,-2074.2552807422153,-4524.820945200717
STARLINK-32692,62422,-6015.506886122927,929.3131181268168,3158.057909795252
STARLINK-32680,62423,-5731.029363741412,715.7749864735704,3695.1829441101218
STARLINK-32638,62424,-2809.326711435198,5729.109126143318,-2526.6241335489894
STARLINK-32283,62425,2656.385617109243,-6170.650961771086,1385.5513372699702
STARLINK-32676,62426,3203.537484808599,3906.4067637445146,-4646.7699944257265
STARLINK-32659,62427,-4081.2012205689343,5502.796503086971,-371.174773670889
STARLINK-32614,62428,-5273.088199144779,-1255.384447797762,4198.153456607896
STARLINK-32418,62429,1270.3740417630238,-6154.190961210498,2747.0315430096057
STARLINK-32702,62432,3729.2247434528904,5604.745964895075,1278.2931367925457
STARLINK-32712,62433,3938.9267423877072,-1238.82521118649,5459.69298109446
STARLINK-32674,62434,-4637.659054125472,-2028.7669161390531,-4627.707202760209
STARLINK-32711,62435,4482.224115415939,742.8526660763114,5120.983063680176
STARLINK-32697,62436,2606.3487489645195,6339.202366154816,-39.514919418792545
STARLINK-32693,62437,983.7057461043953,-5321.916958407283,4195.372357344992
STARLINK-32721,62438,-509.6934538024105,5814.4957458398585,-3600.05788455404
STARLINK-32709,62439,4120.70399085809,-693.021879931018,5406.35663853322
STARLINK-32689,62440,-4347.701855404247,-4307.026287927607,-3092.679490604364
STARLINK-32724,62441,426.4442033592296,6291.122563949339,-2694.0638296434367
STARLINK-32291,62442,3630.0326104080505,5585.724348953256,1603.716540242455
STARLINK-32736,62443,4616.93682557361,2034.5570924876017,4629.080510337976
STARLINK-32737,62444,-1908.2229500260405,4501.632084376148,-4809.872764572979
STARLINK-32683,62445,2674.3195128842267,6296.95618984788,64.83809000605524
STARLINK-32726,62446,-39.84548142128917,6084.936879385259,-3161.6495314786425
STARLINK-32719,62448,-4597.400653101823,-1759.447521986717,-4761.656633797153
STARLINK-32723,62449,-887.8464049518836,5539.496849701259,-3923.2824005185676
STARLINK-32722,62450,-1422.8267896285306,5102.477341976695,-4356.301217184191
STARLINK-32720,62451,4338.174313853309,4225.8841028757415,3169.321328116884
STARLINK-32656,62452,4567.746733063325,3123.418653299981,4013.52652899166
STARLINK-32690,62453,-2672.5192734260872,3659.601245585966,-5148.698936799286
STARLINK-11518 [DTC],62462,-6436.693610642635,1307.3195449916902,1479.4043432704577
STARLINK-11455 [DTC],62463,-4570.4266956373385,3518.154986407448,3467.420634638025
STARLINK-11178 [DTC],62465,-4909.350761740684,-3466.845165218829,-3040.203023047057
STARLINK-11506 [DTC],62466,-1658.5075614421178,4746.897279607553,4468.88390183171
STARLINK-11486 [DTC],62467,-6568.888649861666,-1209.594791456212,-866.4788551364394
STARLINK-11511 [DTC],62468,4549.253560838166,-3555.982706549549,-3469.329152405657
STARLINK-11505 [DTC],62469,6568.255606096329,1181.674145101676,889.5102646034169
STARLINK-11497 [DTC],62470,1514.9370494922132,-4775.561209120735,-4501.587679324438
STARLINK-11477 [DTC],62471,4889.050690077251,3458.0320982246417,3069.7500091859415
STARLINK-11500 [DTC],62472,1903.6129375007179,4749.63897808539,4367.509873812722
STARLINK-11464 [DTC],62473,-2014.7260528898719,-4741.486924187353,-4340.714288513608
STARLINK-11502 [DTC],62474,6439.603065454694,-1329.2751468890544,-1452.7517314674565
STARLINK-32657,62475,6749.634603998663,720.2959289422023,991.4955604534521
STARLINK-32734,62476,-4672.092153544824,-4127.269770514806,2857.057444321626
STARLINK-32733,62477,532.4164854549696,5103.693298078841,-4558.991812155368
STARLINK-32707,62478,1533.1081827059882,-4792.466960801076,4660.066494884192
STARLINK-32705,62479,-6617.218462203903,-1528.4982812932078,964.9023704008072
STARLINK-32743,62480,-4170.309841847955,3624.6944288351947,-4071.59908414595
STARLINK-32753,62481,4961.4827993336385,3926.1517245513105,-2657.178852031507
STARLINK-32699,62482,5576.535552972714,3548.987852017692,-1843.7477550593812
STARLINK-32713,62487,-3297.9202973143942,5792.816898004141,1621.0986224177154
STARLINK-32732,62488,3519.9069186605284,-5568.824158091613,-1920.9598736359394
STARLINK-32328,62489,3607.0017945499285,4026.188870039025,-4229.105241507378
STARLINK-32332,62490,-1649.2768325537184,6659.294877531322,-83.23599206664234
STARLINK-32717,62491,-4237.1450333602925,-2926.4321832255896,4525.614013283026
STARLINK-32757,62492,1455.4056483831785,6105.030463695065,-2772.336907963074
STARLINK-32731,62493,5143.206748218892,-651.6543266550233,-4498.517333743886
STARLINK-32694,62494,98.92266756183426,-6702.729056719593,1456.5540485228266
STARLINK-32708,62495,-400.47081897163196,6738.367814882463,-1236.4565295598054
STARLINK-32718,62496,1934.687262686527,-6578.125067179862,-243.83863329374816
STARLINK-32729,62497,-1771.8105716750024,-5917.8613644968,2977.71571185849
STARLINK-32739,62498,-4969.353350016679,2716.3178063961577,3869.205548709028
STARLINK-32714,62499,5069.0249339466445,150.4014632785046,-4624.909080963175
STARLINK-32685,62500,3124.1285225153233,4667.4329718272675,-3944.9003752245017
STARLINK-32691,62501,-5092.4480946947315,1933.8709430365354,4164.994920407057
STARLINK-32788,62502,-4998.158159979072,-544.0715582477599,4660.932975256885
STARLINK-32768,62503,1336.4638749676353,-6720.966147317951,333.0246738893515
STARLINK-32792,62504,4635.212582634175,-3800.5095383516896,-3343.161751571869
STARLINK-32725,62505,4327.197084477685,-4460.233500687819,-2912.8512106322623
STARLINK-32681,62506,-2050.0598918689275,6122.44006540441,2312.3863268333134
STARLINK-32679,62507,5061.859759975957,-2288.544654457813,-4031.0053978347783
STARLINK-32749,62508,-3389.3268081208116,-4340.729148523034,4083.183500683789
STARLINK-32744,62509,4400.513649321665,2565.2850021053164,-4599.105683564175
STARLINK-32701,62510,-4495.031961886036,4149.408875116285,3099.231758636752
STARLINK-11452 [DTC],62511,1703.0723967766664,5427.0528088824785,-3608.363009920216
STARLINK-11443 [DTC],62512,-1595.164220242535,-5434.467749472912,3633.824920391396
STARLINK-11440 [DTC],62513,6101.470904756901,-32.73617285822371,2841.6694583021876
STARLINK-11514 [DTC],62514,-1192.5606234970405,4876.530849464037,-4491.325814466235
STARLINK-11508 [DTC],62515,-4440.633155707677,2750.679931989087,-4253.261996645155
STARLINK-11510 [DTC],62516,4445.7115234146695,-2725.2872520276005,4252.950079370532
STARLINK-11512 [DTC],62517,-4508.91273154664,-4679.296948632665,1755.4986136390578
STARLINK-11450 [DTC],62518,4517.100476656267,4690.38542098407,-1715.7697210853596
STARLINK-11507 [DTC],62519,6131.430357918028,2711.3453258735826,632.5665945547647
STARLINK-11482 [DTC],62520,-6156.871975286495,-2657.303693635958,-639.3891223239943
STARLINK-11528 [DTC],62521,1669.4188107480154,-4674.846122074091,4539.7130570929085
STARLINK-11516 [DTC],62522,-1577.718413668199,4719.084789728189,-4540.57151463503
STARLINK-11527 [DTC],62523,-6128.9081629981965,8.405795556713027,-2795.0185103293525
STARLINK-32748,62524,4636.694635472005,4905.0290317077015,1223.322200441726
STARLINK-32777,62525,-6270.48981432771,-2026.3668153502192,1906.64053004299
STARLINK-32741,62526,-3015.996713511544,-5482.0125575790635,-2819.5041461630963
STARLINK-32754,62527,4684.635285175993,-2421.5410626464527,-4392.814253765737
STARLINK-32786,62528,-4943.591169430941,2094.7533535336574,4262.714724433794
STARLINK-32789,62529,1396.2514166624183,-4963.931783029089,-4529.6208247764425
STARLINK-32791,62530,6297.616964230686,1677.0930982350749,-2145.196067991301
STARLINK-32785,62531,-3121.9397072421607,-5570.119718915645,-2513.664975660002
STARLINK-11538 [DTC],62554,1927.6225453911188,5911.131390026673,2579.9158034324932
STARLINK-11534 [DTC],62555,3960.1775294197196,3549.633304773953,4121.993155622928
STARLINK-11515 [DTC],62556,-4611.436499027242,3168.1998726597526,-3750.2629400030205
STARLINK-11478 [DTC],62557,804.7487259625483,-6680.110040034714,-220.71578459005985
STARLINK-11358 [DTC],62558,3124.932357290795,-5591.321003536005,2067.6432131210827
STARLINK-11517 [DTC],62559,-1912.0916990819976,-5907.1964331975205,-2605.602331745273
STARLINK-11519 [DTC],62560,-2689.1554969843237,5972.522588711687,-1566.7728667469808
STARLINK-11451 [DTC],62561,4944.787314004708,195.2948751583723,4559.26033633484
STARLINK-11530 [DTC],62562,-3032.0702465837385,5698.685806997128,-1922.5401746419457
STARLINK-11536 [DTC],62563,4650.571689377857,-2981.25420030402,3840.705748929511
STARLINK-11540 [DTC],62564,-3917.6950156684293,-3618.092387591864,-4114.318612871306
STARLINK-11523 [DTC],62565,-4949.7189374196805,-224.31952733458652,-4563.437698141846
STARLINK-11525 [DTC],62566,-627.5220891766468,6691.4291779901005,433.8036313078574
STARLINK-32752,62567,-5042.591641106665,2890.6642337465137,3638.4737315747484
STARLINK-32760,62568,-3814.9639974964803,5407.214696693466,1804.7776097059634
STARLINK-32715,62569,218.4922153213068,6521.759355086589,-2122.7947498580625
STARLINK-32764,62570,3680.876883459428,3781.609083594425,-4391.265078667668
STARLINK-32773,62571,-539.1446195762215,-6425.808858763477,2336.667262124189
STARLINK-32750,62572,5202.432555918365,-877.5392968360974,-4390.471439899321
STARLINK-32771,62573,3098.2935392302325,-6035.3556023613955,-1027.0401016846427
STARLINK-32766,62574,-4620.747663916042,-1941.6483904803133,4676.80892954829
STARLINK-11547 [DTC],62587,-2025.0721173398933,-6269.382251843481,-1398.3301805107544
STARLINK-11185 [DTC],62588,1936.934053255509,6321.495598485094,1264.8425774450955
STARLINK-11513 [DTC],62589,2901.885128747921,-5229.212961517728,3087.904079319698
STARLINK-11397 [DTC],62590,-4523.912754141293,2386.158482415295,-4381.469822123152
STARLINK-11420 [DTC],62591,525.9648322536121,-6638.146728597226,994.9115946624397
STARLINK-11415 [DTC],62592,-4926.542623870569,-1036.9864756689944,-4476.98487249412
STARLINK-11413 [DTC],62593,-4011.1508669518325,-4215.773328051964,-3393.575406613202
STARLINK-11416 [DTC],62594,-4925.404550310542,171.0741804370535,-4512.266924388273
STARLINK-11535 [DTC],62595,-3005.2458678278485,5100.289163111028,-3209.562396367827
STARLINK-11521 [DTC],62597,4024.631006041234,4209.135564062209,3373.52452437623
STARLINK-11258 [DTC],62598,4924.222924540647,1044.4069899089131,4464.102809964876
STARLINK-11529 [DTC],62599,4513.739053810678,-2423.9462931153234,4360.237982750457
STARLINK-32747,62600,-1573.931397151834,6592.071520079505,1057.2116944073714
STARLINK-32767,62601,2901.404186733385,-5736.286088051751,-2397.943637516796
STARLINK-32769,62602,1228.1529459206038,-6705.678026194125,-774.3298026526148
STARLINK-32778,62603,3581.8003777391855,4579.236518287345,-3645.3453650286647
STARLINK-32710,62604,4622.218143227209,2436.5093560682512,-4449.5689540849535
STARLINK-32742,62605,5013.141634647302,-40.07419250717795,-4686.886594738514
STARLINK-32783,62606,-607.2302238579418,-6766.742446315798,951.5680591444852
STARLINK-32784,62607,-3383.525919285989,-5345.288872488792,2462.998858992273
STARLINK-32806,62735,-6045.5794206082555,3239.6910069890114,-166.30351275935587
STARLINK-32329,62736,-567.2083187941106,-5196.225201783232,-4448.449890812842
STARLINK-32774,62737,5868.684328668411,-3521.307380420463,-479.8005882563043
STARLINK-32802,62738,6129.363098069477,245.86015743223774,3064.3965540007657
STARLINK-32796,62739,5456.609666492328,1592.5291007578235,3833.472228024636
STARLINK-32805,62740,1668.5374449277951,4774.87489501007,4626.938867051697
STARLINK-32770,62741,5043.917571736665,-4479.636173722053,-1253.2529437467317
STARLINK-32775,62742,-1348.3596049225587,-4919.543856679477,-4588.218528159273
STARLINK-32800,62743,2902.1917139872717,4162.915020354243,4608.305961075114
STARLINK-32758,62744,-776.7377937787392,-5079.679965095779,-4549.5580738523095
STARLINK-32746,62745,3851.0228013211854,3404.2364358280597,4536.373022994034
STARLINK-32780,62746,884.730648805271,5082.345053928538,4515.580499069166
STARLINK-32765,62747,-6008.574086728993,-601.4382649816131,-3261.0555346435235
STARLINK-32762,62748,4977.734976907464,-4438.127540789063,-1616.0242682525138
STARLINK-32761,62749,3820.8579694802706,-5061.604565917914,-2619.505272586983
STARLINK-32763,62750,5871.491376442909,-3547.175686924904,-113.56406292180284
STARLINK-32759,62751,-4141.691896275609,4910.965729164945,2402.2077157831864
STARLINK-32756,62752,2498.254551680773,4355.7724474039005,4666.535422008642
STARLINK-32751,62753,-1434.7811817523054,5520.730720601365,3803.995643428158
STARLINK-32740,62754,4989.044751192724,2239.9624415828234,4134.15799294
STARLINK-32745,62755,-6278.9502453491,2665.3333039084223,-741.0991558028218
STARLINK-33596,62758,-2490.8135657446696,-6055.589977547886,2002.1118679232975
STARLINK-33589,62759,-4227.352039704095,-5374.880688006857,-407.0371735031671
STARLINK-33575,62760,2400.017234785568,-3519.157659199148,5342.890086376016
STARLINK-33584,62761,-695.9998962283745,-5682.041411239126,3736.5047876807885
STARLINK-33577,62762,-5126.081386297365,-1542.7654661877177,-4279.72723611747
STARLINK-33597,62763,-5129.922996939865,-3620.579313537498,-2744.5825393951245
STARLINK-33579,62764,-3924.5533956920603,1530.6931036092062,-5407.081029360301
STARLINK-33592,62765,3915.870990992281,5604.479251661719,-278.53599029411885
STARLINK-33595,62766,4538.842902116293,5050.752069088906,828.1990286150914
STARLINK-33572,62767,-1929.6071651672953,4005.6217038065492,-5206.143000940544
STARLINK-33601,62768,3288.8396661679776,-2464.7956358110478,5458.346757007744
STARLINK-33569,62769,-913.2940035287523,4832.905974870685,-4762.102474689313
STARLINK-33594,62770,-2036.386083976125,3911.5342205272436,-5247.328136751547
STARLINK-33598,62771,-5149.048199271372,-1704.127677712506,-4177.270710818211
STARLINK-33600,62772,-5015.772656815529,-1163.2760240434989,-4523.9151222562705
STARLINK-33567,62773,-5107.6831437618985,-3842.4578285516473,-2447.2826304641208
STARLINK-33574,62774,5228.7881659340765,2283.25068635877,3766.1062666231005
STARLINK-33576,62775,5208.016544506371,3356.8753699329523,2891.277008441249
STARLINK-33570,62776,4032.346969004943,-1329.0769793695465,5353.780799418732
STARLINK-33591,62777,1412.8079607511668,-4431.031626601627,5006.899820526243
STARLINK-33573,62778,2178.437515927843,6037.05362002557,-2377.9258518688935
STARLINK-33568,62779,1186.8489780918655,5870.341989601016,-3314.6509408243696
STARLINK-33593,62780,-4772.184132002321,-4696.840213916284,-1412.8320371880727
STARLINK-33588,62781,-4273.543879214993,-5342.823001800709,-18.430656668177146
STARLINK-33585,62782,-5097.542774649435,-3910.2990855478533,-2382.958645644647
STARLINK-33582,62783,-4760.557848493173,-84.58602427247249,-4888.102614963388
STARLINK-33581,62784,-260.0863693364151,-5537.178579452505,4013.36452609721
STARLINK-32883,62806,-4460.006168078316,-5058.742398028138,1142.383014483866
STARLINK-32886,62807,-5790.114418353291,-2969.095224171699,-2120.833292009385
STARLINK-32848,62808,591.3649428108647,-4552.390829083862,5072.651243690962
STARLINK-32787,62809,2561.251659876599,5495.4096407237885,-3203.9735811203045
STARLINK-32851,62810,4768.855746343969,4882.557073215574,-638.2671633298677
STARLINK-32847,62811,-3998.6741345939336,1772.1252947744442,-5282.950725182538
STARLINK-32837,62812,890.9058130964869,5198.443727923486,-4384.142797302688
STARLINK-32855,62813,-5773.393411685151,-1974.013460120983,-3101.873089324695
STARLINK-32843,62814,-5514.9990489592765,-3968.2427811114417,-877.8374238300573
STARLINK-32845,62815,-2553.2798544904945,3243.807668063033,-5477.54079932524
STARLINK-32854,62816,5679.945515309524,1529.017031337614,3508.4408317551456
STARLINK-32824,62817,-1449.0338881910327,4069.8555464991696,-5327.249229454297
STARLINK-32853,62818,-4481.685742853721,1128.0760574578178,-5065.570853520037
STARLINK-32856,62819,-219.58510272906705,4753.07132712593,-4922.965948662566
STARLINK-32844,62820,-1984.0462239921533,-5418.4823622729855,3680.3744917402664
STARLINK-32782,62821,2025.5932570515129,5451.43985798464,-3634.134563500801
STARLINK-32842,62822,-5118.641222069786,-4538.937755431893,42.64591888154094
STARLINK-32852,62824,4388.950777504548,-1231.6948469680535,5107.76775968886
STARLINK-32825,62825,-3548.2095428270063,-5302.245311349704,2494.4508053046384
STARLINK-32704,62826,4842.000687195451,4756.7869040627065,-782.9034390721494
STARLINK-32727,62828,4851.680143766728,-779.2740574854438,4749.392661196225
STARLINK-11548 [DTC],62829,-3823.01245468254,3924.4484138848256,3906.1097025051
STARLINK-11480 [DTC],62830,4594.530190592521,2793.0899680861426,-4057.8474337546254
STARLINK-11559 [DTC],62831,-4490.368207904566,-3063.489547364684,3962.6960211106134
STARLINK-11549 [DTC],62832,1739.7595490452293,-6156.950000477984,-2106.1432736081106
STARLINK-11554 [DTC],62833,-761.1263620910009,-6687.458688430597,194.51457029982345
STARLINK-11520 [DTC],62834,-1742.1563422402799,6136.892771192748,2150.884870699313
STARLINK-11546 [DTC],62835,-4886.91627812891,476.7169340403425,4598.4065102884315
STARLINK-11533 [DTC],62836,4874.414946633658,-652.7490921294934,-4601.735198427174
STARLINK-11557 [DTC],62837,862.6364497639667,6675.533219244033,-241.35486701652295
STARLINK-11556 [DTC],62838,-1337.0403496958736,6349.844172478162,1789.766902840639
STARLINK-11524 [DTC],62839,-2912.3106910685797,-5617.794501424023,2291.236903855994
STARLINK-11551 [DTC],62840,3083.1010928158116,5476.37132174695,-2420.371961428363
STARLINK-11531 [DTC],62841,3858.211336184685,-3897.718959789432,-3911.1031889580336
STARLINK-32755,62842,4387.3228588652955,-2710.255508830594,4515.666516911231
STARLINK-32797,62843,3563.449551896244,-4547.246416294096,3692.194532846424
STARLINK-32794,62844,-5021.966549160954,340.621285161985,-4666.099200129643
STARLINK-32807,62845,-3376.66144706748,4460.540353148563,-3975.0735980000654
STARLINK-32804,62846,226.37583495100944,-6809.527110500194,802.3245077108896
STARLINK-32799,62847,5043.258468181636,91.25379615739216,4644.923823876362
STARLINK-32781,62848,846.7194197211979,-6668.846331475194,1364.3338232402884
STARLINK-32809,62849,2976.9502591617634,5769.216421229037,2211.413730883071
STARLINK-32868,62854,-196.7000852192342,4686.694904492836,4969.757209536975
STARLINK-32867,62855,4245.562718096831,5186.515637262131,1424.6298200983986
STARLINK-32860,62856,3276.3565065525972,5438.833899735329,2539.0619086950333
STARLINK-32873,62857,5417.703711278741,4120.765263380834,-693.8462923923771
STARLINK-32866,62858,4112.334528184501,5177.897278200125,1747.594539735564
STARLINK-32869,62859,4192.7634004166,-1486.066961629175,-5220.135061503207
STARLINK-32831,62860,-2344.6098889806394,3371.8262417246324,5460.603512039051
STARLINK-32859,62861,-3718.38161830868,-5375.197090905354,-2029.675769991996
STARLINK-32864,62862,4173.4591080880555,5205.021071694338,1507.4068097978336
STARLINK-32808,62863,640.5243998221546,-4531.224215474725,-5092.116685180378
STARLINK-32862,62864,5617.721563862544,1319.9946805227016,-3681.8674365984066
STARLINK-32841,62865,5787.4899282187,2362.8853176599855,-2787.4686141731663
STARLINK-32695,62866,2121.331647468182,5366.716374307409,3664.7037463369875
STARLINK-32846,62867,5212.719947506994,208.31839820014866,-4432.7595695676355
STARLINK-32822,62868,2244.192840373393,5447.810358271899,3467.5015807588657
STARLINK-32813,62869,3802.1508754615425,-1959.2240908326073,-5345.93102775466
STARLINK-32861,62870,3202.1082207264103,5382.30336075391,2744.870755912488
STARLINK-32814,62871,-1211.9818536441007,4180.5277273766615,5267.44614492315
STARLINK-32849,62872,-45.62808471950812,4805.400785173551,4858.739631879907
STARLINK-32833,62873,5721.9049242887395,3301.7482018721594,-1786.7129195707146
STARLINK-32793,62874,-5024.9214832659945,-4645.508700713073,-126.90478258642281
STARLINK-32834,62875,1123.5457863159415,5233.8723867179115,4249.9860548457045
STARLINK-11371 [DTC],62879,6067.458470524641,-1375.3656663141012,2567.8286706022764
STARLINK-11352 [DTC],62880,-5088.21840868188,-1556.2998279920266,-4129.393828955458
STARLINK-11382 [DTC],62881,-356.786881053731,5556.46638469899,3778.272789103837
STARLINK-11432 [DTC],62882,5080.285323355588,1578.8743113008745,4119.851894180453
STARLINK-11419 [DTC],62883,-3283.475846913945,5518.559052906808,2019.4086184084072
STARLINK-11437 [DTC],62884,2711.266416695655,4131.369126517121,4565.350179674193
STARLINK-11442 [DTC],62885,185.99298169319115,-5534.398012457563,-3836.7332055502898
STARLINK-11365 [DTC],62886,-2777.195695787864,-4093.156058061411,-4571.526028961392
STARLINK-11436 [DTC],62887,-5393.91029113652,4019.7613323213623,-309.2439612289463
STARLINK-11438 [DTC],62888,-3266.572406003258,-3701.503943404473,-4582.711497263354
STARLINK-11391 [DTC],62889,-6055.903797707046,1351.8225491052285,-2618.9081938314544
STARLINK-11431 [DTC],62890,3238.5063712301003,-5521.982078570437,-2092.2434580975105
STARLINK-11435 [DTC],62891,5415.225052990613,-3989.755895707488,294.54900390818756
STARLINK-32878,62892,3153.3806764222463,-5658.084909391353,2251.3092980994966
STARLINK-32892,62893,1002.5132788306796,-5754.591031408433,3593.3993124152535
STARLINK-32909,62894,-2716.379843981192,-4223.162003406586,4667.646692018696
STARLINK-32901,62895,4772.613595428984,2196.660728600063,-4414.990206926046
STARLINK-32890,62896,-5738.495385451276,-424.4801918997341,3729.103477439975
STARLINK-32893,62897,-4583.488146351454,5026.459906405791,-900.0583176762186
STARLINK-32902,62898,-5776.357788075816,3603.1774607819953,842.3340494817712
STARLINK-32661,62899,5884.610307737871,73.1954112187899,-3531.3695373280825
STARLINK-11552 [DTC],62907,642.6926168625772,5635.8774021196705,-3630.4951491690967
STARLINK-11561 [DTC],62908,-3527.0116124060637,-3455.4284628724618,4573.898793462707
STARLINK-11567 [DTC],62909,5574.369440399852,-2675.507493114188,-2669.9021474597466
STARLINK-11569 [DTC],62910,-5561.217994841862,2640.333638615019,2719.7317269370787
STARLINK-11537 [DTC],62911,-2067.819725481284,6132.513289351596,-1865.8456378273156
STARLINK-11565 [DTC],62912,2007.3926596991032,-6146.2537145449805,1874.4130067967465
STARLINK-11564 [DTC],62913,3537.4315394035857,3445.4485062203703,-4579.75438996901
STARLINK-11566 [DTC],62914,5246.369969322353,470.1742816049751,-4194.277165327708
STARLINK-11555 [DTC],62915,5415.002566788637,-96.6864653927019,-4002.5261887714173
STARLINK-11430 [DTC],62916,4421.475512403667,-5058.202469269733,-460.81146156885313
STARLINK-11560 [DTC],62917,-4408.021731560599,5065.69469485216,495.6720872926509
STARLINK-11562 [DTC],62918,-5251.282873514139,-415.1066185987128,4187.7016542446845
STARLINK-11457 [DTC],62919,-858.3483704259338,-5545.993551599035,3713.519756115321
STARLINK-32921,62920,702.3791073084811,5801.985649504512,3582.991005604057
STARLINK-32917,62921,5660.778756276891,-1265.1968603086598,3655.941849021965
STARLINK-32916,62922,2705.0513159923858,4481.423715840916,4424.492691287887
STARLINK-32905,62923,2971.053338653676,-6108.611570918688,-967.9994032257035
STARLINK-32871,62924,5098.589528210686,1065.459002055291,4456.815042521484
STARLINK-32920,62925,3846.5286674738704,3251.282729818866,4650.111404645115
STARLINK-32922,62926,4503.38251875611,-5124.035909971124,727.1402625289389
STARLINK-32891,62927,1690.5615493265775,-6323.134831141898,-2060.775572013954
STARLINK-32728,62948,-5622.514053062733,796.7719080825997,3805.590055289645
STARLINK-32857,62949,-4586.461155214285,4911.834605157661,-1292.2661367154792
STARLINK-32850,62950,-5127.936582540715,4467.806700581285,-820.9740917893679
STARLINK-32875,62951,-5238.916269022236,4396.182511746382,-203.1596570858439
STARLINK-32865,62952,-6007.421812275197,2858.260834661499,1621.392745069672
STARLINK-32884,62953,737.3070315785659,4386.923958564047,-5204.055335284218
STARLINK-32874,62954,-3734.547399738779,5234.797000276401,-2343.6112965189836
STARLINK-32880,62955,-4251.701795533933,-1626.8568596952778,5107.3485312527855
STARLINK-32815,62956,5518.33067886512,-4028.3782961843303,-360.87585956588515
STARLINK-32879,62957,4263.359754632174,1640.3467645135354,-5110.100138863595
STARLINK-32885,62958,3973.0262901933415,1857.4838190441837,-5256.944270930258
STARLINK-32896,62959,-2314.6861063166975,5165.409300393918,-3871.6361343035783
STARLINK-32877,62960,-5110.92958025563,4469.353709279522,-947.5657826286864
STARLINK-32889,62961,-3889.9088415214496,5049.191915169759,-2528.080555125417
STARLINK-32858,62962,-533.3821576481922,4837.374424439203,-4832.802190499175
STARLINK-32882,62963,-2731.1349494753254,5340.917243182895,-3297.067857790438
STARLINK-32887,62964,-132.07537543576564,-4655.167858659283,5001.743636275025
STARLINK-32836,62965,-5896.602435837429,1837.5556084091554,2933.382538629905
STARLINK-32888,62966,-5860.316325438818,3480.174134489354,715.1911408545521
STARLINK-32897,62967,-5974.999143118915,1920.8233154098737,2713.971208112976
STARLINK-32863,62968,-3235.6392586028664,5188.820008767078,-3092.924720451343
STARLINK-32894,62969,5709.894330071532,-653.8185789889575,-3740.7313111894814
STARLINK-32826,62970,3519.9628795056838,2412.3637993925854,-5369.8505840023945
STARLINK-11543 [DTC],62981,1841.155173631693,-5736.464938299329,2999.278852880872
STARLINK-11458 [DTC],62982,-5733.300185720635,-123.43190180835555,3520.9309696836995
STARLINK-11417 [DTC],62983,5939.119968160169,-2802.974784287426,-1487.7283710077247
STARLINK-11544 [DTC],62984,-4114.522397468443,-2840.688817682614,4503.960889667222
STARLINK-11582 [DTC],62985,-4475.077721989089,4951.612025393014,-893.774425718796
STARLINK-11571 [DTC],62986,4536.539485862496,-4912.822197871374,780.396691083898
STARLINK-11539 [DTC],62987,-5918.024987177281,2835.31073480383,1498.2993263593548
STARLINK-11542 [DTC],62988,-1358.3090936036072,-4943.644727455723,4358.661183890819
STARLINK-11573 [DTC],62989,1112.1414251731328,5056.462144990602,-4308.240387432721
STARLINK-11572 [DTC],62990,-4495.585214563971,-2382.344537169508,4403.9339598365805
STARLINK-11583 [DTC],62991,4136.211610014668,2831.9900057284813,-4501.43988879686
STARLINK-11570 [DTC],62992,5784.481394388805,27.78987952500581,-3450.1680252737738
STARLINK-11576 [DTC],62993,-1991.3595383818729,5723.821269610578,-2937.018559713869
STARLINK-32899,62994,5991.5549835950105,-2973.6361018114176,1519.6171991810793
STARLINK-32819,62995,-6056.029279080933,2666.9954778317206,-1820.4963765383773
STARLINK-32703,62996,5938.67541286097,-243.98594058764417,3418.923978125722
STARLINK-32881,62997,-4186.0382018602,-2911.2741059972354,-4592.2355556714765
STARLINK-32898,62998,3925.3692049394826,3189.86385011724,4623.647662852922
STARLINK-32658,62999,-5528.38787205672,-858.2536226926524,-3974.668744007572
STARLINK-32673,63000,-1784.7635176953813,5879.68952612656,3045.6485533512514
STARLINK-32437,63001,5092.7049255104075,-4593.592929765157,-171.79826392020814
STARLINK-11448 [DTC],63005,-6422.044289971136,1535.1420495909751,-1324.9806367698498
STARLINK-11553 [DTC],63006,-3570.5456939317937,-3597.274204164633,-4438.047179283255
STARLINK-11526 [DTC],63007,-5711.723223904563,-1226.7766994986268,-3351.6765857004943
STARLINK-11405 [DTC],63008,2420.012872712313,-5251.440084263204,-3452.800284684254
STARLINK-11586 [DTC],63009,5732.329547854264,1207.5357656500728,3310.031801164386
STARLINK-11574 [DTC],63010,5381.298603129658,-3889.9771505395875,-1122.6282191877538
STARLINK-11580 [DTC],63011,-2936.344225648492,5174.506179281742,3146.3789829036054
STARLINK-11449 [DTC],63012,3481.7013582982763,3645.4689295792464,4455.289724889364
STARLINK-11577 [DTC],63013,6429.024429886659,-1493.632732044211,1315.4120153773567
STARLINK-11578 [DTC],63014,-406.45000231325554,-5066.151957574348,-4421.56592319527
STARLINK-11541 [DTC],63015,-5403.875573614965,3875.1193033608856,1053.083849316677
STARLINK-11545 [DTC],63016,341.0338601504276,5082.823879810316,4395.560686346851
STARLINK-11400 [DTC],63017,2926.2447412230017,-5166.396008512462,-3178.6335143353276
STARLINK-32870,63018,-3223.7284365597607,5303.750155764644,-2925.282199477976
STARLINK-32872,63019,6497.109780539229,-1431.701522298036,-1681.544442424306
STARLINK-32677,63020,-941.4232869346058,5450.401968836878,-4062.711249836037
STARLINK-32929,63021,1430.8496932028163,4859.123312506586,-4629.757598938332
STARLINK-32944,63022,6040.278573113054,-3253.5336372938687,26.652027575509532
STARLINK-32943,63023,-5071.270542930339,-2182.4599143030637,4060.635283420742
STARLINK-32803,63024,-3288.819665088565,-3843.8567611211233,4624.931463746245
STARLINK-32926,63025,558.7663094672287,-5408.377737831983,4176.537311959351
STARLINK-32798,63029,6848.3494045135185,256.1527811219686,109.64039776971006
STARLINK-32779,63030,-4541.20865162657,2907.5608159699627,-4217.465074587374
STARLINK-32716,63031,6646.96496156102,-15.91088003660744,-1627.1258807002878
STARLINK-32776,63032,-3081.1184756775897,-3325.7852966445134,5112.728625285396
STARLINK-32772,63033,4811.956748630655,-3453.0590334962567,3439.6312410478995
STARLINK-32830,63034,-6159.889343445369,2442.7496544214428,-1741.9460216131083
STARLINK-32801,63035,5483.99731585215,-3075.305208226888,2688.057043309551
STARLINK-32818,63036,-3435.9674440851954,-3198.0447071933245,4983.604239824326
STARLINK-32810,63037,-5052.934383997583,3339.75103440461,-3188.701563346214
STARLINK-32812,63038,-5467.4138067602935,-1862.5285077495666,3679.7654283686275
STARLINK-32811,63039,2465.403792558381,3583.2441618272137,-5287.211339364145
STARLINK-32832,63040,-6776.313715664704,704.2551492237426,696.7636077123472
STARLINK-32820,63041,-2820.3622824737213,-3460.0809916428516,5190.190047769018
STARLINK-32795,63042,6172.998847178707,-2428.5031833796925,1665.7305404345605
STARLINK-32827,63043,339.1094191453353,4111.082874877926,-5463.968596970405
STARLINK-32735,63044,-6698.585670412205,-956.334405516005,1003.1839863103013
STARLINK-32828,63045,-1676.7747697542688,-4042.323487591866,5264.322541229851
STARLINK-32738,63046,-5855.628099721718,2755.5019465200207,-2226.297664574232
STARLINK-32590,63047,-4021.783926812569,-2899.6354151931027,4721.818842855319
STARLINK-32790,63048,-221.4328448614939,4168.823700617456,-5426.081387733118
STARLINK-32829,63049,-1044.1386436959715,4038.4142040267743,-5429.226571627751
STARLINK-32816,63050,-2382.526276966481,3801.4278574780055,-5171.830682368097
STARLINK-32835,63051,-6839.630755248277,-131.4520127982559,-105.74689488975598
STARLINK-11550 [DTC],63052,-6263.053859627044,127.02165657791195,2461.249704675726
STARLINK-11563 [DTC],63053,-6111.968973061923,2823.5332497902673,128.23666602509465
STARLINK-11347 [DTC],63054,6156.526774451521,-2721.019244818251,-183.9614158992956
STARLINK-11558 [DTC],63055,1532.3305624484028,-5320.202303185297,3821.7553567878913
STARLINK-11392 [DTC],63056,4816.288312420537,2458.4388722719095,-4017.9745830607912
STARLINK-11406 [DTC],63057,-4270.713314436943,4712.781733202431,-2217.7722937218614
STARLINK-11418 [DTC],63058,4524.370140154358,-4550.438864648957,2021.449601840042
STARLINK-11509 [DTC],63059,6291.959613080172,-167.49520055096886,-2397.720534387232
STARLINK-11403 [DTC],63060,2022.9888853837228,4488.247282171325,-4596.974658543162
STARLINK-11409 [DTC],63061,5144.444110564574,2071.1933052091113,-3824.612927967115
STARLINK-11412 [DTC],63062,-1312.178184935758,5311.2343761991,-3931.182520979967
STARLINK-11399 [DTC],63063,-4792.95814862932,-2458.6733957502147,4033.085536837564
STARLINK-11408 [DTC],63064,-1977.399609764078,-4503.882983042981,4589.388752960716
STARLINK-33635,63065,5077.211810657578,-4583.620447951326,-538.0478395183978
STARLINK-33622,63066,2809.3844398414503,4168.773111368143,4660.589419098823
STARLINK-33628,63067,-4366.821643912551,-2782.335467924404,-4506.231815616116
STARLINK-33627,63068,-211.87297439567485,-5454.289612949826,-4161.403492539285
STARLINK-33620,63069,2029.0957153581944,-5761.439623644053,-3129.088237054518
STARLINK-33604,63070,-5311.773209912997,4334.611210790605,269.0455732831646
STARLINK-33624,63071,-4354.498981306632,-2725.4150788182037,-4550.080703241187
STARLINK-33623,63072,-6251.334887480531,1317.8708650403344,-2506.0474399298723
STARLINK-33586,63073,5953.122672597051,-852.1725392486475,3293.7603418607964
STARLINK-33605,63074,5527.3663666874545,1076.4130905838983,3911.645599031668
STARLINK-32839,63077,3264.2027390948947,-3097.947682017066,-5302.607730270469
STARLINK-32821,63078,3251.8715790776932,-3009.3606129094383,-5360.488839944413
STARLINK-32817,63079,-3294.829693756531,5010.496097372423,3512.1176741411714
STARLINK-32906,63080,763.9465687098931,-5747.608313924372,3829.401253471088
STARLINK-32895,63081,1992.7862855190203,-6505.649251555103,1421.609833939854
STARLINK-32933,63082,559.4070688069892,4125.493015744965,-5571.182486318784
STARLINK-32932,63083,1732.8927002522053,1968.6357554218876,-6441.524952405838
STARLINK-32908,63084,-793.2218857137512,5801.278722486872,-3753.026545117306
STARLINK-32505,63085,1955.0006185733969,-6497.38404245483,1509.8108133758953
STARLINK-32914,63086,508.26214057277514,4203.650997018303,-5517.479183536085
STARLINK-32918,63087,3315.1249390114926,-4998.113936927654,-3519.1036740010763
STARLINK-32912,63088,-1765.8114893848785,-1896.0171470176726,6442.936873370821
STARLINK-32910,63089,1775.960976534205,1874.4360427131787,-6457.850216168509
STARLINK-32903,63090,-511.7752059824123,-4211.925159959623,5499.876620829579
STARLINK-32925,63091,-1731.6726316153638,-1972.4804297604217,6430.065118060851
STARLINK-32924,63092,-3237.866738459428,3016.6848137626102,5355.104042133677
STARLINK-32900,63093,-1981.2684083046931,6517.447723729038,-1396.698560099702
STARLINK-32927,63094,2875.5893050357968,-6226.488366098899,-1142.155683828333
STARLINK-32907,63095,2696.2873871020975,-564.2766691202876,-6385.763189316131
STARLINK-32911,63096,814.6437549268958,-5794.8562300261265,3746.513201194833
STARLINK-32923,63097,-2683.8440702088114,550.4400288108948,6381.686944281464
STARLINK-32913,63098,-2850.6548143005493,6237.591059815184,1136.5363309995353
STARLINK-11629 [DTC],63104,-5340.980510976516,-3631.7058535617484,-1910.0079634629928
STARLINK-11624 [DTC],63105,5758.478806748285,-1712.385220120659,-3046.1275149763087
STARLINK-11584 [DTC],63106,6059.659183969781,-1213.776957434717,-2677.0223166253786
STARLINK-11627 [DTC],63107,-6024.258046389701,1300.8079867838796,2706.544906797206
STARLINK-11632 [DTC],63108,2736.458665017329,4913.877603262264,3696.6732389512786
STARLINK-11625 [DTC],63109,5382.801885435927,3605.6341141686207,1830.9789392532512
STARLINK-11601 [DTC],63110,-3977.0398697650153,3497.0924374837027,4157.846728096412
STARLINK-11630 [DTC],63111,6565.262453782539,1432.8754643862087,-431.6063713541735
STARLINK-11590 [DTC],63112,3900.2253357290438,-3540.1359644432505,-4197.220222690978
STARLINK-11598 [DTC],63113,-662.3576245270544,4899.133181049684,4564.1013459805345
STARLINK-11600 [DTC],63114,-6583.604528744399,-1332.043862967057,478.43729197156495
STARLINK-11597 [DTC],63115,-2586.518160142542,-4935.715723607079,-3783.3205541219572
STARLINK-11591 [DTC],63116,742.4646784293992,-4885.541713150164,-4577.199970681673
STARLINK-32955,63117,-6487.917244929636,-613.2330771367302,1746.5921250023453
STARLINK-32945,63118,-4353.220601925519,3605.5520191171445,-3893.60189169862
STARLINK-32941,63119,-1218.05950626723,4975.495318910862,-4568.828450412041
STARLINK-32942,63120,-527.3273695259662,4997.048260082695,-4678.348187112857
STARLINK-32947,63121,97.20253773085572,-5030.985699615193,4654.01257744884
STARLINK-32961,63122,5852.624916417245,2992.1988936453226,-1970.1713951836825
STARLINK-32948,63123,1983.746920912502,4961.122376017739,-4308.908436862582
STARLINK-32957,63124,6808.277790792539,88.74748770848241,843.4641470612513
STARLINK-11609 [DTC],63132,5435.589211565982,-1446.8971438440767,-3705.7015366348746
STARLINK-11604 [DTC],63133,-5526.3051999314075,-3819.1090438152405,-482.69366379769474
STARLINK-11605 [DTC],63134,3082.925719205161,-3869.8088848232583,-4571.308188139839
STARLINK-11610 [DTC],63135,-75.98473170234784,-5256.956077021896,-4213.438191220621
STARLINK-11613 [DTC],63136,-3216.7723849428507,-5249.232704819323,-2730.9970240757334
STARLINK-11616 [DTC],63137,-5112.91019098114,1935.0699067620787,3925.694468365024
STARLINK-11611 [DTC],63138,3183.6008093205814,5239.338008934003,2777.14076230001
STARLINK-11628 [DTC],63139,5479.482384150153,3867.1467641133895,593.0629547435561
STARLINK-11607 [DTC],63140,-3150.8109100055035,3819.8054125708954,4557.667772309359
STARLINK-11522 [DTC],63141,51.392725060855504,5235.3446434222,4227.679691077803
STARLINK-11503 [DTC],63142,-6343.0031581988205,-1370.7584456047205,1794.6275614950737
STARLINK-11579 [DTC],63143,-5495.957753401231,1363.0411473084591,3635.181472518934
STARLINK-11581 [DTC],63144,6333.867188117149,1361.7852898510446,-1842.5085067159662
STARLINK-32949,63145,-5816.246771582919,2064.6458694543303,-3001.695445373135
STARLINK-32952,63146,4719.993459339592,-2954.7441934579556,3999.6097085972287
STARLINK-32936,63147,3438.510415873638,-3906.555495848816,4463.562687161216
STARLINK-32937,63148,2349.6676559281946,-4533.151285962983,4573.805743315883
STARLINK-32939,63149,6617.933078344133,-542.0498202618534,1721.2281147975452
STARLINK-32919,63150,-115.13709978548515,-5075.447294222015,4606.459447544146
STARLINK-32876,63151,-304.0225899445239,5036.242474473561,-4653.718632453546
STARLINK-32915,63152,2694.315629366866,-4310.920807907989,4599.799329243345
STARLINK-11602 [DTC],63183,1928.932218274069,-6398.809117100299,-829.1113562910772
STARLINK-11617 [DTC],63184,3959.5522283752816,-4553.612704991427,-2988.625511775412
STARLINK-11618 [DTC],63185,-4023.11272165891,4408.259296119949,3105.860266058382
STARLINK-11646 [DTC],63186,-4525.341568614025,-2149.8210305959856,4489.671054967253
STARLINK-11622 [DTC],63187,-650.075580808655,-6512.183229469739,1580.0527023531179
STARLINK-11642 [DTC],63188,4583.718937805755,1963.1846927482122,-4526.880160436108
STARLINK-11639 [DTC],63189,650.822677237052,6524.047502137256,-1535.7631844239227
STARLINK-11637 [DTC],63190,-1037.3808586739574,-6368.937216575866,1917.116971351909
STARLINK-11647 [DTC],63191,-1819.3867130201572,6438.096423962132,771.27100588402
STARLINK-11643 [DTC],63192,3007.2004507281204,4911.046752855843,-3491.1677678096607
STARLINK-11635 [DTC],63193,-4917.081910410203,1487.8801732973966,4346.747171774432
STARLINK-11636 [DTC],63194,4925.451458301047,-1541.7873578110036,-4330.300961840091
STARLINK-11631 [DTC],63195,-2879.7528751243512,-5028.755799533435,3422.182050343203
STARLINK-32946,63196,-2870.952656303672,5411.070592465017,-3095.6055873833634
STARLINK-32960,63197,-1013.8695228377327,-6784.663168173961,49.50560465750558
STARLINK-32904,63198,-1733.2319966076961,6143.013426970324,-2520.7325109564226
STARLINK-32931,63199,4646.046176616744,-2132.3649144993124,4564.5912914218525
STARLINK-32934,63200,1319.9911961029338,6729.202812590519,191.62322089132894
STARLINK-32938,63201,3570.32675109131,-4361.856708680981,3906.6013423816603
STARLINK-32935,63202,-4916.5677306757325,-2353.7113169574245,-4171.868985201105
STARLINK-32930,63203,-4120.173318175329,-4507.021725403629,-3132.2692444243303
STARLINK-11654 [DTC],63265,-4689.182236073791,1548.9504347464167,-4578.929657219329
STARLINK-11659 [DTC],63266,-5135.010333612517,-1858.1909634130632,-3943.3545552037885
STARLINK-11653 [DTC],63267,4212.09609686139,4715.61724328272,2308.1890044931006
STARLINK-11641 [DTC],63268,549.6737478062441,-6267.188613152748,2391.694783413564
STARLINK-11638 [DTC],63269,-2067.6555580472836,-6406.052307798966,134.24602275136112
STARLINK-11614 [DTC],63270,2165.736881582982,6375.7466669704445,10.87163469293688
STARLINK-11620 [DTC],63271,4727.6344571982245,-1411.1423955368925,4572.895388056636
STARLINK-11619 [DTC],63272,-2954.1580150391683,4577.68597338939,-3961.773857413645
STARLINK-11621 [DTC],63273,3069.966946778546,-4418.112449967044,4039.3024642344058
STARLINK-11615 [DTC],63274,-480.324587416736,6310.708463429983,-2301.3532425092403
STARLINK-11608 [DTC],63275,-4201.59113788546,-4760.410896135566,-2243.1502951062653
STARLINK-11623 [DTC],63276,5118.042106281826,1848.6092216437253,3955.557745833497
STARLINK-33660,63278,2967.2579172318774,6142.662194811887,722.0565089798927
STARLINK-33611,63279,-3296.0970073866984,-5964.468845654702,-803.8511845959497
STARLINK-33646,63280,-1421.7794845971273,-6373.735863291177,-2108.1807089959557
STARLINK-33665,63281,5424.638464120358,3336.5873934954425,-2553.0300025097627
STARLINK-33603,63282,4485.686558447312,5093.50885750199,-1007.017643475367
STARLINK-33669,63283,5007.901131776584,-1188.6625993876999,-4538.516342603811
STARLINK-33673,63284,-5113.586136097558,1237.5056513852264,4398.0436154175595
STARLINK-33662,63285,-4694.129063272452,-4841.640938103058,1253.9931817688832
STARLINK-33613,63286,-294.5024221981925,6031.21520802292,3255.067699178632
STARLINK-33680,63287,2619.420192700906,-4582.344173658672,-4385.890458898887
STARLINK-11568 [DTC],63307,5929.8645247024,1300.8055124258756,-2917.3703762662526
STARLINK-11575 [DTC],63308,-5410.688625999522,-3918.924078342483,842.5373678916183
STARLINK-11585 [DTC],63309,2447.1128466771747,-4347.553966502949,-4525.861414559504
STARLINK-11587 [DTC],63310,619.7670691101032,5739.388037483429,3460.951255713586
STARLINK-11589 [DTC],63311,3452.6273789566194,5579.369727600984,1506.234192365465
STARLINK-11650 [DTC],63312,-4494.2660542057165,2288.2492657572416,4454.055985021953
STARLINK-11648 [DTC],63313,-4815.996668974137,1807.7565477462588,4337.810729784097
STARLINK-11640 [DTC],63314,-5907.0906117573995,-1243.6393802644084,2978.2760560633214
STARLINK-11652 [DTC],63315,-3427.337357249176,-5580.4432398284935,-1570.2413082798566
STARLINK-11645 [DTC],63316,-2418.953402898825,4367.097728761478,4511.269342242734
STARLINK-11633 [DTC],63317,5447.398497866872,3868.198495051674,-851.950197509421
STARLINK-11593 [DTC],63318,4877.808284269966,-1731.9292982510458,-4309.213455110946
STARLINK-11588 [DTC],63319,-626.5869951921555,-5731.647424857687,-3483.77154826477
STARLINK-33671,63320,-6467.180496707477,-2254.9466529804686,395.62489335343065
STARLINK-33650,63321,-6416.2388485155625,-2335.2717181966705,-673.3298930521124
STARLINK-33689,63322,-3885.418063318843,-5013.628825662046,2607.4684806227074
STARLINK-33607,63323,-2654.1480944698765,4279.467177177671,-4661.24437886088
STARLINK-33619,63324,1492.1665133208485,-4821.055469306814,4638.713383251245
STARLINK-33612,63325,6123.238745141585,-581.2078765594492,3031.5223650244347
STARLINK-33672,63326,-6213.2122737415775,-2908.3852241177624,-107.8976633031349
STARLINK-33625,63327,6353.375958704931,2564.932561626792,-366.1383210808617
STARLINK-33699,63328,945.9961264264217,5234.792222968163,-4337.526698505792
STARLINK-33674,63329,2050.640867884528,5424.185397374219,-3671.5689020452496
STARLINK-32840,63363,4120.902138503032,1698.3446480312941,5179.972984508668
STARLINK-32543,63364,3091.297360340725,-5320.992718666085,-2996.9689637118245
STARLINK-33741,63365,-4494.847954100895,4936.443829810289,1485.7717642587754
STARLINK-33742,63366,-2767.695978089109,-3078.296746455737,-5468.4125937919125
STARLINK-33734,63367,-5684.090312555635,3647.6848112097664,1159.3264589885755
STARLINK-33578,63368,-5188.14210429998,4441.648769174809,396.189530251579
STARLINK-33626,63369,-1542.268935521703,-3940.2092846705236,-5381.939383685047
STARLINK-33657,63370,-5919.047291807133,2932.909268430569,-1789.0760093995616
STARLINK-33648,63371,-4156.127066490836,4969.388067431695,2215.938601068653
STARLINK-33614,63372,-2585.2920277151406,5309.086020631169,3445.5078126796825
STARLINK-33617,63373,944.9338369905307,4270.724526748251,5249.894608884898
STARLINK-33618,63374,5820.533742795482,-1499.9288700362117,3257.5591830516382
STARLINK-33621,63375,5432.196249118038,-4155.349144118101,162.1638765288082
STARLINK-33539,63376,-2322.0517556102145,4726.8461640757505,4375.883421599223
STARLINK-33634,63377,-1031.7904192089575,-4188.666679417038,-5332.977499089884
STARLINK-33640,63378,-3791.129197415207,-2180.6547203822483,-5283.079949390295
STARLINK-33636,63379,-3554.05132213351,-2358.6547196003335,-5341.606784038757
STARLINK-33653,63380,-6040.399416008024,2855.8334953605327,-1537.2584142064745
STARLINK-33643,63381,-5629.001006087271,397.8138114280071,-3896.6205818748444
STARLINK-33748,63383,-6348.845733482196,2549.0287367402407,-430.61282635421776
STARLINK-33658,63384,-5670.309578623952,3759.858793876359,-715.6466455377819
STARLINK-33616,63385,-6464.206627940464,1695.0353022783377,-1530.5478016501006
STARLINK-33571,63386,-3162.9285589703677,-2908.6491006669826,-5329.68886617321
STARLINK-33533,63387,-5925.589881137274,1976.6069754872115,-2798.1614401776956
STARLINK-33629,63388,-4541.332907841409,-1194.5130958814168,-4981.869057766357
STARLINK-33656,63389,3398.5022775375633,2530.99817875564,5370.853376980049
STARLINK-33531,63399,3262.579476061543,-5763.71458440364,1782.5763424279137
STARLINK-33652,63400,-55.222330773645304,6738.564890455443,1280.898661974051
STARLINK-33707,63401,4480.632738700893,-4060.8916437628855,3233.535087632647
STARLINK-33668,63402,-3165.634402974196,-4731.185290468207,-3835.4342197512187
STARLINK-33676,63403,4744.578390617759,-3387.9754949034186,3609.7634717530505
STARLINK-33711,63404,-687.3060213137869,6788.718712126397,716.5739255720342
STARLINK-33708,63405,3730.8067639425662,-5271.321801337052,2307.959289568972
STARLINK-33690,63406,-2445.824963206828,6265.9217181416225,-1357.1853615932343
STARLINK-33694,63407,5125.571411261097,-1020.9136492257668,4435.128675524653
STARLINK-33692,63408,-3085.6538161328226,6020.109266896971,-1152.7716015193132
STARLINK-33693,63409,-882.1132968409358,-6464.666224127796,-2119.8813222316744
STARLINK-33677,63410,2751.4868134734597,-6160.121931315228,1239.1009379381453
STARLINK-33647,63411,3455.1498145313794,4062.1537046699623,4308.498718745012
STARLINK-33645,63412,5136.960558311106,-2036.6602688492956,4061.063739983587
STARLINK-33670,63413,4137.768255601986,-4699.368962381607,2797.0342150572997
STARLINK-33644,63414,1774.467604987697,5974.281483798751,2863.304499806115
STARLINK-33664,63415,1000.2684119361093,-6771.307173414413,-471.0886179797086
STARLINK-33649,63416,5075.265678972416,-1838.1902286302886,4226.661451433159
STARLINK-33535,63417,1612.2063352286775,-6667.45503395611,108.79993800442669
STARLINK-33703,63418,-5123.318174618527,1424.0189369966308,-4336.601509556089
STARLINK-33709,63419,-4641.658629023652,3716.463045395639,-3422.22399939658
STARLINK-33698,63420,4233.915891140832,3050.369357866433,4441.202872454469
STARLINK-33606,63421,2185.986207702333,-6468.9606479661725,668.7003603960653
STARLINK-33686,63422,-2646.9938201671825,-5292.458211309211,-3476.984953390792
STARLINK-33675,63423,2907.2954558934753,5035.1970874202525,3631.455787727068
STARLINK-33655,63424,-1938.102622332146,6571.0857565123415,-375.43895922376123
STARLINK-33608,63425,-1496.090499008427,-6168.825821067549,-2609.8555594467407
STARLINK-33615,63426,-3537.476972005632,5512.682145250467,-2046.3746844743555
STARLINK-33682,63433,-2606.251007470521,3178.158986886753,5403.682061237898
STARLINK-33710,63434,1102.974306790331,-4486.638691410266,-4992.054165513445
STARLINK-33733,63435,-36.80957887134074,-5175.571549507613,-4412.807982515953
STARLINK-33638,63436,362.3848808789041,-4960.961348813244,-4638.903204262483
STARLINK-33726,63437,5351.62999468324,2237.5587828529724,-3550.5725709959434
STARLINK-33681,63438,5047.723142896236,791.4895343957193,-4489.604159578865
STARLINK-33730,63439,-4869.309819109829,-346.0982983814642,4719.970808189921
STARLINK-33743,63440,4723.783909693816,4828.260601873231,-773.4379485452451
STARLINK-33715,63441,5252.68243426792,3754.2823326218395,-2134.2137312532836
STARLINK-33762,63442,5269.971492413269,3684.269510564208,-2212.884494747313
STARLINK-33753,63443,1334.2057676155014,5648.213909850598,3526.8771395609674
STARLINK-33747,63444,-5194.7983920117385,-1412.3461589515462,4140.326330801832
STARLINK-33659,63445,-2174.5700188970504,-5819.358417981808,-2765.43893959894
STARLINK-33746,63446,5304.352314549497,1770.1430967955332,-3905.7121526886535
STARLINK-33799,63447,1299.5400843273721,-4575.096722147362,-4941.489167501261
STARLINK-33797,63448,-5131.6530077821835,-1146.115820943153,4303.834503215751
STARLINK-33798,63449,-5235.330200664123,-3744.8334443322688,2175.5229905070514
STARLINK-33736,63450,-5351.544151174798,-2678.5734275227323,3213.734829934151
STARLINK-33740,63451,4924.745426410751,434.62444877339357,-4671.090255328947
STARLINK-33763,63452,4793.847196789388,27.93331360769796,-4887.659809453622
STARLINK-33784,63453,1794.2326403584182,-4149.564186110702,-5157.924717073545
STARLINK-33768,63454,4190.845483491666,-1153.533049359294,-5289.586341627914
STARLINK-33761,63455,3811.3156780583554,5581.28341197606,931.3948060473966
STARLINK-33737,63456,-4074.5160933492275,1266.494670902819,5281.687401977596
STARLINK-33795,63457,1890.7507271008894,5797.738494443889,2993.3643236394455
STARLINK-33756,63458,-566.9867264852552,-5415.336425961898,-4075.8167310265867
STARLINK-33780,63459,-4812.63760337639,-199.29554214553738,4785.884214568641
STARLINK-33679,63460,-5128.352010680185,-643.6507168723566,4509.1558895507405
STARLINK-33706,63461,-4686.379878542697,1799.451223632497,4669.395860387242
STARLINK-33691,63462,1096.538189072273,6742.1957358423415,631.2876599579836
STARLINK-33696,63463,2307.6634083042572,-5503.289644607189,-3386.988245002696
STARLINK-33701,63464,-3608.027933388995,4039.1492985685873,4203.064525470326
STARLINK-33685,63465,-3079.247272959236,-5967.118668494614,1402.8498890639037
STARLINK-33654,63466,1732.094081404282,-5940.306744018931,-2967.1127621811156
STARLINK-33697,63467,492.90112312272987,-6551.881729479048,-1983.5702323898383
STARLINK-33720,63468,-140.49224787909995,-6705.910254557845,-1444.4462231530433
STARLINK-33587,63469,5112.585569116633,242.68066212539858,-4574.268548477487
STARLINK-33637,63470,-2027.8344173260793,5741.367188075979,3154.4348519604832
STARLINK-33744,63471,-4892.343183870523,-3017.059750712225,3738.7862879718646
STARLINK-33766,63472,-4384.8482912016525,2606.426290569905,4578.424052463076
STARLINK-33765,63473,-1983.4847243361878,-6562.41765192297,265.91435700690664
STARLINK-33735,63474,4994.738659962522,-604.9255150937527,-4667.176767150073
STARLINK-33731,63475,-3117.1772336505446,4692.660484105907,3906.0278237126267
STARLINK-33718,63476,2843.345244314985,6148.9396008101585,-1097.6945498446678
STARLINK-33630,63477,4594.800427812521,-2024.2252073115,-4679.191640135802
STARLINK-33695,63478,3856.2917167018845,5365.973866348286,-1850.1941059281064
STARLINK-33713,63479,4867.868572552616,3546.5445193639207,-3288.7801820683767
STARLINK-33721,63480,5178.158226143498,2064.8544329809083,-4000.85415542537
STARLINK-33639,63481,-783.3089696065724,-6703.395405408473,-1238.9822393952452
STARLINK-33688,63483,-3550.5191264916734,-5543.09382249137,1929.1017142596907
STARLINK-33700,63484,4543.887868409272,-2208.715322656371,-4640.759966112686
STARLINK-33687,63485,4200.120414553724,4728.170325081353,-2666.9218793901327
STARLINK-33716,63486,5109.38267633729,1872.0913788839741,-4181.228136010257
STARLINK-33754,63487,-1388.3202802107164,-6711.842471509577,-312.6668798964015
STARLINK-33828,63493,651.7821558953847,5489.424577652912,4015.7851653379857
STARLINK-33819,63494,-1613.5080128244326,-5752.309448241053,-3291.9304603793835
STARLINK-33845,63495,4395.125573132663,-701.3409468121799,-5218.609138480409
STARLINK-33829,63496,-1173.4061475082187,-5772.698799611422,-3502.0764548594107
STARLINK-33815,63497,1195.833609193402,-4537.138275341411,-4996.329457974202
STARLINK-33833,63498,-3289.7589196042873,-5861.056756934567,-1329.0034384798387
STARLINK-33534,63499,-1179.177394700404,4525.942238790424,4993.137134491642
STARLINK-33838,63500,2839.1440159834774,-3004.6515901883317,-5473.290086260411
STARLINK-33837,63501,-4766.091054778923,-4787.16534251446,1124.1836111678463
STARLINK-33818,63502,4068.571248671101,-1299.0110022997137,-5366.5728185765975
STARLINK-33583,63503,215.53525388005013,-5040.710169135419,-4561.7806784709155
STARLINK-33811,63504,1279.5609378079278,5816.816588261943,3382.103237932487
STARLINK-33825,63505,5202.940700765459,3797.2777735027294,-2349.8648835360586
STARLINK-33792,63506,5219.046938283975,1682.080825249204,-4118.833379294539
STARLINK-33843,63507,-2291.0032522571782,-5967.598483176748,-2482.0771550563522
STARLINK-33809,63508,3292.040682564447,-2450.7639052816426,-5495.67062410579
STARLINK-33678,63509,-3314.1891361366106,2404.6025448415153,5479.900881609266
STARLINK-33764,63510,2771.107384587197,5965.356192211117,1917.5721033549216
STARLINK-33804,63511,3317.5323027664417,-2412.8003900570407,-5491.428901407123
STARLINK-33751,63512,5317.685521704372,2758.7959178852,-3327.7783358844663
STARLINK-33750,63513,3314.654040263346,5839.120565797871,1344.7573069384537
STARLINK-33786,63514,-844.9748808452814,4795.068672123202,4813.755373462527
STARLINK-33796,63515,4907.070364979832,497.7106462262188,-4766.058801622601
STARLINK-33785,63516,4795.5544804013225,202.12635570370807,-4892.840478696314
STARLINK-33803,63517,2380.222636945409,-3499.9976843545323,-5397.342440640292
STARLINK-33807,63518,-5003.278929679215,-696.9680822011801,4548.913109079809
STARLINK-33787,63519,-5195.060419682815,-2748.5001918595854,3515.803021832183
STARLINK-11669 [DTC],63548,4832.254801363316,-3741.5638546096275,2820.8853658324297
STARLINK-11665 [DTC],63549,-5202.790441574667,585.8570758792337,-4238.4788974002995
STARLINK-11667 [DTC],63550,1879.1578987090766,5391.031911304091,3562.6901144113713
STARLINK-11695 [DTC],63551,4637.136107526755,-4194.7098128768075,2492.272619515032
STARLINK-11685 [DTC],63552,701.6340202938561,-6478.163108707392,-1702.853240954703
STARLINK-11697 [DTC],63553,-2004.826694562582,-5319.788827085118,-3613.8209255562797
STARLINK-11680 [DTC],63554,-800.4004956054638,6474.279279970738,1662.1264452722532
STARLINK-11626 [DTC],63556,5182.134468944684,-394.592921570014,4272.432787839943
STARLINK-11668 [DTC],63557,4079.3838843974904,2860.190995740649,4520.87810352559
STARLINK-11657 [DTC],63558,-3341.1891269173243,5795.835121002201,-760.9726354476898
STARLINK-11606 [DTC],63559,3169.271299728636,-5909.087500484578,620.8806362625272
STARLINK-11592 [DTC],63560,-4167.455777037776,-2720.6809438116375,-4539.21182509053
STARLINK-32953,63561,-16.115413967218704,-6850.255069619516,-385.79128693942727
STARLINK-32951,63562,1778.2465750001627,-6306.521880062867,-2039.199373853843
STARLINK-32958,63563,4884.8764989528945,-1289.337058617691,-4645.522771366527
STARLINK-32928,63564,1000.7576104149562,6769.820506597617,-495.0956378934968
STARLINK-32687,63565,2323.6577890004287,-5941.245381022315,-2528.838383251647
STARLINK-32950,63566,-1446.7798761730396,6461.857332207952,1785.7688425681795
STARLINK-32954,63567,4051.858263285578,4282.535938759658,-3513.491824808568
STARLINK-32940,63568,4969.919718406042,1228.6821938736143,-4568.551076453274
STARLINK-32959,63569,5299.119363705154,-4357.204464784387,65.16116395773997
STARLINK-32956,63570,1755.2645196974563,-5830.624264049891,3154.6445630068156
STARLINK-33722,63571,-5592.434144565142,-538.4013805161455,3930.4819190623175
STARLINK-33739,63572,5944.456906193118,-528.4336549692326,-3389.3156109888437
STARLINK-33683,63573,5742.188281965806,184.832776314411,-3755.092131925324
STARLINK-33732,63575,-16.013342355858757,5658.956352974191,-3881.9757430327254
STARLINK-33800,63576,-3808.92142170566,-3273.0227117508666,4667.172445556255
STARLINK-33632,63577,5059.357505545538,1646.7891714327582,-4333.619396017305
STARLINK-33719,63578,-6069.779951712366,1636.9822588126276,2740.774251790069
STARLINK-33755,63579,-6043.784956026961,2328.1227540100585,2257.165126623546
STARLINK-33752,63580,-1490.3346645060526,5925.124894014504,-3126.721354288529
STARLINK-33714,63581,-4359.940308250848,-2640.2898268565928,4585.556232282166
STARLINK-33814,63582,-1111.5693336582995,-5233.590899087863,4285.732372266265
STARLINK-33817,63583,2554.393020223647,-5898.811870098272,2389.6593508649917
STARLINK-33820,63584,5582.41021210583,-3878.4219221816325,-937.0674582677073
STARLINK-33813,63585,5263.132763379637,-4385.261433927205,-385.82715527358283
STARLINK-33834,63586,-4605.271176967356,5056.9750683084885,-544.840574167877
STARLINK-33830,63587,-5434.126267125593,4142.140023089532,613.7470858605077
STARLINK-33651,63588,-5073.847510426546,4617.684498089404,56.52988195730108
STARLINK-33788,63589,3507.092157380735,3583.8630732599504,-4686.181342638916
STARLINK-33805,63590,6086.772873186108,-1966.6586651611283,-2486.0370817183925
STARLINK-33702,63591,-1846.2143515792081,-4842.845065662615,4488.473917917237
STARLINK-33666,63592,729.4117765814249,5397.300027306821,-4174.609054981821
STARLINK-33723,63593,-4845.14325154817,-1967.7405410845772,4434.950842273462
STARLINK-33791,63594,2178.207891715739,4634.608735713613,-4568.678436475189
STARLINK-33831,63595,-5838.424589964776,193.91480254616565,3591.0768015786234
STARLINK-33879,63634,572.381951545831,-4994.596358599419,4661.488101345489
STARLINK-33854,63635,-5803.4082894227595,2658.316655794054,-2518.9222757355014
STARLINK-33864,63636,-1960.6273527924702,-4822.94598800285,4459.731810526701
STARLINK-33832,63637,-6751.776332657685,-906.2930356703906,806.8459456773053
STARLINK-33856,63638,-4737.6448105980835,3613.5270977893424,-3403.9189321861004
STARLINK-33876,63639,4523.890313099017,3799.7190134465013,-3491.04062204887
STARLINK-33859,63640,-1136.3961604378549,-4955.531125593601,4597.908374308877
STARLINK-33826,63641,-3372.6902740590162,4357.662498368814,-4089.788932235789
STARLINK-33836,63642,4401.414373061283,-3813.1269344163443,3618.529394195782
STARLINK-33558,63643,-6729.278506136031,959.9136717260311,-937.4445425853606
STARLINK-33852,63644,5011.969304865028,-3385.941202363554,3228.3049624976916
STARLINK-33835,63645,6076.471871403255,2368.3180839323013,-2135.593749568824
STARLINK-33661,63646,-1786.5849176120453,4839.954179960016,-4525.678228226547
STARLINK-33729,63647,1386.8104499567003,-4900.936995234773,4588.18821425189
STARLINK-33717,63648,-6198.877426508365,2131.428718020776,-2029.2779084226634
STARLINK-33684,63649,-6553.72849946847,-1498.381393803711,1361.994760501659
STARLINK-33704,63650,1555.168063967228,4896.787053214385,-4548.038187774288
STARLINK-33705,63651,-972.579487183955,4965.56430204713,-4635.824673405301
STARLINK-33663,63652,-5296.347917201719,3173.0890503506253,-2995.820828041274
STARLINK-33866,63653,6002.351077909451,-2383.280109667772,2304.484924871024
STARLINK-33849,63654,6635.502131725697,-1231.0523636184807,1236.297387053731
STARLINK-33873,63655,6366.477332760288,-1823.4702483770418,1786.2186284076165
STARLINK-33772,63656,2334.613737640089,4733.903273006126,-4387.351470559092
STARLINK-33789,63657,-2603.2840995462293,4634.718008858137,-4341.258552514371
STARLINK-33822,63658,6798.929909537993,-623.5486024379996,670.3189306171839
STARLINK-33771,63659,-3182.8194703727872,4347.8318915291375,-4249.840076134757
STARLINK-33810,63660,-6514.3890753146015,1556.2409137381944,-1492.6605605933757
STARLINK-33823,63661,6670.000221222022,1219.2495372441927,-1053.2044272547969
STARLINK-11651 [DTC],63664,-5453.500088845455,-867.7095959385272,3845.6419914741005
STARLINK-11672 [DTC],63665,-5159.54379265062,-3757.497471517056,2139.3477708470314
STARLINK-11666 [DTC],63667,-3453.6541692295573,-5783.432123442414,-141.41017579330986
STARLINK-11663 [DTC],63668,-829.0119133309943,-6219.986510235039,-2446.2387142057846
STARLINK-11595 [DTC],63669,1958.9646886464996,-5010.938253411038,-4054.545777947185
STARLINK-11599 [DTC],63670,4311.957773122398,-2375.1954672423667,-4598.736077966651
STARLINK-11603 [DTC],63671,5448.535818584103,881.7543309483601,-3861.1315149079105
STARLINK-11644 [DTC],63672,5126.792443734199,3814.94365311387,-2127.504564335338
STARLINK-11634 [DTC],63673,3417.888375550686,5796.69231265248,226.34578088157718
STARLINK-11656 [DTC],63674,886.3185026841264,6211.658146380767,2438.7480458599007
STARLINK-11655 [DTC],63675,-1981.010589261643,4974.10559680136,4076.683977624751
STARLINK-11661 [DTC],63676,-4281.996979643258,2417.888490036213,4594.535507284926
STARLINK-33816,63677,-4019.519685062004,3340.411066604509,-4447.709208724949
STARLINK-33861,63678,-1091.0858641344462,4980.6521387949215,-4595.1767967106725
STARLINK-33850,63679,-5907.817847741504,-3457.560686016625,444.13542961978493
STARLINK-33887,63680,6330.039514860106,2617.8107946830905,384.48671034132707
STARLINK-33886,63681,5293.171210796994,4158.930568749754,-1331.463182913201
STARLINK-33840,63682,-3357.4929841424555,3841.2786630266787,-4590.130758210311
STARLINK-33853,63684,5394.516379917489,-1893.9595870548967,3784.237266867521
STARLINK-33847,63685,-6532.426896569983,-1077.1105204251655,-1803.6222474692834
STARLINK-33880,63686,-1846.2173858685462,4684.2303057427835,-4663.301743996079
STARLINK-33894,63697,-2627.4882926950904,5865.421121762754,-2352.9339839176646
STARLINK-33922,63698,-1922.1779567472076,5764.529580505222,-3177.894042976515
STARLINK-33919,63699,-5258.364434991681,4113.532245432623,1542.4462061491215
STARLINK-33908,63700,5232.663494838393,-1047.2971646563494,-4308.236584564381
STARLINK-33950,63701,4863.832061723926,-47.78980280202799,-4829.09228446517
STARLINK-33939,63702,-5463.204233709137,2586.640947278657,3212.119680827675
STARLINK-33868,63703,5465.1697692250955,-3224.031511467074,-2599.5182450568054
STARLINK-33937,63704,-3358.3851913709564,5730.3761809545185,-1699.8004430455135
STARLINK-33848,63705,2375.3720410713154,3441.618876265141,-5436.634322680213
STARLINK-33995,63706,-5385.149753600079,1625.9904093770485,3905.8022389188
STARLINK-33982,63707,4785.190009747981,132.9293748112986,-4911.741909396116
STARLINK-33915,63708,4528.84986433821,-5144.2795150956,55.67920437949121
STARLINK-33862,63709,5491.421601384549,-2677.135468456663,-3113.6754277012824
STARLINK-33920,63710,1056.218001796515,4505.018812411464,-5056.556135884287
STARLINK-33580,63711,3290.1935635009636,2463.1751795006016,-5485.510291046857
STARLINK-33783,63712,-3533.6254394822104,5680.484904442737,-1478.6775379453886
STARLINK-33773,63713,4984.212977713239,-4590.762222340089,-1007.9623423677309
STARLINK-33745,63714,-298.9122535145479,5273.177447891239,-4375.159811771427
STARLINK-33728,63715,3338.887956359803,2408.5870173247754,-5485.982101474597
STARLINK-33749,63716,-1371.1603005615107,5649.454267829263,-3629.9266820629855
STARLINK-33725,63717,4487.884555357896,720.1409457687295,-5136.396068220827
STARLINK-33641,63718,-4853.39578466,74.9155302913081,4822.176403691632
STARLINK-33727,63719,-3516.0860858612314,5722.159303868601,-1313.3562772768837
STARLINK-33757,63720,5061.487938040576,-4501.876644166578,-1053.7693394995092
STARLINK-33774,63721,-4995.925666362981,4582.241567485673,971.2152028576156
STARLINK-33767,63722,3759.2299175263993,1865.7984049948193,-5425.0931085128295
STARLINK-33806,63723,5371.125278666795,-1605.0452414668694,-3950.3271081300113
STARLINK-11677 [DTC],63751,3311.487296898773,5730.67395561557,-1247.1609143436847
STARLINK-11702 [DTC],63752,-4806.989790068475,-3431.167597130709,3226.538720106222
STARLINK-11706 [DTC],63753,1797.8411568848103,-5590.497421874297,-3297.1897859215187
STARLINK-11662 [DTC],63754,-3958.0178407059248,3130.377171392938,4448.9570208234645
STARLINK-11681 [DTC],63755,886.5174107122502,6570.857826362942,1163.983375097633
STARLINK-11688 [DTC],63756,-5058.578878782268,-185.60866651390992,4430.648584132035
STARLINK-11676 [DTC],63757,5061.307923205876,105.53580461994612,-4444.402022036134
STARLINK-11705 [DTC],63758,-1799.40731255983,5600.844886969596,3267.2382224908133
STARLINK-11703 [DTC],63759,-3271.5943045358476,-5769.810058345774,1152.0149200972833
STARLINK-11701 [DTC],63760,3931.4904509487164,-3175.5347001917517,-4451.485314134316
STARLINK-11660 [DTC],63761,-705.1649166769141,-6555.129865913059,-1368.5113026781453
STARLINK-11699 [DTC],63762,4817.5794455375235,3369.7253044719428,-3289.079961467575
STARLINK-11693 [DTC],63763,-3638.312673349659,-5439.81933789601,1578.15455051515
STARLINK-33760,63764,2523.4010949600265,5840.952862597988,-2571.7322616544348
STARLINK-33941,63765,3825.5126257689476,5487.5938013614405,-1529.1839484063394
STARLINK-33824,63766,4645.20913524225,-2333.9762236106026,4469.644993465381
STARLINK-33808,63767,-2600.1629986872354,4344.5485600045995,-4633.61335733301
STARLINK-33844,63768,-4634.968070128447,-5002.713145652978,741.5052733232637
STARLINK-33907,63769,344.99447599484387,5704.194733838823,-3801.957973321873
STARLINK-33884,63770,-5118.429567019577,-4566.202769486741,139.72358848522774
STARLINK-33841,63771,-6089.746039905397,-922.7569635385488,-3028.5102507034376
STARLINK-33769,63773,-4126.127924136164,-5328.247925630424,1279.8546865151966
STARLINK-33914,63774,2417.324239501832,-4429.578198390112,4640.8425704847305
STARLINK-33932,63775,5873.7733714911565,1084.8251187812564,3368.1217912247785
STARLINK-33930,63776,-5628.656079081244,41.29496030274433,-3928.445988911979
STARLINK-33911,63777,6138.08985681417,1937.0580376549892,2368.7197061081315
STARLINK-33938,63778,-934.2609153079745,-6043.56617333049,3101.800247030029
STARLINK-33881,63779,-3542.311956579223,3577.348391778376,-4663.694960368895
STARLINK-33846,63780,-5901.700713709391,-2174.395016348611,-2746.0231188184403
STARLINK-33883,63781,-5379.711847382039,-4087.778358958997,-1196.946162305787
STARLINK-33842,63782,1238.5625713356467,-5312.6396934608765,4152.128179355421
STARLINK-33892,63783,1924.105200945327,-4911.672171778821,4377.264055739513
STARLINK-33933,63784,781.2405470143972,-5346.394817280745,4220.452664228612
STARLINK-33923,63786,-1647.5894104152158,-6107.866261187709,2647.385809700624
STARLINK-33947,63787,-4090.074764274753,2947.608790664924,-4655.867742905967
STARLINK-33882,63788,2613.76901321633,-4415.22316553505,4545.4190399282625
STARLINK-33875,63789,5920.065570662556,1815.522048679449,2944.305090175984
STARLINK-33869,63790,4833.6488480766275,4860.247269254368,289.24007008193365
STARLINK-33935,63791,-5353.811757695213,814.4751886073765,-4216.657857591308
STARLINK-33916,63792,-5904.19141365402,-1528.0306125738093,-3147.0115329466694
STARLINK-33925,63793,5749.281445029301,3176.6428309503067,1974.4835034297348
STARLINK-33870,63794,3867.480074378919,5604.8836022666455,-842.4738976750272
STARLINK-33867,63795,-4607.837790478063,-5082.648532064385,-42.96257362760637
STARLINK-33918,63796,-5033.032157221664,-4620.904379593893,-625.0846903452426
STARLINK-33712,63797,-2372.551379785326,-6170.989553233954,1824.8818711303568
STARLINK-33827,63798,518.3412858944026,-5642.851853829813,3859.1796274870867
STARLINK-33899,63799,4357.382435255805,-2590.2641578615317,4614.033186441089
STARLINK-33900,63800,5518.192318544221,-399.49221730831096,4049.2752223037987
STARLINK-33975,63802,3258.1591107289687,5867.744760012425,-1427.638364815663
STARLINK-33951,63803,5225.144415022054,4359.072288753095,872.4795986628457
STARLINK-33909,63804,6104.451311662841,-2785.856164895967,-1433.2234722114777
STARLINK-34029,63805,6793.70027593078,-437.2499298429264,844.4442294576639
STARLINK-34102,63806,6710.947995386275,192.92083452148557,1405.9154062971038
STARLINK-34109,63807,-3169.8905621345,-4184.782653760053,-4420.791536811015
STARLINK-34091,63808,-1307.8140928537603,5093.9297445162265,4399.422421036672
STARLINK-34095,63809,6424.446239294689,-2243.151842747603,-877.9196474657758
STARLINK-34127,63810,-6385.40748281838,-1127.8926874185931,-2244.7471917712783
STARLINK-34101,63812,4619.97088071817,-4168.337885658283,-2893.887093293168
STARLINK-34065,63813,1913.6890779431742,-5137.504144711352,-4128.735781951705
STARLINK-34057,63814,84.56657472070708,-5082.08211191178,-4612.106789996027
STARLINK-34060,63815,-753.1165421161053,-4970.169900267863,-4672.583811276138
STARLINK-34048,63816,6526.236442606711,817.3759811213874,1944.1945452277619
STARLINK-33959,63817,5697.6516507272445,-3314.380236628066,-1903.8212223271644
STARLINK-34058,63818,2533.771629862796,-4954.6105135503785,-4018.354527070278
STARLINK-34055,63819,-5070.685853376061,-2878.515029486301,-3594.6848286589498
STARLINK-33794,63820,2007.1559483054825,4653.718344887882,4617.275063578524
STARLINK-34047,63821,-473.8638695876898,5098.518474199725,4559.333674905825
STARLINK-34094,63822,5724.03802766353,2022.0891387200068,3189.0942184898095
STARLINK-34043,63823,6403.3859691204225,790.6337095894646,2325.540169736269
STARLINK-34025,63824,3263.133794443935,-4767.307890310295,-3705.63872816026
STARLINK-33874,63825,-3627.308559600978,4623.943010489927,3534.6166178438207
STARLINK-33781,63826,6246.061358299223,1424.2017889541276,2448.4045804341554
STARLINK-33891,63827,6649.920024587491,-1661.467939507949,-302.4135164243817
STARLINK-33903,63828,-5924.803098244035,3035.2594832676964,1648.6610397105783
STARLINK-33889,63829,-4505.57880860816,-3368.8725468160746,-3932.2764792958124
STARLINK-33984,63830,-6757.099772537815,104.83124795389625,-1190.0038167093724
STARLINK-33940,63831,-4310.661387438257,4321.127258995205,3127.9529960422647
STARLINK-33978,63832,-5577.913082452193,-2366.4527001608317,-3222.744918499097
STARLINK-34018,63836,-449.40879789178564,-6709.107449353338,1357.1718254541809
STARLINK-34053,63837,805.0501729966248,-6377.735706648822,2389.9593688642663
STARLINK-34042,63838,-1804.855112210163,5679.879643093066,-3404.8722551995043
STARLINK-34040,63839,5109.246208547905,-109.33965106044208,4570.060291065211
STARLINK-33990,63840,4727.591445995585,-1719.8226701743858,4656.674321850489
STARLINK-34056,63841,-3376.43892822889,-5783.1274537529125,-1497.1634278524673
STARLINK-34026,63842,-3821.36493235342,-5332.625686092582,-2012.2496893064554
STARLINK-33777,63843,1991.7961522487485,6565.672867441613,7.337633985034407
STARLINK-34041,63844,-5034.243817529377,-2748.7455870675817,-3768.74675664837
STARLINK-34011,63845,-4595.917214514512,2108.5232932580707,-4638.8463915822895
STARLINK-34044,63846,2602.65793126091,6318.729581633255,618.4616364570103
STARLINK-34037,63847,5191.584403479726,1559.191269755223,4197.879392934803
STARLINK-34010,63848,4426.155554906473,-2502.7827543551693,4596.378914293527
STARLINK-34009,63849,-4276.562042751775,-4895.146161894419,-2196.4674168240626
STARLINK-33958,63850,-5155.254513095771,-1971.7056214638878,-4079.350593591598
STARLINK-33776,63851,4050.6334125260096,5058.484469402866,2245.8635727219803
STARLINK-34032,63853,4723.241820164863,3826.5506510799314,3173.112616063067
STARLINK-34015,63854,-5165.233842266318,-344.42957901781665,-4508.955861015356
STARLINK-33969,63855,4958.274912107258,-905.7375114083428,4645.8899551253635
STARLINK-34002,63856,2033.3592062360112,-5656.303056793622,3298.1360819187553
STARLINK-33999,63857,5112.6815133725995,2359.754537243805,3911.7468618942576
STARLINK-33976,63858,4069.8210212548133,-3229.666987028344,4472.843721433526
STARLINK-33821,63859,-2301.718057831341,-6453.542220759595,-356.611304264762
STARLINK-33888,63860,1431.529722167738,-6061.859248384179,2868.1956243738928
STARLINK-33896,63861,-1092.9857382947735,-6726.45445729503,790.882164543325
STARLINK-33878,63862,-1707.5469265482063,-6640.856519312901,223.2319476923954
STARLINK-33954,63863,-4576.174481952966,-4145.840623327812,-2993.9728735703925
STARLINK-33863,63864,-6814.7136836346,1239.7386930661937,593.0892220901477
STARLINK-33897,63865,5914.552600378696,-2028.1770711880604,-3044.304043473854
STARLINK-34022,63866,-1087.6777651103575,-2231.245717035624,-6497.067485736166
STARLINK-33979,63867,4103.771328585007,-2483.8858657761884,-5035.878192303784
STARLINK-34007,63868,-6669.982296259975,285.1579840972282,-1945.660777372033
STARLINK-34006,63869,3604.2712025341148,1556.3115910162546,5729.790098369994
STARLINK-33986,63870,6693.887134246345,-352.0077456888888,1839.9740840401955
STARLINK-34013,63871,980.3328413068527,2245.972733216983,6498.166121543139
STARLINK-34059,63872,-5498.729610187417,-718.5753802540963,-4196.035971355788
STARLINK-33987,63873,5510.231683827093,690.2763757542426,4175.981993125725
STARLINK-34052,63874,-3511.037282310389,-1602.7332257219718,-5785.657991238468
STARLINK-34023,63875,3515.4435364157525,1587.357575042141,5776.593613709975
STARLINK-33778,63877,4033.1756188965533,-2492.71156259465,-5088.326435035921
STARLINK-33901,63878,-5568.5626567677555,-675.6268219067042,-4110.864876835069
STARLINK-33812,63879,6810.207708843963,-1267.3709448329128,-599.8112924797604
STARLINK-33779,63880,-980.6122435285819,-2251.2011912307794,-6506.993666804093
STARLINK-33905,63881,-4111.078579461759,2492.8166163587566,5014.3919336868075
STARLINK-34003,63882,-3628.954299395876,1622.0780816941567,-5524.466642629057
STARLINK-33968,63883,-6695.685796949598,325.6822779917856,-1847.8373396295895
STARLINK-33943,63884,-5916.037703445273,2041.9531599512372,3021.326629268643
STARLINK-33858,63885,6668.210762441348,-312.14474086239903,1936.997901679897
STARLINK-33885,63886,-1700.367463407452,2563.103865197012,6226.9023274753445
STARLINK-33904,63887,-4036.613905882237,2501.935892335716,5069.626394521106
STARLINK-33981,63888,1593.2096717416607,-2555.1451248909034,-6269.602002020476
STARLINK-33738,63889,6793.805765008281,-1304.2663363076529,-699.4618969308831
STARLINK-34116,63890,-6491.577594563099,-1161.535790405062,-1897.615767539996
STARLINK-34123,63891,-3488.641538298167,4545.637161836101,3763.134670516653
STARLINK-33972,63893,-3384.2959113643,-4165.977543948604,-4278.188749088117
STARLINK-33973,63894,1404.418260319664,4839.430441076968,4648.6880717690265
STARLINK-34119,63895,-6533.8119274187875,1880.3080394696672,911.977297325895
STARLINK-34143,63896,3805.183723267018,-4439.729510693052,-3593.2730357257738
STARLINK-33957,63897,-5359.167842999995,3457.8880721656546,2519.1044141150733
STARLINK-34120,63898,-1097.7410530874652,5052.172529999581,4501.326249889832
STARLINK-34134,63899,-5282.70362176219,-2862.290967118983,-3316.965269589843
STARLINK-34118,63900,-6814.798104995045,73.39658247517282,-796.1894424719592
STARLINK-34125,63901,-991.5184568207061,-4928.326500061024,-4673.3541752581505
STARLINK-33955,63902,2991.0748267828744,4330.420862199035,4394.164792700588
STARLINK-34097,63903,5074.425687711851,-3712.094918796037,-2751.897549864214
STARLINK-34092,63904,-6233.060220238273,2451.815330060494,1479.346020962192
STARLINK-34114,63905,-2700.153059232824,4795.173287874675,4090.3085294151906
STARLINK-33770,63906,6609.594813841389,818.4552559510756,1641.1484446062823
STARLINK-34106,63907,5535.253253659467,2578.391217517815,3121.636892010963
STARLINK-34083,63908,-4811.256417552019,3875.8109362107834,2973.861997763753
STARLINK-34066,63909,-5788.708876505222,-2309.8924510664574,-2870.7376057843057
STARLINK-34071,63910,-6826.109901705912,624.9980024963114,-287.80597107056747
STARLINK-34038,63911,-1834.2264049637408,-4744.5894959730695,-4610.280036413327
STARLINK-34031,63912,-4085.691329582583,-3781.484551982924,-4013.438420086251
STARLINK-34070,63913,652.7619044974568,-5065.290731275711,-4585.462160314205
STARLINK-34068,63914,6033.679258289328,-2762.747369342978,-1746.8590668636402
STARLINK-34076,63915,3083.180365011244,-4702.103014907175,-3931.1698331073
STARLINK-33910,63916,3734.041378487147,3968.0396096771797,4161.839821176848
STARLINK-34075,63917,6785.873351353492,-1008.1943355653839,-23.369769314972086
STARLINK-34012,63926,-3970.3183176608336,-4107.837457086251,-3965.6180649915887
STARLINK-33956,63927,-2711.5359538504235,1036.2651633940986,6309.30789676476
STARLINK-33997,63928,-5747.910059444,-2123.1209452292105,3278.1954857446676
STARLINK-33989,63929,2623.404746577192,-1098.3957382551496,-6346.813468339993
STARLINK-33980,63930,-6042.416504973893,-3326.782264435676,865.4146431256511
STARLINK-33994,63931,4515.804454009821,510.1059157733866,-5264.912910859576
STARLINK-33971,63932,-5457.839721386504,-4007.0702906794654,-1583.4642339721395
STARLINK-33877,63933,-424.2326066465419,2485.56622353359,6470.920730824256
STARLINK-33895,63934,4055.2393039393382,4098.990598178749,3877.792075857661
STARLINK-34005,63935,-6049.124892585023,-3285.6173695640227,969.3314845524401
STARLINK-34027,63936,-4527.919052692419,-509.1910713489476,5243.627308819902
STARLINK-34035,63937,5724.622173787525,2041.4738547385866,-3380.269234358669
STARLINK-33988,63938,428.07990155348654,-2490.665352207586,-6479.042088996145
STARLINK-34020,63939,2016.910301866396,3590.3841976115914,5593.501595717742
STARLINK-34021,63940,-5716.624898872852,-2065.8501517387617,3367.738777605282
STARLINK-34004,63941,5481.459775074272,3980.923296540377,1557.28474275041
STARLINK-34014,63942,6056.880706846238,3298.3304326092066,-884.4427147324147
STARLINK-33985,63943,-332.1772175050155,2535.242889862653,6456.849455485388
STARLINK-33996,63944,325.096453304183,-2546.767008778671,-6463.594357171536
STARLINK-34036,63945,-4036.4650006150246,-4115.961435344503,-3889.9526527089356
STARLINK-34039,63946,-2004.3994576524487,-3601.4964979818446,-5601.907613580312
STARLINK-34034,63947,-1916.3077568775327,-3569.4264986827334,-5653.392085970609
STARLINK-33983,63948,6062.53002670902,3260.5519606025728,-981.629102290158
STARLINK-33993,63949,-2627.4890662054236,1097.9215722665786,6334.235933254731
STARLINK-33962,63950,1928.4699277672753,3558.147254335854,5644.553741752961
STARLINK-33998,63951,3984.474941567319,4090.322236990142,3959.093942171177
STARLINK-34159,63952,-243.11653922844522,5050.324526922709,4629.633295900424
STARLINK-34137,63953,-6700.972805326694,-549.8112090235222,-1371.7634365990443
STARLINK-33974,63954,4420.885588935778,3568.583820041989,3838.6647258559583
STARLINK-34170,63955,2230.3377932661856,4624.811827201131,4543.447965036539
STARLINK-34187,63956,-1900.7490715851686,4958.541370366043,4335.632181749825
STARLINK-34142,63957,-4175.20491780862,4248.747674558332,3392.7192591395215
STARLINK-34144,63958,-5840.945107208385,2983.288147230586,2007.364615174858
STARLINK-34099,63959,588.416989650785,4983.250873625403,4671.699936795765
STARLINK-34107,63960,-6725.837059786957,1308.7311110690753,344.2204246952887
STARLINK-34121,63961,-6183.304954181507,-1746.3195283602024,-2411.660340972088
STARLINK-34103,63962,-4714.582255438455,-3343.8459409369566,-3698.5589729544427
STARLINK-33801,63963,-165.75158288057986,-5033.158735690178,-4662.830656806999
STARLINK-34135,63964,-2637.7210355187904,-4483.131894826835,-4479.343476725754
STARLINK-34147,63965,2306.11696762149,-4901.652827551116,-4211.818209872818
STARLINK-33960,63966,4471.135349588842,-4112.55515792587,-3192.067074101041
STARLINK-34153,63967,6631.333569804061,-1647.7853442136764,-621.8363267990205
STARLINK-33963,63968,5596.58760249859,-3266.6406010279134,-2258.300868580929
STARLINK-34112,63969,6767.354717191202,200.8343074077754,1105.021534903553
STARLINK-34084,63970,5989.6099065550225,2008.8552506449578,2669.2265494480926
STARLINK-34138,63971,-5115.442077550028,-2867.5699070685673,-3566.2578942485366
STARLINK-34115,63972,872.3073852329824,-5110.8084727700325,-4495.789724207407
STARLINK-34028,63973,-2898.931819695537,4844.010681626733,3893.47121780872
STARLINK-33942,63974,-4915.6589737116365,3945.118322428526,2703.0727711061018
STARLINK-34139,63975,-6281.328792739994,2511.890240143078,1139.6662150710467
STARLINK-34090,63976,-6797.815753028907,700.9684985276454,-613.3367016066255
STARLINK-34105,63977,-6623.282195706614,-535.6420033750644,-1713.0520127079808
STARLINK-33642,63978,-3890.6861411457307,-3796.731512744145,-4188.571687216614
STARLINK-34045,63979,-1610.9977325662746,-4775.832507929404,-4657.706738910997
STARLINK-33871,63994,-5092.5465778488015,-3097.5655569751343,3389.8531739691125
STARLINK-34154,63995,6536.949060112546,1133.2054799655127,-1754.50743235469
STARLINK-34158,63996,3469.060446061025,4152.249601859375,-4222.858649025978
STARLINK-34165,63997,-3744.6560284794864,4424.1384976294985,-3675.954611534538
STARLINK-34150,63998,-665.3409060439807,-4970.282162632382,4674.741659211777
STARLINK-34169,63999,2685.552799538502,4486.597009637061,-4449.079680003989
STARLINK-34152,64000,5833.721280172039,2315.327221270081,-2776.360431055243
STARLINK-33927,64001,-6782.170343786227,1007.3429294713917,-256.0158136321439
STARLINK-33898,64002,-5608.368476008413,-2593.168417305231,2972.990286270602
STARLINK-33928,64003,-6003.524897866143,2749.1206395228883,-1865.784461571692
STARLINK-33758,64004,4726.326000600712,-3885.989217310358,3101.685872915915
STARLINK-33936,64005,4785.277070228354,3340.635222136065,-3615.2221699742067
STARLINK-33931,64006,-5555.066261180328,3249.397099876155,-2380.5252636961814
STARLINK-33759,64007,250.646246275853,5019.3107859008505,-4674.930115138362
STARLINK-34163,64008,1895.2288316844088,-4931.03494865729,4371.193374767704
STARLINK-34077,64009,-590.657044058542,5050.578101273226,-4610.3411243593
STARLINK-34113,64010,-3076.7178038654192,-4333.153292778863,4331.499451104375
STARLINK-34193,64011,-2305.44893337039,-4616.441017283708,4516.7131876752865
STARLINK-34078,64012,-2241.7057308282488,4883.5852112428865,-4270.764910664807
STARLINK-34182,64013,-4304.408874450487,-3572.7194022292024,3964.517246606288
STARLINK-34192,64014,-6397.811567857596,-1456.4343294071357,1996.6882208204208
STARLINK-34093,64015,1891.0336023224806,4739.637987739883,-4596.4068719018605
STARLINK-34016,64016,-1441.6743725511371,5002.910470108388,-4471.239167949957
STARLINK-34161,64017,4150.229744333157,3777.396405413337,-3952.0188231983643
STARLINK-34162,64018,6505.758935667332,-1897.5515553498794,1063.7796874399176
STARLINK-34155,64019,3378.2883963100594,-4548.943547454996,3860.4653847132568
STARLINK-34141,64020,5302.478128807897,-3456.968486896471,2641.40701123927
STARLINK-34062,64021,1094.4813765059423,4911.625585887509,-4668.8120046590875
STARLINK-34051,64022,-4449.0635279239405,-2908.6123888494744,-4484.382542065048
STARLINK-34087,64023,1556.191521272656,4765.36277070826,-4820.26513212295
STARLINK-34184,64024,-1573.600396359422,-4756.375976569285,4813.563728720694
STARLINK-34088,64025,4287.376963421741,5469.910727448408,-192.5166700563631
STARLINK-33992,64026,4460.190092627144,2997.612066265208,4404.293957553563
STARLINK-33967,64027,-4474.208736379054,-2982.1809378784665,-4410.604808722764
STARLINK-33953,64028,3539.362276891982,933.0375831368589,5903.6061769117
STARLINK-33790,64029,-197.08137736755992,3327.9557350183313,-6103.228179876551
STARLINK-34030,64030,4254.699679169493,5490.779683168591,-296.5651431705135
STARLINK-34024,64031,-2057.780883702672,1255.5468422609708,-6523.469441863367
STARLINK-34019,64032,260.2478200148065,-3252.6395338181155,6131.780355208974
STARLINK-33860,64033,-4281.9329858803885,-5470.672082802656,271.6889666863506
STARLINK-33946,64034,-4739.158731292532,-4526.972260932553,-2324.81341305461
STARLINK-34046,64035,4730.2953331684075,4535.338642639508,2316.4065483013683
STARLINK-34085,64036,1626.0507743358007,4811.130143340758,-4751.170436455051
STARLINK-34008,64037,-3489.423143828503,-857.7199831503216,-5954.160629351437
STARLINK-34079,64038,2055.770824835167,-1254.6568851041193,6514.520856768551
STARLINK-34089,64039,4435.767214303083,2922.4529453551963,4478.85301174873
STARLINK-34117,64040,3200.3687348523495,5563.554621534749,-2676.1980267995486
STARLINK-34111,64041,-1991.4739012818777,1340.3455489161122,-6527.092799970597
STARLINK-34049,64042,4717.540386730865,4592.708645340124,2227.8099088553345
STARLINK-34096,64043,-270.2785723409555,3257.4512013418016,-6138.396957325916
STARLINK-34081,64044,3145.0539286873436,5549.726518382572,-2768.9834779725797
STARLINK-34033,64045,-4737.091827165081,-4570.271658560474,-2244.2536799461473
STARLINK-33952,64046,-3173.390623620475,-5538.170142125264,2750.404232361321
STARLINK-33961,64047,-3533.147609214175,-934.1970140434111,-5916.835514438567
STARLINK-11741 [DTC],64064,-4399.286196695951,-5005.157888859919,-964.1537829160851
STARLINK-11709 [DTC],64065,5042.213823454864,-864.030756448386,4371.74052727153
STARLINK-11737 [DTC],64066,2248.7106550951094,6198.795117335249,-1368.3335866218902
STARLINK-11726 [DTC],64067,-3364.1426701866194,3718.690826277886,-4497.336090090928
STARLINK-11700 [DTC],64068,68.69193976926991,-6002.909898452488,3044.089419334904
STARLINK-11649 [DTC],64069,-5479.201026697444,-2351.1441431092144,-3133.857851750525
STARLINK-11713 [DTC],64070,5484.926612381588,2387.424373322695,3084.1331554006824
STARLINK-11719 [DTC],64071,577.7380857477443,-5809.915250063339,3347.5406063162513
STARLINK-11733 [DTC],64072,-781.980418713268,5706.900383095889,-3488.909180398165
STARLINK-11729 [DTC],64073,-2235.8522845069065,-6208.43433190914,1336.2908695245992
STARLINK-11730 [DTC],64074,3266.280163646541,-3828.10740915867,4465.8212235085975
STARLINK-11723 [DTC],64075,4461.645706145927,4942.426689805922,996.2926231718188
STARLINK-11715 [DTC],64076,-5098.414370078044,743.4127084102483,-4339.393575238863
STARLINK-34201,64077,-861.8477171527055,-5205.677339527114,-4388.829252796129
STARLINK-34190,64078,4859.975591620751,4201.88258733879,2400.283247941477
STARLINK-34168,64079,-5366.85985170145,2345.1153559301106,3559.4287211588444
STARLINK-34098,64080,-1197.2681730182687,4871.2088478747655,4673.289837231334
STARLINK-34180,64081,6319.054954196737,-861.642956920724,-2531.4181135220538
STARLINK-34171,64082,-6459.858717662828,538.2102032154511,2238.2763043648156
STARLINK-34126,64083,1587.8076728694766,-4760.024228677146,-4682.968234895847
STARLINK-34157,64084,-2770.9563845494868,4283.195741715496,4580.3255417245055
STARLINK-34140,64085,6716.824044640247,1032.0756391294294,-949.665634589891
STARLINK-34132,64086,3841.7054878900994,-3669.8754081226143,-4344.452789583556
STARLINK-34178,64096,-3953.3014468263896,5508.741657785372,-1010.1326610843087
STARLINK-34174,64097,-1490.2483266427769,6312.057528133341,2168.921348370869
STARLINK-34146,64098,-1895.5119367528332,-4369.3817389239275,-4917.537572181884
STARLINK-34074,64099,-2046.440180185724,6307.260551126857,1726.119474528981
STARLINK-34082,64100,-2904.4439603354217,6174.329582746909,642.5183325875115
STARLINK-34072,64101,1744.6821291375047,4469.177009459548,4877.954167541781
STARLINK-34104,64102,4335.165393420325,310.1747976867734,5273.138223461071
STARLINK-34179,64103,-615.784981894053,6023.029030146957,3202.7592422456078
STARLINK-34176,64104,-3289.2055823630367,6012.861148586384,89.60475648059499
STARLINK-33949,64105,3653.6249937624007,1897.2449707347828,5463.686746946442
STARLINK-33970,64106,4800.034234354501,-3363.436073789572,3517.8410622558245
STARLINK-33912,64107,-253.42359537150512,5902.234616390004,3456.5831145534466
STARLINK-34156,64108,-2479.701125592199,6288.008871340708,1099.3476611187752
STARLINK-34124,64109,-4056.5781980851975,5356.418274529684,-1339.169389742902
STARLINK-34145,64110,-4093.1615049664365,-958.8896716416392,-5403.536580213083
STARLINK-34148,64111,-4651.196455718894,707.1494807742849,-4984.500385344936
STARLINK-34136,64112,-4830.1308183185565,3365.4529682149855,-3508.699091239039
STARLINK-33839,64113,-2343.4240267371665,6307.765825389947,1271.0552838904596
STARLINK-34064,64114,4700.623976547272,-911.0195759128023,4887.989966979098
STARLINK-34067,64115,4141.078307671307,836.0301772907533,5374.450528049814
STARLINK-34080,64116,-1770.2381410686737,-4471.516528039098,-4883.665715659135
STARLINK-34122,64117,-3554.997641524478,-2094.163230852917,-5473.520257317777
STARLINK-33964,64118,1869.0653213023852,4345.042000688661,4943.271013339369
STARLINK-34160,64119,-4578.803490400899,3518.4246065969933,-3632.1773932572682
STARLINK-34151,64120,-533.4640436314828,5990.589416932668,3275.9883537700443
STARLINK-34189,64121,-1584.7545840441862,6277.040393408561,2241.7652908761975
STARLINK-33991,64122,227.81475046044324,-5916.423563207798,-3451.3323005650327
STARLINK-11727 [DTC],64123,-3155.6741687932868,-4159.833918687022,4245.13285882135
STARLINK-11724 [DTC],64124,2994.207787235578,4367.2096225135865,-4161.133048456739
STARLINK-11725 [DTC],64125,4202.998662177327,-4931.982809137993,-1832.3901115955393
STARLINK-11717 [DTC],64126,2092.7250328596874,-6377.411919890867,521.9130055895632
STARLINK-11721 [DTC],64127,-4133.081207000975,5003.958295949224,1791.1238819406265
STARLINK-11722 [DTC],64128,4745.157298516359,1344.8065247661764,-4585.209661638656
STARLINK-11679 [DTC],64129,-2040.7201370854696,6394.18259832091,-524.3678687380057
STARLINK-11735 [DTC],64130,5194.532759185594,-2169.28357443179,-3697.634786215382
STARLINK-11720 [DTC],64131,661.5665972898676,6105.931106249912,-2765.4092830818786
STARLINK-11718 [DTC],64132,-3507.5540859116622,-3711.0978255345162,4383.747586059896
STARLINK-11716 [DTC],64133,-643.4082391681319,-6094.795721249252,2784.7292141139806
STARLINK-11714 [DTC],64134,-5173.170882822744,2201.8524735430747,3696.8544468299524
STARLINK-11712 [DTC],64135,-4814.560759706315,-1133.1407426362266,4562.09458217974
STARLINK-34254,64136,-3413.071262346141,4248.801936178616,-4172.79787177263
STARLINK-34230,64137,-3594.464858741591,-5309.556504641765,1864.3672870229557
STARLINK-34129,64138,170.49405065341406,-6595.295794746096,1874.1148972914752
STARLINK-34212,64139,1411.10339892685,6693.129587637881,-535.2364914782366
STARLINK-34149,64140,4952.119827131715,3116.6935419401757,3574.134035359456
STARLINK-34054,64141,4414.800066696967,4480.472288195699,2731.022370492895
STARLINK-34195,64142,-488.0830568814275,6490.772705712834,-2172.879837408307
STARLINK-34133,64143,-2352.356424412042,5391.748529704001,-3536.2543522619935
STARLINK-34181,64144,5188.75033080896,741.3587660968167,4415.912324014867
STARLINK-34186,64145,3142.252712046599,-4595.316681325247,4001.0248861203327
STARLINK-34314,64146,-4016.5574551163304,-3529.4633089443014,-4417.1344415387775
STARLINK-33926,64147,-0.4768781537601642,1070.6089579564577,6836.259840036744
STARLINK-34213,64148,-1.3554854856259169,-1073.4063019849063,-6852.424547391094
STARLINK-33924,64149,4010.3625641273197,2001.8224451617305,-5292.276824521923
STARLINK-34209,64150,4014.0502008897656,3533.890413638435,4395.5161515397895
STARLINK-34338,64151,5675.850280828117,3924.850289559029,-641.2949826046765
STARLINK-34348,64152,-5680.878074389796,-3923.6267231083657,598.0081886515645
STARLINK-34345,64153,-4016.37321403763,-2017.5751052650137,5265.1430901189115
STARLINK-33945,64154,-437.188013823548,792.7912075551332,6859.196867657222
STARLINK-34346,64155,2839.308039002179,2891.3539643189183,5611.111778309741
STARLINK-34277,64156,-2837.9694250181474,-2886.9200080030405,-5631.601889501678
STARLINK-34166,64158,4917.086599252108,2847.7114271887367,-3974.143770215336
STARLINK-34344,64159,1464.352930679382,-26.90295688236331,-6779.317298725235
STARLINK-34339,64160,-5486.0336507224665,-4066.740502290749,-1195.0138103368192
STARLINK-34341,64161,-1471.5971769931778,16.821484062455827,6761.154847600564
STARLINK-34317,64162,5484.909805852159,4071.736470174119,1160.7826568226658
STARLINK-34340,64163,-1470.4870722552955,-2050.125244740634,-6460.459659176007
STARLINK-34263,64164,-4924.060572457256,-3934.359999664219,-2892.3449411252013
STARLINK-33793,64165,-5487.368529883318,-3514.178713146009,2352.042790741803
STARLINK-34313,64166,-2841.902400423714,-1037.4854466852917,6224.351559468464
STARLINK-34309,64167,1469.6529406221064,2051.211855261526,6443.1376528074015
STARLINK-34303,64168,4917.409295261686,3938.028773904535,2878.441263930635
STARLINK-34175,64169,2832.2965383489645,1021.7145669529574,-6248.269326469242
STARLINK-34177,64170,6821.068755777267,543.4840265268015,279.7682242061412
STARLINK-34228,64171,981.4752683906763,4092.059817491121,5393.362604708227
STARLINK-34233,64172,-6821.575216285261,-568.4714006550914,-257.66487220487016
STARLINK-34172,64173,-2051.420594488902,3857.5996137181855,5264.23808630789
STARLINK-34202,64174,3299.8793105563204,3725.567322505921,4702.122670259974
STARLINK-34231,64175,-5903.154371522705,-2287.013579406067,-2622.6127913203245
STARLINK-34191,64176,6074.981406674626,2019.3374786008744,2404.6059896709653
STARLINK-34164,64177,2710.5449161707743,-3672.302266413595,-5119.208836075798
STARLINK-34227,64178,4953.502464994353,3025.3942935485775,3635.1902636656073
STARLINK-34194,64179,-6836.522076308083,-15.912023091740402,255.17148178396175
STARLINK-34000,64180,-3928.492668415343,3221.837346808689,4589.580465141529
STARLINK-33917,64181,6425.401412795366,-1169.2173544917857,-2086.9046192437236
STARLINK-34131,64182,3894.7211723711566,3527.160369782798,4390.411534554485
STARLINK-34188,64183,-3822.8054603247115,-3543.779215341176,-4450.958017562613
STARLINK-34197,64184,4470.545100331666,-2940.0230336097356,-4289.891211153411
STARLINK-34063,64185,2047.9990550757655,-3859.1565489201034,-5281.7064306459615
STARLINK-34200,64186,3826.365378102554,3518.710782798608,4449.7680726159315
STARLINK-33934,64187,6836.846327120694,480.1939055350363,82.82617989040881
STARLINK-33929,64188,6624.242219380371,1293.8108578034094,1188.0703985028324
STARLINK-33872,64189,-5724.796456158036,-2355.983183476756,-2919.8129705187307
STARLINK-34214,64190,3923.0197163016524,-3217.6480116709677,-4614.0251400502775
STARLINK-34222,64191,708.2816976278908,-4067.8815298616078,-5476.772050512722
STARLINK-34265,64192,6630.038441887559,-767.8060357746808,-1567.5317834847212
STARLINK-34245,64193,-832.618652298413,4051.477092490262,5438.635021350165
STARLINK-34237,64194,6386.830047486512,-1279.1654814439896,-2125.8590985000974
STARLINK-33857,64195,-4474.547564180587,2947.295036743978,4263.991705943542
STARLINK-34173,64196,-997.2671942637954,-4104.388716977769,-5398.657590957062
STARLINK-33966,64203,2674.302602837711,3163.440872570474,5449.8752895839425
STARLINK-34331,64204,-5421.266868429676,1883.2804041110032,-3731.2392130055587
STARLINK-34251,64205,-3972.685736133918,-1582.642749817638,-5346.608512705531
STARLINK-34311,64206,-1655.3440306030295,5698.886908429223,3394.892743945298
STARLINK-34324,64207,1100.8304026446062,4482.029647771565,5056.54536937356
STARLINK-34327,64208,-5152.833513061181,4331.458824292959,-1298.2306002762937
STARLINK-33944,64209,-1644.5591870563385,5705.85545583259,3412.523876269361
STARLINK-34310,64210,-4671.705325240878,5011.635091692211,-217.3381668738958
STARLINK-34258,64211,-1768.1338865655312,-3996.7538659633005,-5273.490821215069
STARLINK-34284,64212,-5490.060348915355,2961.7256500684903,-2846.6502359518504
STARLINK-34332,64213,-4652.344461382831,-426.33313608359197,-5004.473860403375
STARLINK-34283,64214,-5334.293109174102,1758.234328395075,-3913.6109258533406
STARLINK-34349,64215,-5140.148858378869,740.9041901654296,-4460.605781084083
STARLINK-34296,64216,2.3290521338250563,5128.017308821251,4537.427805880395
STARLINK-34320,64217,-5480.526896362826,2945.985265463945,-2850.869812076961
STARLINK-34300,64218,-4347.545999605261,5287.317625702981,350.02076119730805
STARLINK-34323,64219,-2167.612737230511,5784.230538198105,2960.0138471084806
STARLINK-34328,64220,-563.29226374907,5372.791401373775,4191.793031495683
STARLINK-34326,64221,-3585.0250549661328,5647.356142432292,1428.1640877199047
STARLINK-34318,64222,-3132.0935275099246,-2673.588096754572,-5469.503658340511
STARLINK-34337,64223,-4933.79057079157,4677.678024723041,-774.4034411954636
STARLINK-34304,64224,1649.1487732468772,4079.3415992819864,5244.17059102921
STARLINK-34289,64225,-5315.7886667303355,3893.7788266666394,-1849.2972707338977
STARLINK-34347,64226,541.5556810374683,4827.7956210003495,4806.889256055082
STARLINK-34330,64227,3587.1457846013727,2121.0056186721868,5430.682201536243
STARLINK-34167,64228,-3835.446036445178,-1748.8943211558772,-5394.8007795950325
STARLINK-34241,64229,-1102.919742640054,-4491.019878347053,-5048.1108878979485
STARLINK-11686 [DTC],64233,4716.435394778984,-3954.5857908177063,-2735.361111296537
STARLINK-11682 [DTC],64234,-4270.657523535174,-3437.233064860826,-3913.007410279234
STARLINK-11675 [DTC],64235,4316.052317541112,3384.605037697204,3899.060956527704
STARLINK-11691 [DTC],64236,-5093.410255054895,3697.062479549159,2387.815637127321
STARLINK-11670 [DTC],64237,5082.991745012981,-3693.136029668133,-2428.122754231072
STARLINK-11708 [DTC],64238,2287.338820100314,-4883.863480408935,-4035.6996689580933
STARLINK-11683 [DTC],64239,-6272.456457368865,-1079.7583385604219,-2203.653284891555
STARLINK-11684 [DTC],64240,6231.552706844963,1186.3561615142467,2250.6595865548884
STARLINK-11689 [DTC],64241,1183.4731702279207,4782.825075331901,4583.148687782064
STARLINK-11690 [DTC],64242,-2254.138203479352,4896.130062208891,4029.5829913899015
STARLINK-11694 [DTC],64243,3116.6107217679114,-4679.904324665392,-3694.7004139084834
STARLINK-11710 [DTC],64244,6578.427075129612,-1433.331079889246,-80.8418113522876
STARLINK-11704 [DTC],64245,-6559.172794885403,1521.3805756827514,116.26355955766535
STARLINK-34203,64246,-4027.8495714008955,5539.101086691209,395.8660993243109
STARLINK-33865,64247,-4252.111934210082,-2640.1476227048324,4686.573653080039
STARLINK-34234,64248,1037.7563924702624,5693.005276585515,-3689.10865550664
STARLINK-34256,64249,-5596.97927977482,1964.0399783649252,3440.5799903755074
STARLINK-34229,64250,5297.46687834026,-3722.1460826885464,-2274.926536912564
STARLINK-34224,64251,-5279.317229718011,-365.5869420290116,4358.64757601973
STARLINK-34215,64252,-1002.929059828737,6348.1291517678055,-2406.654222267932
STARLINK-33893,64253,5401.469400213022,-32.536038982592686,-4233.465101128993
STARLINK-34183,64254,4271.971267233391,-5329.882920364565,-647.567607780272
STARLINK-34211,64255,2664.9006047814564,-6228.624721988594,1078.0557624741416
STARLINK-34329,64256,-5114.520386929121,1151.4929787504084,4385.238461475307
STARLINK-34352,64257,2036.8176749734625,4864.65895331719,4367.52221802584
STARLINK-34308,64258,-1994.1216305067298,3578.015068228261,5468.741884542157
STARLINK-34306,64259,-6317.677865301165,-2545.495357493862,635.4530338680197
STARLINK-34281,64260,-745.8815754004446,4127.899392068759,5393.745535587816
STARLINK-34297,64261,563.3541687880127,4520.971086479904,5093.1962003112
STARLINK-34325,64262,5275.317189222443,-749.2467828301768,-4317.581044357125
STARLINK-34276,64263,-2923.4452891025917,-4869.247173500523,-3835.87035065744
STARLINK-34333,64264,-5976.010966136745,-3298.1298690613194,-472.5852328686012
STARLINK-34240,64265,-143.46843341274925,-4511.0051232983105,-5164.441269521592
STARLINK-34315,64266,6295.5246350266425,1699.2896664888494,-2118.583387793967
STARLINK-34321,64267,-6222.534696653511,-761.961969486932,2730.249362271106
STARLINK-34319,64268,1826.400836277877,4723.050839120672,4589.874086885055
STARLINK-34298,64269,-5787.097041694773,199.32720709718888,3633.509961318073
STARLINK-34219,64270,4003.013699926067,-2158.302378527338,-5133.979516036526
STARLINK-34342,64271,3747.948644757199,4784.522557564062,3159.226279868913
STARLINK-34001,64272,1759.3104716476862,-3718.726161303796,-5487.988614319288
STARLINK-34334,64273,-2018.8020134283774,-4855.5991275375745,-4402.522185892781
STARLINK-34272,64274,4914.624463476612,-1213.8377546688414,-4626.245456460384
STARLINK-34293,64275,3492.39325989023,-2589.832091981221,-5304.440777796766
STARLINK-34350,64276,-4242.739106601268,2047.155727805699,4950.608110608966
STARLINK-34264,64277,5437.434856349411,4009.0213520109146,1148.6197127478163
STARLINK-34353,64278,5866.558532884235,243.43115572221177,-3542.862997406278
STARLINK-34377,64279,-3203.14487900039,2858.9041116592616,5315.654477404061
STARLINK-34359,64280,6310.247789004785,2154.3528801469624,-1594.293374085897
STARLINK-34366,64281,129.07468344283774,4488.288504804083,5167.057577434556
STARLINK-34381,64282,4676.2788660531605,4491.806939009375,2211.4934267251606
STARLINK-34448,64291,-4469.809073365821,5310.551178354876,391.43517410995645
STARLINK-34362,64292,129.62265198219384,3255.2747232170195,6134.055136358064
STARLINK-34428,64293,-139.27750339444378,-3261.2082937892947,-6141.467277552839
STARLINK-34388,64294,3626.3420162766497,-867.1702052965384,5860.477929453943
STARLINK-34424,64295,4934.758504683377,-4370.197420885067,2205.557294104974
STARLINK-34443,64296,-4922.903753167779,4376.368347495945,-2229.343836327249
STARLINK-34369,64297,-1693.8826891513002,4639.283038421367,4885.962427637884
STARLINK-34391,64298,4478.80084222095,-5309.593867302906,-302.1146854826418
STARLINK-34378,64299,-4920.512965756248,4426.887705353645,-2132.475342035952
STARLINK-34376,64300,3580.656281141118,-793.8089417300653,5898.784166438738
STARLINK-34372,64301,-3392.066337128266,5398.493138727008,2765.936455712085
STARLINK-34379,64302,848.4468818089371,-5654.843585722817,3674.596440663043
STARLINK-34356,64303,3370.6264519583156,-5412.907228472427,-2775.261209973452
STARLINK-34360,64304,2074.9402246090726,1252.17393538613,6508.47826058336
STARLINK-34383,64305,4478.75579889038,-5301.72194903133,-419.84543673748504
STARLINK-34355,64306,4932.484403171392,-4421.049843778804,2106.9188413220236
STARLINK-34380,64307,4635.772504587373,-2870.2083888877073,4306.953997334406
STARLINK-34374,64308,206.50127582589485,3186.939140146469,6167.573525603431
STARLINK-34370,64309,-3335.575047814112,5385.971348371533,2857.74621652701
STARLINK-34357,64310,4607.777268214003,-2794.024399205734,4386.1882048455755
STARLINK-34368,64311,2009.324816051968,1329.0032656432577,6512.889666785433
STARLINK-34384,64312,-1766.8205268175516,4683.791223751188,4817.110927089776
STARLINK-34358,64313,-4500.195124015613,5290.955230284746,291.3378856063593
STARLINK-34354,64314,-4595.700323973622,2796.064380391636,-4407.38990757417
STARLINK-34387,64315,-2004.1436865916558,-1339.4264011335026,-6523.571523606342
STARLINK-33590,64316,-4622.485827372359,2869.563848676364,-4331.788437718082
STARLINK-11736 [DTC],64317,-3819.9629250559465,4436.686807387601,-3332.3861282483026
STARLINK-11673 [DTC],64318,-2750.641283374126,-4260.100445990089,4419.845125198742
STARLINK-11671 [DTC],64319,3814.3103533808903,-4448.659895863049,3310.8851730287365
STARLINK-11594 [DTC],64320,-543.7045946051352,5007.642493687351,-4474.079261243721
STARLINK-11596 [DTC],64321,-6065.5682214051185,2641.9625273128527,-1260.4708831516932
STARLINK-11747 [DTC],64322,-5465.475523063864,-2320.545945023953,3168.652726164452
STARLINK-11728 [DTC],64323,5298.527112427603,2491.420305615418,-3327.7777610659186
STARLINK-11696 [DTC],64324,6049.403215945657,-2676.790108347552,1248.5733054626373
STARLINK-11698 [DTC],64325,3367.5112712824257,-4616.953749288946,3551.9213375326517
STARLINK-11678 [DTC],64326,6521.220144490601,274.8984489950329,-1545.1797462719048
STARLINK-11674 [DTC],64327,6623.6202014373275,-123.69805568163196,-1200.7931143204175
STARLINK-11707 [DTC],64328,749.9010520178249,-5010.145264677635,4424.451795381973
STARLINK-11734 [DTC],64329,2704.3609206302453,4279.585594178932,-4441.498205696764
STARLINK-34252,64330,-2819.511888270339,-4563.968062909895,-4278.890080940005
STARLINK-34050,64331,2340.082507102303,-6399.569571155991,-807.0493551988678
STARLINK-33782,64332,5460.514424451412,-1767.4859404153356,3751.296238435109
STARLINK-34207,64333,-957.2031439129386,-5926.621336176664,-3326.6872772202487
STARLINK-34260,64334,-4335.642445053963,-2561.3486491189547,-4665.609468540626
STARLINK-33855,64335,5134.320916026662,623.1025120084169,4501.501032398619
STARLINK-34223,64336,1224.3323135686392,5919.381655710997,3238.1672533491746
STARLINK-34216,64337,-739.9829726235216,6480.859376281126,2120.1094302160222
STARLINK-34218,64338,5219.960201596322,34.828524976622205,4444.556656746544
STARLINK-34017,64339,3964.800937654589,-5523.463203938895,911.1013731124353
STARLINK-33977,64344,-6178.956632063127,3095.2495757619313,758.5538009832055
STARLINK-34426,64345,-5838.449678836641,1868.5391219455428,3274.687088916692
STARLINK-34437,64346,4605.339463277635,-375.4916029044853,-5197.039180604696
STARLINK-34407,64347,5876.61999854944,-1898.0377446104244,-3196.469199922175
STARLINK-34274,64348,4156.407742374114,-3909.4518302353126,3965.4564170154486
STARLINK-34301,64349,-6184.797050029785,3055.3617002362926,864.5390683053117
STARLINK-34425,64350,2674.737649463129,1145.4969032967854,-6316.291582968634
STARLINK-34389,64351,-4067.823721744142,3920.596097491148,-4055.2851873487707
STARLINK-34385,64352,6196.316713114122,-3030.6987345000284,-872.5353431050278
STARLINK-34431,64353,-5869.628620160287,1921.9127425283934,3186.4041158521736
STARLINK-34473,64354,-4140.9397142232065,3926.7809952148205,-3974.168592372327
STARLINK-34270,64355,-2062.2462644125485,3477.7442581976393,-5658.3582021718885
STARLINK-34397,64356,5603.675507281844,-3756.649917379051,1674.071971473492
STARLINK-34454,64357,4084.970903525737,-3903.363652371864,4044.1087735550673
STARLINK-34436,64358,-2740.4506917791446,-1090.197688787124,6288.308228594252
STARLINK-34291,64359,-5545.715824456201,3797.5643530391817,-1784.3830200957382
STARLINK-34458,64360,-1959.386171475049,3444.7796536845735,-5715.105262264914
STARLINK-34243,64361,324.8650103704301,2503.8479507570173,-6479.510208074989
STARLINK-34335,64362,-4603.109278494364,394.7661524898679,5188.785136802867
STARLINK-34408,64363,-315.1511566019823,-2508.3460313289847,6468.7053568194415
STARLINK-34476,64364,-5596.1445803240995,3776.259685703118,-1666.631966271635
STARLINK-34479,64365,2072.776065252253,-3466.868611937709,5651.093878590073
STARLINK-34484,64366,-2664.5955163447443,-1141.9819449658978,6311.870140012491
STARLINK-34483,64367,-4670.149766252866,459.39097575904697,5123.326538646693
STARLINK-34457,64368,5848.098602369366,-1849.5249496473973,-3276.413302530207
STARLINK-34444,64369,6189.676157726996,-3075.272240043856,-757.5381769409648
STARLINK-11732 [DTC],64370,-5874.962137774522,-2639.3365520313655,-1972.9426434159116
STARLINK-11731 [DTC],64371,-1174.4025824604548,5132.411232942618,-4198.980098824673
STARLINK-11746 [DTC],64372,1112.3715175809953,-5144.94065789898,4188.613011168772
STARLINK-11748 [DTC],64373,4773.242070418566,4746.924892408242,-109.35522641746323
STARLINK-11739 [DTC],64374,5880.172347896796,2656.038800081014,1920.683049473137
STARLINK-11738 [DTC],64375,4557.152035832244,4942.436544739842,-380.5282919685956
STARLINK-11745 [DTC],64376,-4603.2960902167415,-4900.511414533219,371.49896809863213
STARLINK-11742 [DTC],64377,-3768.1434657374098,3209.2389883145106,-4570.603210831259
STARLINK-11711 [DTC],64378,3921.1361762414394,-3034.5968257693307,4546.007211457903
STARLINK-11743 [DTC],64379,2057.928031602113,5859.224790550218,-2608.4244234845864
STARLINK-11744 [DTC],64380,-5581.125102648385,283.3661421483835,-3759.823659630748
STARLINK-11692 [DTC],64381,-2090.6894386728504,-5839.775707056578,2614.913640768344
STARLINK-11740 [DTC],64382,5637.6479232792135,-138.37375659548073,3668.564076666291
STARLINK-34299,64383,823.2687273658377,4959.272402419741,4662.482178150391
STARLINK-34271,64384,-5737.422313437775,2941.4079011351505,2338.2026897648457
STARLINK-34100,64385,-3997.6365312533853,4213.4664025688935,3642.850123678623
STARLINK-34269,64386,6445.826706950835,1447.169264810442,1844.362433062202
STARLINK-34351,64387,6116.588268102952,2021.4353155294355,2353.2026020891785
STARLINK-34198,64388,5685.309540800998,2579.221557337679,2838.0545746008206
STARLINK-34279,64389,4601.925224733638,3571.9077411364133,3616.75927392405
STARLINK-34292,64390,-6704.855393916582,1266.7615911774433,710.510619773216
STARLINK-34278,64391,6815.722333024222,238.19068715214902,747.5448712627124
STARLINK-33802,64392,-1712.3181019720325,4919.724417460036,4456.456265684317
STARLINK-34419,64412,-6747.468783351397,-1568.7149505320251,589.5037086156985
STARLINK-34275,64413,3477.13057269628,-1479.3289985525562,5828.82333594082
STARLINK-34225,64414,-5519.241169773686,455.9486077480159,-4206.3158566088505
STARLINK-34422,64415,-1598.4808199991212,-2633.1884957907614,6225.973937395496
STARLINK-34514,64416,-1071.394321520639,2209.1720694844676,-6506.45213370841
STARLINK-34487,64417,1592.206315941242,2628.951856500564,-6238.1254377049345
STARLINK-34461,64418,-6617.384195256255,-559.9898689984781,-2061.9685543763653
STARLINK-34512,64419,-4019.2487854072374,-2661.1892501573707,5003.344997466384
STARLINK-34503,64420,-5881.824485964503,-2263.9618260140946,2929.7549557887014
STARLINK-34498,64421,1057.315037937405,-2207.428136332951,6500.116022758647
STARLINK-34434,64422,-6643.135225136819,-601.5242030441846,-1965.057492028194
STARLINK-34467,64423,6648.687346606206,588.2170410944833,1940.1010100310084
STARLINK-34468,64424,-5461.304918564225,493.3916495167444,-4277.164201113752
STARLINK-34452,64425,4101.64963711744,2643.6438194173265,-4955.126052205664
STARLINK-34432,64426,5524.2673352376005,-467.49451354174334,4189.083474832026
STARLINK-34480,64427,4015.0381794094274,2650.9604038263406,-5021.28463285149
STARLINK-34495,64428,6752.24628755374,1547.8011529311173,-594.0285687325701
STARLINK-34501,64429,-5828.885085893204,-2286.0498426338895,3016.9449248482147
STARLINK-34441,64430,3570.480413837186,-1443.2216153361242,5781.322208472674
STARLINK-34524,64431,5826.804253816027,2271.96265606837,-3039.5936566452897
STARLINK-34506,64432,-3570.921770586836,1456.7183026296866,-5786.907021560729
STARLINK-34451,64433,-6766.49204466968,-1527.843458447932,468.2890411652044
STARLINK-34472,64434,962.6779229740009,-2228.946176737611,6507.461858086029
STARLINK-34478,64435,6768.1412161840435,1513.1946741407708,-493.7849434761447
STARLINK-34396,64436,-4104.3876429889115,-2653.2904031494822,4937.964211368821
STARLINK-34507,64437,1707.641402769083,2638.506134473808,-6203.531111109849
STARLINK-34465,64438,6522.040185628017,-1236.1546625690937,-1662.9534053278303
STARLINK-34456,64439,-2359.9068141615858,-3843.9045284425933,-5150.3000152875775
STARLINK-34410,64440,-235.00982515267452,4101.810787120928,5474.500728007354
STARLINK-34453,64441,-2389.2443299066813,3844.7457474110925,5119.485253755233
STARLINK-34404,64442,4218.111247752927,3224.3402280722285,4304.819641523802
STARLINK-34403,64443,1149.7012088977922,4055.7717587803527,5393.406174415797
STARLINK-34399,64444,-1018.541234801385,-4056.160436526368,-5420.321475030678
STARLINK-34398,64445,-6575.568155080679,-1242.325022345927,-1490.122834880247
STARLINK-34402,64446,-4106.2289358103035,3263.3000415705505,4401.5841418805485
STARLINK-34450,64447,-6047.101063599796,-2010.05788747994,-2531.0672335920735
STARLINK-34433,64448,-6687.194513857433,809.7153798697651,1257.8376549200925
STARLINK-34459,64449,6804.893379281213,422.37704847894224,556.752061676645
STARLINK-34361,64450,-6701.991677351337,841.6262195209121,1079.11954907147
STARLINK-34392,64451,-6852.102199659889,-21.741730065761832,148.91597628487938
STARLINK-34367,64452,3714.7149481743777,3477.2834065164325,4581.858991918471
STARLINK-34221,64453,358.65828693660563,-4103.490220601602,-5468.310907478056
STARLINK-34282,64454,5908.502068883062,2257.800097134951,2618.8710553464525
STARLINK-34295,64455,-4700.0677130038885,-2964.938971170071,-3997.144038936428
STARLINK-34430,64456,-923.5983863250401,4062.8678990452026,5431.2970478583775
STARLINK-34445,64457,-3607.724206361995,-3473.2537958615885,-4667.65531463115
STARLINK-34439,64458,1827.6607333813836,3969.823219670864,5269.01954858273
STARLINK-34421,64459,3024.2529661984877,-3702.7530196054245,-4900.1033652401065
STARLINK-34423,64460,-2277.6820474078286,3859.41353147108,5176.337781525601
STARLINK-34418,64461,-5286.654836571533,-2680.7154237637587,-3448.0090657510204
STARLINK-34336,64462,4685.423372620837,-2847.1385649168838,-4111.445522706428
STARLINK-34400,64463,-6379.233624839468,1248.188480788188,2150.5727577959815
STARLINK-34429,64464,1725.033045082406,-3984.581655043569,-5293.237016794133
STARLINK-34449,64465,1690.8625688148795,3969.6626314336136,5298.531574376087
STARLINK-34493,64472,3188.7502411699274,4876.678830004934,3598.870561389077
STARLINK-34492,64473,1423.730694821755,4800.954172711422,4669.233176194912
STARLINK-34474,64474,-491.0906952494838,4282.4571570817525,5318.035813613389
STARLINK-34523,64475,-5379.950904035514,-3935.110689382559,-1549.3599751148968
STARLINK-34496,64476,-3581.5902774780843,-4669.190649309926,-3496.332034668175
STARLINK-34375,64477,79.43032427834903,-4357.429805882955,-5280.034435673194
STARLINK-34490,64478,-1401.2963931969257,-4791.769982477655,-4702.286531011224
STARLINK-34528,64479,1377.2237886257594,-3880.4692456830853,-5469.910202801447
STARLINK-34518,64480,506.21379406549516,-4278.3719352480675,-5336.3974026869855
STARLINK-34526,64481,2363.8646689071634,-3377.7025023395568,-5481.549525855373
STARLINK-34527,64482,6085.108563486542,710.621678000949,-3080.0040814778495
STARLINK-34420,64483,5981.004002267336,3345.9775617223954,87.4884476984211
STARLINK-34509,64484,5081.482536278854,4284.856517379902,1663.5649250601753
STARLINK-34409,64485,4216.549371218067,4679.0110761739215,2693.23162857983
STARLINK-34520,64486,2607.8361402348582,4900.813273029675,4009.423173154199
STARLINK-34477,64487,790.7976842807568,4675.5909722619135,4938.220533068665
STARLINK-34217,64488,-1122.8509243165825,4020.459608151985,5425.307789571256
STARLINK-34307,64489,-2932.1032268449558,2996.729435167799,5411.013234737648
STARLINK-34505,64490,-4480.317706073553,1690.1107354152582,4892.675421363117
STARLINK-34530,64491,-4560.719298169989,-4396.639415985065,-2590.6341082734493
STARLINK-34522,64492,-2440.7783068064546,-4756.517974297819,-4275.515236710451
STARLINK-34462,64493,-1197.0534847180897,-4649.531348292813,-4880.140996469762
STARLINK-34226,64494,2565.8572550042572,-3250.006270385216,-5461.84429712051
STARLINK-34364,64495,-6415.915581678451,-1660.8858284451494,1688.6567524388713
STARLINK-34363,64497,2599.7125973656443,-3254.228861506896,-5433.687878857795
STARLINK-34427,64498,-780.8515879292337,-4670.108276545484,-4962.331650040936
STARLINK-34280,64594,29.61123897893333,-6085.380303080059,3144.0867216308447
STARLINK-34517,64595,1333.1030378644823,-5164.678887683514,4274.056438238822
STARLINK-34510,64596,-4449.686527202934,-3867.9170058071672,-3493.9418352806915
STARLINK-34486,64597,2190.9001809419124,6471.308927893091,-556.2237455643424
STARLINK-34463,64598,414.82447247582655,-5857.318997240271,3501.2174118465914
STARLINK-34294,64599,-4561.770556266576,-3284.107483468077,-3929.0798367919833
STARLINK-34504,64600,1328.980498357183,6522.2727213127455,-1643.4847290666528
STARLINK-34508,64601,3679.6975949311386,-1866.763932422676,5462.0753950344915
STARLINK-34435,64602,-4142.775801325086,-4777.187365385857,-2652.389088166409
STARLINK-34475,64603,1187.935912788825,-5293.466651260542,4162.011352215748
STARLINK-34488,64604,4354.170135402094,91.80175734382395,5281.670460670342
STARLINK-34516,64605,3370.9271677124184,-2477.2733745829537,5412.7723810269135
STARLINK-34073,64606,4627.808690400557,2635.406126696086,4305.019931947499
STARLINK-34532,64607,-320.79502897855207,-6661.303167788272,1518.213647528225
STARLINK-34519,64608,1411.758866886486,-5104.920509764351,4339.90833830599
STARLINK-34513,64609,2668.8699699312656,-3651.9592150447584,5138.472134477813
STARLINK-34569,64610,-4170.201582162862,-4690.355699642766,-2730.9725480855295
STARLINK-34494,64611,212.735997600975,-5978.299855467416,3314.7729794952943
STARLINK-34521,64612,3503.8194347986446,-2230.7472269949358,5433.648476894904
STARLINK-34500,64613,-1446.4300819882014,-6503.548761693209,1544.636779790128
STARLINK-34440,64614,-3335.628526313155,-5888.683053530739,-1092.4078002444105
STARLINK-34469,64615,4148.275865176884,4790.445902599697,2602.3023503866953
STARLINK-34413,64616,-2291.9010307463477,-6428.952991908713,466.82395944812583
STARLINK-34417,64617,-5233.099746690045,-2831.9262412781227,-3383.9592469902786
STARLINK-34415,64618,496.63734142806715,-5816.598289207138,3581.4661840383665
STARLINK-34416,64619,1851.4324136979083,-4666.235009161834,4656.011093523182
STARLINK-34414,64620,-4351.688964188687,-74.34329781284681,-5301.2830755177
STARLINK-34464,64664,5490.038275887963,433.50209818091486,-4066.2551015713793
STARLINK-34555,64665,5841.019765122314,1481.2009008557018,-3247.105049008365
STARLINK-34390,64666,-5940.496925372764,-2002.085908642442,2729.210837369425
STARLINK-34382,64667,-3166.3961202680457,-5375.095474868937,-2840.124813768278
STARLINK-34395,64668,3191.8667081606613,-2663.4265282797633,-5439.846002355196
STARLINK-34394,64669,5826.380720269063,3369.0340315861567,-1236.9166227877936
STARLINK-34287,64670,4070.186022506677,5100.84555358404,2046.5872393491165
STARLINK-34365,64671,952.8093080221822,-4260.779281171831,-5273.510879554422
STARLINK-34442,64672,-2657.983138957861,3113.054908980805,5471.229376489694
STARLINK-34288,64673,859.8586366463747,4998.8237864758685,4581.089687838572
STARLINK-34539,64674,-4557.116146147225,1162.1465631820283,4957.898795300828
STARLINK-34590,64675,3023.724725241784,-2800.719508618901,-5466.562397377563
STARLINK-34573,64676,-5929.652932568264,-2943.216452758492,1718.0201224572813
STARLINK-34605,64677,2957.5974572767395,-2994.4607349990115,-5415.542340669456
STARLINK-34525,64678,-410.8664455691526,-4927.200589647447,-4734.89175903254
STARLINK-34489,64679,2120.8238611106362,-3530.5343973474064,-5469.407781741474
STARLINK-34502,64680,-5707.811445709106,-970.3623560812391,3634.798665363866
STARLINK-34553,64681,-5674.115757228085,-3768.02063311903,631.4366883652935
STARLINK-34551,64682,1133.0945186596787,-4021.249599930155,-5440.572679018471
STARLINK-34550,64683,3105.5524423200122,5281.881284267972,3034.0506471643425
STARLINK-34485,64684,4911.669666614502,-642.7208636756762,-4725.80032947772
STARLINK-34253,64685,-241.88131457894053,-4811.0394671510585,-4864.669764078767
STARLINK-34565,64686,5956.116326500944,2469.0298317153947,-2295.9795035752422
STARLINK-34554,64687,-3693.574018282169,2172.5107771811754,5322.471300381314
STARLINK-34262,64688,5462.827366863561,4116.507093809412,-143.21462284924462
STARLINK-34538,64689,4868.674655013006,4705.802465468279,970.6302551513592
STARLINK-34250,64690,4135.059584347966,-1688.0448311313723,-5189.006362612001
STARLINK-34497,64696,3108.903035973692,3052.929261359523,-5420.779846275002
STARLINK-34584,64697,563.2828771093929,5824.602296746774,3747.458612765109
STARLINK-34535,64698,-3076.752229249864,-5146.227271513578,3512.608322113709
STARLINK-34600,64699,-2581.3600793598516,-6353.060769147994,1137.4419935919586
STARLINK-34560,64700,-2656.1620397614142,-658.8390998747013,6383.321887471225
STARLINK-34576,64701,1760.9024385612686,6596.838499713512,1305.5779621917764
STARLINK-34322,64702,2635.293029318618,6312.87818287638,-1247.392981667625
STARLINK-34470,64703,-619.6838928620006,4261.025334734173,5451.157949380443
STARLINK-34405,64704,3106.1025891600916,5070.186446807784,-3607.1522007021017
STARLINK-34406,64705,-1686.2548481065958,-6594.466196610461,-1422.282680304182
STARLINK-34559,64706,3096.703669886747,5133.690437951196,-3524.738512574241
STARLINK-34316,64707,3118.504799683663,3145.739691018805,-5361.928706990139
STARLINK-34563,64708,-1812.7152256831373,1901.2726030899469,6428.847817039069
STARLINK-34499,64709,2606.3678701190124,6344.205019044413,-1144.6108365074592
STARLINK-34447,64710,636.0347797190601,-4261.625421498158,-5459.420563560534
STARLINK-34312,64711,2641.370637115124,573.1884252739271,-6408.018509640812
STARLINK-34515,64712,618.1521542367857,5876.46152520411,3656.8115299136216
STARLINK-34583,64713,-3105.0980306266856,-3149.6325184701072,5356.466832799063
STARLINK-34574,64714,-592.0003316986695,-5879.535864346055,-3666.3077270502336
STARLINK-34533,64715,2668.283761740083,677.1455627310946,-6386.605581009445
STARLINK-34548,64716,1712.5646809189093,6587.008757853461,1414.2782945196789
STARLINK-34568,64717,686.005002946259,-4182.969841612186,-5513.798016486369
STARLINK-34546,64718,-670.7170248284253,4179.806062600475,5507.301060602581
STARLINK-34577,64719,-542.0740458478667,-5826.167466497493,-3757.6505445359294
STARLINK-34572,64720,1815.2038275562559,-1894.3615405525113,-6440.905630003777
STARLINK-34558,64721,1778.2734668343926,-1984.0175559359002,-6424.168247948705
STARLINK-34393,64724,-3557.242732202052,3732.988783422084,4505.128661061834
STARLINK-34562,64725,1001.6941373756409,-6733.654972904911,-803.9999836259557
STARLINK-34557,64726,3154.1224700591265,4075.4187495096585,-4525.606656089091
STARLINK-34242,64727,-1834.0439319122463,-5910.4379162090545,2936.7385635347873
STARLINK-34239,64728,685.5968088496385,6676.08815569087,-1400.8294757237131
STARLINK-34588,64729,3097.130803047185,-4819.588952979448,-3769.8614257648173
STARLINK-34606,64730,1088.9308686806946,6488.422003417133,-1929.1245292987653
STARLINK-34552,64731,-2120.6704677483413,6050.572344049685,2413.69641641058
STARLINK-34596,64732,4020.9543115043084,-1842.9871279716542,-5241.873205727454
STARLINK-34556,64733,-3722.3286094894943,2745.9779107926397,5030.112723241086
STARLINK-34591,64734,-558.8166038054522,6826.241366469832,259.6241764287306
STARLINK-34587,64735,1784.0177015644658,-6345.919666991678,-1885.531847839651
STARLINK-34130,64736,3620.9428497509157,2880.1290464773697,-5063.128970262574
STARLINK-34619,64737,-3136.8637283399244,-4060.537406050446,4533.596076908388
STARLINK-34597,64738,-4005.2765463148726,1838.8764024706686,5238.269030031496
STARLINK-34471,64739,2806.6272542633205,-5288.450949770698,-3343.7932317151485
STARLINK-34208,64740,-2094.295785910278,5835.895813614687,2882.126576707918
STARLINK-34205,64741,4095.431635183567,201.44161412822237,-5498.358033111384
STARLINK-34607,64742,594.1717471446835,-6824.357880268783,-250.4437823286335
STARLINK-34236,64743,4037.056329432507,893.0450414226395,-5472.538582622469
STARLINK-34185,64744,-3067.7482052903447,4822.962735356345,3772.5858106316464
STARLINK-34581,64745,-2534.961125000353,-5094.622896220401,3810.3853735445173
STARLINK-34592,64746,-1905.5941056845882,-6487.226109658376,1113.6008568108296
STARLINK-34589,64747,-3878.93470060422,-3587.8229536865365,4355.529062869643
STARLINK-34536,64748,3765.555670154778,-3133.7090003323347,-4799.7917478369145
STARLINK-34595,64749,3576.089674693812,-3743.9332232342335,-4498.262795731742
STARLINK-34531,64750,1863.9863152192315,5913.49969893387,-2928.000393866662
STARLINK-33965,64755,1475.828632972789,3838.6864528613623,-5472.978290047802
STARLINK-34371,64756,-2699.107059021068,-3197.852231178361,5411.772090384094
STARLINK-34401,64757,4009.706534890485,-4580.867619646412,3112.4538656424343
STARLINK-34593,64758,-4486.566287198688,4452.530646306289,-2624.7966280378796
STARLINK-34598,64759,-6401.1699930423265,1784.6453786266966,1617.9422803358545
STARLINK-34235,64760,-6292.9675158463215,2628.502094115315,536.572425124211
STARLINK-34635,64761,-4327.98081698402,-1965.3792912385934,4909.711336174945
STARLINK-34638,64762,2713.2824749737833,3178.4938735773653,-5422.932507531708
STARLINK-34534,64763,1714.963458147152,-4716.398268617417,4639.114933805809
STARLINK-34261,64764,-1069.351517831515,4646.212085182139,-4913.148147337839
STARLINK-34566,64765,6348.097985557672,-1332.933458534689,-2183.129484347556
STARLINK-34645,64766,-547.368506268883,-4187.3945887421,5387.6343690231615
STARLINK-34639,64767,5645.809384137557,-3706.0395943784056,1086.317153031731
STARLINK-34609,64768,700.151330301319,4327.543984728712,-5274.768763533228
STARLINK-34246,64769,4787.15499704287,1505.07482086363,-4656.824829833678
STARLINK-34618,64770,-5295.025038356898,4021.0688195001458,-1620.71089487601
STARLINK-34541,64771,3832.816407923707,2388.5560473360274,-5145.820559377193
STARLINK-34652,64772,6064.608838940074,-386.6927145477883,-3150.1912938847768
STARLINK-34612,64773,225.46795401240865,4323.271020201293,-5303.759145849312
STARLINK-34621,64774,3229.0832471932717,-4663.370491558813,3837.799269089696
STARLINK-34657,64775,4927.403028240438,-4229.839049495851,2143.9125762142394
STARLINK-34637,64776,-2131.4303607340685,-3505.638975558083,5463.645011829743
STARLINK-34547,64777,-2309.3886095530975,4777.554723316069,-4325.07766192602
STARLINK-34537,64778,5265.754369179601,-4100.431841222716,-1568.376184912305
STARLINK-34585,64779,-859.0883400881273,-4086.5248895254645,5408.5039303679105
STARLINK-34491,64780,-3464.789504883509,4714.07745588675,-3553.006917644146
STARLINK-34582,64781,-5902.889947757857,3419.5550837963215,-531.7642206164766
STARLINK-34482,64782,2922.868974989105,-4746.100848500151,3956.668329259623
STARLINK-34629,64790,-34.99362864114299,5167.559068965506,-4653.948878583688
STARLINK-34697,64791,1141.7969112745766,6330.4015386236015,-2641.8555302499685
STARLINK-34632,64792,1255.3651041434184,-3185.508685438368,6043.2997153180595
STARLINK-34693,64793,-3175.25460554415,-4142.601795871537,-4596.006865883161
STARLINK-34666,64794,-3173.702701412437,-4222.106336604562,-4524.191573093736
STARLINK-34567,64795,-2317.060884312607,627.1958700222909,-6526.897519052336
STARLINK-34646,64796,43.1392245496671,-5174.34897984696,4636.581746925092
STARLINK-34641,64797,2910.259029325358,5858.63660892892,2348.857917383358
STARLINK-34649,64798,93.06150482119176,-5109.461201491435,4707.212808727177
STARLINK-34662,64799,-2283.167436193442,727.8358101247784,-6528.652114560389
STARLINK-34660,64800,2193.9068969558134,6595.552338131657,-154.60873249193148
STARLINK-34604,64801,2973.173594016625,1934.4923814198269,5971.75586968007
STARLINK-34658,64802,-2898.924919434617,-5853.300717567929,-2385.997151372707
STARLINK-34620,64803,-2916.9990695439324,-5808.667427315818,-2471.582979858606
STARLINK-34633,64804,3186.7839226497626,4142.14815383904,4578.383916346208
STARLINK-34624,64805,-1129.8978843843897,-6338.278846358912,2618.3882782575856
STARLINK-34664,64806,-2985.8805564849745,-1938.189113492626,-5974.721492536936
STARLINK-34663,64807,2313.5166654669415,-626.6590422359312,6518.598933446204
STARLINK-34696,64808,1301.9140402107143,-3102.786976778888,6076.483065582476
STARLINK-34675,64809,3185.4626845177804,4222.432237531026,4505.513509861965
STARLINK-34608,64810,-84.57646342316177,5102.063412736281,-4725.169833858164
STARLINK-34669,64811,-1298.5017167791784,3099.1972351879863,-6088.779554178325
STARLINK-34644,64812,-1180.285613064104,-6366.237924045552,2527.3712635549577
STARLINK-34685,64813,-2952.0293254897247,-1845.4169570577967,-6020.771946094394
STARLINK-34668,64814,1181.3315826244236,6355.279990214768,-2563.5014925744877
STARLINK-34667,64815,2957.4752724460445,1847.7034414244356,6006.795478204462
STARLINK-34723,64842,-6473.512046869674,-2056.7285237881815,-1387.8257921994798
STARLINK-34725,64843,1010.1368939611,1280.9344149702079,-6742.2054165267255
STARLINK-34709,64844,-695.3069162541964,704.5111319197503,-6865.768847832141
STARLINK-34706,64845,-5986.241253058805,-1654.3812207298306,-3084.532803737395
STARLINK-34736,64846,5100.779943165226,1153.8658385314336,4536.8086844507625
STARLINK-34746,64847,6472.72456011039,2071.5261384451514,1349.0909538060214
STARLINK-34748,64848,699.8360978689495,-699.9283822072596,6847.531502385287
STARLINK-34756,64849,6510.654786492653,2333.751858801439,-447.4587932754218
STARLINK-34757,64850,4106.995327908905,2141.8045718769376,-5161.954134351176
STARLINK-34722,64851,-2355.751351008699,80.15063512798109,-6524.0069064788395
STARLINK-34564,64852,6107.967964924208,2432.00370812757,-2200.5469870864936
STARLINK-34676,64853,-3854.120057053485,-548.403938511317,-5741.411035764165
STARLINK-34682,64854,-4112.332103331759,-2147.2437798571464,5136.673491858842
STARLINK-34631,64855,5282.7565777645905,2366.6540983363916,-3817.7634595890745
STARLINK-34578,64856,-6109.922677763655,-2439.056068265683,2170.4650417456587
STARLINK-34683,64857,5990.7047580870285,1670.5322592422924,3046.8447466076204
STARLINK-34654,64858,-5291.700876347285,-2372.6760619314305,3784.6950076268154
STARLINK-34575,64859,-6511.731223579862,-2336.466357889436,409.63747494167177
STARLINK-34570,64860,-5093.603707992775,-1141.3624511266692,-4566.931412908577
STARLINK-34651,64861,2643.4541036977607,1771.1061743228493,-6163.470236462748
STARLINK-34684,64862,2362.8943223424485,-71.20356325334308,6503.306399593412
STARLINK-34690,64863,-2651.2685731567326,-1774.2584426436063,6141.257101406779
STARLINK-34628,64864,3859.5349428829486,559.0055796325465,5718.106601318447
STARLINK-34544,64865,-999.8606884502293,-1276.9912670282565,6726.518813786308
STARLINK-34647,64904,3005.7647696953,5713.913298937479,2254.097829156404
STARLINK-34273,64905,-138.4041007264462,6523.437282970371,-2065.4659673714455
STARLINK-34713,64906,-1128.054346375091,-6740.6120508551,426.7921643241466
STARLINK-34712,64907,1547.0717341276113,6663.074913295278,-141.54537198815106
STARLINK-34702,64908,-3293.5561076051117,3081.811071132059,-5161.359032897555
STARLINK-34687,64909,-2417.3299965714923,-6252.915734832395,-1387.3809903387983
STARLINK-34642,64910,-128.91372366566654,-6606.475506751474,1795.4176308431536
STARLINK-34718,64911,-3289.0776356176084,-5317.782243613983,-2784.244115364028
STARLINK-34711,64912,2330.8848893126947,6318.0685786803,1202.3701741809214
STARLINK-34659,64913,-4165.489097583588,169.9076878354909,-5441.065480093902
STARLINK-34571,64914,1412.5707255980217,-5732.281233282261,3447.6182280438297
STARLINK-34636,64915,1560.2825767587503,6660.541147239556,101.48028600602409
STARLINK-34695,64916,-3603.477235989087,-5455.982514391685,-2022.332394641514
STARLINK-34653,64917,3292.3709572476846,-3086.4355278665025,5142.129185953036
STARLINK-34611,64918,-1810.9620218450764,5332.260946377966,-3892.4099411561224
STARLINK-34599,64919,273.34668147939533,-6489.0563507122115,2180.9065661446757
STARLINK-34069,64920,3464.323659141727,-2673.4236162718057,5248.313637402699
STARLINK-34699,64921,-2552.920313399693,4397.769150796222,-4583.692611047318
STARLINK-34700,64922,-161.65405442583008,-6646.922258095769,1657.606582112323
STARLINK-34643,64923,4205.2173009745675,2645.9329237334077,4693.165279120231
STARLINK-34199,64924,-1981.3180005426277,-6527.525760119757,-630.969879813212
STARLINK-34579,64925,4275.9513442111465,1342.2468294710084,5158.517954478348
STARLINK-34543,64926,4153.095381290569,-178.79397601789748,5433.0287666048625
STARLINK-34661,64927,3957.251969029022,3856.4118942859186,4023.5938819149846
STARLINK-34248,64928,-4260.64268683546,-1981.6183378370392,-4978.909431477606
STARLINK-34290,64929,-3714.118632816393,-4538.858443621974,-3554.452157385308
STARLINK-34220,64930,-4216.102227844137,-2765.6273846825893,-4642.557213875907
STARLINK-34715,64931,2889.2142729852867,-3864.6446995815795,4839.459058459971
STARLINK-34705,64932,-6045.417587569517,-3294.7597651238257,784.7935245660916
STARLINK-34737,64933,-3998.5659961576625,-1291.091300644348,-5518.052143661601
STARLINK-34775,64934,-2654.005562815669,-455.012413842634,-6392.318424629471
STARLINK-34726,64935,6126.208787734421,3093.2524200923453,956.4787489512678
STARLINK-34529,64936,-5797.351572739577,-2648.529972145926,-2730.894348225933
STARLINK-34743,64937,-1134.0085389482101,410.4684018333306,-6830.842214634039
STARLINK-34730,64938,-2033.1941646321197,-2005.751740536486,6302.89123360854
STARLINK-34714,64939,-450.5163725453908,-1241.281086117722,6791.576421549299
STARLINK-34755,64940,-5324.782255856339,-2279.098129708483,-3818.489404060805
STARLINK-34740,64941,5798.257582992955,2664.1614960187817,2694.007167354018
STARLINK-34742,64942,4004.8110445370294,1304.6412892587505,5492.1435231955775
STARLINK-34719,64943,6035.284358418014,3307.450724870852,-826.7253928605439
STARLINK-34373,64944,-6129.650684341997,-3077.1129673727314,-1006.2807121607092
STARLINK-34758,64945,3459.012844360992,2622.6878655880255,-5408.824627301432
STARLINK-34753,64946,5533.536824710408,3297.8834102994742,-2564.102611376902
STARLINK-34747,64947,463.9923849965507,1249.1077307804699,-6806.871799416171
STARLINK-34630,64948,1145.9518393432704,-399.90800860918455,6810.990359792165
STARLINK-34689,64949,-5547.8009420512,-3290.1519065670122,2525.9956319186103
STARLINK-34586,64950,-5070.076162114561,-2039.2909297781266,-4270.054437984403
STARLINK-34738,64951,5080.3748438978855,2059.216856457224,4229.52679812007
STARLINK-34744,64952,-3477.4537611425017,-2620.680826473062,5380.213698084728
STARLINK-34701,64953,2662.3192479058243,466.48411646160963,6369.876095245661
STARLINK-34761,64954,-4671.597886832628,-3060.132579449128,4093.638247494777
STARLINK-34732,64955,4654.366247412046,3064.5405008183106,-4127.7371051448545
STARLINK-34617,65015,2748.503624423873,-3109.361942788026,5278.189202706483
STARLINK-34627,65016,6366.819510672447,2342.637500935249,969.2486594405531
STARLINK-34549,65017,-5243.425763464592,-4036.5500832460084,1777.0147104716307
STARLINK-34623,65018,-2786.9785599083516,-4783.888853764254,4030.224952741048
STARLINK-34232,65019,4887.944274276619,-1413.4889277912198,4581.685597847474
STARLINK-34772,65020,-2198.1760027448113,3497.5992883984986,-5459.917992548235
STARLINK-34778,65021,-283.5956202687216,-4482.5632986869305,5166.272984388525
STARLINK-34789,65022,2262.704805028904,-3455.773427522518,5458.665676837397
STARLINK-34858,65023,6126.573371557189,507.47824452367354,3021.3503672101797
STARLINK-34773,65024,-3367.7960281049154,2784.1845912952863,-5270.622142698475
STARLINK-34727,65025,-5928.538247272324,-3348.220401298239,662.4798867355879
STARLINK-34804,65026,6263.609027908818,2749.818955568019,421.59025675719533
STARLINK-34655,65027,-4383.923818129127,-4497.621954750959,2734.3265835893703
STARLINK-34807,65028,2855.425980347721,4730.204606004307,-4041.499079192822
STARLINK-34731,65029,-6430.903735733753,-1761.1767348778721,-1540.6595633441875
STARLINK-34614,65030,-2186.8799313549075,-4781.492497173728,4386.43848757566
STARLINK-34677,65031,368.3740276168084,-4288.239770663601,5323.321051545816
STARLINK-34656,65032,1650.9836236582407,-3770.11855299262,5469.602552527107
STARLINK-34610,65034,6405.051654300516,1904.89493916889,1515.6206647162307
STARLINK-34286,65035,-5252.880474396875,1052.972687213306,-4262.237922091566
STARLINK-34770,65036,3423.8409328621638,-2717.7752867996455,5268.41908757687
STARLINK-34776,65037,5282.258105376231,-943.9622027952831,4254.259323554377
STARLINK-34827,65038,-937.2626825700859,4069.3503173096346,-5425.446556080484
STARLINK-34721,65039,-5589.328534442643,-3764.058832262096,1248.4658251992344
STARLINK-34819,65040,-4834.724652631745,-4307.4884969349,2238.2148706033045
STARLINK-34820,65041,-6309.356038729901,-2609.272601587633,-446.7680705223399
STARLINK-34824,65042,354.0762154266121,4473.301257875683,-5170.800331152277
STARLINK-34788,65056,-1026.4708867980846,-58.13811322585536,6842.031102662953
STARLINK-34745,65057,-2915.6114170971823,-5849.557983400836,-2315.01211898098
STARLINK-34779,65058,-141.1768903863608,1513.669239917251,6749.7191125822765
STARLINK-34803,65059,1600.8976294103513,4255.309838559518,5220.21684233265
STARLINK-34717,65060,3442.3111006907125,5882.465108554062,-1265.6140695468005
STARLINK-34750,65061,1034.9333743927564,69.49887637451786,-6857.011180819761
STARLINK-34708,65062,-1845.061024019967,-1630.9554718785018,6466.946872373135
STARLINK-34798,65063,3049.4830120963884,4335.865855637466,-4470.740700470845
STARLINK-34793,65064,3289.6395259176684,6075.8357708789235,528.9117695877005
STARLINK-34806,65065,-1603.8225846989542,-4253.469783835687,-5237.556082236941
STARLINK-34739,65066,2532.3164989538195,3087.6499094965484,-5670.257653314153
STARLINK-34802,65067,-2537.2515457794666,-3090.544533652964,5649.779841563506
STARLINK-34810,65068,-3448.0826114307565,-5883.30378647197,1231.0377303255298
STARLINK-34809,65069,-3056.939418117501,-4340.627797005267,4446.085742324074
STARLINK-34794,65070,-2342.028812308911,-5231.817691270542,-3903.2089162571056
STARLINK-34805,65071,-3294.1802728044427,-6073.393554969074,-559.1817117977427
STARLINK-34735,65072,2328.067906129421,5222.841114782391,3905.3687367238967
STARLINK-34781,65073,146.1714259887054,-1512.0020915337939,-6766.809674101357
STARLINK-34780,65074,-3367.217620049411,-5292.542771914191,2939.497968964095
STARLINK-34771,65078,4443.584445648287,-132.2813169460425,5206.521125473888
STARLINK-34634,65079,-3787.8859471930373,5526.382661909882,-1391.9710928071545
STARLINK-34267,65080,-3137.805429518627,6072.524947692555,-298.26859648282726
STARLINK-34561,65081,2216.1105914900804,4076.3660293190205,5034.03089306938
STARLINK-34626,65082,-1050.421863565301,6377.38411941845,2183.2319221830253
STARLINK-34247,65083,4662.193215372272,-3764.316237242582,3316.6678133442792
STARLINK-34601,65084,4521.278984223117,-899.4770663580942,4984.836049599032
STARLINK-34822,65086,4457.271363992034,-4780.33339505386,2059.6010476281685
STARLINK-34686,65087,4869.383629765688,-3324.6825520325942,3485.6353823209765
STARLINK-34594,65088,4835.614557904883,-1564.9245290976282,4590.26056391505
STARLINK-34665,65089,4356.336870417003,340.33716333553576,5270.151205551095
STARLINK-34673,65090,3480.418704709699,2212.524517548941,5465.641526026956
STARLINK-34648,65091,2119.6353600411844,4202.542864296225,4894.068194744728
STARLINK-34640,65092,1832.2903292011201,4367.6634354338175,4943.59264928158
STARLINK-34266,65093,4682.2704533807855,-2427.612904788836,4277.370337567046
STARLINK-34769,65094,1623.0635805041165,4733.63252763581,4590.337444336538
STARLINK-34768,65095,133.44112667568774,-6029.451911395226,-3143.301810159439
STARLINK-34759,65096,1005.1684611144913,-6336.261848774479,-2254.350000706107
STARLINK-34741,65097,4573.154507691781,-1236.3742289828047,4864.213142068319
STARLINK-34764,65098,-3835.447042795124,5557.837804568781,-1108.1712284497023
STARLINK-34815,65099,-4823.138997019501,2802.228748009117,-3968.08613389367
STARLINK-34814,65100,1416.8033480358088,4818.94504605659,4634.00573471358
STARLINK-34285,65101,3537.0509513916945,-5831.424712295067,531.3467594181938
STARLINK-34857,65102,2948.821056147179,3166.14368913737,5289.137361469688
STARLINK-34887,65103,1001.1758727154227,-6213.395454907165,-2690.432532606981
STARLINK-34481,65104,-4254.940168343628,4656.877928758698,-2658.4825538062273
STARLINK-34545,65105,-3777.7933904375545,5467.470729728207,-1640.3255898918503
STARLINK-34956,65174,-36.48728794870435,1085.7958095901438,-6850.947545373795
STARLINK-34949,65175,1412.4795577179054,2087.0534478151294,-6462.548639190094
STARLINK-34707,65176,2767.036983644236,2948.258287193633,-5635.833463809775
STARLINK-34967,65177,3934.3469382737835,3610.14400112449,-4425.547546653637
STARLINK-34929,65178,4833.773407493426,4026.7975955647566,-2915.319047297906
STARLINK-34932,65179,5607.561452003841,4028.8941214269403,586.9985264381668
STARLINK-34862,65180,5427.114302513136,3612.1277957846523,2340.4038512105876
STARLINK-34942,65181,5407.800416680895,4169.889515383381,-1193.0089318055816
STARLINK-34944,65182,4877.475691368415,2949.817961021979,3931.6551353162436
STARLINK-34939,65183,3993.816204402384,2085.3748038763406,5254.5442801880945
STARLINK-34947,65184,2837.382716926041,1078.031018639018,6218.903180059159
STARLINK-34945,65185,1484.0403435401831,-5.462669714687688,6757.522175614305
STARLINK-34965,65186,-1414.4425317422968,-2089.528946907039,6442.945365272283
STARLINK-34915,65187,38.1823104186017,-1082.6918843130914,6833.178453448148
STARLINK-34972,65188,-2770.9187833788696,-2954.306981483328,5612.569796559928
STARLINK-34866,65189,-3938.037512438659,-3617.5928234165103,4398.416020232654
STARLINK-34917,65190,-4836.027370316208,-4034.0878567146488,2884.4766343938268
STARLINK-34948,65191,-5405.267826571086,-4175.463488656417,1169.3213783383046
STARLINK-34955,65192,-5603.9907435461655,-4032.017085529498,-623.1426122447197
STARLINK-34950,65193,-5421.136527396458,-3613.532825706739,-2371.8171809817986
STARLINK-34926,65194,-1490.9484457303295,1.246204401501195,-6774.499939783237
STARLINK-34928,65195,-2833.8944266414314,-1077.1896340028222,-6238.91922412803
STARLINK-34927,65196,-4867.175813404482,-2946.851589857129,-3965.022959455521
STARLINK-34952,65197,-3985.491585960699,-2082.873135225874,-5280.501777042966
STARLINK-34981,65198,-196.47862695813942,-6211.141810350243,-2899.105516264626
STARLINK-34821,65199,3705.793694187558,-1742.4669927716488,-5486.873337269003
STARLINK-34865,65200,3500.5896278091304,5824.788663407371,-798.6786917893335
STARLINK-34843,65201,-2380.231238162203,-6348.648493247488,-922.0358475568515
STARLINK-34905,65202,-3162.320351822936,-6063.61995132164,190.935565387022
STARLINK-34914,65203,-1506.2521925421702,-6372.786909618541,-1988.815159140022
STARLINK-34787,65204,4235.851056128742,-467.6486436109706,-5358.385012794869
STARLINK-34796,65205,-2639.3782513444266,3499.6282241958584,5242.060653387481
STARLINK-34763,65206,-3978.569801945098,1112.203845878517,5442.735823193951
STARLINK-34901,65207,1971.7856391026344,6400.1533379051125,1389.3178616169873
STARLINK-34841,65208,-566.5312462719089,-6136.623905362239,-2978.441267737904
STARLINK-34976,65209,-4420.852857291588,-182.10008739157476,5207.3994294916865
STARLINK-34941,65210,1046.8185369752016,6298.726550206533,2447.029940476157
STARLINK-34847,65211,268.244563201051,-5816.431789344765,-3623.3472893625026
STARLINK-34897,65212,-4621.219948628263,-3817.4146660156034,3287.6537598584164
STARLINK-34907,65213,2783.153566406495,6241.644901049337,315.9840485314685
STARLINK-34511,65214,107.71872200551854,5946.052369051911,3372.60959462368
STARLINK-33913,65215,-3892.071825318638,1286.253724129666,5466.444765847408
STARLINK-34302,65216,-4682.3060739585435,-1477.6463678907053,4753.396017578624
STARLINK-34871,65217,2214.3847637015747,-4034.8006516323467,-5068.268962791883
STARLINK-34833,65218,-861.8006853426414,5336.113387582827,4183.613984707292
STARLINK-34960,65219,4732.2394721804485,2080.917795781364,-4487.963448847316
STARLINK-34603,65220,386.903376794133,-5654.594757594233,-3838.857737837461
STARLINK-34974,65221,-3808.152250242123,-5534.5774283819,1283.8949599225218
STARLINK-34999,65222,4702.063378881114,3257.8779325331307,-3760.0899565539285
STARLINK-34996,65223,4479.891128070799,4301.251993485066,-2877.4910459010357
STARLINK-34975,65224,-3378.1656936911522,2352.398533573344,5453.815823050033
STARLINK-34257,65225,-1784.1691362567026,4513.736821554674,4810.906511967797
STARLINK-34842,65235,6103.127484680183,3190.764535689501,763.9543959894118
STARLINK-34938,65236,-5608.032527773926,-3185.6398603606262,-2545.1800072900382
STARLINK-34958,65237,2646.393697326768,411.214954586833,-6398.245834941822
STARLINK-34818,65238,-1110.4370295496333,418.70269888867875,6816.667930520876
STARLINK-34964,65239,5840.807243051138,2537.5784985675377,-2740.6954185587483
STARLINK-34953,65240,-3515.34484636509,-2544.2142404451897,-5411.393920772777
STARLINK-34969,65241,-5840.363028314348,-2551.0359843128754,2713.1232175733917
STARLINK-34963,65242,3544.57783868599,2558.853096979114,5367.157535450214
STARLINK-34982,65243,-511.3311829214291,-1233.3945901535112,-6807.163752214784
STARLINK-34990,65244,-4015.8378777655184,-1233.301615780517,5502.011185442659
STARLINK-34977,65245,-4725.5800934701965,-2967.295212043397,-4118.154954845475
STARLINK-34959,65246,6184.822361563722,2957.5173842231316,-1021.807794847595
STARLINK-34923,65247,5095.694065911031,1943.2216232880958,-4283.285942904746
STARLINK-34962,65248,-6183.109981069725,-2971.323964879991,980.9888221757521
STARLINK-34925,65249,2086.0849082700215,1956.5856778362547,6301.625317233661
STARLINK-34973,65250,5606.314098522804,3192.2985306867236,2521.92736295951
STARLINK-34989,65251,4729.0174677705945,2974.0694428834136,4092.3116910834146
STARLINK-34961,65252,-5103.128917117797,-1960.0812907079605,4250.235986179413
STARLINK-34933,65253,1105.9841949916784,-424.8613948683755,-6834.576726458481
STARLINK-34979,65254,4007.1190222319715,1219.0088094121784,-5527.208422033721
STARLINK-34987,65255,-2089.239266581094,-1956.4451969987629,-6317.962021092602
STARLINK-34971,65256,-2654.7905647021553,-422.5116029533633,6377.15245656687
STARLINK-34966,65257,506.3324818460084,1230.1094597670706,6790.741800041416
STARLINK-34980,65258,-6102.314995151535,-3187.2344252936327,-813.3539198134177
STARLINK-34922,65273,5552.098644423214,4139.450984289777,248.96085278362938
STARLINK-34904,65274,-5179.4549797925865,-3309.2250238648166,3193.0294693867104
STARLINK-34954,65275,-721.5001126800803,-1595.5451635948573,-6711.803407501586
STARLINK-34968,65276,728.2563059749566,1600.1518548252334,6691.5663695848925
STARLINK-34935,65277,4441.729868686996,2538.2988182624804,-4682.140881784428
STARLINK-35000,65278,-5174.91129361277,-4135.030588414031,-2047.7239931430736
STARLINK-35023,65279,-3411.2250692065422,-1592.6970116500322,5807.50608206267
STARLINK-35001,65280,4442.527753989212,3859.110937757017,3650.001795300621
STARLINK-35010,65281,5551.665568463766,3856.2785598191117,-1537.7015995170884
STARLINK-35021,65282,2146.9648335263887,542.7119214529561,-6572.669934763986
STARLINK-35015,65283,-3400.8023204323076,-3305.679771028176,-5060.704330811753
STARLINK-35006,65284,2141.3477191564284,2543.8748326112272,6069.754522291883
STARLINK-34995,65285,-4448.556148819138,-2538.673128421727,4658.566898630345
STARLINK-35048,65286,-735.5290476989309,546.6625259412746,6857.920377438207
STARLINK-35007,65287,-5555.384897528693,-4135.4722055292195,-279.85175505395296
STARLINK-35018,65288,5173.510675771243,4140.840243964458,2018.6306034141526
STARLINK-34845,65289,5175.583993744115,3313.338116166284,-3211.8063474595306
STARLINK-34984,65290,3408.428624837099,3314.481889635247,5031.554373833913
STARLINK-35002,65291,-2141.8978801755025,-2541.8016448697877,-6087.021083183285
STARLINK-35017,65292,3408.8695184336448,1593.4915078794709,-5826.324730910934
STARLINK-34951,65293,-2148.8165543451123,-543.4592044224653,6555.4992745269265
STARLINK-34613,65294,-5556.28654760851,-3851.1136635347552,1520.8203526297498
STARLINK-34834,65295,734.5972919443171,-550.0915600825833,-6874.9997845966955
STARLINK-34872,65296,-4442.407275859262,-3853.0188491563035,-3674.528561126316
STARLINK-34899,65323,-4532.621048058336,4477.8610720955685,2504.6983680373037
STARLINK-34196,65324,-4235.744467272573,-540.4514343794335,5344.546465814237
STARLINK-34911,65325,-1812.6337252083313,6306.342107158923,-1989.836896132642
STARLINK-34902,65326,-4869.626914588355,3042.0438849490743,3732.8409245063935
STARLINK-34880,65327,-4701.098660585934,4082.051901295682,2856.4878220513083
STARLINK-34885,65328,-1477.6727114246778,6293.75912983144,-2271.2591445514627
STARLINK-34908,65329,-2884.634545428139,-3089.6971861582365,5384.534200088169
STARLINK-34864,65330,4504.915903336786,-4603.617710321191,-2337.893723427319
STARLINK-34918,65331,-4828.788602857668,2087.6812240423014,4375.924686668518
STARLINK-33890,65332,-4475.644159102277,4619.326779546566,2345.6691141085753
STARLINK-34602,65333,-1328.8982340137702,6267.836219499056,-2430.1300152492818
STARLINK-34878,65334,3149.0651354816246,-6082.089894233751,215.4093490393778
STARLINK-34874,65335,1103.787765940665,5003.235951441576,-4559.460972945183
STARLINK-34835,65336,2494.2849197611536,3605.2777913003615,-5275.292287250748
STARLINK-34854,65337,4862.5823353129545,-2272.6784275082396,-4261.87022959079
STARLINK-34751,65338,833.1026407959723,5245.886113911998,-4331.672869162841
STARLINK-34777,65339,2812.63316729315,3208.350161675238,-5364.4762689732515
STARLINK-35020,65340,-672.9856049078332,-5371.252811698957,4186.288702491123
STARLINK-35016,65341,-4751.103581224025,1230.1571025020362,4773.857296191014
STARLINK-35092,65342,-2690.5473570699646,-3370.395471055511,5310.516491339401
STARLINK-34838,65343,2895.5632564499374,3080.1509275957433,-5401.427935429971
STARLINK-35088,65344,-370.8883728919896,5925.177211275046,-3432.8063075797454
STARLINK-34831,65345,4261.133172315471,513.2566353515731,-5344.295987452394
STARLINK-34873,65346,4196.311674773926,690.6170897133044,-5381.874681367796
STARLINK-34881,65347,814.7098141188036,5259.452632471494,-4318.175778771799
STARLINK-34859,65348,-4083.7867179601863,5345.0296165648715,1307.587671192459
STARLINK-34895,65349,-3342.073388397408,5977.450963369874,136.97280639891514
STARLINK-34892,65350,-4163.558884252746,-728.4596273649827,5378.708547989092
STARLINK-34244,65351,-184.06440781351031,-6693.865476276051,-1407.5084520520106
STARLINK-34716,65352,-1361.9151346648582,5939.499463314512,3129.135753416478
STARLINK-34828,65353,-1155.9696171155833,-6755.718786577646,-28.68735203761227
STARLINK-34785,65354,1437.7402230121043,6682.137534637184,-305.9213582309318
STARLINK-34823,65355,-3972.1762744627645,1020.3877669805478,5480.545888024894
STARLINK-34680,65356,2837.7469231032596,-4159.674671684853,-4656.399524541383
STARLINK-34860,65357,3883.1268831893294,-1415.3016274270115,-5458.055506458113
STARLINK-34782,65358,951.6835942709432,-6230.886966811904,-2700.0197319214662
STARLINK-34760,65359,-3256.3179173743642,-5153.602648677894,3122.9079083838546
STARLINK-34826,65360,-4005.8317572202204,-3240.8059842020434,4490.810405571309
STARLINK-34800,65361,1351.8913639336408,-5933.103003964327,-3161.6920014165144
STARLINK-34817,65362,-1032.0649942662237,-6756.731461768263,-306.82954551804426
STARLINK-34797,65363,4106.706730819275,2640.5725990968044,-4798.847305629584
STARLINK-34729,65364,-3376.5245274864656,3006.712097884169,5140.857158705424
STARLINK-34710,65365,2513.208294120857,-4679.543380650224,-4338.197557270002
STARLINK-34943,65366,4203.943916674383,1331.5614220497082,-5236.70998776905
STARLINK-34946,65367,2868.441711544509,5720.157754807281,-2428.2658893197263
STARLINK-34259,65368,601.6900387185709,6764.207000862415,821.1013068440658
STARLINK-34913,65369,2286.218526451795,-4927.831417030307,-4165.003674944931
STARLINK-34870,65370,-3119.728281006557,3582.2199777717206,4930.262739883879
STARLINK-34869,65371,-2487.551837396334,4676.9062641727905,4339.292905791539
STARLINK-34903,65372,-4035.8713609800284,-2995.1837796284476,4649.911173811246
STARLINK-34891,65373,-4179.943403900561,-1991.5962707973072,5025.898142277886
STARLINK-34900,65374,-4195.142190912994,-1029.616259198098,5310.38972171256
STARLINK-34305,65375,-4131.579762718537,-2361.878895392368,4921.909010722367
STARLINK-34249,65376,-2560.9471832679346,-6054.011921983322,1886.9677619060965
STARLINK-34879,65377,-2317.1110971407848,-6239.389343774098,1627.6788652008115
STARLINK-34912,65378,103.9293220550229,-6647.8734912421805,-1675.5772773307144
STARLINK-34985,65379,2142.6148141512735,2488.915156462558,-6109.424291264531
STARLINK-35051,65380,-3434.5555859081032,-3240.515132364128,5061.9310799626655
STARLINK-35028,65381,-4525.911325305567,-2461.4393762098384,-4642.970932172355
STARLINK-35032,65382,5266.907837324096,3215.219731170791,3144.018508132759
STARLINK-35054,65383,-2206.9929032542695,-505.2977833071571,-6556.124305396751
STARLINK-35012,65384,5237.860510602394,4031.085333229205,-2094.0257490962886
STARLINK-35073,65385,2207.494345973184,512.4192928171734,6537.456266774204
STARLINK-35066,65386,-5629.1296706596095,-4032.159138554692,297.28523196877836
STARLINK-34703,65387,-708.835379218463,-1574.7249305953749,6699.814104109412
STARLINK-34957,65388,-5260.1761872411125,-3216.058411466654,-3173.592874630356
STARLINK-34993,65389,4486.025913914667,3759.839354915125,-3718.6638006000667
STARLINK-35083,65390,-773.7074701595147,554.4309208854847,-6870.910861753008
STARLINK-34786,65391,-5238.650739483612,-4037.4151172473034,2060.7920867960725
STARLINK-35082,65392,-3483.699113239245,-1538.689347571577,-5796.957716560788
STARLINK-35097,65393,4539.280446524365,2467.6485425149012,4608.5440716323665
STARLINK-35058,65394,5641.160460265439,3748.8757342413396,1457.753169986903
STARLINK-35094,65395,5630.47604857827,4027.468920101759,-333.77589742555426
STARLINK-34811,65396,707.821901141564,1574.594964684882,-6718.613451709231
STARLINK-34940,65397,776.5578664482357,-549.1459522388469,6852.825612093652
STARLINK-34931,65398,3432.3034968244406,3235.066942124143,-5084.986217797332
STARLINK-34836,65399,3501.234119625416,1549.5557835886202,5765.6696429534995
STARLINK-34876,65400,-5636.960999347369,-3753.844571316757,-1481.4514431238588
STARLINK-34909,65401,-2145.2050307076743,-2492.6176934946693,6089.067955355959
STARLINK-34848,65402,-4490.374140855818,-3767.9057132892613,3687.685701350624
STARLINK-35031,65404,-6240.121056254186,876.9163697520995,2653.9197428119437
STARLINK-34830,65405,5696.394823768936,-671.9305675693887,-3750.534448218176
STARLINK-35036,65406,-3394.333620347006,5157.457361860417,-2983.257395264456
STARLINK-35035,65407,-4736.487344373486,4732.861947149128,-1473.2473274468273
STARLINK-35008,65408,-5657.012845009496,3864.7185715013215,193.3903824259707
STARLINK-35022,65409,-3060.4118414474992,5218.716452431767,-3218.4680836061543
STARLINK-35024,65410,-494.75247059552413,4834.124559756214,-4833.8565257443615
STARLINK-34983,65411,-6010.619813335599,2736.7015204015875,1807.9901278833302
STARLINK-34992,65412,-5213.315346296839,4399.9796185054565,-624.9035038329205
STARLINK-35003,65413,6068.632412470984,-2621.887838541178,-1818.417058196893
STARLINK-34238,65415,5490.821540089983,-125.08438401745192,-4107.225989227629
STARLINK-34855,65416,4760.952900763288,-4701.864836704429,1474.6010614788092
STARLINK-34255,65417,3024.226999902299,2853.2783103957886,-5454.991028618648
STARLINK-34997,65418,-5407.436476371355,4196.606996967507,-363.532251774927
STARLINK-35085,65419,3390.952948648756,-5198.1447529735215,2887.678732716281
STARLINK-35138,65420,2153.82129746895,3502.4439449963766,-5484.534584313052
STARLINK-35146,65421,4392.462448621575,1473.389920667366,-5051.376037071137
STARLINK-35074,65422,-4318.513494718172,4930.387599159732,-2014.1604776787688
STARLINK-34837,65423,6010.661858641471,-2868.3951883717887,-1611.7935287686203
STARLINK-34670,65424,-683.2753958140812,4894.357897457924,-4749.493871122886
STARLINK-35095,65425,-4393.902760287474,-1475.5074805125266,5032.234773598309
STARLINK-34883,65426,1748.4928625834568,-5124.588668719219,4192.608249924339
STARLINK-34916,65427,-61.55928735670305,-4613.396058064084,5056.5816323035715
STARLINK-35004,65428,4459.880616218317,1429.4020189610098,-5010.814544961693
STARLINK-35014,65429,5905.0747674997165,-1169.9084504163247,-3283.988274686052
STARLINK-35025,65430,-5261.124595268963,4343.082582386844,-524.8389520666105
STARLINK-35034,65431,1908.0366066813165,3664.307422754414,-5475.233266847933
STARLINK-35142,65434,-5624.626685163644,-1304.4945318206996,-3840.9818830457134
STARLINK-34978,65435,-1858.4921941447387,-1498.5354712767596,6494.615021197217
STARLINK-35043,65436,-5369.798189878829,-1251.9155813658804,-4211.062469162527
STARLINK-35080,65437,1553.3355981999603,-412.7933312528869,6729.584115988473
STARLINK-35068,65438,-6594.589539745143,-2080.8317318097183,-477.50060304987755
STARLINK-35045,65439,5628.47449170796,1319.372898800215,3811.75406813476
STARLINK-35050,65440,-4772.245347255206,-2183.981054429327,4515.630755444117
STARLINK-35065,65441,-3152.8074394244672,-182.24316664595142,-6175.703647615805
STARLINK-34679,65442,-133.33136335051952,-982.3483399408685,6848.236095755349
STARLINK-34678,65443,159.44447806674827,991.4772665162485,-6863.725581699476
STARLINK-35049,65444,6405.52867904967,2278.3947302171246,-1353.263326693369
STARLINK-35029,65445,6326.857020764305,1768.0440646302836,2198.146536991885
STARLINK-34991,65446,3160.4985074146853,192.03267001339546,6153.462510937793
STARLINK-34920,65447,-3431.0883304477165,-1905.84821051067,5700.696509620864
STARLINK-35030,65448,4767.718293665501,2178.3736174230876,-4540.991514483314
STARLINK-35009,65449,-6406.758391157677,-2284.3539126359096,1320.6164159040047
STARLINK-34970,65450,-6324.692399375662,-1753.2206826152499,-2235.771982851109
STARLINK-35039,65451,6590.919433274115,2094.7756881425294,436.7397476412179
STARLINK-35084,65452,1853.5247812154682,1496.647268095426,-6514.702200324819
STARLINK-34988,65453,-4828.1287337776275,-999.706162937414,-4881.40161471752
STARLINK-35059,65454,-6037.842995300081,-1628.7649472624569,-3001.8041685224966
STARLINK-34728,65455,-4541.298874092525,-769.9956167420985,-5185.561478613675
STARLINK-35005,65456,-5788.177553529131,-2313.470863628628,3019.3712567289535
STARLINK-35076,65457,-1548.8172666544995,418.76285755137144,-6748.836615417881
STARLINK-34784,65458,-4325.342038600733,3699.640425901989,-3817.2026995286587
STARLINK-34867,65459,-5970.680112155914,-1243.3792686724112,3090.4601831032414
STARLINK-34850,65460,-4231.119793698828,-2730.17819477243,4620.95025428983
STARLINK-35159,65461,-2873.1727298507744,4088.322191541931,-4679.4563004246675
STARLINK-35180,65462,-6489.188548394978,-409.022581053478,2118.8020316491097
STARLINK-35111,65463,6044.213334377446,1194.53019250279,-2997.3263391299856
STARLINK-35107,65464,-4129.662155489055,-2797.057318146123,4684.228558925529
STARLINK-35169,65465,4739.23561598724,2419.9260898417438,-4302.438344050189
STARLINK-35027,65466,-4045.7265170846476,3795.5754378932747,-4010.620184328017
STARLINK-34816,65467,6776.322127286919,-1019.6866074457912,-137.32356830221178
STARLINK-35033,65468,-6043.8197038369435,-1158.8686449746237,2997.9142622593135
STARLINK-34924,65469,-5208.052820122113,-2027.6696632413334,3936.175142068008
STARLINK-34829,65470,-1630.5932619764544,4218.8767329590755,-5150.132197836248
STARLINK-34888,65471,3686.196673078083,3056.6932328389034,-4891.480175870972
STARLINK-34799,65472,-458.80629269216655,-4077.909186794396,5463.957366921479
STARLINK-34762,65473,2250.0619744202095,-4175.196124668945,4919.604759861294
STARLINK-34998,65474,-5843.323593717051,-1464.1183763795696,3259.464054343579
STARLINK-34832,65475,4579.483850475705,-3598.460640740885,3579.541780765697
STARLINK-35098,65476,-1369.4211717420235,-3897.804249827031,5452.421111853458
STARLINK-35071,65477,1142.7195941493496,3956.3118376158636,-5469.605292399954
STARLINK-35093,65478,1379.8925971443045,3906.4290903456263,-5460.634890678313
STARLINK-35096,65479,4121.394181979548,2825.731496737617,-4691.436446994186
STARLINK-35040,65480,-1802.678431518931,-3776.847581120479,5401.005734195539
STARLINK-35042,65481,-6744.368257115573,451.71236754521993,1048.4860077536748
STARLINK-35038,65482,913.3724165615231,-4213.540531967562,5301.128411255909
STARLINK-35037,65483,-1578.1825676710187,4216.118364292844,-5157.910482995886
STARLINK-35089,65484,3475.945490163641,-3971.2878458190025,4343.057107950393
STARLINK-35143,65485,6779.629195605784,-678.872345698448,-705.1676648096656
STARLINK-35226,65492,-5615.464902793183,2256.8423726010906,-3197.566965560015
STARLINK-35242,65493,-5613.1418858002335,-2423.907188511282,3060.799563342527
STARLINK-35223,65494,5970.173115992725,2118.2987419754218,-2591.3545751026336
STARLINK-34446,65495,4744.11232982831,-2791.6296821877795,4073.7135083495245
STARLINK-35212,65496,6549.939381273028,-962.2001120373391,1765.9510747190077
STARLINK-34455,65497,3006.4831702685715,3744.587729648962,-4879.501246838193
STARLINK-35203,65498,-2954.2099781119036,-3820.1409850267455,4852.620286109605
STARLINK-35166,65499,-3507.2789967632198,-3664.10216552976,4600.859425842684
STARLINK-35207,65500,6008.487020933133,-1754.0554871408337,2782.977654960814
STARLINK-35140,65501,-6700.811234165057,723.7241688712263,-1183.1058904031725
STARLINK-35114,65502,5194.932422597937,-2560.2049264437987,3631.633913952494
STARLINK-35126,65503,6716.7842640427125,-557.6072374016918,1237.274348633538
STARLINK-35182,65504,3011.8007138337507,-3618.85036493086,4953.224909535274
STARLINK-35072,65505,-3626.8840552620295,3423.6459966974817,-4689.770201037237
STARLINK-35184,65506,5178.929761136664,2780.263985904145,-3507.3299128613053
STARLINK-35163,65507,1070.4416057875783,-4021.2780826610233,5435.326708171685
STARLINK-35119,65508,-1021.9857381233022,-4076.3756631450838,5387.318458818771
STARLINK-35168,65509,6805.33601852374,-272.76392950307616,639.0266746192996
STARLINK-35122,65510,-4713.193891390068,2901.13979134615,-4028.3835243161534
STARLINK-35124,65511,-6283.923907687411,-1710.7558040320782,2087.0908191126423
STARLINK-35149,65512,6803.359410361265,557.0504777514051,-471.5566562785488
STARLINK-35019,65513,5984.61044351038,-1864.1671929172035,2732.623133316002
STARLINK-35026,65514,1406.8856970657798,-3965.589919162658,5386.682784897177
STARLINK-35241,65515,5643.618717554917,-2124.0378435930393,3248.73836406506
STARLINK-35216,65516,2415.345600899718,-3758.706939422327,5187.100943079669
STARLINK-35228,65517,-6294.368401325158,1511.2352199237114,-2221.8840999318263
STARLINK-35232,65518,-2370.3501034841993,-3897.7382789960684,5088.002173291779
STARLINK-35164,65519,1719.530077079442,-3932.8437007107286,5316.631264912496
STARLINK-35112,65520,-3492.02019291345,-5309.97410012188,-2772.946694034754
STARLINK-35187,65521,3965.5164653158317,5591.658808510608,1012.8872479018237
STARLINK-35188,65522,1316.189288235329,327.14542005915564,-6802.788343979383
STARLINK-35078,65523,-2295.7661814268927,-1759.752387912407,6287.3061100952
STARLINK-35055,65524,838.9048703821211,2507.078151159815,6395.558272003988
STARLINK-35057,65525,-845.8541225674635,-2512.3079110491553,-6409.713195822937
STARLINK-34674,65526,3729.5138386450903,4181.97259398777,-4085.7737009604357
STARLINK-35067,65527,-4173.912152580994,-5482.051836835244,744.3825737589788
STARLINK-35063,65528,249.73072665576026,-1127.9893625206125,-6839.682902201122
STARLINK-35077,65529,-3735.7832900846006,-4182.148395542961,4063.407193642385
STARLINK-35152,65530,2771.0022249346675,4674.442774513094,4292.400841372929
STARLINK-35064,65531,-1320.6375613319642,-333.9281274508316,6784.205401486629
STARLINK-35170,65532,3117.669031332857,3075.726325194043,-5377.784196163272
STARLINK-35172,65533,-3967.7869266115226,-5586.24983782844,-1050.958185185402
STARLINK-35125,65534,-1878.431667803704,-3721.648269832057,-5543.160316015007
STARLINK-35133,65535,4085.859217496127,4997.180545567066,-2529.5440096527614
STARLINK-35044,65536,-242.76199556991583,1132.5036084385179,6821.585136042485
STARLINK-35136,65537,-4095.013351869604,-5003.576636091834,2489.149300086179
STARLINK-35144,65538,-3122.707633120961,-3076.8380293981472,5357.297012698756
STARLINK-35110,65539,2294.354559616074,1761.1240374781712,-6303.443838374175
STARLINK-35052,65540,3488.9949091853223,5315.848587212934,2746.8564585506774
STARLINK-35087,65541,1871.4863430917148,3719.9399421629537,5529.577248996096
STARLINK-35100,65542,-2769.7677057771953,-4665.562236611416,-4320.559392359344
STARLINK-35105,65543,4168.395004149689,5483.260549471044,-780.3415232418122
STARLINK-35267,65592,-3866.028115062036,-5416.596077276677,-1946.3951854062843
STARLINK-35269,65593,3863.7194970838514,5422.071287430118,1912.957608346913
STARLINK-35191,65594,-1853.2907010339823,-1031.683396995512,6587.334179433762
STARLINK-35261,65595,1863.2228854812297,1046.92293595111,-6598.473988912809
STARLINK-35253,65596,-4045.4222666839755,-4562.340490158001,3286.208561231911
STARLINK-35263,65597,1421.5318170359994,3102.8643956623514,6020.553498012649
STARLINK-35248,65598,4037.815484675927,4560.797162727411,-3312.450526334129
STARLINK-35245,65599,-1410.5784003549065,-3100.361114613458,-6042.393434543745
STARLINK-35229,65600,-4214.724524534073,-5500.388311621324,-172.8715802236416
STARLINK-35234,65601,-3537.663290497476,-3602.2783126691284,4737.907807140104
STARLINK-35255,65602,2419.1682518112475,4178.823285727995,4961.279668803304
STARLINK-35250,65603,3531.8096525803,3601.214580413881,-4758.476008821614
STARLINK-35251,65604,321.56219118026917,1810.8040963332091,6671.735629957686
STARLINK-35171,65605,4206.993609002824,5504.648321081935,164.56272239840004
STARLINK-35195,65606,-2405.6665055186586,-4177.675320963835,-4986.5399813095155
STARLINK-35156,65607,-318.9685342214844,-1813.2327916464953,-6688.272840525528
STARLINK-35185,65608,3253.1345049345223,4970.480036350031,3559.7304730319884
STARLINK-35053,65609,2784.296361001545,2394.7439486843473,-5882.878966190657
STARLINK-35178,65610,-788.5935047695601,407.5965059725559,6862.126300935576
STARLINK-35186,65611,-3253.4974586048666,-4963.967202008338,-3586.103661335156
STARLINK-35154,65612,791.7413898029894,-406.4360782213845,-6879.279839907054
STARLINK-35162,65613,4269.216404255948,5210.068768532987,-1639.455908185201
STARLINK-35206,65614,-2790.2250091421206,-2398.4445705087073,5862.22973698962
STARLINK-35174,65615,-4275.142237561194,-5207.511563857488,1614.8852062433255
STARLINK-35247,65622,4784.5786420257045,4820.888966923107,-929.9850809512164
STARLINK-35239,65623,-399.7628217773674,-4850.402377836609,4797.650347746019
STARLINK-35151,65624,976.5048848282221,-4209.854567632412,5292.824630170607
STARLINK-35153,65625,3080.1811968626403,-2783.5811308229836,5426.644131625108
STARLINK-35225,65626,-5933.819495945381,-1850.1725975492075,-2865.976737029145
STARLINK-35217,65627,4556.427893812589,-1109.6356039470395,4987.774585827056
STARLINK-35128,65628,-3581.3149652468937,2321.1741967387125,-5353.209326194298
STARLINK-35135,65629,5954.717157712043,2374.7581236245433,2379.9391239809493
STARLINK-34877,65630,989.3691143017091,5057.679009233222,-4506.847608105727
STARLINK-35104,65631,-3737.746831940715,-5180.580124357617,2439.4694586850924
STARLINK-35117,65632,3202.4909605888815,-2657.769530216574,5434.076398643363
STARLINK-35103,65633,-5731.368012150038,-3651.9472372545606,-796.9702975711523
STARLINK-35123,65634,2013.9307879328765,5335.8076531787665,-3800.799905831431
STARLINK-35150,65635,4904.218766921489,-584.9384614947672,4741.663564310762
STARLINK-35209,65636,5814.577494431111,1364.9296329534648,3326.9598075737895
STARLINK-35147,65637,-4468.544244169988,1317.048571638577,-5016.736549703985
STARLINK-35213,65638,-5669.346450680561,-809.224434968272,-3750.0189728296996
STARLINK-35127,65639,-5275.556491977156,-4344.779069053467,306.2818719721614
STARLINK-35091,65640,4167.037877689572,5075.521006237978,-1926.9071044820334
STARLINK-35134,65641,-2720.470109388753,-5285.584202311354,3376.3464586034033
STARLINK-35109,65642,808.4578003179953,-4329.10772064069,5224.9614927749935
STARLINK-35062,65643,1984.1759649175904,-3631.0505214598447,5437.617790703678
STARLINK-35141,65644,4954.639700867371,-496.1132850085056,4693.071470098222
STARLINK-35237,65645,2147.371089909331,-3542.3137218859774,5449.138882661118
STARLINK-35183,65646,5668.985129760227,1061.5639173003508,3692.969800104028
STARLINK-35202,65647,2148.8491436672743,-3509.3531057764176,5454.830377349698
STARLINK-34868,65648,-216.06268931656925,4628.28002548297,-5040.014172737212
STARLINK-35079,65649,5384.5596328819365,4237.110212058132,177.97986512747954
STARLINK-35328,65652,-6008.477064839517,-2890.724089110888,1883.1837847993268
STARLINK-34210,65653,-4548.278536513082,-1680.595226709415,4940.90392709176
STARLINK-35227,65654,-1876.8589419456343,-24.72686010326986,6659.822183531779
STARLINK-35240,65655,-5467.53590500707,-2367.805231495523,3531.516150314795
STARLINK-35344,65656,-3325.2762475307354,-882.0010143535112,6005.925896352624
STARLINK-34540,65657,-300.28345735436096,835.9007739443678,6862.5389511413105
STARLINK-35282,65658,2808.5829843323645,2333.3402269224757,5879.6321756162215
STARLINK-35120,65659,1299.7927407481845,1641.1599035101056,6595.765072507422
STARLINK-35246,65660,4129.670044536849,2868.469407165598,4759.26432704773
STARLINK-35220,65661,5166.168852404182,3207.089179167373,3315.281879101972
STARLINK-35176,65662,5850.881131379936,3327.0266188714018,1641.2592214672002
STARLINK-35190,65663,6135.753529138951,3219.961850223141,-140.2969107902138
STARLINK-35201,65664,6002.057705005528,2893.321001597909,-1913.2113411645996
STARLINK-35115,65665,5458.13282657031,2367.93625655459,-3560.193880460403
STARLINK-35181,65666,4546.190746289832,1684.260825881292,-4958.746040694994
STARLINK-35361,65667,3327.8488204381188,886.845763275244,-6019.975057642922
STARLINK-35351,65668,1885.3159853833,29.299537628918447,-6675.263534219588
STARLINK-35353,65669,304.01866198437585,-836.4360031423377,-6879.090526911345
STARLINK-35359,65670,-1280.9150865318336,-1636.9623080256529,-6617.350996785454
STARLINK-35194,65671,-4114.235420436362,-2872.0826023882064,-4788.14405392734
STARLINK-35198,65672,-2796.6700767083594,-2335.6555735524103,-5901.872206756585
STARLINK-35177,65673,-5839.667237122753,-3336.878885189166,-1681.4151841898818
STARLINK-35254,65674,-6129.4083977987175,-3232.849081081133,100.9526882793895
STARLINK-34749,65675,-5150.8107374787005,-3213.3550568121127,-3351.175329856319
STARLINK-35189,65676,4207.508820612296,197.40518373873462,5396.16847250648
STARLINK-35222,65677,-590.0089758279622,-6733.670661565774,1126.6839513883604
STARLINK-35233,65678,556.5059600233477,6741.406462229818,-1116.299003199516
STARLINK-35205,65679,3896.9201198731894,-1375.5091887643594,5441.437020561568
STARLINK-35070,65680,3913.834156634933,4029.60869670025,3916.6547257225156
STARLINK-35230,65681,3558.1532231381234,4875.95917175249,3211.0621183630906
STARLINK-35235,65682,703.59398110924,6692.588908456943,-1242.426888294999
STARLINK-34886,65683,1937.4807200145565,6539.835179442139,625.3450698949817
STARLINK-34795,65684,-3765.641336510481,-4403.756129094756,-3658.693726055227
STARLINK-35145,65685,728.6817611353879,6730.392392134502,-1000.0653165435838
STARLINK-35137,65686,35.03218271555955,6113.103644552057,-3079.069113688333
STARLINK-34856,65687,89.66419193084083,6611.414976544741,-1796.47394064421
STARLINK-34930,65688,1775.7215894116082,-5390.699810502952,3824.541259106109
STARLINK-34875,65689,-1142.1057857375788,-6732.945747893255,407.99020191607127
STARLINK-34790,65690,-3919.8963678255623,1344.2857728738416,-5458.570716176226
STARLINK-34691,65691,2978.630628749686,6150.502992465235,519.3400683332592
STARLINK-34825,65692,592.2978693814234,-6317.903366203843,2547.3969615045066
STARLINK-35060,65693,4572.251613204724,1398.5928287460933,4900.151120925243
STARLINK-35204,65694,4171.985235540038,-18.089218389130245,5411.581134591637
STARLINK-35221,65695,1939.3980756884569,-5217.744358182868,3988.775333945514
STARLINK-34734,65696,-3443.608071695851,-5145.772569584381,-2936.615466294321
STARLINK-35113,65697,-167.48741513832545,6447.9413070874125,-2289.203856784918
STARLINK-35090,65698,-997.2564593497232,6048.769562593354,-3045.041062695976
STARLINK-35086,65699,-3127.354281904611,3470.389954390213,-5015.219815398605
STARLINK-35101,65700,2325.0303415295302,6361.41448210698,957.7866800319077
STARLINK-35046,65701,2196.2095865005454,-4897.6018859254,4231.916582327745
STARLINK-35075,65702,2313.0681274830486,-4760.048395692531,4345.0907431342275
STARLINK-34839,65703,-1776.8343270210576,5375.430579803827,-3862.4132220980487
STARLINK-34086,65734,-1836.40515617808,-6448.596147062054,1412.6129276762185
STARLINK-35099,65735,4591.050909102181,913.2941281258809,4996.106461760746
STARLINK-35167,65736,-2270.972053163642,-6407.822840336933,865.6576256860886
STARLINK-35121,65737,-1005.192753994666,5343.109592917104,-4180.4106301991915
STARLINK-35108,65738,-4585.811046172852,-899.0948007156622,-5020.506274125865
STARLINK-35106,65739,-4678.7674879652795,-1544.4061069152433,-4771.046202972814
STARLINK-35130,65740,509.7337663082184,-5671.328989732916,3805.0342061726355
STARLINK-35284,65741,-3114.756428695903,2910.177893224581,-5373.108868246064
STARLINK-35316,65742,-4231.22309497731,-4839.6597862953795,-2382.369572888043
STARLINK-35319,65743,4237.877202795134,4851.324134175156,2332.1735592260998
STARLINK-35173,65744,3104.535773161803,-2901.1545743331403,5367.242757714524
STARLINK-34808,65745,2271.3046386414576,6402.450976914974,-919.0762060339983
STARLINK-34704,65746,-3456.1288389508372,2315.210428037796,-5453.419889894831
STARLINK-35214,65747,-3995.9539814920568,-5249.168302860497,-1867.2951863636424
STARLINK-35265,65748,-4719.385094240323,-2770.6089444336494,-4133.102577528469
STARLINK-35288,65749,-3405.5406224972703,-5896.152302294055,-791.1088974530816
STARLINK-35165,65750,1890.1650328150376,-4495.6494466700315,4805.635580220119
STARLINK-35260,65751,4032.4725186428227,-1042.5473776581703,5432.495958219675
STARLINK-34893,65752,-4033.9131143906725,1053.3648556450773,-5446.19747882577
STARLINK-34894,65753,-923.9494658491503,-6331.136472628587,2448.242167568497
STARLINK-35287,65754,3410.457299902972,5898.177779168327,739.4869922059506
STARLINK-35294,65755,4727.798119274261,2781.6683470085686,4099.093646937901
STARLINK-35275,65756,-4261.305432400731,406.84256553391026,-5359.148927421926
STARLINK-35211,65757,-4718.405565794347,-2835.315301070978,-4094.8179808057644
STARLINK-35313,65758,-3057.1026961181556,-6130.3050229238115,-237.83775292566654
STARLINK-34692,65759,-542.6427824612431,5677.522901417483,-3807.77790470566
STARLINK-34890,65760,920.8638268002543,6319.650736164549,-2496.1935422453894
STARLINK-34889,65761,-2335.4886974785077,4013.587004047847,-5047.639125530925
STARLINK-35330,65791,-333.8319813112659,836.5501320145783,-6877.621002479205
STARLINK-35373,65792,334.2916833623549,-834.0276730559139,6859.776090532517
STARLINK-35383,65793,-6195.752842288511,-3105.326602310088,-85.88903895433799
STARLINK-35378,65794,4139.659457180637,2778.1341630452916,-4820.458694789676
STARLINK-35406,65795,6197.609410814428,3100.5670373741896,55.55743233580219
STARLINK-35390,65796,-4143.816433843765,-2783.936891915348,4795.8306751253085
STARLINK-35412,65797,-4610.6005994400175,-1602.0718372974343,-4926.225613257086
STARLINK-35414,65798,4623.316015386601,1605.8532478492232,4895.6107339645505
STARLINK-35357,65799,6075.512953367894,2780.794575460702,1831.88843550366
STARLINK-35300,65800,1278.955854179228,1607.5367080888325,-6625.123918437177
STARLINK-35296,65801,-6070.533632468055,-2783.511835927912,-1862.122352804486
STARLINK-34919,65802,-1277.4902499327952,-1606.8636368112643,6607.353663891144
STARLINK-35286,65803,2797.1801020967523,2267.1815540299435,-5927.906300410875
STARLINK-35266,65804,5196.542267218728,3099.3363518453853,-3387.651383454838
STARLINK-35273,65805,5897.799914163778,3209.0138970381677,-1725.9875102166598
STARLINK-35047,65806,3393.54862924007,831.6116073454056,5974.0214490648805
STARLINK-35285,65807,5537.286344415206,2269.7684211094092,3485.1201378618184
STARLINK-34580,65808,1930.30046607393,-0.7864763340905527,6644.031897733194
STARLINK-35289,65809,-2808.9441086439774,-2273.828246170745,5901.88063916169
STARLINK-35268,65810,-5898.979301752314,-3215.0236742952548,1693.9254517889237
STARLINK-35224,65811,-5198.510993683489,-3105.4077780986504,3360.6623129268983
STARLINK-35271,65812,-5532.070895224322,-2272.5443036276674,-3509.7407651661633
STARLINK-35215,65813,-3389.739267358362,-831.8082690456333,-5994.030070354869
STARLINK-35157,65814,-1931.274029106994,0.36164787834886114,-6662.207003655348
STARLINK-35392,65823,-6505.4091716045605,1217.7402409387144,1773.5759987184297
STARLINK-35281,65824,-5555.516460811433,2339.600414580716,3252.270110385825
STARLINK-35397,65825,-4724.121863155325,2983.8884684569966,3938.2900640644725
STARLINK-35381,65826,2989.8468502581077,3678.4001169809526,4922.571965833397
STARLINK-35393,65827,-6696.1572033185475,-808.2100093922514,-1155.1782195478063
STARLINK-35396,65828,6520.123966660933,1227.869910467478,1660.310840106261
STARLINK-35244,65829,-6633.519013659946,782.1787012338445,1528.3568168733684
STARLINK-35368,65830,-2906.8878932636535,3683.170641547139,4985.2340680153575
STARLINK-35337,65831,-5605.850974767672,-2322.569971091546,-3167.427776917148
STARLINK-35277,65832,4167.9157223051925,-3258.2765750572494,-4344.431393841646
STARLINK-35345,65833,5204.822080771848,-2668.8121553991564,-3554.2726476480434
STARLINK-35320,65834,-6829.003143571415,-421.6518372890554,-412.87205117669964
STARLINK-35349,65835,-5932.705826010683,1987.2226967291426,2789.5898680918904
STARLINK-35356,65836,3091.53310165419,3680.36542793348,4875.386494328299
STARLINK-35314,65837,5176.907153710726,2666.897654773623,3580.6734706598127
STARLINK-35324,65838,-4638.224582825862,2967.769360222752,4070.8011539048084
STARLINK-35102,65839,5984.424988308172,-1996.326785691249,-2654.4145990355246
STARLINK-35364,65840,-6278.640636648254,-1597.9173020480684,-2206.15356625031
STARLINK-35298,65842,317.7197612039084,4093.4728718087026,5461.674248589102
STARLINK-35301,65843,-5624.231659806418,2357.6283076138866,3091.2749750033813
STARLINK-35148,65844,-6294.291862725986,1633.8471240077724,2116.806986996732
STARLINK-35302,65845,-6841.408986839717,21.53628967282259,-46.8859462439752
STARLINK-35290,65846,6807.430587396811,-420.87719373678834,-543.8712189524912
STARLINK-35262,65847,-1589.8455379938746,3974.8964850512807,5341.550035899809
STARLINK-35308,65848,-1047.06939852924,4054.132567513158,5399.577165310934
STARLINK-35231,65849,483.50058528026216,4102.383164689459,5458.60630279658
STARLINK-35252,65850,-3509.9693432015183,3484.686561640722,4734.240537886369
STARLINK-35208,65854,6397.021886695363,2218.265643616335,974.4667620880875
STARLINK-35200,65855,-3892.4006783849195,-4624.49227802969,3221.4705046735953
STARLINK-35459,65856,5635.126193760825,3682.865075525071,-1227.829146528914
STARLINK-35489,65857,-2264.7636596771767,-4732.379814880868,4380.579233651824
STARLINK-35199,65858,4456.101864077623,-1872.5783840464342,4849.074510851233
STARLINK-35408,65859,-5295.432609944101,-3972.898640735197,1718.4957896346561
STARLINK-35303,65860,-3440.0798800483426,-4666.057350633244,3623.681206970271
STARLINK-35258,65861,6390.194341716302,1330.4944724885527,2041.4250026970644
STARLINK-35386,65862,1638.46319616461,4712.38035279906,-4688.095725758958
STARLINK-35469,65863,3897.562035850362,-2377.1344461465856,5084.969991164603
STARLINK-35471,65864,6388.304015012103,1436.2851523021793,2017.416647420453
STARLINK-35475,65865,5600.292989973998,-567.7353404894858,3878.6942023749343
STARLINK-35312,65866,281.59897928513976,-4288.840666751098,5312.114551679772
STARLINK-35456,65867,3966.5543332821653,-2306.745481042113,5080.991852868214
STARLINK-35450,65868,4849.658705720195,-1501.946204509875,4575.6023069451985
STARLINK-35441,65869,-4456.766633360472,-4409.977727721604,2728.895171743196
STARLINK-35433,65870,5633.251720642303,-474.5384866904607,3865.43746902083
STARLINK-35465,65871,-925.1555512826535,-4618.89915557201,4968.16600404748
STARLINK-34108,65872,5919.698882908094,16.52194978862118,3444.8171718141357
STARLINK-35423,65873,4898.875362985188,4202.756287558918,-2276.298239324478
STARLINK-35425,65874,-6277.9875311662045,-868.4723240375434,-2584.191204612664
STARLINK-34688,65875,2794.7411984087857,-3148.7389182032275,5381.938559003093
STARLINK-34438,65876,3951.1807874075303,4588.93954051273,-3190.7581110904543
STARLINK-35462,65877,5871.679452542152,3464.8684509429922,-719.141477712134
STARLINK-35453,65878,6120.663101006096,388.435185204022,3023.0807826322625
STARLINK-35418,65879,-1009.8742814493382,-4603.664527025329,4948.591762375149
STARLINK-35445,65880,1572.4641465814502,-3795.5296431754286,5459.798635592187
STARLINK-35464,65881,6142.495471131301,3010.549949927253,-128.42518245402067
STARLINK-35270,65882,3480.9459319437665,-4982.834127606255,3130.673092616876
STARLINK-35367,65883,3526.740368090353,2535.861526843968,5274.666866217455
STARLINK-35384,65884,-1002.7270792772689,-5995.193775597536,-3170.0803900045003
STARLINK-35415,65885,1523.0962092535576,5656.871556475046,3524.082139558535
STARLINK-35413,65886,-166.616785494005,6649.048894744853,1593.7119685259913
STARLINK-35332,65887,-3204.6738064411043,5411.455886592467,-2701.166120069592
STARLINK-35362,65888,-3488.9493126960265,-2582.5155963952097,-5310.667912333733
STARLINK-35193,65889,-4164.956860944121,3334.621742016467,-4309.0591655980215
STARLINK-34542,65890,-4328.157181573151,1428.725086719859,-5125.2243070337345
STARLINK-34791,65891,-2751.117482015614,6070.486461647844,-1608.6421658871297
STARLINK-34853,65892,4267.038380857275,-1489.1178372866318,5125.540225350039
STARLINK-34921,65893,-4095.3304975901037,-604.0422790130408,-5468.94474191937
STARLINK-34672,65894,-2209.368237111496,-4813.73950823679,-4358.285421279109
STARLINK-34898,65895,3904.6205838804226,-3967.8718869485365,3966.659729864749
STARLINK-34906,65896,-4262.013491252543,2471.105613041295,-4765.049761130624
STARLINK-34934,65897,2971.705794605604,3744.2336038261456,4883.809569625662
STARLINK-34936,65898,4187.469096183425,-135.62739940628288,5397.481671978514
STARLINK-35272,65899,-1021.858385499104,6745.945140826654,503.94286366982124
STARLINK-35264,65900,-2574.7389810003615,6110.6462965945675,-1692.5554609703233
STARLINK-35249,65901,-2901.9267877120315,-3784.14311444328,-4929.670794895613
STARLINK-35278,65902,-4263.662756900713,2722.7925653900334,-4631.538802124478
STARLINK-35210,65903,-2020.8428083114597,6529.622258791309,-519.1805298751201
STARLINK-35348,65904,698.5895535152326,6278.305204443675,2617.8774165376767
STARLINK-35380,65905,746.6484533637168,-6719.816151185702,-1131.5200417779674
STARLINK-35385,65906,3938.0373975723232,1224.2125611248614,5448.120339561173
STARLINK-35347,65907,2293.819363072787,4800.50283406108,4290.908272900988
STARLINK-35329,65908,4171.156353206236,-2786.4148568206906,4641.749912386651
STARLINK-35387,65909,-3364.5224250655165,5365.955314296849,-2627.7626309012007
STARLINK-35523,65910,3515.1178614669607,-2495.212813762567,-5318.655834636257
STARLINK-35160,65911,3902.63266331269,3997.667750277687,-3955.670362938003
STARLINK-35508,65912,1459.542065732716,6683.89652281256,33.32735968983055
STARLINK-35472,65913,-1010.17750598122,-6741.847363990932,-584.4629068819966
STARLINK-35524,65914,3810.446491820368,4298.4467761917995,-3745.9477349884564
STARLINK-35539,65915,-3785.779990016103,-4293.998978544155,3759.464805049046
STARLINK-35521,65916,-4240.749515006671,-1880.7813318277604,5034.575600410857
STARLINK-35478,65917,-3129.8397308867575,-5523.1599659894855,2547.677707494025
STARLINK-35516,65918,486.58926512691846,-6384.986595897631,-2451.5522116383218
STARLINK-35519,65919,3061.2130100275226,5660.248040494683,-2367.244094246743
STARLINK-33902,65920,4176.238794849316,162.6501065011177,-5422.881151243493
STARLINK-35530,65921,-1823.4674089409968,-6571.605987447401,533.3934779330224
STARLINK-35544,65922,-1877.5738599891145,5224.56893110055,3987.459397089224
STARLINK-35484,65923,-243.28828274623464,6467.576857793902,2207.2644759272043
STARLINK-34994,65924,632.7101233846587,6716.3138865863375,1130.0373490267343
STARLINK-35458,65925,4259.720910310089,1875.1679090778212,-5037.904514819865
STARLINK-35492,65926,2928.8911382671918,5799.020472371121,-2152.433147766133
STARLINK-35494,65927,-1091.0592448501075,5957.95790279522,3170.596571450599
STARLINK-35493,65928,1527.0625828788252,-5617.745026672941,-3600.3993564475686
STARLINK-35175,65929,-3035.137486587497,-5660.465342903567,2383.7465385717974
STARLINK-35513,65930,3477.9554108187244,5012.720669624622,-3102.7304683812627
STARLINK-35526,65931,-2002.1773930676413,-6506.785734664823,785.2592224702639
STARLINK-35436,65932,-789.3765697560805,-6752.835280564063,-879.2803883845058
STARLINK-35192,65933,2246.2651478922903,6371.303681730457,-1090.0872441192653
STARLINK-33921,65934,1736.755886151243,-5423.642256695881,-3820.4673180691143
STARLINK-35155,65935,4259.021563762323,1535.9813002560488,-5135.587826896858
STARLINK-35161,65936,2957.370395129988,-3711.0279784294094,-4934.9585432861295
STARLINK-35473,65937,-3680.1902886323574,-4537.911712963255,3549.451384392209
STARLINK-34849,66005,1291.5762987954274,4336.1114575881575,5121.323205474591
STARLINK-35336,66006,4391.741997375763,-2398.810920853237,-4673.175662691358
STARLINK-35196,66007,-5625.218272420645,1261.6349075254077,3696.517541151396
STARLINK-35236,66008,3289.2310774278476,-3081.541486718796,-5153.495108839591
STARLINK-35276,66009,1434.315298023311,4369.4710237188565,5071.616777330747
STARLINK-35297,66010,5645.667490329519,3222.7186210557375,2124.5284971205892
STARLINK-35256,66011,-6679.614981140003,-1357.0385395335625,711.6667416217892
STARLINK-35293,66012,-5347.354443291787,-3479.5290427470823,-2513.263620132204
STARLINK-35307,66013,-4298.086956161925,-3979.3133140888112,-3542.088223674467
STARLINK-35395,66014,-2550.052777591389,3430.323731994427,5347.024436655939
STARLINK-34622,66015,2052.795097053598,-3639.427641326279,-5423.411382895384
STARLINK-35243,66016,-3802.230472787551,2768.2198766735596,4959.527666624662
STARLINK-35398,66017,6019.820799163389,-772.6098422379079,-3165.1156854187925
STARLINK-35376,66018,-6606.036780411142,-593.5291208761871,1668.3377049385576
STARLINK-35382,66019,-5699.121795308112,1160.8481674453612,3592.7788641926304
STARLINK-35430,66020,-571.0162585598378,4089.7878157470022,5459.7547937273
STARLINK-35432,66021,3329.2444178129376,4250.985270034926,4211.348658822765
STARLINK-35340,66022,-4279.644270825284,2462.337894642531,4743.149331919222
STARLINK-35394,66023,-6450.901250662026,-54.00170572572413,2305.6911622482207
STARLINK-35410,66024,3754.3972123818185,4117.369867684481,3958.8151041293354
STARLINK-35280,66025,-6296.147663295951,-2538.6258072264386,-952.6236308534487
STARLINK-34812,66026,732.0732063687728,-4049.6388526254646,-5471.3486796052575
STARLINK-35341,66027,-5951.428171541521,-2961.6703781003907,-1624.9358104956125
STARLINK-35339,66028,-6659.909880363167,-1450.7722586165173,581.8947219239884
STARLINK-35399,66029,-35.72878007648303,4193.920381862856,5394.408093067946
STARLINK-35431,66030,-1938.128329017749,-4365.341747844143,-4904.498093156879
STARLINK-35326,66031,2584.575604264461,4312.052914239188,4629.732150612017
STARLINK-35311,66032,4811.6795864256255,3742.205517515418,3096.8135821536584
STARLINK-35552,66058,-3280.7978471195656,-2793.9854705707253,5303.034031195919
STARLINK-35560,66059,2007.77396644233,3604.2356365064315,-5479.25234736506
STARLINK-35558,66060,1888.599401517291,-4591.5951202310525,4714.805537924831
STARLINK-35566,66061,-6499.945272155834,1921.6808600552147,1007.1748093346092
STARLINK-35421,66062,2801.649350026948,3187.022461471607,-5372.8341204988965
STARLINK-35562,66063,-3237.3419142098014,-2934.9085463357023,5269.701455234438
STARLINK-35542,66064,6310.800759488898,-2671.460503523684,75.57463513700269
STARLINK-35375,66065,-2024.2714777915965,-3589.959245920388,5465.568956604986
STARLINK-35179,66066,5122.281831305661,-3946.475520796103,2263.3830354050206
STARLINK-35401,66067,-2323.9633568295094,4615.050085839732,-4490.199782247036
STARLINK-35422,66068,-1915.8990643441416,4613.834288431579,-4699.705998598926
STARLINK-35279,66069,-5109.282560822554,3977.3207200718703,-2256.2863312446134
STARLINK-35295,66070,594.861305499914,-4435.414692249206,5180.542781565386
STARLINK-35323,66071,-5557.782803564767,-829.1641502113029,3914.4035805338603
STARLINK-35299,66072,6518.464471034887,-1430.5953351197563,-1569.241550734773
STARLINK-35274,66073,-87.75744500079693,-4282.8169818842325,5339.587099817804
STARLINK-35321,66074,3674.437476061207,-4474.692314970645,3657.989409285901
STARLINK-35131,66075,4005.696865243353,2398.5973154844364,-5017.947829352382
STARLINK-34801,66076,6098.46207009819,-3056.298053919385,660.1864346817312
STARLINK-35129,66077,6332.025157621086,-541.5638540829195,-2574.8394313563713
STARLINK-35116,66078,-3670.202639980765,4499.623335619382,-3649.0741061049553
STARLINK-35402,66079,-6084.782130582767,3089.1261295882,-650.9378395226748
STARLINK-35325,66080,-3499.3694468514395,4521.455316645689,-3764.889310048735
STARLINK-35403,66081,-4853.7639224139075,4144.184389314889,-2494.0496663350536
STARLINK-35011,66082,3110.9155372624177,2994.8746886522563,-5322.856974523222
STARLINK-35291,66083,-1385.0146782187935,-3862.735325488906,5478.707725943287
STARLINK-35379,66084,5513.504141166036,-3680.489268446073,1732.2923403664715
STARLINK-35370,66085,2513.879067890766,-4600.1215834744025,4405.32846405496
STARLINK-35596,66086,-4428.6034988206875,-3973.5233280249713,-3410.8136116596434
STARLINK-35563,66087,-6273.672671668457,314.81043425921723,2701.0138409401875
STARLINK-35461,66088,-4786.43468691123,2081.872339520968,4431.357234157087
STARLINK-35571,66089,781.7212199978449,4318.631124461165,5254.276025829828
STARLINK-35570,66090,-6596.988020051823,-487.57005508599195,1785.2701439821508
STARLINK-35532,66091,-6029.332818561997,-2888.1982835722956,-1517.173074825138
STARLINK-35527,66092,6245.881319341596,2570.0357153452883,1082.4867074461993
STARLINK-35500,66093,2734.8876431423755,4330.405069136443,4544.568274568555
STARLINK-35528,66094,-1245.2715545844412,3910.083372047023,5479.104186408659
STARLINK-35559,66095,-3176.8583800559995,3133.2460131880416,5191.810784936294
STARLINK-34386,66096,-5952.9882407376235,854.6192268849545,3278.602360565035
STARLINK-35613,66097,-1907.7390707990821,3690.2470630967214,5440.672574915442
STARLINK-34206,66098,6484.580642871204,104.53122232860781,-2186.314979849152
STARLINK-34460,66099,-6621.3461186800605,-1764.3075836351418,148.08256824670042
STARLINK-35609,66100,-3185.7842348997,-4254.2644211833485,-4314.132203605637
STARLINK-35595,66101,-4887.369943473376,1986.8998956779456,4345.8052015031535
STARLINK-35599,66102,6677.413879324933,967.6203408826243,-1141.1179728646352
STARLINK-35622,66103,-5227.896778185957,-3537.1059697883193,-2646.1426800289332
STARLINK-35452,66104,5315.63671314722,-1623.2135370081899,-3996.2320893241786
STARLINK-35561,66105,-1398.7200993613858,3855.2522583667965,5465.322444019299
STARLINK-35584,66106,6600.04849168657,1801.811083775346,-35.58903623074615
STARLINK-35593,66107,-597.2430895046859,-4290.264538352848,-5301.215587113278
STARLINK-35590,66108,-2666.9581584938023,3372.1450700858845,5311.365847667937
STARLINK-35545,66109,-6441.969708206842,-2242.960990252645,-534.7013405706579
STARLINK-35427,66110,-5719.6378553925515,-3229.750918261359,-1964.909093133293
STARLINK-35574,66111,-4908.480306042138,-3763.802370351068,-2960.1011460137242
STARLINK-35531,66112,2088.664846459211,4371.17113789772,4837.868653775067
STARLINK-35491,66113,-3903.181538712946,-4140.91751414579,-3826.9092433696246
STARLINK-35496,66114,4916.717344077929,-166.37861090047733,4744.306437144655
STARLINK-35428,66115,-2670.8686982595,5786.330372695014,2513.132965431109
STARLINK-35573,66116,4654.666823253336,-5007.1493419310245,203.26015695041835
STARLINK-35572,66117,-4954.006378853821,4680.633152787908,-735.2059191416594
STARLINK-35468,66118,550.6000095446408,4816.8865140206235,4834.20222721387
STARLINK-35547,66119,-2180.8477794742516,-3644.1481640951006,-5385.821700053478
STARLINK-35553,66120,1634.000510546082,4091.283248130231,5223.58020000529
STARLINK-35631,66121,-555.7548650368589,5360.035013004023,4225.163406654056
STARLINK-35653,66122,-5342.656115777418,3891.4122110927233,-1823.238958475856
STARLINK-35628,66123,2594.1970548766194,-5805.007190379795,-2554.569071910206
STARLINK-35645,66124,3983.670644539173,-5490.939889998305,-892.626277096327
STARLINK-35649,66125,5484.941013690412,-2473.2954380920905,3272.9641768105134
STARLINK-35658,66126,3568.463048327419,2128.306511902153,5424.475730369938
STARLINK-35629,66127,3156.137847893926,2645.9323354329254,5467.81143004999
STARLINK-35612,66128,-1110.7785559465515,5554.202557253021,3849.811776142883
STARLINK-35632,66129,-3999.7166851196116,5486.496684730868,928.8445596759591
STARLINK-35637,66130,-5451.264584794885,3447.676944948604,-2326.104655941135
STARLINK-35630,66131,2655.7613779205553,3175.326836116716,5436.599999211986
STARLINK-34412,66132,1118.9698167256963,-5572.971135923986,-3816.7813511570575
STARLINK-35520,66133,4327.837522641236,1005.471525940841,5191.781146395624
STARLINK-35525,66134,3133.6236415744766,-5755.26256108339,-1973.402991521201
STARLINK-34852,66135,-3594.467152696532,5645.237048950749,1471.5630849013714
STARLINK-35592,66136,5473.3287672929955,-2443.582616135512,3287.9227125591738
STARLINK-35576,66137,5303.988513367931,-1332.8321737416343,4100.740691995525
STARLINK-35623,66138,2179.7625002112673,3627.261965211652,5380.639596403061
STARLINK-35549,66139,3567.898399204409,-5668.398482331154,-1463.3364529472444
STARLINK-35625,66140,5419.335510523841,-3442.612979280699,2350.58059836005
STARLINK-35603,66141,23.62180618566658,-5139.677110566057,-4520.843234401686
STARLINK-35318,66146,3715.2169338306035,2498.6105759921393,5162.583058092351
STARLINK-33948,66147,3314.147763274157,2837.274174934264,5274.958861491254
STARLINK-35081,66148,1363.7478789317447,3892.270864526427,5448.195593442909
STARLINK-35601,66149,-6429.592022551856,2148.6535653976885,-1019.0938705877152
STARLINK-35605,66150,-5359.192564720946,3909.477780214203,1714.5514067126562
STARLINK-35540,66151,-4602.620115497277,4386.0325099756465,2517.1363123937754
STARLINK-35455,66152,-2484.7320608348277,4765.215193951772,4223.577691211725
STARLINK-34752,66153,5015.975334208909,-4171.761152125691,-2069.6828582403177
STARLINK-34625,66154,-425.54114225834456,4472.385205121719,5165.233684550787
STARLINK-35580,66155,-4213.063814379542,-2081.141159049762,-4978.883317429783
STARLINK-35621,66156,6143.474414118257,-329.0415218899537,3012.6522427289547
STARLINK-35594,66157,6341.613001202916,-1216.3350270152466,2252.854334606157
STARLINK-35587,66158,-1709.9759812017217,4679.461269784824,4696.480512432241
STARLINK-35586,66159,-1969.12423614183,-3614.558904382026,-5470.687804475574
STARLINK-35636,66160,6314.594399103914,-802.1917467646344,2533.084906954943
STARLINK-35635,66161,-1065.7488105563264,4598.144973013467,4959.258386489743
STARLINK-35633,66162,-6301.054888052354,797.5710570515128,-2583.906447504143
STARLINK-35607,66163,-3640.9586212577137,4666.81289898819,3420.4512285536875
STARLINK-35614,66164,5472.61838847856,695.7933570324345,4036.1743186094227
STARLINK-35575,66165,2558.2238114942866,3281.3981094438054,5420.021603091301
STARLINK-35624,66166,-6312.817093635994,2547.2575551963905,-696.8032514419532
STARLINK-35641,66167,4689.483789211874,1630.5724338257605,4696.795012116239
STARLINK-35578,66168,-6186.021283896108,2949.8799271740245,85.59570788309557
STARLINK-35638,66169,1519.5023017740393,3825.2659914808155,5469.383781580008
STARLINK-35585,66170,6029.805431792761,-265.04497759105254,3211.7627241923183
STARLINK-35606,66171,-5986.534284664253,3288.7564203936727,382.6515723544432
STARLINK-35627,66172,-4024.055899834397,4522.109174515092,3204.994761220913
STARLINK-35634,66173,74.88336010862795,4366.568849479067,5255.730999765308
STARLINK-35363,66178,-1247.9379023976858,4551.356207404291,-4977.758773912004
STARLINK-35346,66179,-6354.245163815884,691.2471468300015,2430.612485639509
STARLINK-35335,66180,2627.078852985675,3294.7283625115288,-5411.901068237595
STARLINK-35342,66181,3784.4568985999645,2571.905866195111,-5109.497673435231
STARLINK-35333,66182,1053.029328588565,3990.3785627126604,-5466.114907811917
STARLINK-35310,66183,-6504.414280655438,1599.5692991984365,1384.6043826877765
STARLINK-35317,66184,-6004.190628125571,3176.8237091544465,-825.7662385010045
STARLINK-35377,66185,-5381.295829605989,3779.9183065255734,-1894.7043334077598
STARLINK-35365,66186,3226.231704387301,2946.1445306638616,-5287.276413088514
STARLINK-35350,66187,6147.781715690915,-75.40178361081529,-3036.9016775275213
STARLINK-35041,66188,-2506.157880359426,4615.646602312546,-4410.480664445459
STARLINK-34694,66189,-5488.178348512912,3714.535867745511,-1757.5348247214288
STARLINK-34863,66190,1375.4685177023412,3875.6675697125593,-5489.366125475244
STARLINK-35061,66191,6463.3763980744825,-992.5169632909492,-2061.3252272564573
STARLINK-34937,66192,-1066.8882883357492,4518.828843777411,-5031.258607461765
STARLINK-35197,66193,-5188.434302881421,-1291.895228920065,4277.989078367337
STARLINK-35374,66194,-2509.917533381898,4642.194983428483,-4373.068879679469
STARLINK-34813,66195,-6511.402036508081,1474.8868094017714,1542.4728622066843
STARLINK-35409,66196,-6291.36428559088,2718.500598851198,-109.45190298542227
STARLINK-35259,66197,-4191.065872880665,4362.542490532042,-3229.169353653585
STARLINK-35518,66198,5835.314263074878,-3379.474018910637,1218.5057816372944
STARLINK-35509,66199,-4763.398177656731,-1733.1793339331373,4602.860367438154
STARLINK-35551,66200,-5877.866420008678,-369.8198489518683,3496.0553914459238
STARLINK-35543,66201,6406.209089190687,-891.3879765474671,-2261.869199723913
STARLINK-35534,66202,-6432.5201112845225,2319.814620269681,457.22796557823074
STARLINK-35548,66203,-5820.544094129075,3413.4901377358037,-1212.3918568174017
STARLINK-35490,66204,-3097.824999986324,4578.326057228037,-4059.2470472116097
STARLINK-35748,66206,5756.451943169049,-1294.1554313845754,-3469.68108297236
STARLINK-35747,66207,-5914.458752083732,2819.7169543563623,1959.3765609704992
STARLINK-35751,66208,-5111.741730388892,-265.1840434868367,4529.148741475646
STARLINK-35750,66209,2211.366412589934,-5303.317416769907,3703.573813225621
STARLINK-35740,66210,5920.924283754256,-2344.6838878949884,-2508.0549667585497
STARLINK-35723,66211,-1332.4784471498963,-4043.513194985689,5344.751270886206
STARLINK-35710,66212,-5039.478002167961,-460.01406985028746,4612.37798983926
STARLINK-34204,66213,-5593.8821415170805,3925.624326732413,520.238263312424
STARLINK-35714,66214,-5793.5059595634275,3520.810610388336,1001.1878535063107
STARLINK-35712,66215,-653.9688817293577,4967.800273721225,-4683.143139148915
STARLINK-35709,66216,65.53735353028354,-4731.803998685668,4947.70512279195
STARLINK-35700,66217,3462.3943625133857,-5255.821766322238,2703.985684385169
STARLINK-35722,66218,4198.100775384476,-5086.617197489177,1810.9871647491364
STARLINK-35737,66219,-2468.4163350346867,-3261.9605857661527,5472.950059037565
STARLINK-35677,66220,4953.622554129849,-4660.577253344131,730.9630763952772
STARLINK-35704,66221,4369.972792639809,-5000.691944974166,1684.46451145293
STARLINK-35666,66222,2958.254826348182,-5302.754220921986,3169.068864740823
STARLINK-35664,66223,-538.6711503594206,-4464.744062200983,5161.776301758218
STARLINK-35733,66224,-5896.991825476433,1661.751386092162,3063.0788160812613
STARLINK-35734,66225,1269.8952426426908,-5119.2992832151385,4366.098252223384
STARLINK-34466,66226,3274.1474069336223,-5303.205951393879,2812.185904962958
STARLINK-34882,66227,-3502.0947289665974,-2348.8956606540332,5376.843276502995
STARLINK-35731,66228,5832.655855873506,-3261.717646250549,-1473.7576999831217
STARLINK-35758,66229,1052.919988502452,-5085.569008583871,4443.486766768803
STARLINK-35736,66230,4766.4441013672285,-4791.100839138275,1135.2535620586946
STARLINK-35735,66231,-69.57663772856323,4754.678038991769,-4942.79696421733
STARLINK-35753,66232,-5969.412084824314,2639.5935505619177,2083.0628114940846
STARLINK-35626,66233,-5770.142747374896,1146.9013109302803,3506.2248314621875
STARLINK-35537,66234,-497.9650461277394,-4274.97570686219,5317.632650145624
STARLINK-35541,66235,6402.952027605595,2348.5643177111738,-691.2361897906754
STARLINK-35454,66236,-6657.984579095776,-1562.8744438731162,-468.72962829225605
STARLINK-35557,66237,-4294.026940942985,-3880.1791000447784,3638.645136310771
STARLINK-35556,66238,-5260.1509841653215,-3415.3654233184316,2724.304223215628
STARLINK-35554,66239,2437.940588232754,-3486.4987293953295,5357.273204883096
STARLINK-35546,66240,6173.940870234614,2710.147489765348,-1239.640958750514
STARLINK-35497,66241,4662.746077197336,3842.385403277864,-3243.6822539136847
STARLINK-35480,66242,-2856.9727095078565,3302.626320417816,-5289.05087801305
STARLINK-35495,66243,3009.1911322650494,4293.210730714639,-4421.237758519974
STARLINK-35517,66244,-942.6827404520213,4011.3765018783315,-5483.187286171325
STARLINK-35503,66245,-4533.313911116924,2284.841503517609,-4611.720536020049
STARLINK-35434,66246,522.291014797631,4292.843450893102,-5317.998985054004
STARLINK-35481,66247,3339.039090168145,4235.965674123414,-4228.530318929441
STARLINK-35416,66248,-6393.677279585093,145.09656304212143,-2460.377926881994
STARLINK-35304,66249,6535.297459228718,261.1649290171874,2039.8548251552693
STARLINK-35338,66250,-6619.314211533991,-1758.979123914336,-88.88312316934564
STARLINK-35485,66251,-5534.133359924145,-3311.9201493090395,2297.3084020241263
STARLINK-35483,66252,4145.088076327425,4036.6104769412295,-3681.4843339318722
STARLINK-35486,66253,-2445.356986598903,3498.3905109176735,-5363.098164178491
STARLINK-35488,66254,6609.288268654484,1795.0304067184477,94.7536579447143
STARLINK-35616,66255,-6404.237282643541,-2353.928913488087,642.2492600346188
STARLINK-35619,66256,-270.28820607086254,4166.817760800414,-5441.388358493717
STARLINK-35615,66257,3592.3883760151957,4186.893051307619,-4074.748663929012
STARLINK-34650,66258,5119.147529312728,3613.5791544430854,-2785.1534253357586
STARLINK-35529,66259,6386.959824538837,-110.41764028308101,2462.9869632173986
STARLINK-35420,66260,-4902.040358535569,2021.4261700413838,-4342.591058038433
STARLINK-35536,66261,-3341.5805814000905,-4211.375219561684,4232.9244516209665
STARLINK-35487,66262,5521.644007607299,3345.8717479510046,-2295.0214742433177
STARLINK-35801,66265,-120.56920457137865,-6550.507790106728,1962.0874402140535
STARLINK-35056,66266,-2538.189182774064,6218.673377370884,1354.8744003199654
STARLINK-35550,66267,-979.096337590299,-6086.125243802137,2957.761947318463
STARLINK-35069,66268,-4066.59815140106,-520.7102772973768,5466.253943718065
STARLINK-34910,66269,-3752.189894215452,4350.909937489318,3704.053633034047
STARLINK-35757,66270,-3658.879497260129,-2086.978365776195,5379.884634105437
STARLINK-35745,66271,-3766.8081368000867,4504.2379573544795,3501.090415189047
STARLINK-35741,66272,2983.4064081427964,-5688.832561357371,-2361.7759407880367
STARLINK-35730,66273,-2518.2493868496695,-4449.156357598766,4535.873543377329
STARLINK-35760,66274,-3206.64047402585,-3136.0248170359446,5155.280167602532
STARLINK-35752,66275,-1114.33949621998,6718.632272047682,-664.2696072640499
STARLINK-35742,66276,-544.7310488235912,6689.980247975325,-1399.82778267072
STARLINK-35708,66277,-4227.8430417348445,1974.80974789008,4992.628015026222
STARLINK-35713,66278,3524.153178354068,-4849.5105687337555,-3304.703852701486
STARLINK-35724,66279,-2575.5132675758714,-4263.807483418395,4679.065797855763
STARLINK-35726,66280,1553.0709764421363,-6659.933180495018,-211.8609678821115
STARLINK-35727,66281,-4099.608423694189,3400.738066220328,4282.991066849385
STARLINK-35776,66282,-4250.8100918233695,833.9460034386947,5284.432194065459
STARLINK-35774,66283,-3280.575314953829,5417.664921200049,2579.0670366406516
STARLINK-35830,66284,2339.2711116182795,4608.3514205245665,-4508.394659650004
STARLINK-35819,66285,324.87043541371247,6397.804172823577,-2443.9501219106132
STARLINK-35783,66286,-1385.3737223435023,6706.910014415876,-304.40142980721424
STARLINK-34884,66287,-4073.2975063579215,3227.955833766277,4437.661904134213
STARLINK-34896,66288,-4209.062885958086,625.8014701080114,5345.998336103963
STARLINK-35802,66289,-3153.233785065513,-3336.288173832167,5061.869433091239
STARLINK-35799,66290,-1782.4359470971717,-5378.162481951995,3824.3953012754564
STARLINK-35800,66291,2314.375692802599,-6304.986173105169,-1312.9401673552854
STARLINK-35798,66292,720.4148103329771,-6741.829726232425,906.3797673241941
STARLINK-35442,66319,5064.660511315424,4420.188928699194,1362.232412468808
STARLINK-34616,66320,5901.654760990397,-959.5585282317843,-3368.876191477763
STARLINK-34615,66321,-6301.636987145312,-2643.795776422531,603.5635858121528
STARLINK-35292,66322,-1408.7346368139008,-5473.140955336833,-3892.5060408993218
STARLINK-35309,66323,5520.618147790213,3991.145740043178,805.755386459833
STARLINK-35506,66324,4513.0245312193465,-2841.5610726478803,-4318.657605858765
STARLINK-35504,66325,6184.796731038479,2950.050722054831,-349.6963561040515
STARLINK-35479,66326,-5705.396553562324,1280.9220269972925,3580.868300342971
STARLINK-35507,66327,181.12712030313193,-5253.610073870255,-4412.7357514685455
STARLINK-35460,66328,3279.640303194735,5289.97228961033,2879.0358884434904
STARLINK-35505,66329,-6439.888666594404,-736.8689018970578,2241.9742082000016
STARLINK-35512,66330,-563.3231757907677,5154.328933860489,4484.579176441411
STARLINK-35257,66331,2513.7504754468896,-4342.169398908751,-4683.442063782104
STARLINK-35322,66332,-3597.669090115535,-5187.726558856707,-2691.0252005783595
STARLINK-35400,66333,6370.829979316538,413.8859397951972,-2517.893669302592
STARLINK-35407,66334,985.5220695703854,-5020.510313527514,-4572.546047595157
STARLINK-35417,66335,-6046.721819002072,612.0115499591408,3181.75252620544
STARLINK-35404,66336,-5730.161505733677,-3733.7959401335047,-548.082771115945
STARLINK-34783,66337,6469.362247178421,1067.2859110033532,-2026.597711242641
STARLINK-35477,66338,-5313.591601194269,-4196.38591638831,-1113.6845492849086
STARLINK-35443,66339,-6492.25630966089,-1398.3683894251542,1717.2611277929225
STARLINK-35218,66340,3914.926305210727,5082.1443956291,2423.420905972742
STARLINK-35522,66341,-2131.583493643499,4539.103142406331,4678.445861923796
STARLINK-35535,66342,-4776.873854037621,2542.801875027541,4208.789045504061
STARLINK-35467,66343,1797.7456472905048,5485.390688495533,3702.835399008611
STARLINK-35511,66344,5517.629958257362,-1618.7770738049085,-3746.5558850752673
STARLINK-35440,66345,-4203.315843105965,3120.7454062994107,4430.759332228494
STARLINK-35482,66346,-2173.469152057505,-5460.332862355989,-3544.9001599786175
STARLINK-35438,66347,3242.4422476324967,-3891.3461485780635,-4630.149627372175
STARLINK-35849,66348,1315.3180607887264,4014.500322620478,-5403.743740705611
STARLINK-35848,66349,524.2736269203341,-4814.745200234586,4832.51638271106
STARLINK-35829,66350,5999.504448631537,-2965.9969561296753,-1464.6252330586722
STARLINK-35828,66351,-5014.427789355178,4561.835327598512,-990.5339272443682
STARLINK-35850,66352,6055.286400289071,-2181.116741389092,-2364.276252053347
STARLINK-35869,66353,4834.191952448882,915.564587139202,-4778.5039285246285
STARLINK-35895,66354,2476.154597824879,3277.590817542304,-5492.985260555258
STARLINK-35861,66355,-1136.1220233289425,4985.083539404569,-4571.405493835296
STARLINK-35851,66356,-2870.429648029513,5186.244048774342,-3448.283227740312
STARLINK-35817,66357,-5987.018771435997,3079.838322471276,1275.3633834676978
STARLINK-35807,66358,5768.114194999901,-834.4325237587672,-3605.526344998691
STARLINK-35805,66359,-5750.988943655613,856.8635427761674,3610.685840536785
STARLINK-35823,66360,5999.497664837004,-1685.7490065884283,-2860.5976270337196
STARLINK-35813,66361,-5977.03844878187,3006.4701661732797,1458.1664530913554
STARLINK-35822,66362,89.19889256514126,4594.620500535986,-5091.567485514105
STARLINK-35806,66363,4026.4218864129643,1926.4705354628577,-5207.490244843807
STARLINK-35797,66364,-1731.7925557478331,5104.326928741875,-4240.352040760307
STARLINK-35827,66365,5039.319667296175,-4530.353224458765,992.4932280347824
STARLINK-35845,66366,3088.3451564057095,-5183.601928786326,3231.5762360798276
STARLINK-35846,66367,5179.4374778796955,390.84100008941545,-4478.543983617344
STARLINK-34861,66368,672.8948021319303,-4947.812573299136,4684.024997194733
STARLINK-35795,66369,-2845.2393348528476,-2969.5692213959733,5472.397828444198
STARLINK-35824,66370,-1141.2330497129185,-4147.598201679908,5325.2627289463435
STARLINK-35804,66371,2405.287322230054,-5289.968403957002,3622.821593131234
STARLINK-35821,66372,3940.1200610397937,-5149.747749649377,2211.1165221496663
STARLINK-35809,66373,5097.808387180935,-4539.565196399099,610.3603323689796
STARLINK-35831,66374,4774.742956095553,808.2872345703662,-4839.5859098097035
STARLINK-35826,66375,-4659.242153585996,-998.0328432075485,4915.9735313940155
STARLINK-35139,66380,-4430.432201462396,-570.3518178448339,5170.829187889726
STARLINK-35158,66381,5132.29122707436,-4175.96228760987,-1758.5575647646667
STARLINK-35639,66382,3790.3967829838675,-5640.085020473758,884.2193602976075
STARLINK-35690,66383,-1988.1703071163697,-3870.8009296666646,5268.253194311691
STARLINK-35662,66384,-3198.8611050197846,-2556.879563577446,5485.057030137671
STARLINK-35659,66385,-3762.2986010377767,-1753.1171930601583,5427.500343197006
STARLINK-35651,66386,-2272.626631134843,-3576.0761279131525,5376.587303322821
STARLINK-35661,66387,1154.3442422034218,-5775.138525159319,3471.5117009159826
STARLINK-35647,66388,-710.0948230941104,-4830.2110545501355,4800.0572099166175
STARLINK-35694,66389,-2733.3357775585637,-3100.049025258689,5456.637860029371
STARLINK-35665,66390,-5341.326642145819,3183.954585347284,2873.406095371461
STARLINK-35656,66391,-2930.0694875771546,5774.612792223143,-2254.146624800795
STARLINK-35671,66392,927.898291356033,-5640.799526475054,3768.793578155864
STARLINK-35652,66393,3381.946990919454,-5784.890094788967,1430.803961534139
STARLINK-35672,66394,-1700.3113344657322,5895.246446931478,-3033.433907021804
STARLINK-35681,66395,-5321.847627412793,2114.70150205192,3755.5920354189625
STARLINK-35669,66396,-2937.5512051304504,-2868.9718630837547,5461.306231107813
STARLINK-35510,66397,370.895064157404,-5421.57251417688,4166.720493197799
STARLINK-35642,66398,5014.66640337986,-4325.1831127011,-1725.69067571583
STARLINK-35657,66399,5106.160622863137,-1213.5769789660949,-4395.407634704117
STARLINK-35667,66400,433.8533877936155,5048.644450952973,-4603.29140457887
STARLINK-35668,66401,-633.1943819314127,5583.0240203769545,-3910.025500022798
STARLINK-35602,66403,-3517.014539123979,5782.418843595721,-1009.3786450770243
STARLINK-35691,66404,-4795.075722965146,4722.12281721983,1221.0116112324613
STARLINK-35683,66405,4712.305772711428,-16.905911021815257,-4966.461316340086
STARLINK-34840,66406,-5203.9327443248085,1811.799305930219,4044.5984127914417
STARLINK-35686,66407,-4919.217273360581,640.1905034414581,4700.861396771904
STARLINK-35679,66408,-5279.326595653398,2928.1855760171406,3209.348510748749
STARLINK-35617,66422,3595.1919248219847,4764.245512277763,-3380.7245119586723
STARLINK-35618,66423,1542.257599571562,6526.285686507335,-1454.979806747943
STARLINK-35588,66424,338.5318413861045,6844.8909894895305,-323.48069285826494
STARLINK-35555,66425,-1529.5205472700995,6531.0915928990335,1432.3675110000902
STARLINK-35589,66426,-2638.0080915627054,5826.696822994417,2473.9878348962193
STARLINK-35611,66427,-3993.414010751733,4126.718264223662,3746.487852306199
STARLINK-35610,66428,-4804.7402422379055,1894.786079682599,4506.427314953424
STARLINK-35533,66429,-4984.939316423387,-597.1421595766463,4667.845650374381
STARLINK-35470,66430,-4492.513338861192,-3036.656883776602,4195.870230186065
STARLINK-35439,66431,-3816.5115257239445,-4449.9483163990635,3556.9047938788194
STARLINK-35446,66432,-3390.017428983338,-5059.973286575193,3151.5174660381354
STARLINK-35457,66433,-2391.196426984495,-6037.684446817896,2207.5860444966775
STARLINK-35389,66434,-1841.6024439283462,-6388.995614036068,1689.1529192498679
STARLINK-35502,66435,1211.1853253851066,-6649.442313482178,-1181.2366178295738
STARLINK-35501,66436,-1222.052898031485,-6659.130984048461,1105.911395427236
STARLINK-35474,66437,2130.9443601364087,6207.032051365717,-2006.7455667173756
STARLINK-34681,66438,-907.5242244968166,6746.397933480318,848.7733617680326
STARLINK-35327,66439,1799.000652504592,-6391.530981789459,-1732.0113974707042
STARLINK-35405,66440,-3140.2450946920735,5336.615162915339,2946.578569030241
STARLINK-35426,66441,-4939.64919641037,1072.5329754047332,4629.8872978243635
STARLINK-34724,66442,2888.4624095609665,-5623.698658910585,-2670.7183768424416
STARLINK-35219,66443,4167.375128166931,-3821.540067058401,-3884.8142958538333
STARLINK-35360,66444,-13.090102743222474,-6860.959551085265,-32.577235801515236
STARLINK-34698,66445,4887.678220201696,-1508.237996413209,-4571.689182467149
STARLINK-34986,66446,4614.729181050394,2643.893765406795,-4332.839725891796
STARLINK-34851,66447,3364.436827801865,-5101.247574416418,-3121.603300076155
STARLINK-35355,66448,4717.330802225622,-2325.0545050403066,-4408.37486910759
STARLINK-34720,66449,4951.328604399729,1009.8513924261608,-4643.302334297482
STARLINK-35334,66450,4348.868674684065,3392.7075106168,-4084.2042271872915
STARLINK-35643,66456,-4703.399294374476,-1711.8478459357536,4683.67939148317
STARLINK-35466,66457,-1180.3027063581214,-5991.61749868113,3118.298049637742
STARLINK-35684,66458,-2406.577844913613,-5112.000258737995,3880.728285336868
STARLINK-35449,66459,2020.7936881518356,-6535.255855568148,519.2838244232522
STARLINK-35424,66460,4169.456744004489,2881.987572408129,-4624.269783043474
STARLINK-35132,66461,3252.3984742517414,4251.5610649679365,-4295.306806650962
STARLINK-35499,66462,-1063.4891710621482,6643.687024519686,-1345.668930053268
STARLINK-35463,66463,3190.2405525746494,-6036.490045490216,-675.0994117137571
STARLINK-35435,66464,-4623.099507732586,4382.36922403417,2542.111711593756
STARLINK-35448,66465,-1821.987792291083,-5583.2791919175625,3536.729429362017
STARLINK-35388,66466,1513.3247463618668,5810.817198393581,-3314.1544161453053
STARLINK-35682,66467,-4928.089058236819,3747.195670609961,2950.257456072889
STARLINK-35331,66468,-4967.194798030248,-922.934448685228,4634.367554303378
STARLINK-35451,66469,-2857.9331010859046,6226.050329346771,367.2422073379795
STARLINK-35655,66470,2634.2793916780706,-6334.523276027873,-86.28894682073661
STARLINK-35569,66471,4834.938536572157,1350.2257344775385,-4675.588413452468
STARLINK-35567,66472,-419.14589510247765,6582.63849217605,-1889.2438875266162
STARLINK-35568,66473,-5308.130425104788,1489.3388438446389,4078.302482110387
STARLINK-35620,66474,3736.1530481890113,3596.755844309257,-4492.211520246238
STARLINK-35538,66475,-3954.2031358793956,-3237.8940830197002,4568.751073727779
STARLINK-35372,66476,3659.144704921376,-5677.198825618649,-1210.0381711841908
STARLINK-35354,66477,2717.585167606506,4843.338110515129,-4032.1181398478802
STARLINK-35283,66478,-2976.3566349189837,-4551.639380151681,4177.447973022891
STARLINK-35581,66479,-4274.122846846221,4961.354079232214,2039.2761453411651
STARLINK-35670,66480,1402.800309923245,-6625.788447099801,1088.3957242580188
STARLINK-35698,66481,-3383.210681879764,5893.397076822405,940.905976850288
STARLINK-35648,66482,4533.710087696713,2133.7680994445427,-4684.700904925039
STARLINK-35654,66483,235.89344004543997,6421.575179554446,-2405.6249011507816
STARLINK-35371,66484,-5134.816952820771,3032.955269643076,3383.8016199343606
STARLINK-34774,66485,-3398.490620838235,-4009.1890644299724,4401.791802891168
STARLINK-34844,66486,-2644.341571812733,-4377.251943606849,4564.795116947396
STARLINK-34733,66487,-1020.4115639265286,-4909.4849581504095,4674.526908926586
STARLINK-35515,66488,-6448.394045790597,-808.4873208003385,2191.5085847979267
STARLINK-35696,66489,-4059.863426265851,4522.613392313585,-3188.737646364106
STARLINK-35693,66490,-4719.116243844637,-3106.2617048608895,3883.656530816644
STARLINK-35663,66491,1473.4069765315103,4801.215268197259,-4678.41300913841
STARLINK-35673,66492,-5259.285227875132,3789.2488123143703,-2253.748244506365
STARLINK-35597,66493,6720.841882069377,-102.43676883234924,-1378.980214571937
STARLINK-35689,66494,5575.8417395283595,-3485.1487207172504,1949.6611366451004
STARLINK-35832,66495,-6438.277650886624,2289.8134475060688,-625.111743321613
STARLINK-35909,66496,5531.538841003378,2327.477190403437,-3328.5539848699455
STARLINK-35899,66497,-5276.648823390113,-2582.022618977938,3535.6161644745093
STARLINK-35907,66498,5012.997262187711,2869.205162441772,-3706.084017638539
STARLINK-35816,66499,6586.285431213332,-1900.6739550116981,286.656867173431
STARLINK-35894,66500,-5149.489098551566,3742.5649986876706,-2564.115923025551
STARLINK-35897,66501,-1828.0775084217753,5100.358128465495,-4213.738430099028
STARLINK-35922,66502,6773.5275332377,-739.8144513259882,-810.7355018480541
STARLINK-35917,66503,3039.4976514698656,4209.340959958401,-4488.033389858765
STARLINK-35916,66504,4618.089424949875,3335.8055714318484,-3823.819242668342
STARLINK-34766,66505,1436.341932184196,-5132.91542954443,4313.662992203721
STARLINK-34765,66506,-3363.7137618904044,4788.352699772656,-3586.7943927228052
STARLINK-34767,66507,6322.678693546224,1131.4224250432128,-2414.024661804782
STARLINK-35608,66508,658.9076192419543,4988.893594684828,-4667.695165949696
STARLINK-35598,66509,4990.749283217832,-3971.6599501465394,2518.970171429186
STARLINK-35600,66510,6366.211247641307,-2421.649456859906,806.5439112783376
STARLINK-35444,66511,-6751.689932133446,1093.2397360806701,533.393873336402
STARLINK-35366,66512,-1015.302767253664,5142.167931186563,-4433.3868520247315
STARLINK-35692,66513,3764.144793427893,3812.6958160204726,-4288.455097284196
STARLINK-35924,66516,3800.404158992293,-4661.755499962146,-3305.0121793640283
STARLINK-35937,66517,3991.765942311344,3910.532896207808,-3983.7010785239295
STARLINK-35962,66518,278.9655073033974,6820.736019671858,-686.1058787302723
STARLINK-35931,66519,-5008.63845792531,457.5103611221487,4656.172227253734
STARLINK-35952,66520,-3167.3222947247627,5486.153187552595,2626.6009871437363
STARLINK-35915,66521,-4987.814678511484,-382.8604541549439,4686.822860574752
STARLINK-35946,66522,-961.8405698548313,6774.909426988201,480.0593504371596
STARLINK-35969,66523,-2885.356508305471,-5447.165270710868,3006.432924703283
STARLINK-35687,66524,3135.2212814783547,5161.88412335048,-3261.0182957146326
STARLINK-35975,66525,-3368.1162400327576,-4891.980833417233,3427.9714579493325
STARLINK-35932,66526,-2355.304867771982,-5921.082607921966,2536.1912075478526
STARLINK-35935,66527,-3626.2766509494004,4931.339611418497,3091.298365009411
STARLINK-35928,66528,621.8725592800541,-6829.637032429647,-206.11743798372507
STARLINK-35933,66529,1518.9554496341862,6438.983254198782,-1825.5079929941137
STARLINK-35961,66530,-4362.508031202467,3613.052592123136,3861.7110629015797
STARLINK-35960,66531,4906.234325253873,-1656.3592003048027,-4502.801320058192
STARLINK-35914,66532,-4028.3803465951473,4298.908543960282,3506.8935242088282
STARLINK-35707,66533,-4479.293782231491,-2828.908573781561,4352.59884664998
STARLINK-35976,66534,2625.35182046894,5681.093811606487,-2814.7641244233632
STARLINK-35514,66535,914.705693190634,6680.805380336967,-1275.1035751469487
STARLINK-35640,66536,-4621.451656721978,2907.6953810149457,4146.6003117914315
STARLINK-35582,66537,-4726.489283408043,-2029.0618772536711,4537.27639600292
STARLINK-35577,66538,-3797.4383699399436,-4266.824343296075,3794.9076714095845
STARLINK-35697,66539,-1218.1388118372997,-6579.42253169743,1505.4858855054522
STARLINK-35818,66540,4339.160899686711,3184.0928639180815,-4261.300250514296
STARLINK-35796,66541,-4824.965761547671,2118.3265388739987,4385.469507473129
STARLINK-35833,66542,4823.411414400264,1609.5228547338322,-4612.259306164835
STARLINK-35315,66543,-2137.6536718012717,6314.464496133975,1611.4715077082876
STARLINK-35728,66544,2367.7364249466,-6160.1925100711305,-1881.146496607205
STARLINK-35699,66557,6020.048201489087,-3093.9105393494624,1111.4465728797009
STARLINK-35695,66558,6690.686596646638,-1404.952977196038,-583.4270790950729
STARLINK-35419,66559,-2771.842881063282,5053.760170441333,-3727.7550955962874
STARLINK-35411,66560,-4195.219642602024,4585.886953225117,-2910.538880470764
STARLINK-35305,66561,-6631.424556572968,1727.336515707411,327.6816727505484
STARLINK-35579,66562,-5808.760127260453,3381.662104412499,-1381.8475244515384
STARLINK-35437,66563,-6550.889850954887,-195.0112285471366,2021.0674388444704
STARLINK-35358,66564,-5601.223374501936,-2032.7850413546987,3392.478545162444
STARLINK-35893,66565,-3894.086443047143,-3622.072719550302,4325.308162741551
STARLINK-35871,66566,-2408.834562500954,-4438.323457729083,4630.050281089385
STARLINK-35825,66567,-18.98054435724248,-5121.693476572679,4556.371673857675
STARLINK-35803,66568,3169.3928450841818,-4967.385733481321,3507.346014908352
STARLINK-35835,66569,4520.784925300652,-4429.599628312294,2639.5298000427442
STARLINK-35834,66570,5591.287418248786,-3599.9230615303627,1682.1818298344756
STARLINK-35836,66571,6556.924180702792,-2021.7809342515545,5.395188252867466
STARLINK-35870,66572,6172.100269439497,1183.8477216352007,-2757.284201966125
STARLINK-35650,66573,4748.943110437361,2972.114060976695,-3962.9731547014194
STARLINK-35812,66574,2748.896125826115,4295.946980597302,-4590.8950943432965
STARLINK-35810,66575,431.0182578252641,5053.379311754823,-4621.722628612568
STARLINK-35814,66576,-2015.6589592310245,5168.388176618342,-4042.4404017049237
STARLINK-35815,66577,-5348.486513664803,3844.678352575316,-1924.3608526161963
STARLINK-35743,66578,-6454.898943688305,2312.4207024033653,-244.34630498269195
STARLINK-35868,66579,-6684.99420844703,474.63938070508857,1461.64039953691
STARLINK-35872,66580,-6005.728932195759,-1439.405326221808,2977.914024563626
STARLINK-35744,66581,-4525.315537856874,-3144.0102445267607,4078.5469322569347
STARLINK-35746,66582,-802.2431638534106,-4974.947810246345,4649.468101264538
STARLINK-35941,66583,1632.576796499141,-5201.390269290992,4157.27501565015
STARLINK-35939,66584,3871.5704244125013,-4736.897767994565,3099.2109938640283
STARLINK-35963,66585,6719.610522419714,-779.3417021468762,-1151.897019568992
STARLINK-36076,66588,-5804.360273632391,-2138.9860195460633,-2971.6082283241585
STARLINK-35447,66589,1999.8406928740214,6213.0071252918515,-2119.430819682619
STARLINK-35429,66590,-999.7314864631742,-6182.488429192346,2793.4769525230536
STARLINK-36058,66591,4348.149883036175,5306.3517325244175,119.7428440858512
STARLINK-36066,66592,5039.144914640637,-1340.049762903656,4448.711449618114
STARLINK-36031,66593,-4906.803959077783,1637.9931447152383,-4510.46990421553
STARLINK-36032,66594,5598.7147211701285,232.17611355988305,3953.4121728132195
STARLINK-35711,66595,-3390.6617342442,3758.905129534899,-4634.483209241456
STARLINK-35811,66596,1816.1303239414215,-5080.481515153181,4230.257115469767
STARLINK-35820,66597,5157.891837738829,4342.655738330569,1267.9410405921867
STARLINK-35981,66598,-4997.781125766678,-4603.222909345022,-952.3871971167188
STARLINK-35930,66599,614.8111178586691,6106.98883227143,-3070.400536021447
STARLINK-35980,66600,3102.7206872801303,-4047.3104829577505,4581.5201926584705
STARLINK-35978,66601,-62.27775141375672,5927.203698496074,-3459.978879091067
STARLINK-36050,66602,3678.1338246692326,-3435.6958583903183,4653.515933181019
STARLINK-36048,66603,-5691.486246772548,-589.8318677541234,-3789.4785268071587
STARLINK-35977,66604,-3588.7312357636138,-5796.085050759284,765.512317444214
STARLINK-36052,66605,5760.693577895326,2447.8988461118424,2797.475424531433
STARLINK-36063,66606,-4493.598396778026,2349.693397080706,-4623.993142392418
STARLINK-35993,66607,5444.773059473334,3757.511051005791,1813.8064402599343
STARLINK-36036,66608,-5494.264225511458,205.56770590771623,-4107.3689088572655
STARLINK-36034,66609,-290.7100115479518,-6039.1661611445525,3233.5041728982983
STARLINK-35680,66610,2689.198350845124,6117.301693589674,-1561.2541625072165
STARLINK-35583,66611,-1502.915646433951,5268.2486388446405,-4131.849087734065
STARLINK-36039,66612,5738.611604655827,986.0147087768064,3623.1794925956297
STARLINK-36037,66613,3840.226190373286,5667.536844597111,-460.2573109844904
STARLINK-36040,66614,1125.9873685534803,-5484.357304460307,3956.0362268286244
STARLINK-35988,66615,-2171.5488317672557,4829.7208653965245,-4365.601330528915
STARLINK-35391,66616,4660.617733130388,-2061.319714479534,4584.734573233863
STARLINK-35940,66617,2294.7776163376984,5969.924402915652,2454.494685456142
STARLINK-35970,66618,855.8143888664209,-4774.424186582579,-4848.759642701342
STARLINK-35951,66619,3984.824814790345,5566.5261257918755,326.17304091975194
STARLINK-35936,66620,5068.242811735434,1099.100689629909,-4487.702899898322
STARLINK-35847,66621,4614.819684144976,5004.9031142539225,-804.0122931783728
STARLINK-35950,66622,3199.4416224830215,5889.189231874018,1426.2162943189326
STARLINK-35920,66623,-5017.9083024482015,-643.8165381048364,4595.14775845515
STARLINK-35927,66624,321.6432684956068,-5110.913680516027,-4561.875649157339
STARLINK-35929,66625,-2726.477841227807,-5854.947432645365,-2264.8637130001134
STARLINK-35902,66626,5273.5976948487305,2260.232835468255,-3756.2088480017937
STARLINK-35904,66627,227.25661662443198,5409.21420704621,4192.6328957513515
STARLINK-35862,66628,-1004.6799832794602,4583.32115344229,4968.130743788889
STARLINK-35949,66630,-4902.021730995667,-4665.256878522464,999.7254949409021
STARLINK-35965,66631,-1432.8914607389938,-5718.888163898842,-3476.2012561877305
STARLINK-35973,66632,-3825.5531923593658,1708.4697830107636,5397.334784136713
STARLINK-35948,66633,-2962.2307325947,2825.322024405332,5471.052649031703
STARLINK-35967,66634,-5256.263101373501,-3858.9216559778506,2062.66802717257
STARLINK-35955,66635,1789.0548505639247,5917.416472497708,2950.270721595856
STARLINK-35968,66636,4199.586129649046,5416.561035521361,-25.4133438132063
STARLINK-35953,66637,-2011.9831488232371,3786.375458137245,5320.09754271463
STARLINK-35972,66638,5295.794422368823,2807.1936163886544,-3331.3999224854797
STARLINK-35908,66639,-331.9948759746418,5111.74328164331,4542.984686888673
STARLINK-35921,66640,1381.80284607557,-4389.938439020965,-5085.348712618737
STARLINK-35923,66641,3692.636001544637,-1886.9615332424778,-5463.220551354204
STARLINK-35926,66642,5038.890350821345,4257.021001718619,-1868.99062206631
STARLINK-35918,66643,-5386.606112519644,-3090.9558086903216,2858.519662033265
STARLINK-35938,66644,4674.992329774211,-60.96423126734286,-5017.2690637773585
STARLINK-35867,66791,512.1047781079094,6363.3971775225145,2506.401911967056
STARLINK-35990,66792,5218.606835071537,-2206.049198553576,3860.9034261840925
STARLINK-36051,66793,-4828.9055546668915,-1440.9606917920225,-4664.446396830817
STARLINK-36062,66794,-5181.938551618337,2594.520973578799,-3676.5926422512093
STARLINK-36047,66795,-4531.403585017661,-2218.2694215633314,-4653.212399327762
STARLINK-35964,66796,-5031.457586834196,964.0214246391727,-4567.075042511657
STARLINK-36099,66797,-1522.4827008336435,-5880.4693288269955,-3194.782386276572
STARLINK-36041,66798,-4775.334559294635,4011.2853288923934,-2865.9472763914514
STARLINK-36044,66799,5239.406907750712,-614.1151262230693,4380.068141616381
STARLINK-35996,66800,4345.708413065309,2619.526832289169,4612.669980233969
STARLINK-36080,66801,-138.01817871312036,6559.907895631855,2002.6183238425658
STARLINK-35604,66802,-5278.210813939431,1014.8781546249187,-4269.254639525933
STARLINK-35565,66803,-4474.033600135185,4612.56036599843,-2408.6702456782446
STARLINK-36038,66804,4602.003970260123,-4341.929172705621,2646.9944960142743
STARLINK-36049,66805,-3631.546535690921,5668.963955152057,-1332.5183560816565
STARLINK-36069,66806,-2068.219150111166,6533.84149539327,309.9556144472174
STARLINK-36000,66807,3368.1835222950253,-5877.031816980102,1082.0585376273038
STARLINK-36071,66808,1835.8865306697287,5681.049271982728,3371.907099244697
STARLINK-35979,66809,-1423.7098708337253,6648.7634338083335,909.6229802139607
STARLINK-36046,66810,-5206.382318096257,199.54729857005898,-4467.755307051664
STARLINK-36045,66811,-3243.825676302428,-4343.993078551275,-4208.405362108985
STARLINK-36054,66812,-2127.3827264569613,-5454.225926413917,-3588.004367843329
STARLINK-36042,66813,4668.38210579553,1866.4031606126644,4659.09091796724
STARLINK-35984,66814,5127.2352227607835,215.9542897958187,4545.896973311066
STARLINK-35985,66815,-246.4352293251305,-6472.990172693205,-2267.693315557464
STARLINK-36098,66816,2390.3203416661117,5240.760787038011,3719.472737163269
STARLINK-35995,66817,1671.4583715639594,-6624.6450196196265,-638.875260150514
STARLINK-35994,66818,398.36238984548066,-6621.446646921734,-1749.9039643473518
STARLINK-35989,66819,-3723.2443460079194,-3700.0866550754863,-4420.6230597461745
STARLINK-35966,66821,2284.0480139152505,1406.5940242219046,-6417.2712624902315
STARLINK-35958,66822,-2285.026741422532,-1404.9727870746392,6405.995605048464
STARLINK-35957,66823,595.5390343566321,-6807.914931650905,-1283.3278387306318
STARLINK-35896,66824,-619.2886148826835,6804.239802976137,1282.810175373461
STARLINK-35476,66825,1178.7790548596413,5805.090036245495,-3643.9936233676654
STARLINK-35898,66826,2037.717083186832,-3817.717393049535,-5444.336082526531
STARLINK-35959,66827,-2047.343262162548,3813.3160690210525,5433.547332058045
STARLINK-35982,66828,306.516885655657,6826.336004932142,-1288.6111509947893
STARLINK-36084,66829,-1192.5225049293645,-5807.0230189191225,3625.1483134078812
STARLINK-35881,66830,1873.730556123243,3897.6662448079182,-5447.13693464073
STARLINK-35788,66831,1424.978349897832,-5750.0360624257455,-3642.5244742481586
STARLINK-35768,66832,-1438.5730634369554,5752.253890857662,3623.7891531831797
STARLINK-35858,66833,-1881.7902213375216,-3900.667351554928,5430.96644732401
STARLINK-35840,66834,2342.0845661586527,-1310.0330867053513,-6416.528298536389
STARLINK-35890,66835,-2342.6646183414864,1311.4006947145951,6404.988052668185
STARLINK-35838,66836,-321.86537851087013,-6827.559602554594,1264.9314735578594
STARLINK-35729,66837,2293.788338072569,1298.6350359220546,-6436.247245004464
STARLINK-35886,66838,561.1524220360308,-6828.050148626686,-1187.825501344005
STARLINK-35717,66839,-2294.648548513089,-1295.8085004610014,6425.865072424281
STARLINK-35837,66840,-583.209978082956,6825.486998589039,1181.4763939751508
STARLINK-35715,66841,1211.682614556202,5742.841508524641,-3730.7109314537456
STARLINK-35769,66842,2019.2841014917626,-3905.6360142836356,-5388.770775794446
STARLINK-35997,66843,-1224.2981520163166,-5747.0866109155295,3709.3540687286695
STARLINK-36073,66844,-2027.013143196454,3911.024121827034,5371.356378061761
STARLINK-36068,66845,1395.4303727878018,-5810.040157738739,-3558.196663384771
STARLINK-36055,66846,339.4001694692664,6806.916888937463,-1379.1715657459326
STARLINK-36061,66847,1895.4926052130215,3809.7627189812124,-5501.912101783412
STARLINK-36091,66848,-5434.33136210466,-2088.9920793725946,3619.8066148872736
STARLINK-36102,66849,189.32688632223744,-5195.14391839853,4469.011684940682
STARLINK-36105,66850,2580.890026380006,-5188.447120357442,3664.198147643391
STARLINK-36094,66851,5660.067275861444,1773.1642028883875,-3452.2364222434
STARLINK-35992,66852,4021.6843922449166,3448.5042824787747,-4360.37986911725
STARLINK-35986,66853,1833.336508293558,4669.425417964768,-4683.82597392453
STARLINK-36087,66854,-618.2318067909905,5258.791337611515,-4365.369456304581
STARLINK-36090,66855,-5841.687327002812,3455.344050548133,-1008.308345819727
STARLINK-36072,66856,-6457.266155114044,-194.29523368499088,2298.925102002666
STARLINK-36083,66857,-3688.87970810112,-3691.838469648642,4444.660874764932
STARLINK-35118,66858,4623.182650338344,-4481.69073199799,2362.719188149075
STARLINK-35646,66859,6029.753309104541,-3185.2317663849335,755.8697791821795
STARLINK-35987,66860,2544.6581144514544,4357.652186665902,-4652.585216130269
STARLINK-35991,66861,-2965.8986179820254,5133.571223777857,-3455.1788480296386
STARLINK-35974,66862,6638.993526165761,-1422.6109388804116,-989.9769030351771
STARLINK-36134,66863,-6589.48745812873,1764.8987534653306,722.4035950303132
STARLINK-36070,66864,-2209.4900381013754,-4506.722243728679,4665.628687012967
STARLINK-36117,66865,-4328.940162513707,4659.143020095652,-2576.00777460625
STARLINK-36126,66866,-6609.404491178343,466.49126167322925,1771.19093843695
STARLINK-36101,66867,-5883.218336342855,-1450.3556971506569,3209.871322620143
STARLINK-36108,66868,-4346.991522450085,-3195.9354164358874,4229.052604380251
STARLINK-36092,66869,-626.3696694640153,-5039.251568637247,4603.909496534246
STARLINK-36114,66870,1805.0083823896373,-5270.862385611904,3995.478879143511
STARLINK-36095,66871,4001.652967658568,-4789.88274073521,2839.9160287863538
STARLINK-36082,66872,5638.6734294782345,-3677.8897630606552,1318.3239251097602
STARLINK-36128,66873,6044.8032408182535,1151.1901003873318,-3038.687880740206
STARLINK-36129,66874,6537.34463987321,-2041.6866294918157,-414.75891922671923
STARLINK-36053,66875,4641.93124137403,2929.190916678682,-4117.170172913271
STARLINK-35702,66876,6540.614978163289,-147.3852335767638,-2071.629043593683
STARLINK-35866,66878,4767.252057956753,-2046.6202943924586,4469.174188665025
STARLINK-35749,66879,1780.6640062902786,4557.22942000904,4789.422218377459
STARLINK-35844,66880,3705.685795880116,1797.9893966484474,5467.561680347302
STARLINK-35860,66881,-1074.5018669723304,6321.741667240944,2410.974788546926
STARLINK-35912,66882,414.542397642343,5702.2711440399125,3747.7627962258257
STARLINK-35947,66883,3707.4119754616813,1777.4295485061732,5457.616877538788
STARLINK-36057,66884,-3398.3712599589353,-2388.8523463966458,-5442.41420191431
STARLINK-35954,66885,1927.3609042725648,-6416.483878828324,-1392.470779083791
STARLINK-35900,66886,4469.3627688765955,-4299.355668926055,2879.3980729849836
STARLINK-35925,66887,-2661.254279824111,-3534.7405696873234,-5224.46630187834
STARLINK-35919,66888,-4635.035686483659,3773.3901461745027,-3336.0331645569995
STARLINK-35852,66889,4696.137200650383,-3250.8167668759456,3756.0816504499176
STARLINK-35885,66890,1017.1590569571352,-6317.62447531537,-2427.540533639517
STARLINK-35855,66891,-4761.381515845678,2660.7335930886084,-4136.695904957259
STARLINK-35883,66892,4741.685828070734,-3226.75329034994,3742.4499560204545
STARLINK-36033,66893,-2452.25925059917,6337.646323892908,885.1384395995989
STARLINK-35718,66894,4238.791206758005,517.5939632531009,5350.27426904693
STARLINK-35971,66895,4730.817176419354,-2068.769680089457,4477.624682211242
STARLINK-35791,66896,366.03124551812243,5703.971148573449,3771.198942875444
STARLINK-36079,66897,-4695.141393421898,1435.2516233785007,-4771.453259971959
STARLINK-36065,66898,-544.1590525126674,6181.460193095161,2868.2910189337613
STARLINK-36064,66899,2240.8199542575944,4072.268419850351,5010.1510134968385
STARLINK-36074,66900,2763.4742627655514,-6252.149834479975,-294.0987222011006
STARLINK-36043,66901,1354.260423652593,4989.877940184779,4469.506020031358
STARLINK-35983,66902,3481.703517054683,-5832.337209083604,810.7604505517661
STARLINK-36077,66903,-1811.5607038975384,-4542.610674493969,-4790.662095367888
STARLINK-36059,66904,-1520.307376197363,6385.5651471013825,1914.9424624103428
STARLINK-36075,66905,-2855.8642578140416,6221.365842816796,334.4319131388489
STARLINK-35945,66925,4084.892015889639,804.3966603180604,5418.11708891
STARLINK-35942,66926,150.6724366142772,6837.659813560805,163.80855485844103
STARLINK-35943,66927,-607.8357367913142,-6777.908122695649,-716.1825482630132
STARLINK-35944,66928,2563.6754679959336,-5350.957591478968,3395.4189562184174
STARLINK-36169,66929,-2161.2209616336017,-5861.982789937726,-2795.527748345242
STARLINK-36206,66930,4096.959828976369,-586.0329539015281,5436.372349267034
STARLINK-36130,66931,-3804.847081915558,2587.0663555471237,-5069.505776950654
STARLINK-36177,66932,-2874.333729595699,4876.558417897849,-3849.5151699811095
STARLINK-36157,66933,3080.08960863501,4545.0657532046525,4071.630729708775
STARLINK-36153,66934,3906.285000744414,2151.955990740786,5177.689048183971
STARLINK-36127,66935,-2821.664188803231,-5031.7769234431535,-3685.0620728949375
STARLINK-36160,66936,-4121.157686575921,-116.92083661518483,-5465.9885355717015
STARLINK-36165,66937,-680.810297567986,6743.174922000959,-943.3153842186794
STARLINK-36155,66938,-3408.109096092623,3812.1478613002414,-4552.220686462304
STARLINK-36154,66939,-4029.6399846999575,-1489.7893247625461,-5330.774832385005
STARLINK-36121,66940,-2222.627849751514,5743.061956912468,-2988.7224769005948
STARLINK-36088,66941,1817.358904254959,-6098.741431884928,2502.6701378786984
STARLINK-36100,66942,2471.4589773722214,5478.895841313038,3257.897714959221
STARLINK-36109,66943,-3775.477684099433,-2798.65925575389,-4978.586849091984
STARLINK-36112,66944,-1412.9451476454262,-6451.779123434954,-1791.6728935206372
STARLINK-36110,66945,1761.532905910884,6190.5287039411705,2311.2941931426435
STARLINK-36115,66946,-1482.6659894249476,6372.247203476682,-2008.3343834661964
STARLINK-36089,66947,3565.2754458882728,3421.6792483937925,4720.449435714291
STARLINK-36116,66948,3164.095424955571,-4370.124318608331,4196.057143092204
STARLINK-36096,66949,226.1254969772569,-6826.120968436846,395.59153734493526
STARLINK-36111,66950,1052.6351930729345,-6590.656523462602,1491.7888268065271
STARLINK-35999,66951,973.7664966143719,6652.462314862881,1258.7516510994337
STARLINK-36122,66952,-4045.158886961452,1261.0606611452129,-5377.916014015854
STARLINK-35887,66959,-4996.93119487011,2684.294920347766,-3863.284747546438
STARLINK-35879,66960,3253.3921333326925,4990.838362434626,-3404.9205035773284
STARLINK-35761,66961,-2125.9977791820897,-5187.343280042257,3948.1154851537167
STARLINK-35874,66962,268.50895882364784,-5106.26597170299,4565.3995011845345
STARLINK-36133,66963,3969.311650086358,4744.835285796085,-2971.68101537236
STARLINK-36104,66964,5245.629078498698,-2392.55615074181,3708.913736715745
STARLINK-36067,66965,-6630.076445074875,-1696.342372415025,-480.8293878303709
STARLINK-36139,66966,-6695.524632666717,-1047.415142100227,-1073.7251451950535
STARLINK-36136,66967,-3760.1138436177357,3702.1106228728754,-4388.939624775919
STARLINK-36152,66968,6677.0577748185015,734.7259981561933,1390.2947159699843
STARLINK-36149,66969,4077.670915228735,-3460.0014603506597,4290.0597425175465
STARLINK-35703,66970,-6216.416460569339,-2829.093572732243,645.2064876321484
STARLINK-35678,66971,-694.3508718197853,5020.472284773276,-4628.588913970047
STARLINK-34846,66972,-6273.7518521227385,870.1939592389272,-2643.0035135754238
STARLINK-35778,66973,-4277.935576854917,-4585.36682195876,2776.129931759478
STARLINK-35780,66974,-530.4442320782919,-5202.087770191701,4433.64911552707
STARLINK-35777,66975,1103.8683534019913,-4912.451120712082,4652.66573411017
STARLINK-35772,66976,-1506.6857063120285,4793.173208330006,-4672.432246282266
STARLINK-35770,66977,6668.843562966469,1388.0982821624957,811.9842555568995
STARLINK-35787,66978,-5847.496744672302,-3367.86751478446,1231.230850652681
STARLINK-36107,66979,1901.643527080935,-4647.929501631303,4665.6077802193895
STARLINK-36086,66980,6394.555505597501,-532.0956516782503,2420.4383874069576
STARLINK-36142,66981,5169.3680431332905,4049.7002369440033,-1993.5014381483093
STARLINK-36113,66982,-2896.8499432038893,-5060.956062422515,3607.8558325621543
STARLINK-36145,66983,5647.421302114663,3613.094248138601,-1463.0809325570626
STARLINK-35591,66984,6094.225317124918,-1190.3372783080774,2909.135418393614
STARLINK-36103,66985,5720.024873729884,-1796.0552587307359,3327.9010198236547
STARLINK-36135,66986,1754.8220492750509,5235.287105005539,-4076.928121610237
STARLINK-36147,66987,-3042.805801382406,4136.164391148075,-4556.841418782058
STARLINK-35660,67003,-6021.284001556844,-2770.7561377709635,-2102.6272341155563
STARLINK-35913,67004,6030.930437351018,2758.9552223636474,2080.6547152003477
STARLINK-36148,67005,-730.6075692323753,-3087.54969275929,6178.9750673254375
STARLINK-36156,67006,-4777.297723235359,-4142.268705989207,2885.657000471729
STARLINK-36123,67007,729.2356035659249,3082.563697868677,-6190.9983695594865
STARLINK-36163,67008,3736.366957322695,-237.49297665728776,5851.21625048943
STARLINK-36118,67009,4779.647435237753,4128.406477741918,-2909.8976892566593
STARLINK-36189,67010,-5298.07062267484,-1349.18045078223,-4297.712373423148
STARLINK-36167,67011,-3744.592127741583,246.84080775478287,-5855.011072490581
STARLINK-36175,67012,-5844.312104052818,-3741.5745460953203,425.0455488503754
STARLINK-35856,67013,-2980.933502967239,-3912.340069284968,4907.517757631743
STARLINK-36207,67014,1628.6899651988836,-1795.7846899279832,6508.206252114976
STARLINK-36093,67015,5851.86833979582,3727.691431109703,-448.1151484556695
STARLINK-36120,67016,5291.015322326079,1369.0831727255427,4291.019449608694
STARLINK-35498,67017,2981.5173625867164,3901.1569679410977,-4924.744410232424
STARLINK-36106,67018,-1634.6541804635583,1797.3400641751978,-6516.040536299175
STARLINK-35688,67019,-6009.337206486547,-2721.9172340635873,-2199.035090224343
STARLINK-36172,67020,6019.05342800895,2710.6542352465767,2176.1128499980996
STARLINK-36184,67021,-823.8530289031194,-3129.846961562447,6145.994399750491
STARLINK-36209,67022,822.8375727758157,3124.815234775276,-6157.999220239642
STARLINK-36191,67023,-4831.630680081072,-4138.198833538424,2799.1895868679503
STARLINK-36192,67024,3670.8220530622543,-294.11511657434716,5890.071963353991
STARLINK-36178,67025,4838.506589032513,4124.201436230681,-2817.302885639578
STARLINK-36176,67026,-5246.228262444794,-1282.1922386378756,-4381.165680325817
STARLINK-36171,67027,-3675.737238777877,305.49289059847746,-5895.599374790143
STARLINK-36132,67028,-3062.502173442949,-3932.895388422125,4840.216091741293
STARLINK-36190,67029,-5868.111926121078,-3713.505869602732,325.8391052651307
STARLINK-36138,67030,-3619.8274911644344,3561.2373972611863,-4618.685469596575
STARLINK-36150,67031,6280.214054050779,652.0666118422506,2683.1790747452023
STARLINK-36131,67032,1875.665525385619,-4710.344521254267,4616.359924636337
STARLINK-36137,67033,3937.728296956169,-3279.2314815649133,4554.582842543493
STARLINK-36140,67034,4852.902074889475,4717.897985782516,-1128.1679167938669
STARLINK-36085,67035,5706.651830309635,3808.6862011799208,19.166250165362424
STARLINK-36125,67036,-6295.012448614424,-2322.2058906882435,-1428.0849182551497
STARLINK-35732,67037,2339.22172381732,5634.278230884997,-3141.900721560049
STARLINK-35775,67038,-1224.94906173118,-5616.264567267978,3735.417510499172
STARLINK-35705,67039,-4029.5299364922785,-5189.916813222399,1965.6947698640652
STARLINK-35786,67040,824.6468445667668,5590.843517164155,-3893.7783800150705
STARLINK-35765,67041,-5265.288792955651,1732.9077804216927,-4048.509790159652
STARLINK-35773,67042,-5973.007815817472,375.8708674056611,-3359.845255443913
STARLINK-35901,67043,-2937.6415384478596,4083.839211943914,-4671.997393842294
STARLINK-35884,67044,5480.33434568367,-1404.3080611572823,3879.477066645382
STARLINK-35891,67045,4311.988552616055,5067.08869017268,-1679.8996475299741
STARLINK-35721,67046,58.67066051107474,5446.095867900632,-4178.047448301577
STARLINK-35779,67047,-5880.710169487842,-3525.2363896235065,-280.0864322104286
STARLINK-35905,67048,-4778.7815280994655,2390.121233906865,-4308.087855211628
STARLINK-35877,67049,3042.5878514221013,5528.659311790703,-2695.8011858021023
STARLINK-36078,67050,-456.23061925585586,-5513.8183411745895,4049.1850768108648
STARLINK-35706,67051,-6197.417720834706,-327.06519439353235,-2928.865774743635
STARLINK-35720,67052,-5541.101580646621,-4035.0322198948857,291.56388999568446
STARLINK-35739,67053,-2242.3193412289897,4521.619942619709,-4652.608330891433
STARLINK-35754,67054,-6134.983084169797,-2951.690958227755,-857.2411162441971
STARLINK-35790,67055,-718.4491504653723,5216.67132928597,-4402.636173947799
STARLINK-36143,67056,-4561.858596818195,-4905.295068416048,1472.0864384207296
STARLINK-36141,67057,-2712.9473153574613,-5569.974192813143,2937.280276780285
STARLINK-35767,67058,3709.3062286163604,5337.28154621401,-2201.9406822520823
STARLINK-36230,67075,-2874.8807672090497,-191.81724725896572,6319.353418924015
STARLINK-36240,67076,789.259118077152,-3993.5843754425955,5628.551848760206
STARLINK-36243,67077,-3988.902432678534,5445.442380845213,-1670.6905734423988
STARLINK-36236,67078,-4857.498438002147,3718.1662918476345,3298.3131144051363
STARLINK-36159,67079,1133.8006021008318,2267.7955506068356,-6476.261624655189
STARLINK-36158,67080,-848.509156964577,4056.423185831932,-5585.315747041357
STARLINK-35864,67081,2808.347851231191,278.9069489704636,-6355.608699601166
STARLINK-36035,67082,4831.189826148472,-3657.0056896757883,-3411.828825996348
STARLINK-36170,67083,-2813.9083309250022,-274.4070068611797,6343.6266055707565
STARLINK-36166,67084,-4807.313682032185,4923.161390132708,989.9606202232468
STARLINK-35794,67085,4031.0008512046625,-5452.0351802533205,1530.9218510332971
STARLINK-35841,67086,-4146.7824994188895,1835.559163916871,5263.0800482164195
STARLINK-35842,67087,4779.824213233999,-4965.5628025683245,-915.3672998276312
STARLINK-35882,67088,-4038.7410618374042,5442.212981855249,-1559.3868191123656
STARLINK-35763,67089,-2584.8977564801444,5100.582313548956,-3958.1905835000803
STARLINK-36060,67090,2582.431359634918,-5113.256782891441,3932.835166488114
STARLINK-36097,67091,3534.415319589136,-5615.5297159379525,-1618.7280393086771
STARLINK-35792,67092,-4177.634428557365,1895.595606079262,5216.836221937102
STARLINK-35784,67093,4135.06305027246,-1832.0677815712943,-5283.229108938946
STARLINK-36202,67094,1061.810473549315,2342.4858543695223,-6461.20248088681
STARLINK-36227,67095,3984.108828516701,-5455.939710662139,1633.8381249443871
STARLINK-36228,67096,-1067.4094632450654,-2326.7650914042106,6455.316933251412
STARLINK-36222,67097,-4843.716154053149,3654.3515519894063,3388.2592521055612
STARLINK-36205,67098,4795.745720445242,-4930.313919566617,-1016.8033665315409
STARLINK-36193,67099,2880.701214936035,180.5228670962293,-6327.092240795096
STARLINK-36215,67100,2648.814934209145,-5143.71340608203,3848.4395071530653
STARLINK-36200,67101,-4790.53104099393,4959.327388722603,887.7856531790591
STARLINK-36255,67102,-6322.868344098704,2551.3336074226204,755.5364492459402
STARLINK-36256,67103,-6529.5076988236615,-505.967426720146,-2049.6025773889705
STARLINK-36258,67104,-3064.6883770212676,4912.431717203322,3674.1063195269394
STARLINK-36261,67105,-6751.109012839417,758.0365185704936,-964.7949891682047
STARLINK-36259,67106,6149.094654627467,-2865.686204671149,-1032.9302002595132
STARLINK-36196,67107,-6708.582494876347,1387.7468564967326,-387.85469708888246
STARLINK-36208,67108,6644.650874421602,-1702.3089448051749,137.5934078828595
STARLINK-35764,67109,-1339.755482327248,-4842.158126150616,-4676.336713711406
STARLINK-35781,67110,146.8254454043735,5080.407687382395,4601.636745824178
STARLINK-35875,67111,390.86926414922556,-5149.812178313241,-4523.459417443821
STARLINK-35906,67112,-682.8132139096823,5153.967229577028,4468.203209818362
STARLINK-35789,67113,-4440.309165634101,4376.569948685636,2857.6252578809067
STARLINK-36180,67114,-5031.427001328468,4007.764978659104,2380.205284636225
STARLINK-35892,67115,3491.125581997687,-4801.385485212039,-3438.7349434108205
STARLINK-35738,67116,6734.218601421953,-1104.2323155179079,697.2014924114941
STARLINK-35674,67117,-5466.622550706843,-2330.0659950830172,-3431.4723230480354
STARLINK-35701,67118,2749.8486770961413,-5004.681598398437,-3805.7799367865127
STARLINK-36179,67119,-3649.555134476112,-3850.3761264847058,-4353.815600869828
STARLINK-36217,67120,1789.2347757524572,4704.010676916956,4656.617519992092
STARLINK-36124,67121,-5982.127137786943,3087.8333169001967,1319.731117700141
STARLINK-36188,67122,-2307.5343835270023,5069.050190203222,3998.9332143155475
STARLINK-36151,67123,1103.38059419522,-5175.5913374789725,-4369.619451984522
STARLINK-36195,67124,5203.938800526492,2595.141550986903,3636.75384790681
STARLINK-36219,67125,-5916.4396756643355,-1739.4521456993934,-3011.1569944506455
STARLINK-36223,67126,-2151.0694633391836,-4578.535276261697,-4638.889527001892
STARLINK-36164,67127,5769.818667391131,-3363.3311544374897,-1575.3044596809132
STARLINK-35685,67128,4799.796634537863,-4183.294577637623,-2555.738494730922
STARLINK-36214,67129,3326.630202295816,4038.7406038762083,4428.987731301366
STARLINK-36194,67130,-4331.793908052843,-3388.58800293085,-4106.007976736358
STARLINK-35755,67163,4305.181948647879,-5333.559468224441,-301.76568036646836
STARLINK-36201,67164,-1663.7859984973763,6290.142045263975,-2184.5390511301753
STARLINK-36186,67165,427.64337762567953,5862.256396928585,-3541.212394415541
STARLINK-36174,67166,5521.389671255923,-188.11449369223533,-4071.830078804569
STARLINK-36198,67167,-5250.865470042989,4085.2506414468244,1664.790447228319
STARLINK-35903,67168,4989.9875739878125,1345.3750930919036,-4517.708249903535
STARLINK-35839,67169,-4544.438644342343,5108.3149910810225,560.2583924477797
STARLINK-35863,67170,-5426.318660482065,-191.74540579970588,4189.578873834794
STARLINK-35771,67171,-5651.715266601065,2810.442147628215,2680.821059404986
STARLINK-35762,67172,-5713.108544592733,1337.9625086051226,3550.922551895373
STARLINK-36183,67173,-3913.439579820938,-3123.6248470122423,4682.825164296079
STARLINK-36210,67174,-770.6604289214996,-5694.926784223804,3739.9885652553585
STARLINK-35756,67175,650.4168761153604,-6167.609829756529,2927.393215181256
STARLINK-35785,67176,3259.4654274415207,-5976.5550768432195,846.344757750031
STARLINK-35853,67177,1325.1874723559638,-6260.121606375902,2467.160658813995
STARLINK-35878,67178,4740.891368209386,-4881.067362345947,-883.6059190296371
STARLINK-35793,67179,5376.484710205951,-3780.24785654163,-1975.2319415269478
STARLINK-35876,67180,5572.74879532832,-3150.5518397567407,-2473.052939976596
STARLINK-35766,67181,4159.164940318166,2797.276998303254,-4687.188497822915
STARLINK-35782,67182,-987.8449581070201,6241.541556776478,-2673.100725928897
STARLINK-35719,67183,2452.6626132655197,4649.018457419864,-4413.513509661514
STARLINK-35910,67184,-2968.913784424186,6090.76389819546,-1081.7463375872392
STARLINK-35859,67185,-281.87662899171517,6099.095547110412,-3132.7373713678094
STARLINK-35857,67186,5663.40087100319,-955.8157309514703,-3755.497556834612
STARLINK-35880,67187,3644.588259319779,3470.290382913958,-4669.216833066318
STARLINK-35675,67188,-3551.8439880338074,5840.0073749680605,-596.8833382541377
STARLINK-35889,67189,-5493.355751671612,3471.142598545231,2192.290465139981
STARLINK-35888,67190,-4387.7482867007175,-2448.8438929242593,4664.7267994589565
STARLINK-35716,67191,-4073.841859964516,5520.541024446966,-24.283208934703058
STARLINK-36182,67192,3363.3015844108986,-4170.775188831126,4423.614847995979
STARLINK-36279,67193,3056.675769004873,-1827.6632255675697,5963.239943101567
STARLINK-36284,67194,129.83794622135227,-5098.4354572921375,-4728.21609717943
STARLINK-36291,67195,-3380.5813415707044,4170.145749716859,-4421.174594374402
STARLINK-36239,67196,-3067.083659036552,1819.0363854256925,-5970.8934128901365
STARLINK-36283,67197,-1393.7175613548063,6282.74784337543,2624.657175671758
STARLINK-36267,67198,2467.520876646141,-6498.151981023493,-164.75771600845897
STARLINK-36268,67199,74.36865536501665,-5031.374384557829,-4801.070556318944
STARLINK-36270,67200,2325.2949456007964,615.4465402362787,6514.863663637372
STARLINK-36262,67201,-2295.503086764255,-706.1717733535502,-6526.957977492161
STARLINK-36263,67202,1402.8892863100675,-6273.079951528753,-2653.0558711996337
STARLINK-36224,67203,3154.133354207136,-5732.06423245367,2346.4046440683173
STARLINK-36185,67204,1172.712575623881,3148.928696315303,6078.696904433883
STARLINK-36197,67205,-2454.1350845305533,6503.491482019306,137.35710710421714
STARLINK-36056,67206,-2335.0244528299045,-601.5671613994995,-6523.236686912914
STARLINK-36225,67207,2431.09617848951,-6508.562776053336,-266.4513464199157
STARLINK-36265,67208,-1170.7074994313066,-3143.2962337043195,-6092.609690320959
STARLINK-36226,67209,-3378.849767727871,4080.108755640775,-4505.692113992708
STARLINK-36173,67210,3360.982136985907,-4091.1744671682927,4498.488565507834
STARLINK-36280,67211,2287.717493931548,715.5406838891583,6517.846539126753
STARLINK-36213,67212,-120.1778872226444,5104.474107135623,4711.316211643594
STARLINK-36199,67213,-3140.6322870629338,5733.261253558544,-2371.7558928931553
STARLINK-36203,67214,-3088.773426794836,1917.3042613654463,-5928.898069964553
STARLINK-36221,67215,-1219.6441632223898,-3054.4651466759083,-6127.809145099312
STARLINK-36212,67216,1356.0479030128135,-6244.904883508294,-2742.8281941469972
STARLINK-36216,67217,3135.4969520475142,-5780.380454083704,2250.9831203572903
STARLINK-36211,67218,3077.97383384318,-1925.5072752789397,5921.514011190752
STARLINK-36490,67305,-4526.5107251416075,-2503.6872867959114,4499.69304105079
STARLINK-36488,67306,5945.800704204459,-3226.4385284643217,-1150.910118759105
STARLINK-36481,67307,3045.1155606275825,3984.2716023663984,-4687.299882381885
STARLINK-36449,67308,-1363.881677866861,5806.257212591827,-3397.5921980796343
STARLINK-36482,67309,-3456.4806025729235,5583.540354073088,-1992.7018515120105
STARLINK-36491,67310,6173.93863868245,-1263.8751411908686,-2716.347194732595
STARLINK-36495,67311,-6179.135749119062,1699.4891111174693,2443.0342238968183
STARLINK-36485,67312,-1265.1429485668084,-5087.108832030801,4417.846810210843
STARLINK-36445,67313,4889.626750280386,-4773.747016638517,600.729015270833
STARLINK-36476,67314,897.5212446420051,5247.162921483375,-4331.69983341274
STARLINK-36463,67315,-5979.315441139398,290.6440600261601,3344.521074418169
STARLINK-36461,67316,-4949.069282671293,-1927.2849076381801,4334.819657159589
STARLINK-36450,67317,4371.437078007804,-5150.692051026173,1180.0970521924485
STARLINK-36498,67318,3688.357090868604,3429.4174074610764,-4663.743015376432
STARLINK-36470,67319,5222.724546189852,1522.1618930286063,-4183.579355489969
STARLINK-36500,67320,2455.2328009268726,-5775.983005657272,2765.919234300269
STARLINK-36462,67321,6191.967526342712,-1930.6410010915577,-2241.4036645250912
STARLINK-36434,67322,5701.572401702156,-3767.653413155258,-612.444629913301
STARLINK-36497,67323,-620.3121496877801,5705.468678775701,-3764.630139138033
STARLINK-36471,67324,-6138.385685808059,2375.482197630743,1929.6702510932168
STARLINK-36473,67325,-5479.642008937091,4118.2633268272975,274.8022657849072
STARLINK-36430,67326,248.01058442106014,-5630.5938169178135,3905.484292444304
STARLINK-36501,67327,-3358.1271866043885,-3716.034572427319,4679.140781223506
STARLINK-36489,67328,5603.168355976309,799.3567667169567,-3882.0264692940677
STARLINK-36496,67329,-2104.6753636713074,5820.0317849318035,-2966.388736538701
STARLINK-36483,67330,6104.054213602705,-2661.28764747413,-1656.4265580656663
STARLINK-36494,67331,125.2869724856424,5523.786280358438,-4074.811648977132
STARLINK-36492,67332,3806.855917710251,-5439.979395301238,1724.470312367022
STARLINK-36427,67333,1642.5552728717676,4897.6579561088165,-4518.835339886866
STARLINK-35343,67334,-5043.9100869259955,1652.0678433338435,4339.854069557496
STARLINK-36486,67335,-423.3857609961234,-5762.6024341504635,-3702.7129304232853
STARLINK-36480,67336,-1446.1230852183219,5063.851612854744,4389.218569319421
STARLINK-36410,67337,6046.621040558661,2257.659399189609,-2329.4907046228013
STARLINK-36413,67338,4138.484269155369,5373.723774078893,1026.5876640198353
STARLINK-36451,67339,-3494.4489896891055,3588.5679358381462,4681.733046014699
STARLINK-36339,67340,-5951.325103918789,-634.9340352584778,3344.1309958133475
STARLINK-36453,67341,-6010.346981187265,-2616.9351273984876,2016.7535057209002
STARLINK-36432,67342,3763.698886316486,-3330.846940113637,-4674.1469444819095
STARLINK-36458,67343,-4392.0256549123005,-5210.423279324653,-801.0788259386835
STARLINK-36422,67344,1796.650429743972,-4866.452568723096,-4491.3288977079665
STARLINK-35676,67345,-2584.345277570985,-5880.867978696395,-2412.483088031053
STARLINK-36472,67346,2938.183233113249,5828.126500779693,2107.7849478613243
STARLINK-36420,67347,-2819.3150093967865,4171.0254537463325,4651.468012975074
STARLINK-36467,67348,-692.0664790729577,5414.9005644151575,4147.360655964036
STARLINK-36457,67349,-6071.811333977385,-2010.0378167974875,2472.855842544508
STARLINK-36475,67350,-1168.928266267482,-5891.210492192296,-3318.1799457284087
STARLINK-36478,67351,3161.310007091423,-3893.113695056368,-4682.044096822987
STARLINK-36479,67352,5585.4584958475225,-609.6829832110136,-3941.015800469711
STARLINK-36474,67353,6060.514754435359,1573.8339630737164,-2805.8459969641085
STARLINK-36448,67354,-4587.950183961863,2343.3732260673996,4524.756786984965
STARLINK-36477,67355,5743.1381215583915,3537.554890946343,-1258.596384457354
STARLINK-36429,67356,4649.242746647167,5023.365324949265,460.30426088667474
STARLINK-36456,67357,-5756.58716618678,92.0792697508933,3719.8908259642812
STARLINK-36466,67358,1065.7035399998801,-5246.680574721735,-4291.33063963191
STARLINK-36499,67359,5984.2492928403535,856.8030652978653,-3247.380900219256
STARLINK-36469,67360,5939.992122063382,2922.746689168812,-1805.5282264602963
STARLINK-35306,67361,-5836.6467775952815,-3310.3399077226118,1427.1943418291128
STARLINK-36428,67362,-5281.049546761244,-4364.955233910934,347.0551044494363
STARLINK-36484,67404,4965.919710685308,4586.541487019305,-1171.7115403249443
STARLINK-36452,67405,3012.106625281201,6059.339268090551,1126.0352854123953
STARLINK-36409,67406,-4767.472753867822,-4845.430266963886,924.7350997081729
STARLINK-36510,67407,-2058.5027410655844,-6260.543743788372,-1912.397105817251
STARLINK-36509,67408,5145.938353652529,-1002.5570635973137,-4431.180483768526
STARLINK-36507,67409,-5653.912973221942,-908.5417590041565,3774.407482457291
STARLINK-36508,67410,-2399.989175105459,4686.574776350419,4393.014702167295
STARLINK-36503,67411,3865.056450918411,-3195.4999263529826,-4685.502031615194
STARLINK-36446,67412,716.9914320332709,-5725.315446604211,-3714.681044136574
STARLINK-36442,67413,5515.323021957499,3411.363614593158,-2244.290723409361
STARLINK-36506,67414,5603.240651463738,515.2468936158436,-3928.8045541292454
STARLINK-36468,67415,-3601.224203527595,3516.2429419541986,4662.140307891867
STARLINK-36487,67416,-5270.430816443408,641.9190631558382,4342.757187369506
STARLINK-36374,67417,-3853.6434247350135,-5671.860783475589,-226.5062286071739
STARLINK-36455,67418,17.024033945559502,-5996.3937146523485,-3336.2689075039716
STARLINK-36424,67419,5711.6725834707595,1297.6216234105955,-3575.972078010295
STARLINK-35564,67420,-2690.2204452078427,-6160.150064708301,-1379.0460370135786
STARLINK-36431,67421,-4107.9011200909645,2860.177382170617,4683.769290280639
STARLINK-36418,67422,4574.9590642837875,5077.827503816323,-600.9346404639405
STARLINK-36465,67423,-5714.927391921971,-1660.220545567017,3406.6794700987653
STARLINK-36362,67424,-1389.00514243408,-6268.60338582753,-2424.0587734005144
STARLINK-36447,67425,2726.7102820461946,-4405.805178855798,-4500.413382015471
STARLINK-36146,67426,-1745.3488010292645,5166.085205546561,4160.749516120843
STARLINK-36459,67427,-4952.439697142414,1411.7842628594951,4525.25320171617
STARLINK-36464,67428,2096.2295740327872,-4913.95066301556,-4305.781357935844
STARLINK-36513,67429,4780.247413792694,-1784.7435531816016,-4590.27030166486
STARLINK-36515,67430,-5108.83656710934,-4335.716316443608,1464.4609037132782
STARLINK-36443,67431,5668.245889515844,2734.521967473793,-2735.4268166192865
STARLINK-36460,67432,-367.4404539113281,5882.70176487653,3507.0636258724217
STARLINK-36542,67445,5831.662956145221,-1509.893912304198,-3286.969728298853
STARLINK-36539,67446,-1873.7100363928446,-5286.020292596923,-3954.5476160626727
STARLINK-36440,67447,-4039.937587198197,-4766.930727737587,-2837.0286594823574
STARLINK-36423,67448,-2563.8160302709625,4343.804898475242,4642.496308861112
STARLINK-36519,67449,5887.29695264059,3385.445629955305,967.6372846963635
STARLINK-36525,67450,4383.006046881216,4616.622940935413,2550.93413482271
STARLINK-36511,67451,4281.127711281321,-3242.9829993192357,-4272.741546049778
STARLINK-36524,67452,-257.07896499709386,-5219.789509906765,-4449.821986662004
STARLINK-36518,67453,6221.912171626497,2861.882800197364,399.4660664471907
STARLINK-36517,67454,6433.676907895,-231.15254524583423,-2376.457330155549
STARLINK-36516,67455,-6537.605195070367,-109.28633422470035,2070.725883055841
STARLINK-36493,67456,-5640.837027101513,1811.9172224195975,3454.8124378987914
STARLINK-36529,67457,6606.237407520531,1692.6230240410528,-753.5661747265269
STARLINK-36528,67458,-2627.2574364909387,-5176.288162777802,-3661.5275898943814
STARLINK-36546,67459,2143.726671030614,-4541.760730768781,-4678.242437498884
STARLINK-36523,67460,5395.625055729822,-2119.8358712279405,-3671.875128778404
STARLINK-36522,67461,657.9035699634422,5251.35917730376,4357.583292225515
STARLINK-36504,67462,-1788.7634955451408,4680.527402073508,4677.761493961701
STARLINK-36505,67463,-3986.7499705426058,3478.241624794608,4360.216907246122
STARLINK-36421,67464,-4662.619670590049,-4449.406394414778,-2352.932478084873
STARLINK-36437,67465,-6644.534058812636,-1392.4873653187587,980.574635959555
STARLINK-36520,67466,3621.3035138752466,-3734.479319099934,-4477.3217639084805
STARLINK-36425,67467,6177.7441320725675,-880.073643882262,-2856.1733498516173
STARLINK-36414,67468,-6056.6211479071535,-3137.82895354254,-744.1391177729594
STARLINK-36441,67469,4896.430716268272,-2684.6394554220665,-3994.5330994597193
STARLINK-36454,67470,-6334.60738907476,543.5115702474682,2573.0907695405995
STARLINK-36334,67471,1367.6204549071028,-4838.449913117976,-4671.069198514632
STARLINK-36269,67472,6649.739783677236,1061.8896493031443,-1317.728901041707
STARLINK-36408,67473,4938.528270240474,4283.878943213157,2074.3545312898436
STARLINK-36551,67493,4300.408941517345,2628.5237197441247,-4659.261454374225
STARLINK-36396,67494,-4988.230068749966,4645.100335793189,776.2650787371582
STARLINK-36550,67495,516.9769506041907,5687.336236507429,-3802.929157479396
STARLINK-36534,67496,-2940.0610368877783,6011.364233879926,-1518.201520950662
STARLINK-36555,67497,-1626.4306243686383,6160.741580873151,-2550.895840662147
STARLINK-36081,67498,-4584.331449315892,5099.4029006192095,213.33597417948437
STARLINK-36558,67499,-5576.3117107295375,3526.6404197963657,1875.5353286023621
STARLINK-36557,67500,-5828.716028188613,1463.0953171104488,3303.7479735586285
STARLINK-36433,67501,-5294.200775625942,-802.5861672120591,4281.812636538792
STARLINK-36554,67502,-2888.140549776019,-4196.658437211376,4588.685796561289
STARLINK-36552,67503,-862.8279089227342,-5546.582316834696,3937.8503972019366
STARLINK-36512,67504,3246.3359515526226,-5923.436829310274,1196.6459168655124
STARLINK-36545,67505,4774.203764897587,-4900.974506823883,-519.9773618903139
STARLINK-36553,67506,5660.989705970148,-3215.8960386980293,-2169.052093923364
STARLINK-36521,67507,5831.829088638346,-1820.818816806389,-3126.2589744235984
STARLINK-36526,67508,5427.44395440956,431.78749753725316,-4179.015349494073
STARLINK-36541,67509,3782.753848787334,3288.7442004811874,-4688.315779454713
STARLINK-36549,67510,5646.430823716313,-324.13001760018597,-3887.677523041292
STARLINK-36540,67511,1919.4695508587545,4942.337703942523,-4357.527716999929
STARLINK-36538,67512,-929.6455741512365,6097.700702542115,-3011.566924131816
STARLINK-36531,67513,-5321.986743786206,4116.5700774849565,1337.5937652257994
STARLINK-36530,67514,-5832.7823721983195,2185.7159608505463,2870.515391290348
STARLINK-36543,67515,-5554.982361909702,-53.70793569377364,4019.643657457653
STARLINK-36537,67516,-1568.6514557807623,-5169.88223164957,4221.337891056151
STARLINK-36544,67517,-4530.151025603896,-2274.425949259496,4616.488497530881
STARLINK-36412,67518,4328.82584799594,-5322.889816699136,53.55575291369539
STARLINK-36415,67519,5442.197528095318,-3847.484488965566,-1634.725330263511
STARLINK-36547,67520,2631.311506970246,-6091.445402605246,1740.721997936691
STARLINK-36444,67521,571.2600191600185,-6038.234122040845,3198.0084348198884
STARLINK-36587,67532,-3229.5699422092425,-2957.7602131523754,-5269.415404421586
STARLINK-36417,67533,4239.557171974889,4811.266277232693,2390.381671465945
STARLINK-36576,67534,1366.026019712277,318.00715102299114,6689.668338555511
STARLINK-36574,67535,-4314.674549263842,-5270.940000243815,-699.6505579319547
STARLINK-36572,67536,2390.4333549062235,1709.3820877977437,6172.575857287283
STARLINK-36561,67537,-871.2845782744273,-2413.615822529616,6336.098864892731
STARLINK-36397,67538,-4228.693935978755,-4798.881193203229,-2449.420776155248
STARLINK-36573,67539,-1937.315784075314,-3576.1234210769726,5495.845507350236
STARLINK-36585,67540,-3609.6327231971027,-5108.42632986882,2774.7474094892814
STARLINK-36579,67541,3595.693355058502,5110.876960399495,-2805.229060184223
STARLINK-35934,67542,1924.8597975123034,3574.199227840364,-5519.509342587626
STARLINK-36581,67543,-2871.3322699548594,-4495.4950586639,4281.410066719288
STARLINK-36565,67544,256.3977691640215,-1084.3761649300259,6743.532740590226
STARLINK-36583,67545,-2377.7255235855737,-1693.9884443845278,-6199.096155737205
STARLINK-36580,67546,3235.694889953982,2961.1726786674667,5246.124087190474
STARLINK-36584,67547,-261.0871476179228,1083.5465307535155,-6760.914100734274
STARLINK-36586,67548,861.6763243188014,2411.1214282062424,-6355.606297552388
STARLINK-36564,67549,3868.971973388552,4022.7492686238693,3954.70296458834
STARLINK-36563,67550,2856.7627116332305,4494.483881709573,-4309.36967325192
STARLINK-36566,67551,4319.529273399138,5269.884803175411,665.783028619456
STARLINK-36567,67552,-1365.7195127879495,-316.2169998882181,-6707.246369878878
STARLINK-36569,67553,-3862.126870798473,-4020.3424102680333,-3981.8895452291017
STARLINK-36395,67554,3570.457902246201,5411.379000339655,-2000.3550739729246
STARLINK-36559,67555,-4101.821805828971,-5373.371136485424,1076.405941312924
STARLINK-36426,67560,4089.9553033466773,5379.6645324881365,-1108.6245976001983
STARLINK-36621,67561,-4211.699040376786,-3428.976174064544,4160.756162505615
STARLINK-36398,67562,-4741.362098191587,-4865.219837073901,-857.7093808451892
STARLINK-36403,67563,2387.305369425524,1250.5156860615955,-6299.303460250716
STARLINK-36593,67564,4205.49572876529,3429.2638863544134,-4180.92346265069
STARLINK-35725,67565,1336.2646138954603,2432.4462749914155,6248.594997537098
STARLINK-36394,67566,71.92600381317929,1263.6087041202325,6719.825376155063
STARLINK-36352,67567,-79.24528913384734,-1274.8384880547885,-6731.27709790032
STARLINK-36435,67568,-4267.286042594038,-4699.172586821605,-2573.421855138134
STARLINK-36575,67569,-4454.541141961639,-3968.8985650308687,3349.7933282059194
STARLINK-36562,67570,-1333.003170588143,-2437.059773222975,-6262.550493841395
STARLINK-36578,67571,-1199.8593115483775,6.258655877911294,6731.505956736139
STARLINK-36350,67572,3518.26328591587,4211.93623434677,4084.02433594791
STARLINK-36588,67573,2514.0907491100998,3440.6804801049966,5349.836300283568
STARLINK-36594,67574,-2504.412628468509,-3442.18525651396,-5367.8260731522905
STARLINK-36400,67575,4712.06939974375,4202.240972775311,-2655.4311166387947
STARLINK-36591,67576,1189.5762292747859,-17.803669170799054,-6747.031359158428
STARLINK-36590,67577,4898.878336911824,4691.7343810204475,-939.364226947458
STARLINK-36613,67578,-3423.468413298925,-2430.7458918916277,5399.660513031442
STARLINK-36571,67579,4751.274607296235,4858.551828039238,829.1812326383863
STARLINK-36612,67580,-4891.341960651236,-4702.279824869839,909.3312108008128
STARLINK-36632,67581,3402.8291896402884,2411.4212659408336,-5435.3909157786165
STARLINK-36609,67582,4272.269465584987,4690.379795416018,2564.378402706912
STARLINK-36577,67583,-4709.15355914379,-4217.441929246246,2620.612995033948
STARLINK-36419,67584,-3504.882821034482,-4213.8653980049585,-4109.136973755008
STARLINK-36560,67585,-2391.3575133709496,-1252.670272882838,6281.306205308361
STARLINK-36641,67589,-1134.8284620321647,-21.942194292393072,6740.258506803343
STARLINK-36376,67590,4489.001447428224,5056.086502250637,-1084.7032988607148
STARLINK-36391,67591,-4494.670261994292,-5058.857595881241,1033.6430323821498
STARLINK-36603,67592,3860.2488849388806,3699.1811986044927,-4281.6713530274
STARLINK-36634,67593,2214.991453663053,1369.6553121202182,-6337.823225089006
STARLINK-36638,67594,-3870.5138777363827,-3706.6953686180123,4251.754068706251
STARLINK-36628,67595,3912.240040804086,5060.209834404109,2433.717462600054
STARLINK-36629,67596,1201.3829483129477,2611.009692390354,6203.255925247028
STARLINK-36384,67597,-3903.691899584704,-5067.026199491106,-2449.1598543639097
STARLINK-36358,67598,3209.6308459219736,4537.341386338044,3989.303150722159
STARLINK-36582,67599,3136.1463182792345,2613.038833385721,-5501.674401142954
STARLINK-36640,67600,2283.1982341405997,3700.849749065826,5277.754301963178
STARLINK-36635,67601,-2279.7043508121774,-3707.430714033195,-5290.506844646967
STARLINK-36631,67602,-4338.061877194501,-5246.244170725855,-740.0759794464977
STARLINK-36626,67603,1112.4888125351265,-7.000133243452739,-6760.141562090331
STARLINK-36605,67604,4352.051462917236,5238.947052812383,690.3377605233643
STARLINK-36281,67605,-2205.379108218586,-1355.6447872759084,6328.759141414592
STARLINK-35843,67606,4319.575215323127,4528.726880981312,-2783.4692219473377
STARLINK-36351,67607,-53.49354248141631,-1367.1900466927975,-6712.709101154716
STARLINK-36411,67608,-3148.5569249164587,-2624.9385826467246,5474.052969974297
STARLINK-36312,67609,-1204.6759143062877,-2623.190562789355,-6213.101142084592
STARLINK-36387,67610,2393.039387612604,2158.7767475653586,-5907.32729606019
STARLINK-36636,67611,-4330.928157782679,-4538.78496368877,2734.5411829622076
STARLINK-36407,67612,-3201.849941666971,-4542.873063161658,-4004.220104142931
STARLINK-36597,67613,40.524532207910944,1347.502841307871,6702.359402552862
STARLINK-36548,67617,4612.994968725631,-5064.0760613291195,-385.6934924907095
STARLINK-36601,67618,4786.149772160034,2042.828157288244,4464.687387322133
STARLINK-36119,67619,6010.227625345102,-2313.6618441226724,2358.088256760848
STARLINK-36607,67620,-4015.541417689259,-3062.6848435210163,-4644.57158502285
STARLINK-36615,67621,3506.971767701269,-5696.979269714637,-1524.8745335090086
STARLINK-36614,67622,3746.852882814053,3353.171500107465,4659.585745827065
STARLINK-36600,67623,5785.751894191996,-116.74227553885463,3675.8176129968206
STARLINK-36439,67624,-1869.874399801987,5997.240102773697,2750.4810218946027
STARLINK-36438,67625,2489.721029172961,4458.732373121187,4574.525374093901
STARLINK-36436,67626,-5993.480975491822,1222.2199904525291,-3112.8871735408075
STARLINK-36502,67627,-3814.5425379927738,5573.888468998471,1197.8489634509374
STARLINK-36532,67628,-5567.182319510318,3860.699192097898,-1086.7591472030515
STARLINK-36367,67629,-5874.505297312647,497.4319840901433,-3512.521660933491
STARLINK-36416,67630,329.8282922081184,5610.7955713798565,3930.7724572213992
STARLINK-36527,67631,34.840401771325894,-5720.155942774328,-3792.5044289018424
STARLINK-36633,67632,5906.7944233329135,-2938.6596109895804,1875.0863913919281
STARLINK-36637,67633,-416.9346204341238,5828.58177421651,3587.065190218943
STARLINK-36617,67634,-1439.2274184813812,-5115.802636538137,-4342.3981229205965
STARLINK-36627,67635,-4363.140448894925,5256.718871609311,627.479695257366
STARLINK-36624,67636,-3429.0911892461004,-3680.6355037818375,-4670.232675839159
STARLINK-36610,67637,-2577.5177905591995,5943.935832680913,2251.2766657939446
STARLINK-36599,67638,805.5601610707143,-5899.905259196075,-3413.5477495626164
STARLINK-36595,67639,1785.1448785804089,4923.957683045217,4423.673967757924
STARLINK-36570,67640,-5961.110614016921,2618.526646779277,-2166.500330309619
STARLINK-36514,67641,2199.755434534768,-5975.412137088306,-2558.7528491651424
STARLINK-36556,67642,4112.155200562147,-5411.067493718798,-941.5889687595421
STARLINK-36533,67643,-5245.11940706941,4392.6599875534985,-522.1571887569407
STARLINK-36623,67644,-5369.471203207593,-983.1323143320427,-4159.095781025088
STARLINK-36619,67645,-4993.851251578771,-1701.9343877304254,-4388.878645192324
STARLINK-36719,67648,-1822.6842700135362,-1438.2618578724544,-6445.985547008004
STARLINK-36342,67649,-2536.2953552974327,-1680.7310065859633,-6138.656953519351
STARLINK-36703,67650,1822.7676658937323,1438.9016230013835,6429.309062849941
STARLINK-36696,67651,-6271.414819383986,-1708.9440599645254,2141.479456257425
STARLINK-36699,67652,6265.685089849488,1712.1482869113793,-2171.305059965789
STARLINK-36694,67653,-5721.483020089033,-2223.0129774323327,-3039.8032297534237
STARLINK-36620,67654,-3138.4922651152715,-189.36344568349267,6070.688613615017
STARLINK-36720,67655,5722.157128827445,2229.1407010923235,3017.2423606649227
STARLINK-36688,67656,3131.316159756208,188.58541099157628,-6090.970767766289
STARLINK-36706,67657,-6528.70101528228,-2022.4393799738523,398.88044992763355
STARLINK-36701,67658,-4519.401273290919,-761.3025074507901,5076.061028594352
STARLINK-36642,67659,137.62500656603697,946.9254693001507,6768.27059890733
STARLINK-36673,67660,4715.02200933493,2102.728392136555,4486.6853597558
STARLINK-36674,67661,6526.694884518361,2029.3354870909627,-416.0764804544536
STARLINK-36700,67662,-136.5878302297679,-949.252679559692,-6783.790703013348
STARLINK-36675,67663,4512.539821459816,762.5771516927448,-5098.170963164148
STARLINK-36404,67664,-3379.034761368285,-1829.3970812140776,-5672.727502474914
STARLINK-36399,67665,-4710.2781325814885,-2097.7444730109073,-4510.717511807738
STARLINK-36365,67666,-6342.23122730978,-2196.780321339832,-1357.7327159053543
STARLINK-36622,67667,-5587.046280997151,-1279.3001352241724,3736.2686039257514
STARLINK-36625,67668,-1558.1202882686105,390.1919604680293,6644.83026577908
STARLINK-36639,67669,3385.1114314336055,1833.437957297804,5650.896763643739
STARLINK-36596,67670,6341.404081816885,2202.614364323382,1336.6157460937698
STARLINK-36297,67671,1555.341557718856,-391.4642073437896,-6661.320997601867
STARLINK-36616,67672,5577.577053905335,1280.2711465598265,-3764.701208040224
STARLINK-36748,67693,-489.5246622776829,6619.199939425354,-1687.1952083335686
STARLINK-36753,67694,836.7674439066545,189.42265169877166,-6797.299860826953
STARLINK-36750,67695,216.08881670672082,-6001.4729990568285,3279.97073947174
STARLINK-36401,67696,-1107.3585032693304,4680.933707403559,4862.125130070024
STARLINK-36704,67697,-834.5848019950586,-191.83881322882314,6782.516159487832
STARLINK-36697,67698,-1088.6791411028403,3244.1013670461925,5918.975258462023
STARLINK-36716,67699,1085.689557825397,-3236.236316937425,-5940.626390484518
STARLINK-36712,67700,-75.0577720030549,-4949.551711486687,4719.772048083758
STARLINK-36713,67701,1103.10268601092,-4676.419750508918,-4884.334942813952
STARLINK-36695,67702,-732.7955222830216,6807.339714329869,87.63815782602374
STARLINK-36630,67703,-995.5404686595721,1583.5264864268045,6575.004655454828
STARLINK-36338,67704,995.5179170309527,-1580.6758252560765,-6591.390245725124
STARLINK-36316,67705,1045.1746497187855,-5798.467369030631,-3493.498464240691
STARLINK-36707,67706,486.8292599392109,-6625.483410804058,1646.456821418564
STARLINK-36645,67707,66.09241471693764,4969.516329435858,-4715.510717464457
STARLINK-36287,67708,-922.569829974163,6529.118420607609,1833.2649669190846
STARLINK-36698,67709,-216.04596784351497,5981.821652155449,-3330.059322870118
STARLINK-36344,67710,-613.946314972478,-1970.322250039273,6517.455123294479
STARLINK-36687,67711,352.9078146944785,3583.831343408616,-5828.04629055239
STARLINK-36705,67712,918.1622504236019,-6523.549221059497,-1873.2491946717792
STARLINK-36708,67713,544.54124681704,2706.048100550145,-6271.638250351137
STARLINK-36702,67714,726.8380251091234,-6807.170659903819,-115.93854345121972
STARLINK-36718,67715,-358.3097844708884,-3569.1422614987196,5821.552078483542
STARLINK-36715,67716,622.4406063545183,1941.1046604378942,-6540.636754061566
STARLINK-36385,67717,-1050.5602322496982,5807.496167570664,3459.8951695849355
STARLINK-36772,67721,-3432.805089806736,-1766.739882106841,5644.144368302274
STARLINK-36796,67722,-2222.6049740278077,-700.41427430558,6428.210499233714
STARLINK-36369,67723,-870.1580985729444,406.17265799838736,6768.577681939792
STARLINK-36752,67724,549.0030217459072,1491.6558346475936,6649.910130698993
STARLINK-36754,67725,1927.6782133526197,2473.4762506225757,6076.4837311053125
STARLINK-36755,67726,3175.031705954528,3286.543894441498,5089.8746093197005
STARLINK-36741,67727,4214.2340882210665,3880.7951041623724,3740.3003178566787
STARLINK-36757,67728,4951.04386980364,4203.023952863041,2159.4912686195707
STARLINK-36751,67729,5398.418355841921,3990.8901000353,-1350.7694674344075
STARLINK-36747,67730,5357.038319699649,4241.541721147962,423.2204809376948
STARLINK-36315,67731,5071.257907858834,3468.4162456472473,-3026.5676973113614
STARLINK-36260,67732,4399.059999308203,2709.6940425572207,-4497.302382696363
STARLINK-36746,67733,3427.7859207750307,1765.5064771760715,-5662.504104182687
STARLINK-36749,67734,2230.7063109976193,708.3271261482053,-6439.888017164407
STARLINK-36691,67735,-539.8365912709737,-1489.622875526176,-6665.6516092921365
STARLINK-36317,67736,874.1439468356026,-404.8554803028079,-6783.194917184632
STARLINK-36330,67737,-1913.168265111892,-2470.6532745895693,-6097.208314148563
STARLINK-36327,67738,-3162.1229653753467,-3288.2569509440614,-5111.439425579479
STARLINK-36329,67739,-4400.272206713119,-2722.820245678794,4473.514886953954
STARLINK-36737,67740,-4201.815259979405,-3885.0748126261306,-3764.9416201791482
STARLINK-36740,67741,-5072.347850931549,-3485.046959234948,2993.2427146226187
STARLINK-36693,67742,-4944.6996892026245,-4211.057290321455,-2173.3386878702154
STARLINK-36717,67743,-5393.901059991773,-4003.738302279501,1316.5208938415349
STARLINK-36692,67744,-5348.83803079789,-4251.015620914203,-451.0290754805016
STARLINK-36800,67797,-6045.901258907117,1175.9156075302121,-2997.0015247826536
STARLINK-36798,67798,4533.933289873005,59.347113970200674,-5136.51488347763
STARLINK-36804,67799,-5039.592191951411,1246.9615197910268,-4470.485792263479
STARLINK-36354,67800,1405.3610716802568,671.9563550593458,-6672.874484399638
STARLINK-36773,67801,-3693.3946707398964,1217.7661095968763,-5641.022038687615
STARLINK-36739,67802,6643.305542609072,-1042.446106968477,1277.752343471764
STARLINK-36768,67803,-356.94043821891484,919.927985362291,-6780.72414104807
STARLINK-36792,67804,-2097.590320279133,1106.283382047806,-6428.5536450734
STARLINK-36782,67805,-1405.3761259776156,-671.358147656936,6655.412841022255
STARLINK-36389,67806,6452.893789730159,-567.917320547268,-2225.2758405171844
STARLINK-36382,67807,6778.75857757731,-833.5387174616909,-491.605594841807
STARLINK-36811,67808,360.4239736550653,-917.551718598905,6763.538929297278
STARLINK-36795,67809,3074.7105167033365,378.1884660891005,-6111.592359142557
STARLINK-36807,67810,2104.3384367488243,-1101.6474756020134,6409.346571618365
STARLINK-36733,67811,-5694.195606156895,259.97289841945627,3783.258558731418
STARLINK-36377,67812,-6458.293036665242,564.3470570325803,2193.193374948263
STARLINK-36732,67813,-4545.32326229725,-60.33384423716826,5109.320888831942
STARLINK-36767,67814,5687.490608346643,-263.33394626573147,-3809.9044977837902
STARLINK-36797,67815,5053.431393149647,-1238.2215950492287,4439.781970423841
STARLINK-36343,67816,-6780.441621194022,829.0402159589855,455.888209812647
STARLINK-36756,67817,-3079.1418830832426,-379.2753128747125,6092.218862126879
STARLINK-36346,67818,-6643.630236127965,1036.1646422962142,-1299.9025268358705
STARLINK-36788,67819,6054.673098105933,-1180.4399702371509,2960.6100349947933
STARLINK-36353,67820,3706.760343491075,-1211.130900152481,5616.342113588034
STARLINK-36644,67821,-1910.2354872471615,-6512.971905532953,989.7457650148721
STARLINK-36643,67822,-1416.9742499459537,6389.383768709308,2051.577002701385
STARLINK-36646,67823,-4252.833077907162,-4119.034644998141,3460.068264999485
STARLINK-36647,67824,-95.64192879818951,-6820.508318656842,-738.887412971032
STARLINK-36648,67825,5002.338572765196,1468.2109546803126,-4460.48469415508
STARLINK-35865,67826,-3457.8250213513,-5333.9475653149975,2573.3170238170965
STARLINK-36289,67827,1606.6570781865619,6629.049666526596,-740.7727924175362
STARLINK-36670,67828,-242.59505734249433,6781.676385629099,1002.3963903197227
STARLINK-36144,67829,-2593.0716325057974,5565.833182387555,3054.45860792956
STARLINK-36611,67830,4674.030638912326,3029.335268638209,-4009.033080782174
STARLINK-36661,67831,3681.071530682625,5039.068784061356,-2856.3962440784776
STARLINK-36662,67832,-5046.646100780467,-2261.37106806035,4056.9347205765603
STARLINK-36659,67833,1132.2244986128853,-6511.334545621008,-1847.0113279565555
STARLINK-36655,67834,5046.879037973737,643.3989706244079,-4605.35765916624
STARLINK-36657,67835,4166.8270090929,-3372.571747347368,-4285.939587520652
STARLINK-36650,67836,-3962.670214847428,3778.4797981357815,4124.528949947397
STARLINK-36649,67837,360.2705702219928,6835.929529019471,446.8580056606083
STARLINK-36654,67838,-4822.387641237633,1439.0786618615634,4650.70532155577
STARLINK-36652,67839,-5024.441212966122,-1045.6744581882206,4545.662431515349
STARLINK-36651,67840,-4555.332945316381,-3409.10091918163,3826.5445311710664
STARLINK-36656,67841,-2468.2052664652515,-6211.332442050528,1544.2059053533387
STARLINK-36653,67842,-712.4272710102632,-6821.343222521942,-165.23661732526452
STARLINK-36589,67843,2881.0726936280844,-5268.905641597104,-3323.495704207894
STARLINK-36598,67844,2735.9076174794036,6011.424909307503,-1863.7736232221177
STARLINK-36606,67845,3776.877848185075,-4091.5832940594446,-4012.347433385439
STARLINK-36658,67846,-857.5994898110274,6624.96790565363,1557.9675450385607
STARLINK-36618,67847,5144.718946132207,2976.3379989969003,-3429.873970538794
STARLINK-36660,67848,-2044.923373955748,6010.479400985531,2595.2964721189355
STARLINK-36602,67849,4078.9679048077155,4429.554089038626,-3295.1022861614692
STARLINK-36840,67850,4581.664934449573,-4016.039036305477,-3147.176310946779
STARLINK-36348,67851,2816.200190379898,3262.643643597566,-5335.550921968064
STARLINK-36276,67852,1527.6353364701722,4763.087752396196,-4692.537606770789
STARLINK-36785,67853,-4636.675533205113,1092.4161299617251,4917.249208013841
STARLINK-36608,67854,-91.45667476904129,-5843.886655607271,3570.2814056835227
STARLINK-36838,67855,4424.926162213295,-4494.65587410527,-2678.2305765412284
STARLINK-36843,67856,4426.849980622349,-4502.712682890839,-2673.6121294722293
STARLINK-36828,67857,4470.115644274771,-4370.71675466177,-2806.6786737699294
STARLINK-36837,67858,3978.2884374376476,-5177.678870118408,-2049.9724715332804
STARLINK-36393,67859,-599.4061580072835,-5564.676836700945,3938.3153754720825
STARLINK-35873,67860,3533.927909148619,2094.98011594736,-5492.6887466019
STARLINK-36325,67861,2403.57660307587,3812.5445547739496,-5170.252927761407
STARLINK-36332,67862,1064.6049035594203,5170.464462073944,-4378.469691302512
STARLINK-36835,67863,-376.11385075678027,6062.464404127319,-3182.8502318980622
STARLINK-36831,67864,-1785.0739255004255,6400.120114290031,-1690.91214983619
STARLINK-36738,67865,-3992.409129854183,5333.007249688037,1604.7437966122895
STARLINK-36780,67866,-4590.592412570882,4019.514895614032,3112.4114869005084
STARLINK-36761,67867,-4764.288417900739,2339.9869471478532,4326.056377016198
STARLINK-36762,67868,-4317.704788111909,-205.72998777575367,5308.031202888198
STARLINK-36779,67869,2678.1547573814482,-6293.781999836214,154.9545060335927
STARLINK-36770,67870,-1963.6036215482338,-4328.80415487961,4926.960752159918
STARLINK-36769,67871,-1048.5419462973477,-5193.437631532093,4337.658870213793
STARLINK-36786,67872,4057.2289010238615,944.6059737816264,-5443.358243958004
STARLINK-36783,67873,3401.164109733043,-5857.585771048954,-972.1064473826864
STARLINK-36730,67874,4383.150357916749,-4293.788535222879,-3033.479840026165
STARLINK-36727,67875,-4043.1419047863665,-948.554149468837,5435.915237714335
STARLINK-36743,67876,1981.4565170633489,4304.131641044404,-4958.840032861971
STARLINK-36784,67877,1061.6775102204447,-6275.905478641246,2539.419977162392
STARLINK-36689,67878,-2221.2078384939837,6382.258154576784,-1155.1621329733318
STARLINK-36818,67879,1276.1812817792693,-4378.28867443949,5095.806299667165
STARLINK-36821,67880,1265.989476690819,-5572.040023908014,3761.077146620867
STARLINK-36808,67881,-467.76161392272263,6141.098800874606,2980.2249401714093
STARLINK-36817,67882,-1043.8910515644066,1183.9634395132693,-6668.288214120373
STARLINK-36856,67883,-813.5570436944396,-573.5875700294848,-6779.520687676343
STARLINK-36842,67884,1169.7229112019932,-6382.442448258927,2175.1775202857225
STARLINK-36826,67885,127.5732674261364,-5177.191073092734,-4485.14343506525
STARLINK-36390,67886,992.0021245385982,-6760.697227498268,422.65143828980194
STARLINK-36368,67887,-1183.2195527142355,6370.0511197331425,-2222.454501304632
STARLINK-36801,67888,-1276.476900916898,5558.302132783138,-3796.2385970058954
STARLINK-36372,67889,-1205.0326660450771,2875.6438597074125,-6101.442017460878
STARLINK-36363,67890,454.6717657806588,-6135.997995999679,-3010.489800836812
STARLINK-36816,67891,1192.589406698092,-3747.702029714998,5593.301186813277
STARLINK-36813,67892,1207.1633099180845,-2877.1475263334937,6082.856638964998
STARLINK-36803,67893,521.6225538508444,2306.062743295805,6413.8010709556265
STARLINK-36846,67894,749.5001573347723,-6675.106187266761,-1334.3369202035215
STARLINK-36866,67895,-528.7154740292426,-2295.1802266460436,-6434.759751183965
STARLINK-36877,67896,-140.1618486380111,5187.337895382265,4455.608465839422
STARLINK-36870,67897,-763.6959500883866,6676.639264787128,1299.3075256391578
STARLINK-36810,67898,-1284.6190999004566,4383.848648842061,-5105.849421256749
STARLINK-36878,67899,1045.123447936424,-1201.337927812404,6647.374182242677
STARLINK-36361,67900,808.4682579435181,588.4048314462169,6760.943736519773
STARLINK-36336,67901,-1006.9324420092236,6756.422548858092,-470.16009269792704
STARLINK-36876,67902,197.2087104096874,3877.9449199839582,5627.2959138745955
STARLINK-36257,67903,-206.70050540746072,-3870.7275812712405,-5650.656628795579
STARLINK-36814,67904,3647.4909808263174,-3560.497370575883,-4594.531801149561
STARLINK-36729,67905,4523.512920877727,-2157.9094768629666,-4686.431337247431
STARLINK-36763,67906,5346.679013116839,198.37080226128285,-4299.253039339351
STARLINK-36742,67907,5442.895408177271,2517.731101146118,-3332.420407855006
STARLINK-36827,67908,4801.292061098116,4519.855848752093,-1896.841305734792
STARLINK-36822,67909,3503.9203329553666,5894.3631791189055,-206.99143397208204
STARLINK-36847,67910,1758.0124874157077,6460.354119802815,1486.6237711154772
STARLINK-36736,67911,-1562.33754144803,5504.8927576774995,3778.506335686897
STARLINK-36676,67912,-3361.894175016738,3902.106243427204,4525.634064758523
STARLINK-36690,67913,-4706.728771739865,1776.0460077526689,4657.471132728999
STARLINK-36724,67914,-4971.573761837497,-4219.339503075567,2128.4795377615233
STARLINK-36723,67915,-5421.250275906467,-629.403822921224,4144.296107906683
STARLINK-36721,67916,-3783.481176387341,-5703.300102551387,473.82539969908225
STARLINK-36722,67917,-2051.4656170846265,-6422.163338356004,-1276.1027592395587
STARLINK-36341,67918,3098.582906867182,-4218.608392188831,-4438.405387702693
STARLINK-36663,67919,-103.10788653291225,-6265.49366599831,-2797.64071185446
STARLINK-36375,67920,5154.068186009502,-589.5699254799998,-4495.343509110242
STARLINK-36405,67921,5494.164094788631,1754.5953869332582,-3718.9825047409354
STARLINK-36406,67923,4008.0660470718994,5511.391676942434,-796.4783673859401
STARLINK-36714,67924,2372.4698254292384,6367.817778090456,939.6374956648935
STARLINK-36726,67925,-893.4968056978973,5885.58464797968,3402.6627877044193
STARLINK-36758,67926,-2803.229131260823,4504.291559970454,4342.122659586886
STARLINK-36728,67927,-5260.491608482232,202.58689551489627,4392.365905196638
STARLINK-36771,67928,-4321.910258576392,2525.743821936076,4684.202617989131
STARLINK-36809,67929,-5491.161046428766,-2143.7023799148456,3505.1910925902303
STARLINK-36865,67930,-2696.5224890089357,-6272.815824514685,-678.9962471697506
STARLINK-36781,67931,-4238.084017865327,-5293.047607842018,1034.5936902334358
STARLINK-36301,67932,-6214.781599303729,-2449.100216622963,-1570.1447596907542
STARLINK-36852,67933,-4778.817388223514,-3869.3522021285894,-3047.0605749826946
STARLINK-36861,67934,-2702.2306408003797,-4775.61094708461,-4122.5489990904325
STARLINK-36860,67935,-235.73848261219604,-5045.4168801606465,-4644.1834908768205
STARLINK-36848,67936,4441.846589052879,-3589.955726704724,-3806.9707080219414
STARLINK-36370,67937,2247.399975393823,-4633.543425203681,-4537.243919984345
STARLINK-36371,67938,5622.868686097682,-2565.8882577698682,-2980.416485417531
STARLINK-36246,67939,6629.852757043561,-887.0395450221271,-1530.705623761328
STARLINK-36907,67940,2290.900268088749,4856.0147381701045,4263.432878280003
STARLINK-36927,67941,-1859.466815552184,4743.632945108765,4586.645538641851
STARLINK-36914,67942,6792.637481520484,949.7738186330525,161.6632524370892
STARLINK-36851,67943,4467.750507423857,4040.249032322075,3278.378925899239
STARLINK-36892,67944,642.9168145807745,5039.547226909635,4603.712180773018
STARLINK-36908,67945,-4110.223735599821,3810.8535220070216,3948.2043756400913
STARLINK-36909,67946,-5819.247000058962,2351.2463469860245,2762.4666377496355
STARLINK-36920,67947,-6721.493473691067,604.0949224030426,1228.9810892314415
STARLINK-36873,67948,-6829.764967988554,-647.9677658278039,75.2792226003224
STARLINK-36863,67949,-6526.127780451195,-1836.1459955530618,-1061.2783464205675
STARLINK-36887,67950,-5338.89727391819,-3444.527198911654,-2591.997237840292
STARLINK-36897,67951,-3437.1571982301593,-4543.003477127161,-3825.6716535270043
STARLINK-36381,67952,1491.7952502601788,-4839.661432954692,-4643.171007163456
STARLINK-36824,67953,-1089.2567101955528,-5031.858037064397,-4538.842148159768
STARLINK-36869,67954,6372.7633809025965,-1489.4617945211494,-2062.6440093302526
STARLINK-36872,67955,6384.969528063957,2137.5866783382576,1309.0446602034976
STARLINK-36918,67956,5072.316905032409,3637.8999164934166,2840.7128010007004
STARLINK-36829,67957,6839.99086232696,348.2876856232391,-403.45781732534425
STARLINK-36799,67958,3066.3437841996374,4652.762995998976,3994.913820393352
STARLINK-36834,67959,-3418.3011743836814,4182.423688377866,4224.421251487101
STARLINK-36841,67960,-1017.3434767781561,4919.679245685346,4663.961090328166
STARLINK-36912,67961,6778.654535880408,-567.3888744210528,770.0628144095068
STARLINK-36881,67962,6728.0276924278805,-790.1249040262742,-1002.6980309407761
STARLINK-36357,67963,5283.762005532923,-1062.7470439818667,-4228.0665998495415
STARLINK-36349,67964,6217.000974638047,-959.080253762855,-2709.7232762408385
STARLINK-36806,67965,3995.019824325904,-1093.839546843244,-5458.040965821319
STARLINK-36820,67966,2425.608312386114,-1051.2741888370158,-6321.368847761437
STARLINK-36819,67967,715.3573194530487,-939.2065077200742,-6749.707436980516
STARLINK-36812,67968,-1070.390007347186,-761.6117807763297,-6724.559396357167
STARLINK-36709,67969,-4289.268592814646,-269.41057513170506,-5336.093521160321
STARLINK-36319,67970,-2782.817527166803,-532.3292704780702,-6237.697801070879
STARLINK-36710,67971,-5512.3415862648735,12.444777543807469,-4066.684986882594
STARLINK-36894,67972,-6362.586392239421,293.14245504686124,-2521.3059167400133
STARLINK-36900,67973,-6725.410836998736,781.1562794720647,1004.5191772889486
STARLINK-36901,67974,-6778.292248142858,553.9021871139893,-802.154439042834
STARLINK-36883,67975,-2439.098979705496,1046.4689215867984,6299.980160352048
STARLINK-36880,67976,-6226.442372972857,947.3696024617648,2676.0573427871022
STARLINK-36904,67977,-4006.822992935967,1086.59824420331,5433.170211829926
STARLINK-36364,67978,1075.203878127347,760.2280751940641,6707.321314753367
STARLINK-36359,67979,-5294.731507224344,1052.630759247866,4200.8732959889185
STARLINK-36882,67980,-704.0069966651972,934.854733256345,6734.160843353876
STARLINK-36874,67981,2777.1903138255016,534.5434316526571,6223.942095445353
STARLINK-36879,67982,4292.935017295751,272.1967902096764,5315.398315424384
STARLINK-36867,67983,6369.134829738797,-290.2090821268619,2485.568888992339
STARLINK-36266,67984,5519.630912851634,-8.792689067813958,4040.624539556355
STARLINK-36802,67985,6822.823647931512,-566.118912126556,-39.65085649287265
STARLINK-36535,67986,-5932.333637995345,-795.9124572059962,-3358.1182121496076
STARLINK-36744,67987,-5901.017032287362,-2920.382989196013,-1933.0695835953577
STARLINK-36734,67988,-5073.370671369629,-4610.444538501534,-274.1569920024726
STARLINK-36957,67989,-3558.8551450125915,-5685.815739607628,1433.091958648237
STARLINK-36951,67990,-1566.8426045338683,-5994.139026561904,2940.26048832706
STARLINK-36941,67991,-95.14115317890757,-5747.321170348288,3738.782433124642
STARLINK-36950,67992,2096.7687311462246,-4731.4308842788,4497.494240320829
STARLINK-36975,67993,3978.9207065956516,-3099.2058485146913,4641.303411715635
STARLINK-36993,67994,5352.586979366643,-1025.8614940503205,4158.156074687839
STARLINK-36968,67995,1914.9148666358412,5989.674059972952,-2748.388330058166
STARLINK-36979,67996,5995.139111543436,1162.7942601489915,3119.5918590800934
STARLINK-36994,67997,-2436.18600734088,4500.6218952869385,-4575.312764761069
STARLINK-36988,67998,-275.90530594951343,5623.096329616052,-3926.4025322990997
STARLINK-36926,67999,-4273.288330328433,2766.536099894465,-4604.702471186304
STARLINK-36931,68000,-5185.516685404499,1394.3639711377432,-4275.240953108174
STARLINK-36903,68001,-5763.35697691099,-72.66504634905556,-3725.2942130477804
STARLINK-36898,68002,-5432.696209383718,-4107.048260028025,-839.3215177462663
STARLINK-36862,68003,-2262.5635873937117,-5982.007480810349,2478.6500914247267
STARLINK-36888,68004,-6005.75594353497,-2235.6291588770423,-2453.9183111006905
STARLINK-36910,68005,-4132.8340530712085,-5405.55619704101,872.4002308134051
STARLINK-36889,68006,1385.343470970969,-5149.034943950039,4311.2980549715985
STARLINK-36592,68007,3397.8877699046143,-3700.3228766846332,4662.010978269531
STARLINK-36911,68008,4972.232579448438,-1741.5821998014062,4385.717028509511
STARLINK-36956,68009,5870.637935139444,449.4609723867594,3513.746625452172
STARLINK-36953,68010,4399.066901340298,5227.935593420552,-629.31064841854
STARLINK-36991,68011,2607.8842291304195,5931.80589335273,-2260.1188630786623
STARLINK-36936,68012,-1738.2729369174326,4951.207776589456,-4424.997312140025
STARLINK-36967,68013,5975.693136600534,2574.6954398277353,2168.2757938673153
STARLINK-36985,68014,450.1615884042762,5828.818593306655,-3594.2065323837787
STARLINK-36335,68015,-2158.0786163457483,3120.9172016943157,-5705.53697037721
STARLINK-36923,68016,-2788.8789317389483,5435.7072420706145,-3098.050820743496
STARLINK-36568,68017,-2827.8442124523513,6071.481896906919,-1429.8910770289083
STARLINK-36930,68018,-2560.886182733245,4430.327733570043,-4555.2918882848235
STARLINK-36921,68019,-2337.007727467159,6085.758315598285,2081.8869495182503
STARLINK-36928,68020,-2672.0437991406175,6293.761255176198,349.27626816485053
STARLINK-36858,68021,-513.070727460773,3165.2152037031333,6037.668034658848
STARLINK-36916,68022,-1838.7663563299984,5461.546771987788,3687.5245147440537
STARLINK-36871,68023,-1217.7177658351025,4465.034483673706,5034.334924222548
STARLINK-36891,68024,226.69858427880024,1650.7203280055087,6629.599849598442
STARLINK-36378,68025,1612.4726914806333,-1608.6811551840244,6444.955839506506
STARLINK-36884,68026,951.7287868853855,22.139959754783046,6768.525881272303
STARLINK-36940,68027,-1613.5138006929235,1596.8526469197695,-6465.206712203833
STARLINK-36253,68028,-2409.5261532909203,4169.774720186622,-4871.865520545306
STARLINK-36944,68029,2162.5185762213077,-3126.5188415760504,5682.930105207606
STARLINK-36942,68030,2566.7625212245644,-4435.669337557152,4529.308255991383
STARLINK-36913,68031,2794.8704611155486,-5440.724140140309,3066.136539496058
STARLINK-36935,68032,-953.8640738282852,-24.239228197022882,-6785.576750996841
STARLINK-36947,68033,2833.2784948251406,-6072.737921143648,1395.23180755753
STARLINK-36939,68034,1218.451048176578,-4459.40693870306,-5056.805406559722
STARLINK-36943,68035,-226.82495442528602,-1651.4956572020214,-6646.866060705386
STARLINK-36906,68036,1838.9090003049328,-5452.736294056572,-3717.0381261339176
STARLINK-36388,68037,512.2820450743349,-3160.281571425493,-6057.919098546392
STARLINK-36895,68038,2336.736635203224,-6076.42698326908,-2120.9743557836146
STARLINK-36373,68039,2676.7349849015914,-6291.332669710689,-371.75848773775186
STARLINK-36711,68040,-3510.5910630948797,-2343.658814423026,-5390.094359270799
STARLINK-36825,68041,4850.50237638065,-4780.023517187227,-661.6520406692503
STARLINK-36925,68042,-3683.2398932183996,-2210.399600690639,-5331.6488530796705
STARLINK-36902,68043,4054.9347804981776,-5129.174857339613,-2021.317208269941
STARLINK-36966,68044,3165.689277986003,-5405.9106759734,-2755.0850103898492
STARLINK-36864,68045,-5826.382093987285,1918.618348426435,-3037.100650403205
STARLINK-36321,68046,5478.451498773017,-435.3321393986531,4064.728954138852
STARLINK-36181,68047,-1446.6329203125613,5192.768042383799,4202.613331799307
STARLINK-36318,68048,3017.351184518548,2817.4011577446277,5444.829300104893
STARLINK-36885,68049,974.2475164088227,-5158.613272279268,-4393.662782413468
STARLINK-36945,68050,-2686.4751510016376,5404.838231240178,3211.559042602304
STARLINK-35911,68051,880.9808841580015,-5041.7919015466505,-4546.270201096918
STARLINK-35808,68052,3179.4613804171067,2682.8487095107084,5420.677336041688
STARLINK-36919,68053,-348.39785804162824,-4580.486574970854,-5075.521846747248
STARLINK-36924,68054,-3680.329455477108,5302.568349136824,2258.895617129536
STARLINK-35998,68055,5810.340420548365,-3383.8931514020073,1255.4249210919124
STARLINK-36845,68056,-4523.186716988384,4986.361630686384,1209.6274871482738
STARLINK-36954,68057,-5078.411893965873,-229.11609399951433,-4585.09326315683
STARLINK-36899,68058,-3596.207012217447,5258.113751024709,2486.9351848226156
STARLINK-36917,68059,-406.6870057150145,4947.7896357970785,4696.771345631273
STARLINK-36959,68060,-1375.4174846657293,-4081.4418948494804,-5321.697923218641
STARLINK-36915,68061,5707.443188051223,-1427.2570764134455,3481.4591736321986
STARLINK-36952,68062,-5632.668540225333,3754.0655529159058,-996.9376779067708
STARLINK-37000,68063,1939.826014743575,3688.0294547022027,5415.114487672291
STARLINK-36996,68064,4744.245067761753,754.9612302166387,4860.551442240952
STARLINK-36836,68065,-2666.335871629219,-3138.042605584765,-5469.78495607467
STARLINK-36976,68066,5746.22295611071,-3375.2698593558484,1537.7254633118569
STARLINK-36929,68067,-5183.807031401055,4463.337739843556,111.58088804005635
STARLINK-36990,68068,-256.64355687293494,4837.812302236705,4820.059835083504
STARLINK-36766,68069,-2187.0211018133305,-5777.001739482455,2931.4669426120718
STARLINK-36823,68070,3635.2205296024667,3441.189268717842,-4670.358563109811
STARLINK-36970,68071,2465.7361032299477,-5451.987686869725,-3324.6914037382
STARLINK-36972,68072,-2759.99469170123,4995.995259160319,3762.028111476581
STARLINK-37074,68073,1094.3474958592292,6607.685783495489,-1404.4227390659023
STARLINK-37045,68074,986.3841429909626,-6638.625879889253,-1336.0325813593981
STARLINK-37026,68075,-1456.1900507105584,-6392.245778563289,1949.005277450161
STARLINK-37023,68076,3553.490789574959,-3376.47534106781,-4779.993558260389
STARLINK-37036,68077,-3787.9416666535762,-2822.955930949064,4938.147784483479
STARLINK-36973,68078,287.798149728221,6828.422631787053,-317.3611139671486
STARLINK-37063,68079,4078.1888826350346,615.1308379535573,-5465.080513974706
STARLINK-37051,68080,-1484.6040456972883,-6467.382360379315,1656.8318983711165
STARLINK-37066,68081,-3734.264282818073,2549.2831796206897,5123.618268269883
STARLINK-37054,68082,1874.2662886015598,6106.967817065961,-2457.2750168184252
STARLINK-37065,68083,168.98171326904986,-6835.885774965141,-237.27149602853365
STARLINK-37037,68084,-1346.7771805134391,6437.323607712134,1876.8614519641642
STARLINK-37068,68085,-2865.259760380967,-5066.071916517393,3585.7882571875857
STARLINK-37067,68086,-4088.9353669482134,-158.39805893581743,5471.805036493076
STARLINK-37062,68087,-3985.168845712222,1427.3874175098886,5363.715983166449
STARLINK-37059,68088,3073.8719861645345,-4503.915269417122,-4139.111119686678
STARLINK-37004,68089,-3374.6353329105737,-3848.8117124404494,4528.763385104552
STARLINK-36320,68090,-3309.8661109219015,3951.7215344856427,4488.1900414628135
STARLINK-36324,68091,-4018.0388298439057,-1317.270069887315,5367.983852849831
STARLINK-36896,68092,3924.2976562591216,1979.1241773220484,-5249.387784922657
STARLINK-36251,68093,3611.8974431851166,3254.9556973929184,-4819.920829789224
STARLINK-36787,68094,-4084.367744157836,72.9394731258844,5477.679761203951
STARLINK-36790,68095,-538.301522288711,6772.704088825246,793.6012900490823
STARLINK-36328,68096,-644.7264665648892,-6756.2005936296,854.685218316269
STARLINK-36853,68097,3888.6713051955826,-2108.2824274452028,-5225.4900583988265
STARLINK-37022,68101,-2620.683029589323,2419.5343125131058,-5849.937039079547
STARLINK-37046,68102,-3309.5323536568158,3651.0093511970426,-4760.0484861269115
STARLINK-37018,68103,-3775.042811470376,4636.900205374723,-3343.287062891929
STARLINK-37041,68104,-3920.536102775438,5612.82043025866,55.72024684075358
STARLINK-37021,68105,-3590.413215394941,5538.7509319054525,1812.0525780042856
STARLINK-37024,68106,-3015.8000308171554,5085.96900145413,3441.8812599624857
STARLINK-37005,68107,-3983.216376138346,5304.101789868671,-1706.8128504366916
STARLINK-37017,68108,-2234.4930877644047,4286.189390730674,4838.153993837656
STARLINK-36833,68109,-278.274113162209,1884.4341211684907,6564.678450173641
STARLINK-36830,68110,-1301.9372548089516,3195.4906970331085,5902.234687819156
STARLINK-36791,68111,768.6152203441889,439.1566068194863,6777.135063771739
STARLINK-36893,68112,1752.0293580910077,-1019.5036231132391,6527.96774062009
STARLINK-36937,68113,3315.6298796611018,-3652.536716273482,4736.838860897427
STARLINK-36229,68114,2624.7826072971325,-2421.2560133848256,5830.142600002568
STARLINK-36392,68115,3781.244960540516,-4636.82768976894,3318.418652883041
STARLINK-36805,68116,3989.2570069698186,-5304.028736541816,1673.3777635355377
STARLINK-36844,68117,3926.4838926245184,-5608.047951787404,-71.91068852547522
STARLINK-36789,68118,3592.4860727669156,-5532.596620050712,-1844.6918871107964
STARLINK-36850,68119,3013.1454764958503,-5076.456662538606,-3475.357960050203
STARLINK-36868,68120,2232.993928283342,-4277.906839901197,-4863.685953397116
STARLINK-36855,68121,1298.0099927861772,-3186.9355585961557,-5925.122558935226
STARLINK-36366,68122,275.8721270678494,-1881.0052992452345,-6583.1656258642615
STARLINK-36922,68123,-1760.2778338816668,1023.8037511982104,-6542.299410950191
STARLINK-36938,68124,-2875.7219925185505,2473.9610852277387,-5706.411004721384
STARLINK-36839,68125,-764.9659376863385,-448.1989302183605,-6794.446368883842
STARLINK-36604,68142,5239.136797503772,1099.60764452307,4258.359617786465
STARLINK-36995,68143,4356.002440321694,-215.48629645480804,-5284.004672140459
STARLINK-37020,68144,-5222.695599426603,-1109.4118285835245,-4292.417164952418
STARLINK-36244,68145,1170.663803779033,-736.8169543448445,-6711.189229761713
STARLINK-36980,68146,-5569.304544804734,-88.92245183934207,3971.623395342354
STARLINK-37055,68147,6388.352857489616,363.791381214385,-2444.515427694275
STARLINK-36981,68148,-2342.722747110607,-1064.8607990347834,-6350.231093510957
STARLINK-36992,68149,-6393.751323164052,-376.7054437327732,2411.7900198613224
STARLINK-37060,68150,-6173.705038349091,-1018.6955097423262,-2787.0211773962737
STARLINK-37073,68151,-3917.74035269793,-1125.3598301265367,-5507.033099451486
STARLINK-37049,68152,-4368.766173826916,204.81430491755603,5257.033956356115
STARLINK-37072,68153,-610.4773753066896,-932.8261173483938,-6760.74956407702
STARLINK-36241,68154,606.3376709548469,929.6606014017239,6744.97518682709
STARLINK-37048,68155,-1160.397948142213,736.8017846836331,6695.414669323838
STARLINK-36313,68156,2346.820149624919,1060.135102849046,6332.486565127093
STARLINK-37064,68157,-6705.892521779318,-858.7271516237666,-1090.9675400557353
STARLINK-37069,68158,3923.655616849452,1117.7943802224863,5487.08131737925
STARLINK-37053,68159,2856.7518668105527,-492.9695995680282,-6208.085352743485
STARLINK-36306,68160,6781.680244184025,627.3695495019671,-708.3933101176673
STARLINK-37057,68161,6181.542413092423,1007.4232129059517,2757.1153770862693
STARLINK-37013,68162,5561.707134662219,77.0893745191221,-3998.9747958894695
STARLINK-36958,68163,-2873.1313952930805,491.9596831855983,6184.24404099435
STARLINK-37002,68164,6711.079302952259,845.2277082638067,1053.0940775144052
STARLINK-36971,68165,-6781.672593564688,-639.7187049702628,683.6770937210189
STARLINK-36273,68166,-2112.709110146559,576.3214343219989,6475.479104511504
STARLINK-36969,68167,1388.2585854403135,3981.285657244381,-5385.539080201385
STARLINK-36984,68168,-3670.489373128292,3570.781590118919,-4543.011004154512
STARLINK-37077,68169,415.52022150714606,-4102.312958489192,5448.386824681332
STARLINK-37003,68170,-6463.03178731721,1507.688256684002,-1614.7306501245835
STARLINK-37034,68171,6500.719664541125,1107.6316123404908,-1830.4934529194004
STARLINK-37031,68172,1786.9975837336685,-4000.591179381539,5243.7561191627465
STARLINK-37076,68173,-2306.6877013131602,-3805.556549097827,5185.80912253834
STARLINK-37078,68174,3071.930551232242,-3737.9254995390947,4826.664081621726
STARLINK-36886,68175,-4756.845836560269,3089.5895155951957,-3832.5069772706634
STARLINK-36905,68176,4248.3105243644695,-3317.021197050133,4203.051293171181
STARLINK-36668,68177,-1096.6527861976035,4086.161343419148,-5382.72506136462
STARLINK-36677,68178,5137.197820250718,2575.416511452706,-3719.7859498024745
STARLINK-37052,68179,-3136.5112185856965,3731.587553874167,-4787.688152078522
STARLINK-37035,68180,2952.54514607951,3626.1843651956515,-5000.481882000187
STARLINK-37032,68181,6017.310169922997,-2097.661233635342,2480.9828475398913
STARLINK-37082,68182,5232.268508324622,-2770.03619836968,3421.1265684919017
STARLINK-37102,68183,1650.099814584832,3942.2099557762276,-5348.935645971574
STARLINK-36964,68184,6810.83433913953,-542.6061549399758,358.89804960349215
STARLINK-37061,68185,-6252.856078263304,-1465.6086010762062,2347.7522443495
STARLINK-37079,68186,-5653.314187188628,2475.281300856984,-2959.237508388104
STARLINK-37006,68187,-969.7017341712386,-4035.963800667551,5428.077079139978
STARLINK-36305,68189,-4663.266129146872,-2890.974562057432,4076.58035925282
STARLINK-37071,68190,-3546.753240538265,-3422.6051045687395,4734.382948480611
STARLINK-37091,68191,6794.777185871676,290.01448926925445,-755.7241106764549
STARLINK-37098,68192,4122.196618319243,3167.772341889738,-4454.2559421223805
STARLINK-37090,68193,6549.03143217838,-1345.5985717111585,1445.2959858238353
STARLINK-37093,68194,5940.801909352159,1879.031957846455,-2832.717374614968
STARLINK-37058,68195,-6310.710411552426,1767.8462557371488,-1970.7752784800332
STARLINK-36986,68207,-3875.4910653278284,-3910.9037431612833,4059.6263608902864
STARLINK-37009,68208,-4677.367439062139,-4318.085558696015,2510.9779893755785
STARLINK-36948,68209,-5158.538972000728,-4429.669517314073,791.2792695844335
STARLINK-37119,68210,-5287.604666872688,-4238.438630593513,-986.2941968036783
STARLINK-37120,68211,-5055.249338424475,-3758.3422844729985,-2690.714498342129
STARLINK-37117,68212,-4479.303927120282,-3022.7370342496547,-4211.440082162899
STARLINK-37116,68213,-3596.6254484423303,-2078.7546222966616,-5448.716419436217
STARLINK-35854,68214,4480.975125361174,3037.1862289330074,4181.755826870426
STARLINK-36272,68215,-1184.7224453537929,150.79987426736594,-6747.327637535981
STARLINK-37014,68216,188.8980461787499,1292.8765673075616,-6726.508523714863
STARLINK-37011,68217,1545.0417221247146,2344.116388400666,-6250.403454523547
STARLINK-37108,68218,2799.331743903505,3239.187942998157,-5349.266173456893
STARLINK-37106,68219,3862.531903542176,3914.0469844358818,-4085.8276007227555
STARLINK-37030,68220,5148.208073070752,4438.598248291003,-827.7250615616967
STARLINK-37012,68221,4665.027957308963,4324.046669702401,-2541.1064552932526
STARLINK-37110,68222,5281.123684971742,4250.785748682911,949.8001270203104
STARLINK-37025,68223,5053.418526754927,3773.6615607430467,2654.683427012507
STARLINK-36960,68225,3601.9370428828743,2095.111665798,5421.14056529352
STARLINK-37038,68226,1184.9162441699693,-146.19104533564123,6729.8803657613325
STARLINK-37083,68227,2477.5634065592512,1008.6532009236963,6290.782820097387
STARLINK-37050,68228,-188.689558849919,-1291.543416815849,6709.273261743053
STARLINK-37081,68229,-991.7855902041337,278.1375214542756,-6774.767958726505
STARLINK-37100,68230,-1549.3637651253746,-2349.042038155558,6230.082877743261
STARLINK-37104,68231,-2804.4911450916393,-3246.7351173285183,5324.822585375219
STARLINK-37027,68232,-6014.775096500238,-3125.4058537903766,919.0099504693121
STARLINK-37132,68233,6438.352438255992,2080.529696573999,650.2631198963095
STARLINK-37101,68234,1097.192041696206,4574.084757526005,-4913.406508097556
STARLINK-36963,68235,5709.574570582995,3480.890273354391,-1455.4250410570216
STARLINK-37127,68236,-5876.295098625847,-3325.8105241661756,776.3988436863943
STARLINK-37095,68237,4957.177127751231,4010.674705769131,-2487.0621430726983
STARLINK-37097,68238,-3477.216203172699,-4467.188317581436,3830.996419297561
STARLINK-37096,68239,-5371.516283728469,-3735.4387928982355,1992.5792611097618
STARLINK-37092,68240,3819.9315036652383,-2440.5275800241584,5054.652605970249
STARLINK-37094,68241,5232.350597996776,4181.249450185301,-1464.7740895361626
STARLINK-36356,68242,-5117.919866632343,995.9582449775716,-4455.778386808094
STARLINK-36345,68243,320.9799508021944,-4210.214999353124,5372.255967433667
STARLINK-36310,68244,4059.1709644789757,4434.45484429741,-3178.5966853981186
STARLINK-36247,68245,-5062.418132588955,1413.313537049205,-4316.959283579179
STARLINK-37043,68246,5445.5615930434815,-819.4279220590851,3975.145261428526
STARLINK-37044,68247,-5481.179692141065,-3637.9593906937944,1701.7656615145559
STARLINK-36997,68248,1696.6726193153272,4850.727335785484,-4542.012737528544
STARLINK-37141,68249,-6454.778582474745,-1266.3739358052558,-1721.9527963587202
STARLINK-37087,68250,5919.1370653574795,3281.1029307895083,-643.2545190589556
STARLINK-36274,68251,-3759.9892752888604,2396.202726984685,-5211.863615721896
STARLINK-37085,68252,6375.424646297755,792.9670028594516,2212.0877358930334
STARLINK-37086,68253,3736.3804053149584,4444.800341206971,-3541.4151939197977
STARLINK-37084,68254,2825.1733567301617,-3154.0643159818756,5307.490529314863
STARLINK-37075,68255,2913.22665344678,4629.965964642369,-4042.1882901927665
STARLINK-36333,68256,434.63520901524726,4599.862470580676,-5069.2498874248395
STARLINK-36745,68257,335.20272367486035,4382.429732892799,-5248.989748223982
STARLINK-36890,68258,-5995.180302615582,-480.0743968034522,-3294.396397174696
STARLINK-36323,68259,6191.436309470858,2806.014543425178,-29.712866057827235
STARLINK-37056,68260,-4051.193166255505,-4341.838146707499,3298.045735420796
STARLINK-37162,68262,-3960.9523460820405,1561.9032197485944,-5361.12179559012
STARLINK-37156,68263,-1008.2981526393058,4662.53429945251,-4910.683028654323
STARLINK-37163,68264,-3510.6319729172296,-5713.031622478093,1349.7428445905518
STARLINK-37133,68265,2165.387651559738,5925.824072675402,-2653.908147004208
STARLINK-37042,68266,-62.11228808382549,5173.72442993042,-4482.171053929733
STARLINK-37103,68267,3073.2422143316235,5804.078970746703,-1925.8777829639182
STARLINK-36999,68268,4592.113389739406,5065.066951434152,246.8004619059444
STARLINK-36962,68269,5269.108326629724,1374.3669448542762,4132.078650021653
STARLINK-37028,68270,-3826.0298659181567,1733.3696636464874,-5406.297712408532
STARLINK-37029,68271,594.1166897905023,-4851.880562977879,4776.201414670158
STARLINK-36974,68272,-5247.303021246165,-1825.6616406865712,-3998.8578256209244
STARLINK-37019,68273,-4278.813477929358,-5332.51213304569,241.20752696212756
STARLINK-37129,68274,-2186.8109327626526,3662.827967128382,-5354.879127879198
STARLINK-37123,68275,-4623.548305712705,394.1183463802004,-5033.349199824628
STARLINK-37125,68276,-5097.765851498319,-788.0180073634677,-4500.541314306277
STARLINK-36989,68277,-4854.509437565571,-4747.791868209708,-845.0580573507129
STARLINK-36982,68278,-5240.26916835883,-3962.147785201318,-1917.554096494053
STARLINK-36934,68279,-5364.540717119118,-1938.2070286033675,-3784.358276135564
STARLINK-37070,68280,5366.644011809461,3502.3684499152246,2386.1503329806465
STARLINK-37134,68281,4561.748924506925,5067.606820384722,556.6388491255201
STARLINK-37160,68282,-514.6636664157622,-5415.154250759722,4139.274649488357
STARLINK-37124,68283,5321.213722253583,2383.2628685001487,3571.873958830631
STARLINK-37159,68284,-4806.773319568597,-4733.107352512517,-1148.3524804922092
STARLINK-36725,68285,4169.846387899675,-1148.068049520771,5290.050334009675
STARLINK-36998,68286,2666.0338389471303,-3175.027544080121,5431.252128423216
STARLINK-37165,68287,4893.1455183442085,202.11635225484474,4766.686504640493
STARLINK-37016,68288,-1149.6856536438065,4508.865354850624,-5021.795883985299
STARLINK-37010,68289,-3134.7447119919316,2670.016585978881,-5469.806714460257
STARLINK-37151,68290,-5413.467553260269,-3013.690508455481,-2909.0067573236693
STARLINK-37107,68294,234.1286124225215,1665.9118091551054,-6593.3853684615415
STARLINK-37147,68295,588.3887353556514,811.986238911565,-6731.089705480729
STARLINK-37142,68296,-426.7925976307802,-1207.1814517344908,6695.079220884353
STARLINK-37115,68297,-1565.438141113767,5353.455133934299,-3978.439886216938
STARLINK-36355,68298,2549.0209951504444,-5385.164460394767,-3314.04479653625
STARLINK-37118,68299,-2559.2473571824357,5426.303199643083,3204.8240938416448
STARLINK-36875,68300,378.67826673767786,1338.2747213561838,-6709.460309797281
STARLINK-37099,68301,-792.3890050111931,3919.403244763968,-5542.57293852455
STARLINK-37007,68302,-276.41651927408066,2826.066005717044,-6184.770604502226
STARLINK-36300,68303,2611.791623284042,-5671.96765950435,-2808.033816724657
STARLINK-36849,68304,-2017.6408822307562,3213.129939149567,5631.958787350699
STARLINK-36277,68305,-2464.6461208822193,5349.048188298941,3481.4505148716125
STARLINK-36307,68306,-417.034989091712,3130.4909312569353,-6029.209639975716
STARLINK-36264,68307,309.0115964327919,-2897.81436553724,6183.111877959237
STARLINK-37138,68308,2512.6566810550275,-6338.21973131182,-268.99227229718144
STARLINK-37149,68309,1677.2797838411714,-5506.868412842505,3656.3218206543625
STARLINK-37148,68310,-2246.0896100796035,3967.0834863098708,5035.128518961263
STARLINK-37140,68311,1036.1611737763756,-315.5237860760862,-6765.339471776395
STARLINK-36854,68312,2418.888700289448,-6369.561108508939,668.1713392092945
STARLINK-36815,68313,661.3624616005613,630.7381701639624,-6743.799233139746
STARLINK-37155,68314,2604.8684585487476,-6233.278969129813,-1117.140792959285
STARLINK-37150,68315,-2464.4250713291367,4916.047322504433,3990.2924452692287
STARLINK-37154,68316,2065.0498525251473,-6064.859784456589,2269.4522199494204
STARLINK-37139,68317,1614.8613002882405,-1921.8968874459356,-6370.392600770363
STARLINK-37113,68318,-1894.0216815231101,2811.4321996654194,5883.946850606034
STARLINK-36987,68321,-330.8312844017981,6572.351550776014,-1925.1135347057216
STARLINK-37088,68322,-3753.973356015414,1829.163519404781,-5425.637932207658
STARLINK-36983,68323,-3833.441712305705,-4505.556593645437,-3443.9205639781844
STARLINK-37164,68324,3529.8505898380845,-2689.8636488731922,5212.57873422698
STARLINK-36309,68325,4241.276198626553,2821.812930101389,4556.179088917487
STARLINK-37206,68326,945.1384647448277,6782.218653096539,-299.4370511908848
STARLINK-37199,68327,-4235.564149206681,-1365.3498599919917,-5219.305417685957
STARLINK-36245,68328,4060.7991535887722,-697.833062858858,5466.531717829948
STARLINK-37204,68329,553.4983863074285,-6222.370401351027,2779.6431872677185
STARLINK-37001,68330,3990.3375419737936,3294.1668554551875,4484.218074789175
STARLINK-36932,68331,-2597.933146563059,4225.615123642489,-4718.590329945669
STARLINK-37205,68332,-3393.4958646251416,-4906.71513825681,-3381.9652780966253
STARLINK-37180,68333,-1031.2618953173799,5934.7507035719245,-3251.300924005605
STARLINK-37191,68334,-940.9516115615895,-6784.647360562715,247.3845831852306
STARLINK-37217,68335,1469.3263538652254,-5445.309307854956,3862.4867442237455
STARLINK-37143,68336,1577.4336841979484,-5772.793597183616,3331.877811273493
STARLINK-36237,68337,-1177.6180805180038,-6701.331063005793,709.1926735296967
STARLINK-36254,68338,3947.317861495991,-1157.5260126807718,5455.789507114089
STARLINK-37200,68339,-3535.2210453602297,2674.5941533844707,-5233.645752747166
STARLINK-37185,68340,-4322.541301036899,-2177.181366139248,-4842.148770505789
STARLINK-37181,68341,-1849.67388703146,5186.869914267193,-4067.405773647899
STARLINK-37192,68342,-3340.8208549514275,-5419.627293276662,-2508.207303913288
STARLINK-37158,68343,4318.113634184108,1537.4862477805416,5068.258083749174
STARLINK-36380,68344,3965.3392562251074,-1220.1018573875986,5448.046856166494
STARLINK-37214,68345,4228.827336514679,191.87212295562043,5364.133534883924
STARLINK-37169,68346,3017.708729816216,5796.151589576244,2016.8962596671204
STARLINK-37136,68347,-1962.9835413121727,5367.110194517547,-3791.486167961589
STARLINK-37182,68348,-3241.0915778380036,3091.998467389836,-5177.62922872035
STARLINK-37183,68349,-2993.64890250497,3877.20240047841,-4800.622527632189
STARLINK-36296,68380,3866.8788040211152,-3930.738835125765,-3986.43545432933
STARLINK-37111,68381,1624.7319126973775,-3363.4784296076705,5727.346218729039
STARLINK-36946,68382,513.4168894908248,738.73935545859,-6792.7058866325415
STARLINK-37121,68383,3328.22675365618,-5091.259770541799,3134.023335868462
STARLINK-37137,68384,1566.8644511040357,-692.6689111426367,-6633.733371720122
STARLINK-37128,68385,-3841.523930309461,4351.091634399088,3621.658495199103
STARLINK-37198,68386,4149.640983098333,-5437.847976176386,-304.2659652157054
STARLINK-37223,68387,-4131.096359759766,5073.055448609527,2010.3235713869178
STARLINK-37203,68388,-577.9787339089787,2124.788277604765,-6488.419134166802
STARLINK-37197,68389,3288.8658818662134,-3315.552785600037,-5012.19304382695
STARLINK-37193,68390,-3890.8047576259555,5139.247482611156,-2172.9974029882956
STARLINK-37216,68391,-1563.9141202572055,695.207015481661,6618.044098162807
STARLINK-37215,68392,-3284.118134494074,3323.415838977445,4995.194477996798
STARLINK-37184,68393,-2570.986205548306,4378.374197762969,-4599.029696967461
STARLINK-37157,68394,4137.899232790831,-5058.673541134664,-2047.7404616203926
STARLINK-37172,68395,2565.5921759326143,-4378.450486164943,4585.737796839847
STARLINK-37190,68396,2512.405503400383,-2073.701260664167,-6027.017813798932
STARLINK-37194,68397,-4139.667571436808,5446.169725098806,274.4085662597393
STARLINK-37220,68398,-2513.775092820851,2087.1110487456444,6005.88262904941
STARLINK-37187,68399,3878.240602638862,-5446.545922276701,1464.5421411524342
STARLINK-36235,68400,-3336.3914568229743,5090.613654897902,-3142.722353660305
STARLINK-37175,68401,578.1557999750797,-2125.659753660687,6471.207915662031
STARLINK-36360,68402,-3865.0480524919712,5450.670377171068,-1500.85574096521
STARLINK-37218,68403,3785.044800783097,-3820.1666224028695,-4045.449276385444
STARLINK-37188,68404,3843.6367865706825,-4333.206466564415,-3656.0018498287945
STARLINK-37262,68508,-4647.064957513985,1234.223781648591,4856.293610581992
STARLINK-36292,68509,5457.600829304938,4107.570496819717,-400.5477072348729
STARLINK-37260,68510,-348.80843410835666,4546.888855500309,5089.36383869617
STARLINK-37280,68511,4228.622569333647,-1748.941255830815,-5091.843164636766
STARLINK-37286,68512,4202.2775961808875,4873.111167770868,2314.3123440890104
STARLINK-36250,68513,5886.481778578434,2411.1968038380264,-2525.18680550084
STARLINK-37251,68514,-1370.3120155536008,4050.351037392102,5329.8051400293625
STARLINK-36293,68515,-4394.669154264483,1267.0947304309452,5077.638086366127
STARLINK-36290,68516,4772.436589577989,-755.4762416393027,-4849.836409710165
STARLINK-36298,68517,-5500.847896628551,-718.4027533698548,3989.0664682231118
STARLINK-36857,68518,1941.6485957904447,-3672.3534155234665,-5442.186767775958
STARLINK-36326,68519,-1569.0037583902113,-5268.325478258969,-4079.8371552144877
STARLINK-37126,68520,3972.5879677232692,-1822.289970254445,-5269.426967962306
STARLINK-36347,68521,5627.467692044739,3688.9012192333075,-1312.876528026081
STARLINK-36322,68522,-2675.203482804121,-5392.354267374667,-3258.882654710354
STARLINK-37208,68523,5788.677263087181,3334.847279837294,-1483.3832449142276
STARLINK-36302,68524,-5171.089580003574,-4476.727345212077,-168.48301851556317
STARLINK-36311,68525,-4508.254265534136,-4989.389095883926,-1267.312975280821
STARLINK-37178,68526,5637.567041539831,1026.096561185119,-3663.4585754569944
STARLINK-37248,68527,-3594.230639830114,-5214.171017229866,-2595.5944661883286
STARLINK-37241,68528,3751.9863166739638,-2029.222926245212,-5371.121102668322
STARLINK-37244,68529,-5073.140191573966,209.99634061424402,4574.845346196648
STARLINK-36285,68530,4908.11546500031,-402.36729219867084,-4773.938327580594
STARLINK-36294,68531,5607.172972399368,1244.6204035504818,-3747.2576919080266
STARLINK-36249,68532,-5566.377958259059,-892.1152214570927,3865.4664130348497
STARLINK-36252,68533,-5625.504626542316,-3775.3150860478554,944.1513231120167
STARLINK-36299,68534,-5845.3871901548,-2925.846719686213,2009.893046644152
STARLINK-37234,68535,5472.146647234329,571.906049073559,-3998.469122553814
STARLINK-37173,68536,5878.0470852850585,2326.0158537654,-2506.133138880941
STARLINK-37326,68542,3659.8993101010765,-3602.5467671000656,4509.661004989278
STARLINK-36308,68543,3970.594819182305,-2356.371955900317,5037.776024448909
STARLINK-37263,68544,4097.038169937293,364.3996180761837,5455.911372174531
STARLINK-37289,68545,4118.139764014089,-1017.630106732433,5356.902130023465
STARLINK-37290,68546,3909.2722114709873,1730.0822627719504,5330.555003095271
STARLINK-37245,68547,2449.5085143138976,5196.2065209331195,3705.25296769665
STARLINK-37145,68548,3574.2879320514476,2987.4651458921453,5000.296557805038
STARLINK-36204,68549,1729.7123115278841,5984.1791998980825,2819.575652319943
STARLINK-36304,68550,113.4171588432974,6799.173744783234,744.9835843374447
STARLINK-37288,68551,-724.6833477110423,6793.378303315704,-368.60439848364996
STARLINK-37295,68552,939.9437153070656,6525.369615676627,1818.9996728584501
STARLINK-37254,68553,-2914.5864386465714,5164.587874622805,-3418.5045293221974
STARLINK-37255,68554,-3444.4740525240104,4158.390750365554,-4207.793207772823
STARLINK-37146,68555,-2265.2588927678753,5960.025102265619,-2487.9865947132453
STARLINK-37144,68556,-4065.6217770867156,1694.3653575200603,-5241.674547147823
STARLINK-37210,68557,-3833.0542320005716,2984.0767568960878,-4824.102720466673
STARLINK-37227,68558,-4134.558840861662,326.7011529540718,-5447.2664049034665
STARLINK-37294,68559,-4035.3349270915123,-1050.5336508561516,-5430.069255833015
STARLINK-37291,68560,-3769.776796308512,-2395.243805541984,-5188.525953163483
STARLINK-37114,68561,-3354.7809636214533,-3628.5502991716326,-4737.9264085418845
STARLINK-37233,68562,-2131.3666204449346,-5622.870157949921,-3271.535668217507
STARLINK-36238,68563,-2800.9480893042232,-4720.114735301836,-4090.740139928884
STARLINK-37008,68564,-1372.6924375905446,-6292.600577148757,-2316.7689964160213
STARLINK-37161,68565,-568.3715559753151,-6698.060636895445,-1281.0502718827495
STARLINK-37212,68566,266.47163367971586,-6834.053220629923,-184.43496375383654
STARLINK-37261,68567,1087.2195263870499,-6690.444052405686,919.5947239137714
STARLINK-37283,68568,2608.0945814249694,-5602.522878490607,2926.076051883688
STARLINK-37256,68569,1866.3074243839158,-6273.534747507033,1981.9592479947214
STARLINK-37228,68570,3200.2813723184204,-4698.761829256893,3795.999210541508
STARLINK-37135,68602,-6761.319144824019,-349.39738330327737,-1028.5017794079356
STARLINK-37189,68603,-2675.473037398247,-986.7271195548258,6213.4459462404875
STARLINK-37130,68604,857.562542533572,-803.9629416207571,6732.898814311058
STARLINK-37131,68605,2555.883815765229,-630.28302531239,6308.899509752437
STARLINK-37253,68606,6326.111708193908,779.4725566746733,-2505.629842081723
STARLINK-37246,68607,6762.73777634902,362.39747942709266,996.8745438356323
STARLINK-37243,68608,953.9016805988923,931.604008789589,-6721.369130905621
STARLINK-37250,68609,4108.338853874213,-411.17736842976313,5450.47059513326
STARLINK-37105,68610,4202.375712765295,986.2433483399179,-5320.648734650781
STARLINK-37177,68611,-4099.507793831334,409.3928489875279,-5474.65238720051
STARLINK-36386,68612,-5457.265050934528,-903.4707172824843,4023.076311404554
STARLINK-36187,68613,5382.374281701764,-150.11437921067713,4218.542727411138
STARLINK-37170,68614,-2563.9706110672887,628.1499821162253,-6323.126721906018
STARLINK-37176,68615,6777.320576917333,591.1461207671764,-778.5460246850158
STARLINK-37152,68616,-826.1065467100433,807.9621893089238,-6754.148588840004
STARLINK-37186,68617,-955.6009841250161,-928.1800977935342,6704.330328844627
STARLINK-37179,68618,2668.8312254762113,992.3412694539352,-6232.184926775892
STARLINK-37226,68619,-6280.485626361237,-97.10817096602648,-2732.021107906101
STARLINK-37211,68620,6287.302277004276,110.36028398445256,2698.6847046644543
STARLINK-37269,68621,-6782.429757666145,-575.2622765745168,729.8591211068576
STARLINK-37252,68622,-6337.968782183419,-766.250904203159,2463.782267360089
STARLINK-37284,68623,-4216.021858922752,-978.4266620175581,5294.016815858033
STARLINK-37231,68624,-5373.686311425759,161.53810997041097,-4246.554911326899
STARLINK-37249,68625,5451.975693325862,913.4584646217398,-4045.8224483178838
STARLINK-37285,68626,-3643.1396532525696,-1031.0272166869465,5637.165347271718
STARLINK-37195,68662,-4489.9252843753575,-3807.4543119581085,3485.7754977421014
STARLINK-37222,68663,-5536.360721848105,-4026.9333082317403,104.76982102635436
STARLINK-37153,68664,-5189.767075829437,-4055.4846432068607,1861.1204837297455
STARLINK-37171,68665,-5504.838021031057,-3723.0618363220465,-1656.3995157271615
STARLINK-37109,68666,-5098.1561005739595,-3166.4285077614577,-3303.0456024791624
STARLINK-36295,68667,-4344.023175138373,-2392.8097110744193,-4726.905239057551
STARLINK-37221,68668,5178.716160177322,4063.097271250483,-1891.8290825272989
STARLINK-37302,68669,-2031.4613900637426,-428.85059710787175,-6529.801500333106
STARLINK-37298,68670,-3294.327078456118,-1456.414688358943,-5828.717196445566
STARLINK-37224,68671,-614.2200472321753,641.0985631117737,-6794.417747584309
STARLINK-37296,68672,836.2908681754118,1661.4903026569962,-6594.7948963265735
STARLINK-37316,68673,2226.3231482319447,2567.1865619216464,-5949.77242500895
STARLINK-36672,68674,3468.4687312936276,3301.1264799349,-4900.249235548287
STARLINK-36669,68675,4475.599452485404,3811.749181544839,-3516.5577269206915
STARLINK-37312,68676,4346.2560965586,2406.8106619064665,4700.091919417331
STARLINK-36168,68677,5528.0786774906965,4037.5537339154066,-141.66959575489932
STARLINK-37122,68678,5500.782004658281,3736.9519645340233,1619.6640910458725
STARLINK-37310,68679,5097.382443735533,3180.2345445058795,3272.989827510643
STARLINK-37306,68680,2034.7804800910355,437.7142943268013,6510.723966909643
STARLINK-37307,68681,3296.7829063631752,1467.2395822876185,5807.128924909531
STARLINK-37300,68682,-3474.0985306451494,-3309.0095209776637,4873.199939863642
STARLINK-37304,68683,-2230.9443275258595,-2572.4834137296057,5928.388929025407
STARLINK-37287,68684,-837.7541942728567,-1662.4807915124247,6576.97180560594
STARLINK-36278,68685,-3023.357367437022,-3226.2705767578723,5056.770471989907
STARLINK-37213,68686,632.2809553547295,-625.2801301375176,6776.735869969031
STARLINK-37358,68699,4676.136737780132,-41.27846935697645,4983.246932623014
STARLINK-37334,68700,4110.821475076858,1175.4127512631326,5330.291833015592
STARLINK-36955,68701,3383.3010302250314,2335.8181394124263,5457.798470735758
STARLINK-36275,68702,2507.1717338860085,3414.9997171591126,5361.342753472721
STARLINK-36271,68703,1528.5460493702585,4353.144271751415,5042.2790095428945
STARLINK-37356,68704,495.4895619386273,5105.143432181916,4518.333171407253
STARLINK-35369,68705,865.8348409370952,4858.541290510136,4724.252034658299
STARLINK-37319,68706,-3425.3949563620035,5855.798622688053,881.0330540448335
STARLINK-37112,68707,-1592.37129540388,5964.431329725881,2941.84565054503
STARLINK-37340,68708,-2563.743851938209,6033.931972746658,1947.2533965031853
STARLINK-37303,68709,-4148.96301251129,5433.526200171033,-232.24644144202261
STARLINK-36859,68710,-4699.654872339989,4794.673200529527,-1325.9226038136192
STARLINK-37320,68711,-5035.104885938285,4028.582992592013,-2285.7733077823696
STARLINK-37318,68712,-5210.224719648224,2963.6612551895755,-3305.9109191590514
STARLINK-37305,68713,-5150.017377332891,1840.845142114732,-4117.344350150247
STARLINK-37225,68714,-4880.772574076405,644.9747873518625,-4757.503714761395
STARLINK-37322,68715,-4412.923270019946,-575.4095272273178,-5202.727974627969
STARLINK-36337,68716,-3767.5870155434322,-1771.6969437839666,-5435.260074253508
STARLINK-36685,68717,-2967.079611540331,-2899.2184232531845,-5446.5713702650255
STARLINK-36684,68718,-2042.1170648454804,-3912.7243181558133,-5233.64942680855
STARLINK-36686,68719,9.798027323856163,-5419.273724360693,-4182.702148989398
STARLINK-36681,68720,2974.5389735869057,-5997.353971389833,-1419.9003611688763
STARLINK-36680,68721,1054.075901635506,-5853.623556663238,-3388.5158442030624
STARLINK-37271,68722,2056.29827764503,-6049.059589821224,-2454.1105486276883
STARLINK-37273,68723,-1037.7439031630179,-4762.586830093233,-4807.245798462943
STARLINK-37274,68724,3772.5753070000183,-5699.2529423453,-322.8289458354604
STARLINK-37275,68725,4492.618280059293,-5067.183988712954,944.1324608236833
STARLINK-37272,68726,4415.569639606983,-5167.189099676639,786.0921466193619
STARLINK-37270,68727,5134.133877477105,-3501.8235990376365,2851.972830750656
STARLINK-37242,68728,5622.276433905787,2589.786323710355,2915.9379056008447
STARLINK-37264,68729,697.6132289885915,1352.4610383352021,-6681.054717867645
STARLINK-37230,68730,887.2996780450094,-513.9679782475932,6757.743232528818
STARLINK-37202,68731,-877.9236972857366,522.4924338501596,-6775.636797791854
STARLINK-37167,68732,-2395.0512305334532,-343.1374009936651,-6410.513049565971
STARLINK-37278,68733,-3747.0590059688166,-1195.5978469318582,-5610.2864817382415
STARLINK-37349,68734,-5555.49102204147,-3315.6650952224873,2230.1237349083244
STARLINK-37339,68735,-5980.885609703976,-3292.5485919162443,507.69205848531396
STARLINK-37327,68736,3604.0085787155595,2688.8383208422583,-5169.368514184804
STARLINK-37348,68737,5981.851578705316,3287.7395516795973,-540.8871657681678
STARLINK-37331,68738,5550.710795787869,3308.951669443803,-2271.6126839418184
STARLINK-37338,68739,6008.95231365399,3045.7331382983193,1213.498669124712
STARLINK-37314,68740,3753.24490065518,1196.0113446738126,5588.5604290103365
STARLINK-36314,68741,2228.119929984584,2092.387050848872,-6132.696146399522
STARLINK-37351,68742,4853.342407416463,1959.608954701687,4403.473255034816
STARLINK-37354,68743,-5612.150631985568,-2588.225514943625,-2954.1537502504675
STARLINK-37344,68744,-692.7470535141804,-1349.433888320329,6665.241331783689
STARLINK-37267,68745,-4845.494440798329,-1959.504092176287,-4429.076506926589
STARLINK-37347,68746,2398.2152363332543,351.0095751120715,6391.792452699695
STARLINK-37268,68747,-6002.512398408775,-3045.0885377533796,-1263.9422511609994
STARLINK-37325,68748,4737.3499739831,3104.1757130852834,-3853.620479411758
STARLINK-37324,68749,-4742.736175767546,-3111.595396601712,3823.5145491760254
STARLINK-37350,68750,-3051.0896925817588,-685.6093717090836,-6096.678614817979
STARLINK-37277,68751,-2229.7852301758576,-2094.892725210653,6113.599639049942
STARLINK-37342,68752,-3608.7424559698047,-2694.5754570844374,5145.657626820106
STARLINK-37168,68766,5099.626621279691,1430.637732441391,-4330.6954446972395
STARLINK-37174,68767,3670.987853460901,660.2248553004551,-5746.983019731517
STARLINK-37279,68768,572.7012213618405,-701.433739923597,-6791.564403573782
STARLINK-36379,68769,2190.8618215289016,-23.402267020401545,-6491.670044988322
STARLINK-37417,68770,-2676.54909336378,-1876.6072832851964,-6020.918214932413
STARLINK-36759,68771,-1092.6025680065418,-1335.6160722041109,-6629.09991272278
STARLINK-37399,68772,-4083.876887953666,-2292.429746883536,-5000.347340258596
STARLINK-37281,68773,-5208.349629820221,-2551.3130183420276,-3645.7691034748887
STARLINK-37381,68774,-5983.248426994126,-2638.067383680635,-2036.5097079400573
STARLINK-37418,68775,-6349.925529740234,-2545.228347763297,-290.0324651235751
STARLINK-37393,68776,-5787.654995450474,-1856.4172236753711,3142.4775684001324
STARLINK-37400,68777,-3682.0636074372333,-673.906983944275,5719.960683374694
STARLINK-37389,68778,-6283.294385903379,-2278.5214108234836,1476.855496246094
STARLINK-37391,68779,-4896.35163044413,-1306.994963269564,4593.528408128659
STARLINK-37266,68780,-2196.3881910201476,15.682965420507823,6473.61316690243
STARLINK-37236,68781,-572.4052490419735,699.1633775227342,6775.163402477728
STARLINK-37390,68782,1087.151711195153,1333.105861615929,6615.457001335303
STARLINK-37364,68783,4086.6577169419006,2297.173152714072,4979.225411520671
STARLINK-37401,68784,2680.7176420670376,1880.129815015217,6001.317865853039
STARLINK-37335,68785,6280.595455327041,2284.3518762002936,-1494.3005586640427
STARLINK-37404,68786,5986.02346563516,2644.0722671527933,2004.0310245718551
STARLINK-37292,68787,5786.554065712237,1862.3749261014368,-3157.3171697148628
STARLINK-37403,68788,6348.4425034839005,2550.1353318091133,258.2475758787769
STARLINK-37413,68789,5214.402979529095,2557.4990216235556,3615.4643061182032
STARLINK-37313,68790,-3434.245289807474,-2156.9186473632794,-5464.507209444844
STARLINK-37471,68802,-5671.004660703298,-690.1224742374787,-3695.323226265151
STARLINK-37460,68803,-6357.108981607217,-1555.6497262855355,1836.6952287070621
STARLINK-37473,68804,-5843.030451810182,-764.3711849537257,-3400.559440545095
STARLINK-36832,68805,6238.727834410071,962.4685618043943,2581.236931097647
STARLINK-37370,68806,-6625.061698452623,-1255.5454709833925,-881.4834314247842
STARLINK-37366,68807,-2611.075622816187,-1341.6087432878314,6122.53074577954
STARLINK-37446,68808,-6602.151765397284,-1458.7064521388409,709.3162078856366
STARLINK-37405,68809,-6560.25234199825,-1181.609653507025,-1344.4797561251523
STARLINK-37447,68810,-1208.2557655621233,-1122.9951599772037,6633.5396036090415
STARLINK-37442,68811,-1970.626054109438,-1251.7239760003874,6398.2155819274785
STARLINK-37431,68812,6595.181878326687,1229.4755750265613,1103.0751109617888
STARLINK-37426,68813,-5520.314360458597,-1640.8663247782606,3692.452073084267
STARLINK-37459,68814,5716.999463944915,719.8480465556445,3601.487393680315
STARLINK-37425,68815,-6595.0662250276455,-1199.3793660698855,-1404.2687720101944
STARLINK-37315,68816,3388.564265547076,-64.22191629012801,5883.58966319616
STARLINK-37444,68817,720.2406714757631,-729.974857134321,6710.65400785799
STARLINK-37450,68818,-5953.305172798729,-824.0823863655017,-3246.7094855757036
STARLINK-37409,68819,4753.422177653924,357.15003714148276,4838.971442525249
STARLINK-37470,68820,1198.0664449935314,1125.2962470749355,-6652.465554898551
STARLINK-37421,68821,4395.39743394572,238.78304745570628,5172.421843321876
STARLINK-37462,68822,-540.8670143330193,776.938995767358,-6786.810799169336
STARLINK-37410,68823,2820.9946874504344,-220.43149751762823,6171.635328882274
STARLINK-37443,68824,4328.121488289174,1577.7407889705398,-5071.318632187493
STARLINK-37015,68825,5163.06720525945,1637.1805463908565,-4175.410007982466
STARLINK-37475,68839,-5568.312099334248,-427.76276594078263,-3967.8246887073456
STARLINK-37452,68840,-6408.508883881029,-216.7938424060864,-2408.036454036653
STARLINK-37495,68841,-6813.701643176784,9.381323360363133,-680.7807862305119
STARLINK-37524,68842,-6753.754572018729,234.70678147112673,1091.8745900726533
STARLINK-37219,68843,6197.063523371854,396.8254636546864,2571.0571297639663
STARLINK-37538,68844,-6232.881723523746,444.5253277166843,2789.6326441802535
STARLINK-37539,68845,-3980.1139885277657,759.4735786750119,5507.356233154726
STARLINK-37547,68846,-5286.492287915023,623.0430989915602,4296.344390723697
STARLINK-37465,68847,-2401.720155199244,844.6603069718765,6344.502682211685
STARLINK-37373,68848,-658.3937862449575,872.4259236518853,6747.222686185916
STARLINK-37492,68849,1128.5627136929734,840.8143578170377,6688.9552848489375
STARLINK-37482,68850,4356.0932448586545,612.2153498125032,5235.758309527368
STARLINK-37382,68851,2830.167845015881,752.9899338929072,6177.525519465474
STARLINK-37423,68852,6414.853201638871,220.29247518832935,2373.936425531484
STARLINK-37476,68853,5569.138473646603,432.69349195660334,3948.967818922659
STARLINK-37463,68854,6815.531635928002,-5.211830625218729,645.7071963710359
STARLINK-37467,68855,6751.416768762544,-230.4077018357449,-1126.8771989244092
STARLINK-37483,68856,6227.02808579516,-439.7141769530615,-2819.7065391335896
STARLINK-37468,68857,5277.298103262633,-619.8551701214892,-4323.574709737139
STARLINK-37441,68858,3970.556346568842,-757.2891872807927,-5532.494322432738
STARLINK-37488,68859,2392.758131065979,-843.8982006062715,-6365.058668336508
STARLINK-37388,68860,-1128.241911624293,-844.1256014603688,-6705.515356258181
STARLINK-37479,68861,-4346.503057319727,-621.4548528013479,-5259.502926470959
STARLINK-37453,68862,651.7858469170509,-873.3455373133681,-6765.4734397895245
STARLINK-37430,68863,-2834.457583257965,-758.4403841937306,-6192.0554657301
STARLINK-37527,68895,-1698.3901238768992,-844.2570465760948,6567.199890830311
STARLINK-37432,68896,1694.7482522315595,848.7410036300054,-6584.881473146282
STARLINK-37534,68897,6634.3521719093105,-183.31860938970266,1671.4983020780855
STARLINK-37386,68898,-6630.561639547938,196.40812546519845,-1703.3714559021148
STARLINK-37514,68899,-5893.693446350175,-457.65787133894344,3444.361943937965
STARLINK-36961,68900,-3481.868963223848,736.3707319895285,-5855.155939439625
STARLINK-37360,68901,3495.065513660406,-728.68169453534,5831.558949754705
STARLINK-37564,68902,5885.868420213079,469.1838695962963,-3473.0858869951467
STARLINK-37567,68903,-5963.018011038284,408.035513783823,-3346.9785748809427
STARLINK-37528,68904,6590.078224501135,264.82920279438497,-1846.0760462660862
STARLINK-37494,68905,-1845.9117049332172,830.3852017222272,-6546.507812996236
STARLINK-37541,68906,-3359.555174706554,-764.2779691463156,5905.339249895942
STARLINK-37551,68907,-4788.845488027579,-632.493211058737,4841.3261184734365
STARLINK-37566,68908,-6595.537308524077,-251.45932930142806,1810.3071975126688
STARLINK-37544,68909,-6846.557266884517,-28.29590023185655,52.968343718442846
STARLINK-37493,68910,-4889.319764192316,592.081167395996,-4762.4686894340775
STARLINK-37543,68911,3351.686028437096,771.3492467070722,-5926.185219586016
STARLINK-37477,68912,6845.938145322406,42.18683388493192,-90.38818083137006
STARLINK-37504,68913,-75.4727759472957,868.8969980722167,-6796.634523952204
STARLINK-37540,68914,4778.352967623163,642.2250534832822,-4867.639276868122
STARLINK-37516,68915,1867.750994251148,-824.9705245346748,6523.477794553129
STARLINK-37507,68916,5969.518516311718,-396.0778614294089,3318.7630535318935
STARLINK-37542,68917,4896.840194481335,-582.3208660705316,4738.593463631888
STARLINK-37529,68918,77.37912488721808,-866.6271725637893,6779.53143960522
STARLINK-37258,68951,-4894.38178323742,3091.289100311853,-3652.875822985757
STARLINK-37308,68952,-5753.561792747247,2478.1058570642413,-2755.0394755955617
STARLINK-37337,68953,-6336.030251885389,1822.4590563487623,-1824.4885311593343
STARLINK-37301,68954,-6823.516370244991,146.07449610744985,461.6131475689676
STARLINK-36794,68955,-6748.04587241516,949.3875778431266,-616.0839264815983
STARLINK-36760,68956,-6628.218573002023,-677.3363472303139,1544.2590823832024
STARLINK-37047,68957,-6754.751286577889,912.2154309469095,-568.6994426339044
STARLINK-36242,68958,-5440.987877550482,-2222.5581425779624,3491.828809451354
STARLINK-37033,68959,-4502.74592143412,-2872.4444907915017,4264.957199946548
STARLINK-36978,68960,-4474.763310582229,-2885.991687184446,4280.1431949929365
STARLINK-36965,68961,-2119.790413658843,-3800.7598798965987,5268.1595346341555
STARLINK-36765,68962,-636.3314075168622,-4055.2412033695327,5459.882662357108
STARLINK-36764,68963,80.79922233100976,-4106.826603904903,5456.50767152153
STARLINK-36731,68964,1989.1469142414614,-4024.1285904994766,5152.4735225235745
STARLINK-36664,68965,3263.786055148653,-3765.7535740839494,4677.215721055845
STARLINK-36402,68966,4408.021490197481,-3350.7590933611527,4006.855406581811
STARLINK-36671,68967,-3826.600891778911,3613.443172834601,-4381.622665221271
STARLINK-36665,68968,6104.0133765167275,-2142.2492748414174,2217.645564738741
STARLINK-36303,68969,-4574.294333394717,3301.421649653157,-3882.2757509497733
STARLINK-37257,68970,6017.5701061047985,-2233.8667074168816,2349.6846013517916
STARLINK-37367,68971,6758.459355129636,251.57451861801243,-1043.725158103954
STARLINK-37259,68972,6814.095040425331,-98.12927160651422,-582.3572442482171
STARLINK-37387,68973,4820.702141166296,2630.790051264377,-4012.299761336027
STARLINK-37362,68974,6410.605187638296,1089.7155940405735,-2125.828208842642
STARLINK-36667,68975,4988.951897219819,2554.1444700746897,-3930.005677013439
STARLINK-36735,68976,3932.4038213178924,3161.4219588828837,-4627.484593170957
STARLINK-37371,68977,2734.9115918642033,3628.2301037128045,-5121.2702559339
STARLINK-37293,68978,1412.1495007801861,3951.6745100197477,-5408.9094970333545
STARLINK-36248,68979,53.96287294140571,4111.575220148825,-5474.160571523411
STARLINK-37592,69025,5718.49676112117,1558.9415433669303,3416.3442191694967
STARLINK-37637,69026,-5713.341716533625,-1561.6911972455582,-3441.7887506646944
STARLINK-37548,69027,-3011.2510812213623,-1867.82220218526,5846.956221904229
STARLINK-37634,69028,2999.3156287215807,1871.4392954598698,-5869.158363912874
STARLINK-37635,69029,1922.7619336535433,-213.96771732447004,6556.013350906258
STARLINK-37615,69030,-6170.4203156716985,-2425.007212654823,1700.459265146666
STARLINK-37240,69031,-1917.8844604421795,215.75423727965534,-6574.511669676391
STARLINK-37596,69032,1717.2083446594938,1491.0963166493323,-6431.182819100759
STARLINK-37591,69033,-4385.418711932133,-2207.7639694716536,4761.343689579589
STARLINK-37611,69034,260.54647276632846,-833.6212206748963,6778.088409039889
STARLINK-37512,69035,4371.339712534528,2213.4084168664085,-4786.480166636799
STARLINK-37609,69036,-4748.113255542947,-1029.0276464148665,-4830.615626055979
STARLINK-37608,69037,-271.56423009883383,832.2631099689537,-6796.171808675817
STARLINK-37466,69038,1099.5094236371467,1294.6088193304583,-6604.405402143932
STARLINK-37612,69039,3450.093829976243,418.6504184674171,5887.739085476765
STARLINK-37616,69040,4746.934510859879,1024.35674057056,4815.531054926518
STARLINK-37614,69041,-1425.5205725624153,-1399.094733170146,6537.482837577794
STARLINK-37644,69042,-6453.506673800659,-2284.574478335546,-69.89117722819371
STARLINK-37571,69043,-5462.443512178326,-2398.069911279148,3348.5124933481898
STARLINK-37664,69044,-6298.777461858338,-1992.9858537075413,-1805.9518106638845
STARLINK-37667,69045,-3445.5274713707254,-418.9723723603757,-5908.046281133537
STARLINK-37666,69046,5452.966185059462,2406.846183351027,-3376.002850961112
STARLINK-37576,69047,6449.457354759084,2299.2375909722273,24.319829986895513
STARLINK-37663,69048,1415.1969585352,1400.5906335176696,-6556.623745428788
STARLINK-37726,69124,-3935.42136776811,-760.2637098419862,5482.207589860964
STARLINK-37722,69125,-5525.700086385078,-598.2093525494773,3908.068734169798
STARLINK-37715,69126,720.4387221430903,878.2601326737647,-6758.067017513332
STARLINK-37706,69127,2455.195386503575,857.8099800982061,-6340.181334912702
STARLINK-37723,69128,4020.558272859977,779.3713572036424,-5491.061288365454
STARLINK-37720,69129,-6766.28291577644,-185.94938253757138,643.5903840787785
STARLINK-37533,69130,6741.096445205658,277.6098548834333,-1150.78668338631
STARLINK-37530,69131,6814.419978171401,57.94766681735367,591.7275395308275
STARLINK-37660,69132,-4494.02575986284,566.9279518701996,-5077.739858824679
STARLINK-37633,69133,-1230.3227214180831,826.8522466380434,-6641.871784336881
STARLINK-37361,69134,4541.325654394573,-558.4302656265495,5070.803294476284
STARLINK-37372,69135,1035.7796499486567,872.7191139664076,-6669.16862306913
STARLINK-37531,69136,3694.2607705832893,-654.1310280203004,5685.413595112759
STARLINK-37662,69137,1249.0282994815282,872.1333463128582,-6632.794247722936
STARLINK-37658,69138,-1647.630408186222,-864.159205306788,6529.378105427925
STARLINK-37659,69139,3289.12085560394,-698.3291788188465,5899.4862257028535
STARLINK-37653,69140,4609.804487761546,-555.6275082885877,4957.697540442179
STARLINK-37654,69141,2339.880647532432,854.3735785769472,-6333.032254770082
STARLINK-37655,69142,5095.625710771058,-471.37447255053854,4467.92247561172
STARLINK-37636,69143,-6793.707500611152,-223.91249166990465,646.2531543116563
STARLINK-37638,69144,-6744.449538924477,-3.3035381470736644,-1075.3644402515947
STARLINK-37657,69145,2206.7747112534585,857.9479502267898,-6380.23877531204
STARLINK-37639,69146,-5612.348116561507,377.2186347920189,-3872.933478044927
STARLINK-37661,69147,-6684.588599075421,-274.88107143839864,1209.4998078854633
STARLINK-37395,69148,6531.53343868822,-229.812715376569,-1640.1335664401672
STARLINK-37346,69149,-6397.018363177703,-287.38432998426435,2222.844876579632
STARLINK-37332,69150,4641.928153113576,2352.86111366241,-4379.870616865877
STARLINK-37297,69151,5542.154104284774,1451.6205489310446,-3541.308280204034
STARLINK-37317,69152,2098.483003643091,3578.3795383947245,-5285.4061173647215
STARLINK-37374,69153,5024.891458316782,-3404.8174312335027,3050.534387958106
STARLINK-37235,69154,-6327.988294237982,-530.0620715150512,2416.528938968785
STARLINK-37329,69155,2195.7167829451246,3540.1570374484622,-5264.784879308622
STARLINK-37345,69156,1210.3084702355136,3849.638014848794,-5372.343526280754
STARLINK-37353,69157,705.2408212395884,3963.188273169275,-5368.497491875351
STARLINK-37363,69158,175.40861304434304,4070.5555457786927,-5349.0476892303805
STARLINK-37343,69159,4970.650575157763,-3435.053555830699,3105.177761395743
STARLINK-37328,69160,-691.4582327846794,4167.739592887116,-5214.108356293734
STARLINK-37311,69161,5892.495703756405,1005.8163997635158,-3063.5170461426924
STARLINK-36286,69162,5911.579845606171,985.4585270907794,-3042.775658713257
STARLINK-37196,69163,6346.826538049707,229.25458885393454,-2184.8178480849724
STARLINK-36288,69164,6626.172497648117,-804.5412716468205,-917.5560831274502
STARLINK-37445,69165,5357.705871333521,1628.1714973627923,-3716.9468689932223
STARLINK-37491,69166,5955.097813716117,918.7150541806212,-2968.567804576731
STARLINK-37474,69167,5094.163239440596,1873.9685670506592,-3958.8617151343906
STARLINK-37469,69168,-4842.622756499939,-2212.4729765777925,4216.491201002782
STARLINK-37515,69169,4832.91781013969,2103.156811401706,-4179.9625227557635
STARLINK-37437,69170,1876.0964931584354,3653.591894793112,-5317.067023380244
STARLINK-37392,69171,1988.9812250876394,3626.903821290816,-5316.301643484025
STARLINK-37472,69172,5790.776391758689,-2865.991383355144,2023.2261727250623
STARLINK-37461,69173,-114.31943403283185,-4110.457467846195,5402.000244644125
STARLINK-37333,69174,6633.742452873934,-815.6523249507624,-905.6701993509201
STARLINK-37385,69175,4469.332629182047,-3674.4602478108263,3558.3330069428907
STARLINK-37414,69176,2407.1208917703602,3476.8759011769207,-5246.085360658649
STARLINK-37380,69182,3503.2585445049385,5139.451201435198,-2536.3951944601795
STARLINK-37089,69183,3064.2125028881715,5196.554829826172,-2955.956039422801
STARLINK-37428,69184,2340.047083984226,5200.01807389229,-3552.109502897279
STARLINK-37237,69185,792.3285595994262,4912.109436260413,-4514.61271731332
STARLINK-37365,69186,983.6948719428523,4966.988195391506,-4416.003554027426
STARLINK-37209,69187,541.0324578384224,4832.678749202213,-4636.284924307877
STARLINK-37359,69188,291.3829605902416,4745.13580735766,-4748.0361761591375
STARLINK-37440,69189,5737.969852303554,1350.1049492688035,3188.320686103142
STARLINK-37282,69190,-3261.1121126170074,2522.665834695058,-5305.0438489919625
STARLINK-37422,69191,-5710.786629834726,-3335.6003573592548,-1113.9859478802305
STARLINK-37424,69192,-3709.715091701968,2066.3042875390124,-5189.414582330188
STARLINK-36666,69193,-4617.575139651559,-4650.144987715625,1163.629137086789
STARLINK-37355,69194,-5630.809686008014,-3549.831122580306,-822.7320301299565
STARLINK-37166,69195,-5337.302081737774,-4059.9313658692026,-44.38176872820004
STARLINK-36933,69196,-5498.169436979919,-3816.542167534558,-432.6888134792853
STARLINK-37419,69197,-5141.595081052413,-4290.646343855713,358.5274415095876
STARLINK-37321,69198,-4923.371729085232,-4490.507486126634,747.3559021466685
STARLINK-37406,69199,-4670.713383209852,-4672.180857830975,1144.859183421066
STARLINK-37761,69200,-4394.914843264781,-4825.471286796161,1531.064490007748
STARLINK-37754,69201,-4010.4905951922638,-4981.835903774577,2008.8287773459344
STARLINK-37649,69202,-3761.247699238656,-5053.901560807622,2287.4314140797183
STARLINK-37604,69203,-3423.6033678691733,-5123.978223841288,2635.7428740017986
STARLINK-37669,69204,-3065.7001075942626,-5166.217146897537,2971.058998698632
STARLINK-37691,69205,-5804.898661972845,-3007.1173788788074,-1537.7160694272402
STARLINK-37671,69206,-3807.255987850918,-5049.918319888063,2245.7095072233406
STARLINK-37647,69207,-2678.064169435729,-5180.406665195764,3300.5840066494384
STARLINK-37562,69208,-4626.670349707755,-4709.076488134254,1219.6105479099915
STARLINK-37682,69209,-1032.0326091742006,-4951.321515396699,4393.141352022286
STARLINK-37402,69210,-598.1466815209764,-4823.692220753951,4609.657925985978
STARLINK-37613,69211,-5358.464703687988,-696.3394942005469,-4134.725338750854
STARLINK-37713,69212,3060.6453352657772,-667.834601187415,-6018.971065861905
STARLINK-37716,69213,-6495.843784051727,-457.47076676271985,-1845.8378924626566
STARLINK-37620,69214,3116.6277144701303,-673.5007869763069,-6011.323312560773
STARLINK-37700,69215,-5835.315504957607,274.234113876823,3471.0603753314213
STARLINK-37766,69216,-4845.945867353415,430.6744639192348,4674.022632434777
STARLINK-37763,69217,-5938.078836907398,-610.8077723626553,-3198.2600452056217
STARLINK-37724,69218,1052.7667889260977,879.6420572059392,6588.824526192272
STARLINK-37758,69219,3011.70256246112,867.6350016711525,5956.9701513757145
STARLINK-37201,69220,2466.4150188650674,879.5543759382267,6200.247909167483
STARLINK-37728,69221,2379.6379112959066,881.4448026621284,6239.0297195156045
STARLINK-37760,69222,3427.906801633271,852.6432155762752,5724.719191092146
STARLINK-37759,69223,-6704.794835797549,-346.8932982619051,-919.659811678534
STARLINK-37725,69224,-6750.5089052331905,-167.37085130096733,497.20957971070453
STARLINK-37770,69225,5075.714172749657,735.5822979996101,4352.578505482585
STARLINK-37736,69226,4014.4430007872966,824.0932410199405,5339.4061675080075
STARLINK-37737,69227,6193.36282070443,547.8978242867693,2571.0079782345138
STARLINK-37618,69228,-6772.0254612242425,-255.92236845722317,-188.289422216163
STARLINK-37679,69229,-6699.22624822296,-101.68968402483588,998.0432395477311
STARLINK-37746,69230,-6020.437056243016,-597.7993116041446,-3070.3332382126955
STARLINK-37557,69231,5993.378201021645,-213.17797306228218,-3215.1782714517194
STARLINK-37745,69232,6338.8689532748185,-64.63594790294563,-2272.7635224081887
STARLINK-37739,69233,-4865.953959260899,-761.7476617538335,-4663.4980542586445
STARLINK-37755,69234,-5117.935291813598,377.9505927020806,4336.059283752415
STARLINK-37665,69238,-197.8131309391404,-6553.861445218773,1382.4306637283335
STARLINK-37558,69239,191.54564657582515,-6433.720691904056,1861.2770641057227
STARLINK-37680,69240,783.6138564501961,-6140.333124226303,2561.4895911486296
STARLINK-37742,69241,1485.2784813858343,-5609.684323439638,3344.959685056926
STARLINK-37718,69242,1991.3988489490987,-5085.944475549052,3874.353647496511
STARLINK-37735,69243,1995.7785279191457,-5081.712321667245,3879.059511240448
STARLINK-37757,69244,2800.039193521851,-3932.030333565652,4639.486504450819
STARLINK-37767,69245,3812.452444673187,-1404.1197127890243,5320.891603949054
STARLINK-35759,69246,3919.0948875989125,-947.3869572669325,5343.972915142892
STARLINK-37238,69247,4137.149938165635,1949.9783567332042,4889.433035537996
STARLINK-37412,69248,3770.0240663868826,3923.424389473016,3904.168026107041
STARLINK-37398,69249,4052.9848315469785,2735.909573897073,4578.406379379283
STARLINK-37499,69250,3420.94279179754,4765.957214991977,3231.6706640769607
STARLINK-37489,69251,2958.67031425735,5492.982148315893,2440.651638124205
STARLINK-37434,69252,1980.3715657216812,6332.396677907905,946.3295298218113
STARLINK-37368,69253,-717.2294571722189,6167.62244126713,-2533.0636516554578
STARLINK-37517,69254,-1248.7333979285954,5797.4689663668905,-3130.5338911799145
STARLINK-37378,69255,-1375.0711462809572,5692.301414466199,-3268.0990395578597
STARLINK-37396,69256,-2280.5389691542937,4710.976875638774,-4193.967110284337
STARLINK-37508,69257,-2295.6205783959167,4695.724541952034,-4209.746159032771
STARLINK-37276,69258,450.2012150773345,-6291.372671916074,2269.624410341484
STARLINK-37518,69259,-59.035646822830486,-6495.754716729486,1660.3538337827233
STARLINK-37478,69260,-151.9977278441467,-6522.251121205652,1546.2340192213649
STARLINK-37506,69261,50.59250279420775,-6459.80244593173,1793.6997371248326
STARLINK-37503,69262,157.30917588157973,-6421.082830152181,1922.5537169329975
STARLINK-37502,69263,369.931255598983,-6330.367921162644,2175.5225407462317
STARLINK-37486,69264,868.7982518737828,-6050.590521203106,2750.695188302997
STARLINK-37435,69265,258.5073298840164,-6379.968530906708,2043.6120244320834
STARLINK-37464,69266,1164.4900846839503,-5834.904487683813,3078.3890426536113
STARLINK-37501,69296,2796.124049275187,-279.1218614513848,-6099.7835509224415
STARLINK-37496,69297,3077.0881316592313,-210.46646761921724,-5965.674957258071
STARLINK-37519,69298,-579.6989567681985,-963.725464665157,-6619.548966743714
STARLINK-37455,69299,2450.8001644458345,-361.41123264954007,-6247.772937241365
STARLINK-37456,69300,-1075.0554385814044,-1044.8317769339376,-6546.019397304822
STARLINK-37630,69301,5498.203033452668,1473.043955204296,3646.178316196988
STARLINK-37804,69302,5849.663973270416,1460.938718338516,3057.0671838360063
STARLINK-37730,69303,-2588.4663721462985,-1259.8715265440603,-6065.377898792722
STARLINK-37731,69304,5978.064624432311,1452.4887913436462,2810.648370042683
STARLINK-37734,69305,-2801.971118076175,-1286.8871089345757,-5971.558763738116
STARLINK-37701,69306,-3357.9607106646718,-1347.840499602949,-5655.1560262535095
STARLINK-37732,69307,-3589.3087479072233,-1370.959331353186,-5505.323200569503
STARLINK-37689,69308,6548.35414503848,1330.001127449086,1058.2882918805765
STARLINK-37619,69309,-4472.33615439775,-1440.9234004578586,-4794.184778073641
STARLINK-37794,69310,-5061.293642069248,-1468.4129185928175,-4170.598137698725
STARLINK-37795,69311,6608.937081137525,1078.1561494146008,-979.3084484360808
STARLINK-37790,69312,-5874.543801214561,-1453.7536234694524,-2901.5990515737644
STARLINK-37676,69313,-6350.79072811871,-1382.3015205961294,-1671.541123904136
STARLINK-37617,69314,-6484.721756846948,-1332.162704480616,-1093.3423608839453
STARLINK-37627,69315,-6520.645509521874,-1311.9937275996072,-885.7700122450356
STARLINK-37738,69316,-6129.036227383459,-1427.0264610836034,-2333.5934006647108
STARLINK-37799,69317,-6431.4290265722375,-1355.5631675515076,-1350.3856131020718
STARLINK-37802,69318,-6597.876548290392,-1215.0922952906567,-25.095815003654675
STARLINK-37803,69319,-6173.504805922764,-1426.7479268544673,-2267.7649271784553
STARLINK-37733,69329,5945.856159096274,1808.77480920748,2518.6764107618255
STARLINK-37772,69330,6481.587760384524,1497.3862182281382,-881.110894057296
STARLINK-37768,69331,6286.51483055742,1308.8684148193502,-1951.535346805291
STARLINK-37833,69332,6196.072574393283,1246.259073135346,-2258.688585134957
STARLINK-37818,69333,6466.2087761077555,1475.5989826899058,-1020.0332879666803
STARLINK-37868,69334,4378.809274718568,426.65289386200493,-5065.7916547262375
STARLINK-37877,69335,4316.6871821671775,403.96675194596526,-5120.845835881509
STARLINK-37791,69336,3608.886003951075,158.43789727720682,-5650.10341446816
STARLINK-37765,69337,3176.2006000135325,15.74054044892497,-5916.099095696862
STARLINK-37788,69338,2775.612987792557,-109.98931346184021,-6113.588239492636
STARLINK-37743,69339,4057.179531251914,310.5221821765356,-5340.45305966571
STARLINK-37780,69340,3547.2696803599324,136.56265022265833,-5698.958059307801
STARLINK-37781,69341,4532.317840793016,482.7697902823274,-4928.995684889495
STARLINK-37782,69342,-729.2689860500554,-1045.6305737834698,-6583.093227265179
STARLINK-37776,69343,-1269.8512835329636,-1166.9903662168983,-6479.338491964173
STARLINK-37786,69344,-2668.3344972514574,-1450.4471099782781,-5976.019321699391
STARLINK-37785,69345,-2745.634300952627,-1464.6174944731215,-5937.316525310924
STARLINK-37773,69346,-3021.9780558389425,-1515.4340728210202,-5797.694185066038
STARLINK-37744,69347,-3790.806386626806,-1640.660448824737,-5286.414772472723
STARLINK-37775,69348,-2695.4320579012915,-1456.241336741709,-5967.953854060232
STARLINK-37777,69349,-2893.5458615578914,-1493.2794561375558,-5872.6394618537415
STARLINK-37779,69350,-3575.3799093469747,-1608.4876707394806,-5450.830991402959
STARLINK-37549,69351,-1973.4918756980242,-1317.1124431576795,-6281.8765823233525
STARLINK-37778,69352,-4237.69452913825,-1704.7323140464696,-4921.443714941194
STARLINK-37651,69353,3797.7398055515496,-1423.1243145257113,5330.821234389226
STARLINK-37652,69354,3571.0310892039083,-2142.0076416687475,5246.939615152351
STARLINK-37593,69355,3748.422221679361,-1595.462809644534,5317.251045492837
STARLINK-37597,69356,4004.857433130216,-542.2369324532424,5341.509031077735
STARLINK-37598,69357,4181.049275649186,831.3962320603407,5166.887228507401
STARLINK-37602,69358,4201.150095722618,1384.8884010780116,5030.265348965528
STARLINK-37600,69359,4040.4972705199943,3189.748137909807,4290.011838090687
STARLINK-37599,69360,2566.6685942765685,5993.007840024064,1547.8040519795902
STARLINK-37039,69361,3799.9745606445194,4084.1844862892103,3713.600787351205
STARLINK-37040,69362,-1295.1796692646783,5638.061856952512,-3356.067449148904
STARLINK-37582,69363,2556.0836035000348,6007.114430793129,1529.8196343458387
STARLINK-37309,69364,-3366.388683844315,2626.694963352519,-5138.375663885734
STARLINK-37436,69365,-3927.1248776542575,864.4953682826743,-5334.455362284528
STARLINK-37581,69366,-3773.090890804879,1474.4473502758583,-5318.698298474328
STARLINK-37683,69367,-4084.549719507101,34.131783447321276,-5287.8929192276955
STARLINK-37687,69368,-4172.847954888482,-2226.090370554871,-4718.508842796045
STARLINK-37631,69369,-4134.035588000467,-2625.2894195842473,-4547.1626495500295
STARLINK-37673,69370,-4019.3989715239904,-3309.6297893060764,-4190.948643165887
STARLINK-37645,69371,-4087.4043990268497,-2963.8559906888713,-4384.024197378453
STARLINK-37688,69372,-3514.2522941358297,-4779.222382586406,-3089.507979538918
STARLINK-37685,69373,-3359.2532701313276,-5058.903589771003,-2803.4777227557174
STARLINK-37632,69374,-3199.080561691761,-5304.905789512258,-2520.9811899310357
STARLINK-37454,69375,-2853.1104300712313,-5727.808134527113,-1943.657422819652
STARLINK-37485,69376,-2615.396790027543,-5951.813707819098,-1567.2520532170645
STARLINK-37439,69377,-693.1321823421526,-6550.483352236451,1106.2541254789687
STARLINK-37376,69378,-1325.1445992809342,-6543.944782084617,285.4915869955093
STARLINK-37383,69379,831.6723779739776,-5956.784541643709,2899.1306879847534
STARLINK-37411,69380,-826.3260162275898,-6563.974857450113,937.9612800409219
STARLINK-37427,69381,367.0294053733672,-6227.727763378265,2380.6034620560104
